#,Date-Time (MDT),"Differential Pressure , kPa","Absolute Pressure , kPa","Temperature , °C","Water Level , m","Barometric Pressure , kPa"
1,04/15/2026 12:42:30,3.931,74.586,6.28,0.41559,70.655
2,04/15/2026 12:52:30,3.994,74.662,5.25,0.42197,70.668
3,04/15/2026 13:02:30,4.022,74.685,5.36,0.42492,70.663
4,04/15/2026 13:12:30,4.062,74.721,5.46,0.42893,70.659
5,04/15/2026 13:22:30,4.097,74.759,5.67,0.43259,70.662
6,04/15/2026 13:32:30,4.133,74.798,5.87,0.43625,70.665
7,04/15/2026 13:42:30,4.155,74.829,6.07,0.43844,70.674
8,04/15/2026 13:52:30,4.177,74.860,6.18,0.44076,70.683
9,04/15/2026 14:02:30,4.189,74.880,6.28,0.44189,70.691
10,04/15/2026 14:12:30,4.206,74.892,6.28,0.44365,70.686
11,04/15/2026 14:22:30,4.201,74.899,6.38,0.44316,70.698
12,04/15/2026 14:32:30,4.195,74.891,6.38,0.44252,70.696
13,04/15/2026 14:42:30,4.200,74.886,6.48,0.44309,70.686
14,04/15/2026 14:52:30,4.211,74.886,6.58,0.44414,70.675
15,04/15/2026 15:02:30,4.198,74.868,6.79,0.44288,70.670
16,04/15/2026 15:12:30,4.210,74.871,6.99,0.44401,70.661
17,04/15/2026 15:22:30,4.208,74.857,7.19,0.44388,70.649
18,04/15/2026 15:32:30,4.210,74.860,7.39,0.44410,70.650
19,04/15/2026 15:42:30,4.215,74.862,7.59,0.44466,70.647
20,04/15/2026 15:52:30,4.223,74.861,7.79,0.44544,70.638
21,04/15/2026 16:02:30,4.235,74.888,7.99,0.44665,70.653
22,04/15/2026 16:12:30,4.252,74.899,8.09,0.44841,70.647
23,04/15/2026 16:22:30,4.283,74.927,8.19,0.45157,70.644
24,04/15/2026 16:32:30,4.279,74.918,8.29,0.45116,70.639
25,04/15/2026 16:42:30,4.288,74.933,8.39,0.45214,70.645
26,04/15/2026 16:52:30,4.341,74.978,8.39,0.45749,70.637
27,04/15/2026 17:02:30,4.361,75.002,8.39,0.45953,70.641
28,04/15/2026 17:12:30,4.378,75.021,8.49,0.46129,70.643
29,04/15/2026 17:22:30,4.405,75.049,8.59,0.46404,70.644
30,04/15/2026 17:32:30,4.438,75.085,8.59,0.46741,70.647
31,04/15/2026 17:42:30,4.472,75.130,8.49,0.47093,70.658
32,04/15/2026 17:52:30,4.517,75.182,8.59,0.47543,70.665
33,04/15/2026 18:02:30,4.564,75.231,8.49,0.48028,70.667
34,04/15/2026 18:12:30,4.597,75.271,8.49,0.48366,70.674
35,04/15/2026 18:22:30,4.657,75.343,8.59,0.48978,70.686
36,04/15/2026 18:32:30,4.694,75.380,8.49,0.49350,70.686
37,04/15/2026 18:42:30,4.738,75.433,8.49,0.49793,70.695
38,04/15/2026 18:52:30,4.768,75.461,8.49,0.50103,70.693
39,04/15/2026 19:02:30,4.798,75.490,8.39,0.50412,70.692
40,04/15/2026 19:12:30,4.823,75.502,8.29,0.50657,70.680
41,04/15/2026 19:22:30,4.844,75.528,8.09,0.50882,70.684
42,04/15/2026 19:32:30,4.859,75.541,7.99,0.51029,70.682
43,04/15/2026 19:42:30,4.875,75.549,7.89,0.51197,70.674
44,04/15/2026 19:52:30,4.892,75.575,7.69,0.51366,70.683
45,04/15/2026 20:02:30,4.898,75.592,7.59,0.51429,70.694
46,04/15/2026 20:12:30,4.910,75.609,7.49,0.51548,70.699
47,04/15/2026 20:22:30,4.903,75.613,7.39,0.51484,70.710
48,04/15/2026 20:32:30,4.915,75.630,7.29,0.51603,70.715
49,04/15/2026 20:42:30,4.899,75.615,7.19,0.51434,70.716
50,04/15/2026 20:52:30,4.880,75.603,7.09,0.51244,70.723
51,04/15/2026 21:02:30,4.874,75.608,6.99,0.51180,70.734
52,04/15/2026 21:12:30,4.866,75.605,6.89,0.51096,70.739
53,04/15/2026 21:22:30,4.837,75.585,6.79,0.50807,70.748
54,04/15/2026 21:32:30,4.824,75.578,6.68,0.50673,70.754
55,04/15/2026 21:42:30,4.812,75.575,6.58,0.50546,70.763
56,04/15/2026 21:52:30,4.798,75.559,6.48,0.50406,70.761
57,04/15/2026 22:02:30,4.779,75.540,6.38,0.50208,70.761
58,04/15/2026 22:12:30,4.761,75.532,6.28,0.50032,70.771
59,04/15/2026 22:22:30,4.751,75.525,6.18,0.49927,70.774
60,04/15/2026 22:32:30,4.734,75.509,6.18,0.49751,70.775
61,04/15/2026 22:42:30,4.716,75.486,6.07,0.49561,70.770
62,04/15/2026 22:52:30,4.700,75.470,5.97,0.49406,70.770
63,04/15/2026 23:02:30,4.668,75.446,5.97,0.49075,70.778
64,04/15/2026 23:12:30,4.661,75.439,5.87,0.49005,70.778
65,04/15/2026 23:22:30,4.646,75.423,5.77,0.48857,70.777
66,04/15/2026 23:32:30,4.648,75.431,5.77,0.48878,70.783
67,04/15/2026 23:42:30,4.629,75.404,5.67,0.48681,70.775
68,04/15/2026 23:52:30,4.612,75.384,5.67,0.48505,70.772
69,04/16/2026 00:02:30,4.604,75.373,5.56,0.48420,70.769
70,04/16/2026 00:12:30,4.586,75.352,5.56,0.48245,70.766
71,04/16/2026 00:22:30,4.575,75.337,5.46,0.48132,70.762
72,04/16/2026 00:32:30,4.560,75.325,5.46,0.47977,70.765
73,04/16/2026 00:42:30,4.560,75.322,5.36,0.47970,70.762
74,04/16/2026 00:52:30,4.543,75.310,5.36,0.47794,70.767
75,04/16/2026 01:02:30,4.532,75.306,5.25,0.47696,70.774
76,04/16/2026 01:12:30,4.522,75.287,5.15,0.47590,70.765
77,04/16/2026 01:22:30,4.511,75.275,5.15,0.47478,70.764
78,04/16/2026 01:32:30,4.525,75.280,5.05,0.47618,70.755
79,04/16/2026 01:42:30,4.494,75.239,5.05,0.47309,70.745
80,04/16/2026 01:52:30,4.483,75.224,4.94,0.47189,70.741
81,04/16/2026 02:02:30,4.477,75.208,4.94,0.47126,70.731
82,04/16/2026 02:12:30,4.445,75.165,4.84,0.46795,70.720
83,04/16/2026 02:22:30,4.440,75.148,4.84,0.46753,70.708
84,04/16/2026 02:32:30,4.424,75.129,4.74,0.46591,70.705
85,04/16/2026 02:42:30,4.409,75.109,4.74,0.46436,70.700
86,04/16/2026 02:52:30,4.411,75.106,4.63,0.46450,70.695
87,04/16/2026 03:02:30,4.396,75.090,4.53,0.46302,70.694
88,04/16/2026 03:12:30,4.388,75.086,4.53,0.46225,70.698
89,04/16/2026 03:22:30,4.375,75.071,4.43,0.46091,70.696
90,04/16/2026 03:32:30,4.352,75.055,4.43,0.45852,70.703
91,04/16/2026 03:42:30,4.364,75.060,4.32,0.45972,70.696
92,04/16/2026 03:52:30,4.337,75.032,4.22,0.45704,70.695
93,04/16/2026 04:02:30,4.329,75.020,4.22,0.45620,70.691
94,04/16/2026 04:12:30,4.320,75.009,4.11,0.45529,70.689
95,04/16/2026 04:22:30,4.303,74.990,4.01,0.45353,70.687
96,04/16/2026 04:32:30,4.290,74.966,4.01,0.45219,70.676
97,04/16/2026 04:42:30,4.279,74.950,3.90,0.45114,70.671
98,04/16/2026 04:52:30,4.267,74.931,3.80,0.44987,70.664
99,04/16/2026 05:02:30,4.251,74.907,3.80,0.44825,70.656
100,04/16/2026 05:12:30,4.235,74.876,3.69,0.44656,70.641
101,04/16/2026 05:22:30,4.219,74.860,3.59,0.44502,70.641
102,04/16/2026 05:32:30,4.212,74.844,3.59,0.44424,70.632
103,04/16/2026 05:42:30,4.204,74.837,3.48,0.44340,70.633
104,04/16/2026 05:52:30,4.183,74.818,3.38,0.44129,70.635
105,04/16/2026 06:02:30,4.185,74.818,3.38,0.44150,70.633
106,04/16/2026 06:12:30,4.152,74.782,3.27,0.43820,70.630
107,04/16/2026 06:22:30,4.153,74.779,3.16,0.43827,70.626
108,04/16/2026 06:32:30,4.129,74.759,3.16,0.43581,70.630
109,04/16/2026 06:42:30,4.117,74.752,3.06,0.43454,70.635
110,04/16/2026 06:52:30,4.095,74.733,2.95,0.43229,70.638
111,04/16/2026 07:02:30,4.089,74.721,2.95,0.43166,70.632
112,04/16/2026 07:12:30,4.083,74.714,2.85,0.43102,70.631
113,04/16/2026 07:22:30,4.076,74.719,2.74,0.43032,70.643
114,04/16/2026 07:32:30,4.056,74.698,2.74,0.42835,70.642
115,04/16/2026 07:42:30,4.046,74.695,2.63,0.42737,70.649
116,04/16/2026 07:52:30,4.027,74.675,2.63,0.42540,70.648
117,04/16/2026 08:02:30,4.020,74.668,2.53,0.42470,70.648
118,04/16/2026 08:12:30,4.003,74.644,2.53,0.42294,70.641
119,04/16/2026 08:22:30,3.991,74.636,2.53,0.42167,70.645
120,04/16/2026 08:32:30,3.973,74.616,2.53,0.41984,70.643
121,04/16/2026 08:42:30,3.962,74.608,2.53,0.41872,70.646
122,04/16/2026 08:52:30,3.942,74.595,2.63,0.41668,70.653
123,04/16/2026 09:02:30,3.929,74.579,2.63,0.41534,70.650
124,04/16/2026 09:12:30,3.924,74.557,2.74,0.41492,70.633
125,04/16/2026 09:22:30,3.907,74.532,2.85,0.41316,70.625
126,04/16/2026 09:32:30,3.903,74.520,2.85,0.41274,70.617
127,04/16/2026 09:42:30,3.899,74.507,2.95,0.41232,70.608
128,04/16/2026 09:52:30,3.891,74.482,3.06,0.41155,70.591
129,04/16/2026 10:02:30,3.877,74.453,3.16,0.41007,70.576
130,04/16/2026 10:12:30,3.872,74.440,3.27,0.40958,70.568
131,04/16/2026 10:22:30,3.883,74.443,3.38,0.41070,70.560
132,04/16/2026 10:32:30,3.859,74.402,3.48,0.40824,70.543
133,04/16/2026 10:42:30,3.858,74.389,3.59,0.40817,70.531
134,04/16/2026 10:52:30,3.838,74.375,3.80,0.40613,70.537
135,04/16/2026 11:02:30,3.850,74.383,3.90,0.40726,70.533
136,04/16/2026 11:12:30,3.861,74.389,4.11,0.40846,70.528
137,04/16/2026 11:22:30,3.855,74.380,4.22,0.40782,70.525
138,04/16/2026 11:32:30,3.864,74.386,4.43,0.40881,70.522
139,04/16/2026 11:42:30,3.867,74.386,4.53,0.40902,70.519
140,04/16/2026 11:52:30,3.878,74.389,4.63,0.41015,70.511
141,04/16/2026 12:02:30,3.901,74.407,4.84,0.41254,70.506
142,04/16/2026 12:12:30,3.910,74.398,5.05,0.41339,70.488
143,04/16/2026 12:22:30,3.928,74.408,5.25,0.41529,70.480
144,04/16/2026 12:32:30,3.982,74.435,5.46,0.42078,70.453
145,04/16/2026 12:42:30,4.044,74.489,5.67,0.42718,70.445
146,04/16/2026 12:52:30,4.134,74.564,5.87,0.43632,70.430
147,04/16/2026 13:02:30,4.231,74.639,6.07,0.44624,70.408
148,04/16/2026 13:12:30,4.304,74.690,6.38,0.45363,70.386
149,04/16/2026 13:22:30,4.336,74.705,6.48,0.45694,70.369
150,04/16/2026 13:32:30,4.372,74.732,6.68,0.46060,70.360
151,04/16/2026 13:42:30,4.351,74.707,6.79,0.45842,70.356
152,04/16/2026 13:52:30,4.356,74.689,6.99,0.45899,70.333
153,04/16/2026 14:02:30,4.346,74.672,7.19,0.45794,70.326
154,04/16/2026 14:12:30,4.314,74.630,7.39,0.45471,70.316
155,04/16/2026 14:22:30,4.309,74.641,7.49,0.45423,70.332
156,04/16/2026 14:32:30,4.307,74.632,7.69,0.45402,70.325
157,04/16/2026 14:42:30,4.297,74.624,7.69,0.45297,70.327
158,04/16/2026 14:52:30,4.296,74.616,7.69,0.45282,70.320
159,04/16/2026 15:02:30,4.290,74.611,7.79,0.45227,70.321
160,04/16/2026 15:12:30,4.296,74.599,7.79,0.45290,70.303
161,04/16/2026 15:22:30,4.285,74.578,7.89,0.45178,70.293
162,04/16/2026 15:32:30,4.299,74.586,7.89,0.45318,70.287
163,04/16/2026 15:42:30,4.309,74.598,7.89,0.45424,70.289
164,04/16/2026 15:52:30,4.310,74.618,7.99,0.45431,70.308
165,04/16/2026 16:02:30,4.321,74.642,7.99,0.45544,70.321
166,04/16/2026 16:12:30,4.332,74.658,7.99,0.45656,70.326
167,04/16/2026 16:22:30,4.343,74.666,7.99,0.45769,70.323
168,04/16/2026 16:32:30,4.347,74.666,7.99,0.45811,70.319
169,04/16/2026 16:42:30,4.363,74.698,7.99,0.45973,70.335
170,04/16/2026 16:52:30,4.358,74.678,7.99,0.45923,70.320
171,04/16/2026 17:02:30,4.377,74.694,7.99,0.46120,70.317
172,04/16/2026 17:12:30,4.399,74.715,7.89,0.46338,70.316
173,04/16/2026 17:22:30,4.412,74.706,7.99,0.46479,70.294
174,04/16/2026 17:32:30,4.400,74.678,7.99,0.46352,70.278
175,04/16/2026 17:42:30,4.393,74.659,7.89,0.46275,70.266
176,04/16/2026 17:52:30,4.410,74.679,7.89,0.46450,70.269
177,04/16/2026 18:02:30,4.411,74.687,7.89,0.46458,70.276
178,04/16/2026 18:12:30,4.410,74.684,7.79,0.46450,70.274
179,04/16/2026 18:22:30,4.390,74.667,7.79,0.46253,70.277
180,04/16/2026 18:32:30,4.403,74.668,7.69,0.46380,70.265
181,04/16/2026 18:42:30,4.400,74.665,7.59,0.46344,70.265
182,04/16/2026 18:52:30,4.409,74.661,7.59,0.46435,70.252
183,04/16/2026 19:02:30,4.385,74.621,7.49,0.46196,70.236
184,04/16/2026 19:12:30,4.396,74.618,7.39,0.46308,70.222
185,04/16/2026 19:22:30,4.409,74.627,7.29,0.46435,70.218
186,04/16/2026 19:32:30,4.386,74.595,7.19,0.46202,70.209
187,04/16/2026 19:42:30,4.369,74.560,7.09,0.46026,70.191
188,04/16/2026 19:52:30,4.377,74.568,6.99,0.46117,70.191
189,04/16/2026 20:02:30,4.385,74.577,6.89,0.46194,70.192
190,04/16/2026 20:12:30,4.391,74.578,6.79,0.46250,70.187
191,04/16/2026 20:22:30,4.365,74.555,6.58,0.45990,70.190
192,04/16/2026 20:32:30,4.371,74.560,6.48,0.46046,70.189
193,04/16/2026 20:42:30,4.371,74.553,6.38,0.46045,70.182
194,04/16/2026 20:52:30,4.373,74.561,6.28,0.46073,70.188
195,04/16/2026 21:02:30,4.371,74.562,6.18,0.46052,70.191
196,04/16/2026 21:12:30,4.365,74.543,6.07,0.45989,70.178
197,04/16/2026 21:22:30,4.373,74.560,5.97,0.46066,70.187
198,04/16/2026 21:32:30,4.356,74.552,5.87,0.45897,70.196
199,04/16/2026 21:42:30,4.360,74.557,5.77,0.45939,70.197
200,04/16/2026 21:52:30,4.360,74.578,5.67,0.45939,70.218
201,04/16/2026 22:02:30,4.341,74.551,5.56,0.45741,70.210
202,04/16/2026 22:12:30,4.348,74.564,5.46,0.45812,70.216
203,04/16/2026 22:22:30,4.356,74.572,5.36,0.45896,70.216
204,04/16/2026 22:32:30,4.346,74.557,5.25,0.45790,70.211
205,04/16/2026 22:42:30,4.344,74.561,5.25,0.45776,70.217
206,04/16/2026 22:52:30,4.338,74.546,5.15,0.45706,70.208
207,04/16/2026 23:02:30,4.334,74.530,5.05,0.45677,70.196
208,04/16/2026 23:12:30,4.326,74.515,4.94,0.45593,70.189
209,04/16/2026 23:22:30,4.327,74.508,4.84,0.45600,70.181
210,04/16/2026 23:32:30,4.338,74.520,4.84,0.45712,70.182
211,04/16/2026 23:42:30,4.344,74.521,4.74,0.45768,70.177
212,04/16/2026 23:52:30,4.331,74.513,4.74,0.45635,70.182
213,04/17/2026 00:02:30,4.326,74.506,4.63,0.45585,70.180
214,04/17/2026 00:12:30,4.327,74.498,4.53,0.45599,70.171
215,04/17/2026 00:22:30,4.327,74.502,4.53,0.45599,70.175
216,04/17/2026 00:32:30,4.324,74.495,4.43,0.45571,70.171
217,04/17/2026 00:42:30,4.315,74.479,4.43,0.45473,70.164
218,04/17/2026 00:52:30,4.327,74.484,4.32,0.45599,70.157
219,04/17/2026 01:02:30,4.306,74.460,4.32,0.45381,70.154
220,04/17/2026 01:12:30,4.298,74.440,4.22,0.45304,70.142
221,04/17/2026 01:22:30,4.288,74.428,4.22,0.45205,70.140
222,04/17/2026 01:32:30,4.289,74.413,4.11,0.45212,70.124
223,04/17/2026 01:42:30,4.287,74.401,4.11,0.45191,70.114
224,04/17/2026 01:52:30,4.285,74.386,4.01,0.45163,70.101
225,04/17/2026 02:02:30,4.283,74.386,4.01,0.45149,70.103
226,04/17/2026 02:12:30,4.285,74.378,4.01,0.45163,70.093
227,04/17/2026 02:22:30,4.257,74.342,3.90,0.44889,70.085
228,04/17/2026 02:32:30,4.248,74.315,3.80,0.44790,70.067
229,04/17/2026 02:42:30,4.239,74.291,3.80,0.44699,70.052
230,04/17/2026 02:52:30,4.246,74.300,3.69,0.44769,70.054
231,04/17/2026 03:02:30,4.240,74.280,3.69,0.44706,70.040
232,04/17/2026 03:12:30,4.238,74.264,3.69,0.44685,70.026
233,04/17/2026 03:22:30,4.218,74.244,3.59,0.44488,70.026
234,04/17/2026 03:32:30,4.220,74.252,3.59,0.44509,70.032
235,04/17/2026 03:42:30,4.214,74.233,3.48,0.44445,70.019
236,04/17/2026 03:52:30,4.205,74.225,3.48,0.44354,70.020
237,04/17/2026 04:02:30,4.192,74.221,3.48,0.44220,70.029
238,04/17/2026 04:12:30,4.173,74.194,3.38,0.44024,70.021
239,04/17/2026 04:22:30,4.168,74.186,3.38,0.43974,70.018
240,04/17/2026 04:32:30,4.160,74.174,3.38,0.43890,70.014
241,04/17/2026 04:42:30,4.163,74.174,3.27,0.43932,70.011
242,04/17/2026 04:52:30,4.162,74.158,3.27,0.43918,69.996
243,04/17/2026 05:02:30,4.175,74.162,3.27,0.44052,69.987
244,04/17/2026 05:12:30,4.174,74.159,3.16,0.44038,69.985
245,04/17/2026 05:22:30,4.162,74.139,3.16,0.43918,69.977
246,04/17/2026 05:32:30,4.170,74.147,3.16,0.43995,69.977
247,04/17/2026 05:42:30,4.174,74.148,3.06,0.44038,69.974
248,04/17/2026 05:52:30,4.152,74.128,3.06,0.43813,69.976
249,04/17/2026 06:02:30,4.147,74.116,3.06,0.43763,69.969
250,04/17/2026 06:12:30,4.144,74.121,2.95,0.43728,69.977
251,04/17/2026 06:22:30,4.144,74.121,2.95,0.43728,69.977
252,04/17/2026 06:32:30,4.126,74.113,2.95,0.43545,69.987
253,04/17/2026 06:42:30,4.116,74.109,2.95,0.43440,69.993
254,04/17/2026 06:52:30,4.112,74.105,2.95,0.43405,69.993
255,04/17/2026 07:02:30,4.125,74.122,2.85,0.43531,69.997
256,04/17/2026 07:12:30,4.099,74.102,2.85,0.43271,70.003
257,04/17/2026 07:22:30,4.104,74.122,2.85,0.43320,70.018
258,04/17/2026 07:32:30,4.105,74.115,2.74,0.43327,70.010
259,04/17/2026 07:42:30,4.094,74.115,2.74,0.43215,70.021
260,04/17/2026 07:52:30,4.084,74.111,2.74,0.43116,70.027
261,04/17/2026 08:02:30,4.102,74.127,2.74,0.43299,70.025
262,04/17/2026 08:12:30,4.081,74.115,2.74,0.43081,70.034
263,04/17/2026 08:22:30,4.081,74.107,2.74,0.43081,70.026
264,04/17/2026 08:32:30,4.070,74.095,2.63,0.42983,70.025
265,04/17/2026 08:42:30,4.071,74.087,2.63,0.42990,70.016
266,04/17/2026 08:52:30,4.059,74.075,2.63,0.42863,70.016
267,04/17/2026 09:02:30,4.050,74.071,2.63,0.42772,70.021
268,04/17/2026 09:12:30,4.044,74.063,2.63,0.42716,70.019
269,04/17/2026 09:22:30,4.028,74.043,2.63,0.42547,70.015
270,04/17/2026 09:32:30,4.029,74.055,2.63,0.42561,70.026
271,04/17/2026 09:42:30,4.015,74.055,2.63,0.42413,70.040
272,04/17/2026 09:52:30,4.018,74.092,2.53,0.42449,70.074
273,04/17/2026 10:02:30,4.014,74.096,2.53,0.42406,70.082
274,04/17/2026 10:12:30,4.010,74.088,2.53,0.42364,70.078
275,04/17/2026 10:22:30,4.002,74.096,2.53,0.42287,70.094
276,04/17/2026 10:32:30,3.993,74.120,2.53,0.42195,70.127
277,04/17/2026 10:42:30,3.985,74.129,2.53,0.42104,70.144
278,04/17/2026 10:52:30,3.988,74.153,2.53,0.42139,70.165
279,04/17/2026 11:02:30,3.972,74.141,2.53,0.41970,70.169
280,04/17/2026 11:12:30,3.988,74.161,2.53,0.42139,70.173
281,04/17/2026 11:22:30,3.973,74.165,2.53,0.41984,70.192
282,04/17/2026 11:32:30,3.966,74.141,2.53,0.41914,70.175
283,04/17/2026 11:42:30,3.998,74.177,2.53,0.42238,70.179
284,04/17/2026 11:52:30,4.003,74.184,2.63,0.42294,70.181
285,04/17/2026 12:02:30,3.993,74.184,2.63,0.42188,70.191
286,04/17/2026 12:12:30,3.997,74.231,2.74,0.42238,70.234
287,04/17/2026 12:22:30,4.000,74.279,2.85,0.42259,70.279
288,04/17/2026 12:32:30,4.036,74.347,2.85,0.42631,70.311
289,04/17/2026 12:42:30,4.048,74.363,2.85,0.42758,70.315
290,04/17/2026 12:52:30,4.068,74.380,2.74,0.42962,70.312
291,04/17/2026 13:02:30,4.116,74.437,2.74,0.43440,70.321
292,04/17/2026 13:12:30,4.103,74.457,2.74,0.43313,70.354
293,04/17/2026 13:22:30,4.112,74.476,2.85,0.43405,70.364
294,04/17/2026 13:32:30,4.122,74.495,2.95,0.43510,70.373
295,04/17/2026 13:42:30,4.135,74.502,3.06,0.43644,70.367
296,04/17/2026 13:52:30,4.118,74.481,3.16,0.43468,70.363
297,04/17/2026 14:02:30,4.117,74.484,3.27,0.43461,70.367
298,04/17/2026 14:12:30,4.112,74.505,3.27,0.43398,70.393
299,04/17/2026 14:22:30,4.115,74.512,3.38,0.43433,70.397
300,04/17/2026 14:32:30,4.115,74.528,3.38,0.43433,70.413
301,04/17/2026 14:42:30,4.095,74.520,3.38,0.43229,70.425
302,04/17/2026 14:52:30,4.109,74.523,3.48,0.43377,70.414
303,04/17/2026 15:02:30,4.100,74.530,3.59,0.43285,70.430
304,04/17/2026 15:12:30,4.095,74.549,3.69,0.43236,70.454
305,04/17/2026 15:22:30,4.086,74.532,3.90,0.43138,70.446
306,04/17/2026 15:32:30,4.070,74.511,4.01,0.42969,70.441
307,04/17/2026 15:42:30,4.089,74.525,4.22,0.43173,70.436
308,04/17/2026 15:52:30,4.080,74.520,4.32,0.43082,70.440
309,04/17/2026 16:02:30,4.083,74.539,4.53,0.43103,70.456
310,04/17/2026 16:12:30,4.071,74.542,4.63,0.42984,70.471
311,04/17/2026 16:22:30,4.065,74.542,4.63,0.42920,70.477
312,04/17/2026 16:32:30,4.069,74.546,4.63,0.42963,70.477
313,04/17/2026 16:42:30,4.060,74.538,4.63,0.42871,70.478
314,04/17/2026 16:52:30,4.068,74.554,4.63,0.42956,70.486
315,04/17/2026 17:02:30,4.058,74.562,4.63,0.42857,70.504
316,04/17/2026 17:12:30,4.068,74.570,4.63,0.42956,70.502
317,04/17/2026 17:22:30,4.052,74.566,4.63,0.42794,70.514
318,04/17/2026 17:32:30,4.058,74.583,4.53,0.42850,70.525
319,04/17/2026 17:42:30,4.048,74.571,4.53,0.42752,70.523
320,04/17/2026 17:52:30,4.037,74.571,4.53,0.42639,70.534
321,04/17/2026 18:02:30,4.060,74.604,4.43,0.42871,70.544
322,04/17/2026 18:12:30,4.062,74.609,4.32,0.42892,70.547
323,04/17/2026 18:22:30,4.061,74.610,4.22,0.42878,70.549
324,04/17/2026 18:32:30,4.064,74.618,4.22,0.42913,70.554
325,04/17/2026 18:42:30,4.067,74.635,4.11,0.42941,70.568
326,04/17/2026 18:52:30,4.050,74.627,4.01,0.42779,70.577
327,04/17/2026 19:02:30,4.066,74.648,4.01,0.42934,70.582
328,04/17/2026 19:12:30,4.056,74.644,3.90,0.42835,70.588
329,04/17/2026 19:22:30,4.038,74.640,3.90,0.42653,70.602
330,04/17/2026 19:32:30,4.054,74.665,3.80,0.42814,70.611
331,04/17/2026 19:42:30,4.054,74.678,3.69,0.42814,70.624
332,04/17/2026 19:52:30,4.063,74.695,3.59,0.42906,70.632
333,04/17/2026 20:02:30,4.065,74.715,3.59,0.42927,70.650
334,04/17/2026 20:12:30,4.058,74.716,3.48,0.42856,70.658
335,04/17/2026 20:22:30,4.070,74.729,3.38,0.42976,70.659
336,04/17/2026 20:32:30,4.062,74.733,3.38,0.42899,70.671
337,04/17/2026 20:42:30,4.070,74.750,3.27,0.42976,70.680
338,04/17/2026 20:52:30,4.071,74.758,3.27,0.42990,70.687
339,04/17/2026 21:02:30,4.065,74.763,3.16,0.42927,70.698
340,04/17/2026 21:12:30,4.071,74.780,3.06,0.42990,70.709
341,04/17/2026 21:22:30,4.073,74.788,3.06,0.43011,70.715
342,04/17/2026 21:32:30,4.059,74.781,2.95,0.42863,70.722
343,04/17/2026 21:42:30,4.047,74.777,2.95,0.42744,70.730
344,04/17/2026 21:52:30,4.057,74.794,2.85,0.42842,70.737
345,04/17/2026 22:02:30,4.051,74.795,2.74,0.42779,70.744
346,04/17/2026 22:12:30,4.051,74.787,2.74,0.42779,70.736
347,04/17/2026 22:22:30,4.052,74.792,2.63,0.42793,70.740
348,04/17/2026 22:32:30,4.038,74.785,2.53,0.42645,70.747
349,04/17/2026 22:42:30,4.037,74.785,2.53,0.42638,70.748
350,04/17/2026 22:52:30,4.037,74.786,2.42,0.42638,70.749
351,04/17/2026 23:02:30,4.033,74.779,2.31,0.42596,70.746
352,04/17/2026 23:12:30,4.036,74.792,2.20,0.42624,70.756
353,04/17/2026 23:22:30,4.026,74.792,2.20,0.42526,70.766
354,04/17/2026 23:32:30,4.029,74.784,2.10,0.42561,70.755
355,04/17/2026 23:42:30,4.018,74.781,1.99,0.42449,70.763
356,04/17/2026 23:52:30,4.018,74.782,1.88,0.42449,70.764
357,04/18/2026 00:02:30,4.004,74.762,1.88,0.42308,70.758
358,04/18/2026 00:12:30,3.997,74.759,1.77,0.42231,70.762
359,04/18/2026 00:22:30,3.990,74.748,1.67,0.42161,70.758
360,04/18/2026 00:32:30,3.974,74.725,1.56,0.41999,70.751
361,04/18/2026 00:42:30,3.980,74.741,1.56,0.42055,70.761
362,04/18/2026 00:52:30,3.974,74.730,1.45,0.41999,70.756
363,04/18/2026 01:02:30,3.972,74.726,1.45,0.41978,70.754
364,04/18/2026 01:12:30,3.943,74.695,1.34,0.41676,70.752
365,04/18/2026 01:22:30,3.954,74.696,1.23,0.41789,70.742
366,04/18/2026 01:32:30,3.927,74.675,1.23,0.41521,70.748
367,04/18/2026 01:42:30,3.916,74.668,1.12,0.41409,70.752
368,04/18/2026 01:52:30,3.897,74.644,1.12,0.41219,70.747
369,04/18/2026 02:02:30,3.888,74.637,1.01,0.41121,70.749
370,04/18/2026 02:12:30,3.876,74.621,1.01,0.41001,70.745
371,04/18/2026 02:22:30,3.863,74.610,0.90,0.40868,70.747
372,04/18/2026 02:32:30,3.842,74.598,0.90,0.40650,70.756
373,04/18/2026 02:42:30,3.836,74.594,0.90,0.40594,70.758
374,04/18/2026 02:52:30,3.821,74.578,0.90,0.40439,70.757
375,04/18/2026 03:02:30,3.805,74.563,0.79,0.40270,70.758
376,04/18/2026 03:12:30,3.808,74.563,0.79,0.40305,70.755
377,04/18/2026 03:22:30,3.799,74.555,0.79,0.40214,70.756
378,04/18/2026 03:32:30,3.778,74.544,0.68,0.39996,70.766
379,04/18/2026 03:42:30,3.765,74.532,0.68,0.39863,70.767
380,04/18/2026 03:52:30,3.750,74.515,0.68,0.39722,70.765
381,04/18/2026 04:02:30,3.731,74.500,0.57,0.39525,70.769
382,04/18/2026 04:12:30,3.723,74.500,0.57,0.39441,70.777
383,04/18/2026 04:22:30,3.715,74.492,0.57,0.39363,70.777
384,04/18/2026 04:32:30,3.686,74.468,0.57,0.39061,70.782
385,04/18/2026 04:42:30,3.670,74.457,0.46,0.38900,70.787
386,04/18/2026 04:52:30,3.652,74.437,0.46,0.38717,70.785
387,04/18/2026 05:02:30,3.645,74.445,0.46,0.38646,70.800
388,04/18/2026 05:12:30,3.625,74.429,0.46,0.38443,70.804
389,04/18/2026 05:22:30,3.600,74.418,0.35,0.38183,70.818
390,04/18/2026 05:32:30,3.599,74.426,0.35,0.38176,70.827
391,04/18/2026 05:42:30,3.576,74.422,0.35,0.37943,70.846
392,04/18/2026 05:52:30,3.552,74.414,0.35,0.37697,70.862
393,04/18/2026 06:02:30,3.542,74.422,0.35,0.37592,70.880
394,04/18/2026 06:12:30,3.533,74.422,0.35,0.37500,70.889
395,04/18/2026 06:22:30,3.512,74.422,0.35,0.37290,70.910
396,04/18/2026 06:32:30,3.507,74.435,0.24,0.37240,70.928
397,04/18/2026 06:42:30,3.485,74.431,0.24,0.37015,70.946
398,04/18/2026 06:52:30,3.484,74.459,0.24,0.37008,70.975
399,04/18/2026 07:02:30,3.479,74.459,0.24,0.36952,70.980
400,04/18/2026 07:12:30,3.487,74.475,0.24,0.37037,70.988
401,04/18/2026 07:22:30,3.477,74.475,0.24,0.36938,70.998
402,04/18/2026 07:32:30,3.486,74.487,0.24,0.37030,71.001
403,04/18/2026 07:42:30,3.490,74.495,0.24,0.37072,71.005
404,04/18/2026 07:52:30,3.496,74.500,0.24,0.37121,71.004
405,04/18/2026 08:02:30,3.501,74.516,0.24,0.37170,71.015
406,04/18/2026 08:12:30,3.502,74.531,0.35,0.37184,71.029
407,04/18/2026 08:22:30,3.502,74.539,0.35,0.37184,71.037
408,04/18/2026 08:32:30,3.511,74.567,0.35,0.37275,71.056
409,04/18/2026 08:42:30,3.520,74.583,0.35,0.37367,71.063
410,04/18/2026 08:52:30,3.519,74.594,0.46,0.37360,71.075
411,04/18/2026 09:02:30,3.528,74.606,0.46,0.37451,71.078
412,04/18/2026 09:12:30,3.537,74.613,0.57,0.37542,71.076
413,04/18/2026 09:22:30,3.525,74.605,0.57,0.37423,71.080
414,04/18/2026 09:32:30,3.535,74.612,0.68,0.37521,71.077
415,04/18/2026 09:42:30,3.541,74.620,0.68,0.37584,71.079
416,04/18/2026 09:52:30,3.550,74.627,0.79,0.37676,71.077
417,04/18/2026 10:02:30,3.537,74.614,0.90,0.37542,71.077
418,04/18/2026 10:12:30,3.530,74.621,1.01,0.37471,71.091
419,04/18/2026 10:22:30,3.530,74.629,1.01,0.37471,71.099
420,04/18/2026 10:32:30,3.544,74.652,1.12,0.37619,71.108
421,04/18/2026 10:42:30,3.530,74.635,1.23,0.37471,71.105
422,04/18/2026 10:52:30,3.536,74.646,1.34,0.37534,71.110
423,04/18/2026 11:02:30,3.542,74.657,1.45,0.37598,71.115
424,04/18/2026 11:12:30,3.547,74.672,1.67,0.37640,71.125
425,04/18/2026 11:22:30,3.541,74.671,1.77,0.37576,71.130
426,04/18/2026 11:32:30,3.535,74.686,1.88,0.37520,71.151
427,04/18/2026 11:42:30,3.539,74.688,2.10,0.37562,71.149
428,04/18/2026 11:52:30,3.547,74.702,2.31,0.37646,71.155
429,04/18/2026 12:02:30,3.543,74.685,2.42,0.37604,71.142
430,04/18/2026 12:12:30,3.550,74.699,2.63,0.37674,71.149
431,04/18/2026 12:22:30,3.545,74.693,2.85,0.37625,71.148
432,04/18/2026 12:32:30,3.558,74.717,2.95,0.37752,71.159
433,04/18/2026 12:42:30,3.570,74.722,3.27,0.37878,71.152
434,04/18/2026 12:52:30,3.573,74.733,3.38,0.37913,71.160
435,04/18/2026 13:02:30,3.582,74.735,3.69,0.37998,71.153
436,04/18/2026 13:12:30,3.587,74.745,3.90,0.38054,71.158
437,04/18/2026 13:22:30,3.637,74.795,4.22,0.38561,71.158
438,04/18/2026 13:32:30,3.732,74.886,4.43,0.39531,71.154
439,04/18/2026 13:42:30,3.871,75.033,4.63,0.40952,71.162
440,04/18/2026 13:52:30,4.015,75.189,4.74,0.42421,71.174
441,04/18/2026 14:02:30,4.103,75.272,4.94,0.43322,71.169
442,04/18/2026 14:12:30,4.154,75.336,5.05,0.43835,71.182
443,04/18/2026 14:22:30,4.196,75.372,5.15,0.44257,71.176
444,04/18/2026 14:32:30,4.201,75.367,5.25,0.44313,71.166
445,04/18/2026 14:42:30,4.211,75.374,5.36,0.44419,71.163
446,04/18/2026 14:52:30,4.213,75.373,5.46,0.44440,71.160
447,04/18/2026 15:02:30,4.200,75.373,5.56,0.44300,71.173
448,04/18/2026 15:12:30,4.203,75.364,5.67,0.44335,71.161
449,04/18/2026 15:22:30,4.203,75.364,5.67,0.44335,71.161
450,04/18/2026 15:32:30,4.204,75.371,5.77,0.44343,71.167
451,04/18/2026 15:42:30,4.197,75.358,5.87,0.44272,71.161
452,04/18/2026 15:52:30,4.200,75.358,5.87,0.44307,71.158
453,04/18/2026 16:02:30,4.189,75.349,5.97,0.44195,71.160
454,04/18/2026 16:12:30,4.189,75.337,5.97,0.44195,71.148
455,04/18/2026 16:22:30,4.189,75.349,5.97,0.44195,71.160
456,04/18/2026 16:32:30,4.180,75.341,6.07,0.44097,71.161
457,04/18/2026 16:42:30,4.178,75.336,6.07,0.44083,71.158
458,04/18/2026 16:52:30,4.179,75.341,6.07,0.44083,71.162
459,04/18/2026 17:02:30,4.176,75.345,6.07,0.44055,71.169
460,04/18/2026 17:12:30,4.151,75.332,6.07,0.43809,71.181
461,04/18/2026 17:22:30,4.165,75.345,6.07,0.43942,71.180
462,04/18/2026 17:32:30,4.159,75.336,6.07,0.43893,71.177
463,04/18/2026 17:42:30,4.150,75.336,6.07,0.43802,71.186
464,04/18/2026 17:52:30,4.143,75.328,6.07,0.43731,71.185
465,04/18/2026 18:02:30,4.152,75.341,6.07,0.43809,71.189
466,04/18/2026 18:12:30,4.139,75.332,6.07,0.43689,71.193
467,04/18/2026 18:22:30,4.125,75.320,6.07,0.43541,71.195
468,04/18/2026 18:32:30,4.123,75.324,6.07,0.43520,71.201
469,04/18/2026 18:42:30,4.130,75.333,5.97,0.43590,71.203
470,04/18/2026 18:52:30,4.131,75.329,5.97,0.43605,71.198
471,04/18/2026 19:02:30,4.130,75.329,5.97,0.43590,71.199
472,04/18/2026 19:12:30,4.138,75.334,5.87,0.43675,71.196
473,04/18/2026 19:22:30,4.132,75.330,5.87,0.43611,71.198
474,04/18/2026 19:32:30,4.151,75.351,5.77,0.43801,71.200
475,04/18/2026 19:42:30,4.153,75.347,5.77,0.43822,71.194
476,04/18/2026 19:52:30,4.168,75.372,5.67,0.43977,71.204
477,04/18/2026 20:02:30,4.176,75.380,5.67,0.44061,71.204
478,04/18/2026 20:12:30,4.177,75.385,5.56,0.44068,71.208
479,04/18/2026 20:22:30,4.169,75.385,5.46,0.43990,71.216
480,04/18/2026 20:32:30,4.170,75.393,5.46,0.44004,71.223
481,04/18/2026 20:42:30,4.172,75.398,5.36,0.44018,71.226
482,04/18/2026 20:52:30,4.178,75.399,5.25,0.44081,71.221
483,04/18/2026 21:02:30,4.162,75.396,5.15,0.43913,71.234
484,04/18/2026 21:12:30,4.162,75.404,5.15,0.43913,71.242
485,04/18/2026 21:22:30,4.161,75.417,5.05,0.43905,71.256
486,04/18/2026 21:32:30,4.147,75.409,4.94,0.43765,71.262
487,04/18/2026 21:42:30,4.132,75.393,4.94,0.43610,71.261
488,04/18/2026 21:52:30,4.128,75.398,4.84,0.43568,71.270
489,04/18/2026 22:02:30,4.134,75.403,4.74,0.43631,71.269
490,04/18/2026 22:12:30,4.135,75.399,4.74,0.43638,71.264
491,04/18/2026 22:22:30,4.114,75.380,4.63,0.43420,71.266
492,04/18/2026 22:32:30,4.107,75.368,4.53,0.43356,71.261
493,04/18/2026 22:42:30,4.101,75.364,4.53,0.43293,71.263
494,04/18/2026 22:52:30,4.099,75.365,4.43,0.43272,71.266
495,04/18/2026 23:02:30,4.089,75.350,4.32,0.43166,71.261
496,04/18/2026 23:12:30,4.089,75.355,4.22,0.43166,71.266
497,04/18/2026 23:22:30,4.094,75.351,4.22,0.43215,71.257
498,04/18/2026 23:32:30,4.075,75.335,4.11,0.43032,71.260
499,04/18/2026 23:42:30,4.061,75.324,4.01,0.42885,71.263
500,04/18/2026 23:52:30,4.042,75.304,4.01,0.42688,71.262
501,04/19/2026 00:02:30,4.043,75.301,3.90,0.42702,71.258
502,04/19/2026 00:12:30,4.028,75.278,3.80,0.42540,71.250
503,04/19/2026 00:22:30,4.040,75.286,3.80,0.42667,71.246
504,04/19/2026 00:32:30,4.033,75.282,3.69,0.42603,71.249
505,04/19/2026 00:42:30,4.014,75.274,3.69,0.42406,71.260
506,04/19/2026 00:52:30,4.013,75.271,3.59,0.42399,71.258
507,04/19/2026 01:02:30,4.018,75.280,3.48,0.42449,71.262
508,04/19/2026 01:12:30,4.010,75.276,3.48,0.42364,71.266
509,04/19/2026 01:22:30,3.999,75.269,3.38,0.42252,71.270
510,04/19/2026 01:32:30,4.000,75.269,3.38,0.42259,71.269
511,04/19/2026 01:42:30,4.008,75.266,3.27,0.42343,71.258
512,04/19/2026 01:52:30,4.002,75.259,3.16,0.42280,71.257
513,04/19/2026 02:02:30,3.999,75.259,3.16,0.42245,71.260
514,04/19/2026 02:12:30,3.996,75.255,3.06,0.42223,71.259
515,04/19/2026 02:22:30,3.986,75.239,3.06,0.42125,71.253
516,04/19/2026 02:32:30,3.988,75.240,2.95,0.42139,71.252
517,04/19/2026 02:42:30,3.989,75.240,2.95,0.42153,71.251
518,04/19/2026 02:52:30,3.969,75.217,2.85,0.41942,71.248
519,04/19/2026 03:02:30,3.963,75.221,2.85,0.41886,71.258
520,04/19/2026 03:12:30,3.966,75.214,2.74,0.41914,71.248
521,04/19/2026 03:22:30,3.941,75.198,2.74,0.41654,71.257
522,04/19/2026 03:32:30,3.944,75.203,2.63,0.41689,71.259
523,04/19/2026 03:42:30,3.930,75.191,2.63,0.41541,71.261
524,04/19/2026 03:52:30,3.932,75.195,2.53,0.41577,71.263
525,04/19/2026 04:02:30,3.933,75.195,2.53,0.41584,71.262
526,04/19/2026 04:12:30,3.908,75.168,2.42,0.41324,71.260
527,04/19/2026 04:22:30,3.897,75.152,2.42,0.41211,71.255
528,04/19/2026 04:32:30,3.898,75.145,2.31,0.41225,71.247
529,04/19/2026 04:42:30,3.887,75.129,2.31,0.41106,71.242
530,04/19/2026 04:52:30,3.872,75.118,2.20,0.40951,71.246
531,04/19/2026 05:02:30,3.854,75.090,2.20,0.40768,71.236
532,04/19/2026 05:12:30,3.856,75.082,2.10,0.40796,71.226
533,04/19/2026 05:22:30,3.847,75.070,2.10,0.40705,71.223
534,04/19/2026 05:32:30,3.843,75.059,1.99,0.40663,71.216
535,04/19/2026 05:42:30,3.835,75.043,1.99,0.40578,71.208
536,04/19/2026 05:52:30,3.830,75.040,1.88,0.40529,71.210
537,04/19/2026 06:02:30,3.816,75.040,1.88,0.40389,71.224
538,04/19/2026 06:12:30,3.804,75.037,1.77,0.40262,71.233
539,04/19/2026 06:22:30,3.797,75.042,1.67,0.40192,71.245
540,04/19/2026 06:32:30,3.794,75.038,1.67,0.40164,71.244
541,04/19/2026 06:42:30,3.772,75.015,1.56,0.39932,71.243
542,04/19/2026 06:52:30,3.760,75.015,1.56,0.39812,71.255
543,04/19/2026 07:02:30,3.758,75.012,1.45,0.39791,71.254
544,04/19/2026 07:12:30,3.751,75.008,1.45,0.39721,71.257
545,04/19/2026 07:22:30,3.738,74.997,1.34,0.39588,71.259
546,04/19/2026 07:32:30,3.722,74.980,1.34,0.39433,71.258
547,04/19/2026 07:42:30,3.705,74.972,1.34,0.39257,71.267
548,04/19/2026 07:52:30,3.710,74.977,1.23,0.39306,71.267
549,04/19/2026 08:02:30,3.687,74.957,1.23,0.39074,71.270
550,04/19/2026 08:12:30,3.673,74.945,1.23,0.38934,71.272
551,04/19/2026 08:22:30,3.665,74.945,1.23,0.38849,71.280
552,04/19/2026 08:32:30,3.648,74.933,1.23,0.38674,71.285
553,04/19/2026 08:42:30,3.645,74.932,1.34,0.38645,71.287
554,04/19/2026 08:52:30,3.640,74.928,1.34,0.38596,71.288
555,04/19/2026 09:02:30,3.623,74.899,1.45,0.38420,71.276
556,04/19/2026 09:12:30,3.636,74.906,1.56,0.38554,71.270
557,04/19/2026 09:22:30,3.606,74.882,1.56,0.38244,71.276
558,04/19/2026 09:32:30,3.611,74.877,1.67,0.38294,71.266
559,04/19/2026 09:42:30,3.610,74.868,1.77,0.38286,71.258
560,04/19/2026 09:52:30,3.608,74.855,1.88,0.38265,71.247
561,04/19/2026 10:02:30,3.601,74.853,2.10,0.38195,71.252
562,04/19/2026 10:12:30,3.586,74.844,2.20,0.38040,71.258
563,04/19/2026 10:22:30,3.574,74.823,2.31,0.37913,71.249
564,04/19/2026 10:32:30,3.572,74.825,2.53,0.37899,71.253
565,04/19/2026 10:42:30,3.550,74.800,2.63,0.37674,71.250
566,04/19/2026 10:52:30,3.546,74.810,2.85,0.37632,71.264
567,04/19/2026 11:02:30,3.550,74.812,3.06,0.37674,71.262
568,04/19/2026 11:12:30,3.534,74.795,3.27,0.37505,71.261
569,04/19/2026 11:22:30,3.538,74.797,3.48,0.37548,71.259
570,04/19/2026 11:32:30,3.529,74.788,3.59,0.37456,71.259
571,04/19/2026 11:42:30,3.526,74.790,3.80,0.37428,71.264
572,04/19/2026 11:52:30,3.521,74.780,4.11,0.37372,71.259
573,04/19/2026 12:02:30,3.517,74.766,4.32,0.37337,71.249
574,04/19/2026 12:12:30,3.509,74.748,4.53,0.37253,71.239
575,04/19/2026 12:22:30,3.508,74.742,4.74,0.37246,71.234
576,04/19/2026 12:32:30,3.518,74.757,4.94,0.37345,71.239
577,04/19/2026 12:42:30,3.507,74.726,5.25,0.37240,71.219
578,04/19/2026 12:52:30,3.514,74.749,5.46,0.37303,71.235
579,04/19/2026 13:02:30,3.504,74.722,5.77,0.37212,71.218
580,04/19/2026 13:12:30,3.521,74.729,5.97,0.37381,71.208
581,04/19/2026 13:22:30,3.556,74.775,6.28,0.37733,71.219
582,04/19/2026 13:32:30,3.653,74.862,6.48,0.38725,71.209
583,04/19/2026 13:42:30,3.797,75.002,6.68,0.40196,71.205
584,04/19/2026 13:52:30,3.940,75.153,6.99,0.41652,71.213
585,04/19/2026 14:02:30,4.046,75.236,7.19,0.42735,71.190
586,04/19/2026 14:12:30,4.082,75.288,7.29,0.43101,71.206
587,04/19/2026 14:22:30,4.104,75.310,7.49,0.43334,71.206
588,04/19/2026 14:32:30,4.110,75.294,7.59,0.43383,71.184
589,04/19/2026 14:42:30,4.101,75.296,7.79,0.43300,71.195
590,04/19/2026 14:52:30,4.097,75.291,7.89,0.43265,71.194
591,04/19/2026 15:02:30,4.090,75.266,8.09,0.43188,71.176
592,04/19/2026 15:12:30,4.083,75.261,8.19,0.43118,71.178
593,04/19/2026 15:22:30,4.087,75.265,8.29,0.43153,71.178
594,04/19/2026 15:32:30,4.083,75.251,8.49,0.43119,71.168
595,04/19/2026 15:42:30,4.066,75.210,8.59,0.42951,71.144
596,04/19/2026 15:52:30,4.054,75.197,8.79,0.42825,71.143
597,04/19/2026 16:02:30,4.056,75.184,8.89,0.42846,71.128
598,04/19/2026 16:12:30,4.057,75.183,9.09,0.42854,71.126
599,04/19/2026 16:22:30,4.048,75.178,9.19,0.42770,71.130
600,04/19/2026 16:32:30,4.046,75.162,9.29,0.42742,71.116
601,04/19/2026 16:42:30,4.044,75.172,9.48,0.42729,71.128
602,04/19/2026 16:52:30,4.045,75.164,9.58,0.42729,71.119
603,04/19/2026 17:02:30,4.027,75.143,9.68,0.42554,71.116
604,04/19/2026 17:12:30,4.017,75.143,9.68,0.42448,71.126
605,04/19/2026 17:22:30,4.027,75.162,9.78,0.42547,71.136
606,04/19/2026 17:32:30,4.017,75.146,9.78,0.42456,71.129
607,04/19/2026 17:42:30,4.018,75.150,9.88,0.42456,71.132
608,04/19/2026 17:52:30,4.013,75.150,9.88,0.42407,71.137
609,04/19/2026 18:02:30,4.009,75.142,9.88,0.42365,71.133
610,04/19/2026 18:12:30,4.015,75.150,9.88,0.42428,71.135
611,04/19/2026 18:22:30,4.022,75.162,9.78,0.42498,71.141
612,04/19/2026 18:32:30,4.016,75.158,9.78,0.42441,71.142
613,04/19/2026 18:42:30,4.016,75.162,9.78,0.42434,71.147
614,04/19/2026 18:52:30,4.012,75.159,9.68,0.42399,71.147
615,04/19/2026 19:02:30,4.026,75.171,9.68,0.42540,71.145
616,04/19/2026 19:12:30,4.022,75.167,9.68,0.42504,71.145
617,04/19/2026 19:22:30,4.019,75.168,9.58,0.42469,71.149
618,04/19/2026 19:32:30,4.018,75.160,9.48,0.42461,71.142
619,04/19/2026 19:42:30,4.035,75.181,9.39,0.42630,71.146
620,04/19/2026 19:52:30,4.025,75.177,9.39,0.42531,71.152
621,04/19/2026 20:02:30,4.006,75.170,9.29,0.42334,71.164
622,04/19/2026 20:12:30,4.004,75.182,9.19,0.42320,71.178
623,04/19/2026 20:22:30,4.009,75.199,9.09,0.42369,71.190
624,04/19/2026 20:32:30,4.018,75.212,8.99,0.42453,71.194
625,04/19/2026 20:42:30,4.034,75.237,8.89,0.42614,71.203
626,04/19/2026 20:52:30,3.998,75.229,8.79,0.42255,71.231
627,04/19/2026 21:02:30,4.007,75.242,8.69,0.42346,71.235
628,04/19/2026 21:12:30,4.005,75.243,8.49,0.42324,71.238
629,04/19/2026 21:22:30,4.007,75.243,8.49,0.42345,71.236
630,04/19/2026 21:32:30,3.988,75.240,8.29,0.42155,71.252
631,04/19/2026 21:42:30,3.998,75.244,8.29,0.42253,71.246
632,04/19/2026 21:52:30,3.999,75.254,8.09,0.42260,71.255
633,04/19/2026 22:02:30,3.984,75.238,8.09,0.42105,71.254
634,04/19/2026 22:12:30,3.987,75.234,7.99,0.42140,71.247
635,04/19/2026 22:22:30,3.972,75.235,7.89,0.41985,71.263
636,04/19/2026 22:32:30,3.997,75.256,7.79,0.42238,71.259
637,04/19/2026 22:42:30,3.991,75.257,7.69,0.42174,71.266
638,04/19/2026 22:52:30,3.988,75.253,7.59,0.42146,71.265
639,04/19/2026 23:02:30,3.999,75.266,7.49,0.42258,71.267
640,04/19/2026 23:12:30,3.995,75.263,7.39,0.42215,71.268
641,04/19/2026 23:22:30,3.997,75.255,7.29,0.42243,71.258
642,04/19/2026 23:32:30,3.988,75.236,7.19,0.42145,71.248
643,04/19/2026 23:42:30,3.986,75.237,7.09,0.42123,71.251
644,04/19/2026 23:52:30,3.996,75.249,6.99,0.42229,71.253
645,04/20/2026 00:02:30,3.990,75.238,6.89,0.42165,71.248
646,04/20/2026 00:12:30,3.995,75.247,6.79,0.42214,71.252
647,04/20/2026 00:22:30,3.990,75.243,6.68,0.42172,71.253
648,04/20/2026 00:32:30,3.985,75.248,6.58,0.42115,71.263
649,04/20/2026 00:42:30,3.980,75.241,6.48,0.42059,71.261
650,04/20/2026 00:52:30,4.002,75.274,6.38,0.42283,71.272
651,04/20/2026 01:02:30,3.992,75.262,6.38,0.42185,71.270
652,04/20/2026 01:12:30,3.989,75.262,6.28,0.42157,71.273
653,04/20/2026 01:22:30,3.990,75.263,6.18,0.42163,71.273
654,04/20/2026 01:32:30,3.988,75.260,6.07,0.42142,71.272
655,04/20/2026 01:42:30,3.985,75.253,5.97,0.42107,71.268
656,04/20/2026 01:52:30,3.987,75.253,5.87,0.42135,71.266
657,04/20/2026 02:02:30,3.984,75.242,5.77,0.42099,71.258
658,04/20/2026 02:12:30,3.987,75.243,5.67,0.42127,71.256
659,04/20/2026 02:22:30,3.990,75.244,5.56,0.42155,71.254
660,04/20/2026 02:32:30,3.994,75.240,5.46,0.42204,71.246
661,04/20/2026 02:42:30,3.993,75.241,5.36,0.42197,71.248
662,04/20/2026 02:52:30,3.986,75.234,5.25,0.42120,71.248
663,04/20/2026 03:02:30,3.983,75.235,5.15,0.42084,71.252
664,04/20/2026 03:12:30,3.972,75.231,5.05,0.41979,71.259
665,04/20/2026 03:22:30,3.962,75.219,5.05,0.41880,71.257
666,04/20/2026 03:32:30,3.973,75.228,4.94,0.41993,71.255
667,04/20/2026 03:42:30,3.978,75.237,4.84,0.42042,71.259
668,04/20/2026 03:52:30,3.971,75.242,4.74,0.41964,71.271
669,04/20/2026 04:02:30,3.963,75.231,4.63,0.41880,71.268
670,04/20/2026 04:12:30,3.958,75.231,4.63,0.41831,71.273
671,04/20/2026 04:22:30,3.953,75.227,4.53,0.41788,71.274
672,04/20/2026 04:32:30,3.942,75.212,4.43,0.41669,71.270
673,04/20/2026 04:42:30,3.956,75.224,4.43,0.41816,71.268
674,04/20/2026 04:52:30,3.929,75.193,4.32,0.41535,71.264
675,04/20/2026 05:02:30,3.940,75.206,4.22,0.41647,71.266
676,04/20/2026 05:12:30,3.935,75.202,4.11,0.41605,71.267
677,04/20/2026 05:22:30,3.934,75.202,4.11,0.41591,71.268
678,04/20/2026 05:32:30,3.942,75.203,4.01,0.41675,71.261
679,04/20/2026 05:42:30,3.922,75.183,4.01,0.41471,71.261
680,04/20/2026 05:52:30,3.908,75.180,3.90,0.41324,71.272
681,04/20/2026 06:02:30,3.916,75.189,3.80,0.41408,71.273
682,04/20/2026 06:12:30,3.916,75.201,3.80,0.41408,71.285
683,04/20/2026 06:22:30,3.916,75.206,3.69,0.41401,71.290
684,04/20/2026 06:32:30,3.899,75.186,3.69,0.41232,71.287
685,04/20/2026 06:42:30,3.890,75.175,3.59,0.41134,71.285
686,04/20/2026 06:52:30,3.889,75.183,3.48,0.41134,71.294
687,04/20/2026 07:02:30,3.885,75.187,3.48,0.41091,71.302
688,04/20/2026 07:12:30,3.881,75.192,3.38,0.41049,71.311
689,04/20/2026 07:22:30,3.872,75.192,3.38,0.40958,71.320
690,04/20/2026 07:32:30,3.859,75.184,3.38,0.40824,71.325
691,04/20/2026 07:42:30,3.850,75.181,3.27,0.40733,71.331
692,04/20/2026 07:52:30,3.836,75.173,3.27,0.40592,71.337
693,04/20/2026 08:02:30,3.843,75.185,3.27,0.40663,71.342
694,04/20/2026 08:12:30,3.819,75.165,3.27,0.40416,71.346
695,04/20/2026 08:22:30,3.811,75.157,3.27,0.40332,71.346
696,04/20/2026 08:32:30,3.809,75.157,3.27,0.40311,71.348
697,04/20/2026 08:42:30,3.815,75.157,3.27,0.40374,71.342
698,04/20/2026 08:52:30,3.789,75.133,3.27,0.40107,71.344
699,04/20/2026 09:02:30,3.767,75.109,3.27,0.39882,71.342
700,04/20/2026 09:12:30,3.760,75.101,3.27,0.39812,71.341
701,04/20/2026 09:22:30,3.754,75.096,3.38,0.39749,71.342
702,04/20/2026 09:32:30,3.738,75.076,3.38,0.39587,71.338
703,04/20/2026 09:42:30,3.730,75.063,3.48,0.39502,71.333
704,04/20/2026 09:52:30,3.711,75.038,3.48,0.39320,71.327
705,04/20/2026 10:02:30,3.727,75.058,3.59,0.39474,71.331
706,04/20/2026 10:12:30,3.700,75.025,3.69,0.39200,71.325
707,04/20/2026 10:22:30,3.692,75.024,3.80,0.39116,71.332
708,04/20/2026 10:32:30,3.690,75.015,3.90,0.39102,71.325
709,04/20/2026 10:42:30,3.685,75.006,4.01,0.39053,71.321
710,04/20/2026 10:52:30,3.681,74.997,4.11,0.39011,71.316
711,04/20/2026 11:02:30,3.667,74.979,4.32,0.38870,71.312
712,04/20/2026 11:12:30,3.663,74.970,4.43,0.38828,71.307
713,04/20/2026 11:22:30,3.664,74.957,4.63,0.38835,71.293
714,04/20/2026 11:32:30,3.662,74.959,4.84,0.38814,71.297
715,04/20/2026 11:42:30,3.678,74.949,5.05,0.38983,71.271
716,04/20/2026 11:52:30,3.652,74.928,5.25,0.38709,71.276
717,04/20/2026 12:02:30,3.655,74.926,5.46,0.38745,71.271
718,04/20/2026 12:12:30,3.650,74.916,5.67,0.38703,71.266
719,04/20/2026 12:22:30,3.652,74.899,5.87,0.38717,71.247
720,04/20/2026 12:32:30,3.649,74.897,6.07,0.38689,71.248
721,04/20/2026 12:42:30,3.650,74.896,6.28,0.38697,71.246
722,04/20/2026 12:52:30,3.670,74.898,6.58,0.38894,71.228
723,04/20/2026 13:02:30,3.683,74.904,6.79,0.39035,71.221
724,04/20/2026 13:12:30,3.677,74.902,7.09,0.38973,71.225
725,04/20/2026 13:22:30,3.721,74.921,7.29,0.39423,71.200
726,04/20/2026 13:32:30,3.756,74.955,7.59,0.39783,71.199
727,04/20/2026 13:42:30,3.803,74.998,7.79,0.40262,71.195
728,04/20/2026 13:52:30,3.882,75.068,8.09,0.41071,71.186
729,04/20/2026 14:02:30,3.936,75.115,8.29,0.41620,71.179
730,04/20/2026 14:12:30,3.973,75.142,8.49,0.42001,71.169
731,04/20/2026 14:22:30,4.020,75.177,8.69,0.42480,71.157
732,04/20/2026 14:32:30,4.038,75.200,8.89,0.42663,71.162
733,04/20/2026 14:42:30,4.034,75.191,9.09,0.42622,71.157
734,04/20/2026 14:52:30,4.026,75.182,9.19,0.42545,71.156
735,04/20/2026 15:02:30,4.031,75.177,9.39,0.42595,71.146
736,04/20/2026 15:12:30,4.020,75.172,9.58,0.42476,71.152
737,04/20/2026 15:22:30,3.999,75.130,9.78,0.42266,71.131
738,04/20/2026 15:32:30,3.990,75.126,9.88,0.42168,71.136
739,04/20/2026 15:42:30,3.999,75.124,10.08,0.42274,71.125
740,04/20/2026 15:52:30,3.986,75.116,10.17,0.42134,71.130
741,04/20/2026 16:02:30,3.968,75.098,10.37,0.41959,71.130
742,04/20/2026 16:12:30,3.969,75.094,10.47,0.41959,71.125
743,04/20/2026 16:22:30,3.967,75.077,10.66,0.41939,71.110
744,04/20/2026 16:32:30,3.968,75.084,10.76,0.41953,71.116
745,04/20/2026 16:42:30,3.971,75.079,10.86,0.41989,71.108
746,04/20/2026 16:52:30,3.975,75.083,10.96,0.42025,71.108
747,04/20/2026 17:02:30,3.966,75.074,11.05,0.41941,71.108
748,04/20/2026 17:12:30,3.969,75.070,11.05,0.41969,71.101
749,04/20/2026 17:22:30,3.970,75.070,11.15,0.41976,71.100
750,04/20/2026 17:32:30,3.952,75.058,11.15,0.41786,71.106
751,04/20/2026 17:42:30,3.960,75.061,11.25,0.41878,71.101
752,04/20/2026 17:52:30,3.967,75.073,11.25,0.41949,71.106
753,04/20/2026 18:02:30,3.964,75.069,11.25,0.41920,71.105
754,04/20/2026 18:12:30,3.958,75.062,11.15,0.41850,71.104
755,04/20/2026 18:22:30,3.958,75.062,11.15,0.41850,71.104
756,04/20/2026 18:32:30,3.955,75.062,11.15,0.41821,71.107
757,04/20/2026 18:42:30,3.964,75.070,11.05,0.41919,71.106
758,04/20/2026 18:52:30,3.952,75.058,11.05,0.41793,71.106
759,04/20/2026 19:02:30,3.944,75.047,10.96,0.41708,71.103
760,04/20/2026 19:12:30,3.946,75.055,10.96,0.41729,71.109
761,04/20/2026 19:22:30,3.949,75.059,10.86,0.41764,71.110
762,04/20/2026 19:32:30,3.939,75.048,10.76,0.41658,71.109
763,04/20/2026 19:42:30,3.940,75.048,10.76,0.41665,71.108
764,04/20/2026 19:52:30,3.949,75.064,10.66,0.41763,71.115
765,04/20/2026 20:02:30,3.943,75.065,10.57,0.41699,71.122
766,04/20/2026 20:12:30,3.940,75.062,10.47,0.41664,71.122
767,04/20/2026 20:22:30,3.938,75.066,10.37,0.41649,71.128
768,04/20/2026 20:32:30,3.940,75.075,10.27,0.41663,71.135
769,04/20/2026 20:42:30,3.944,75.084,10.17,0.41705,71.140
770,04/20/2026 20:52:30,3.957,75.104,10.08,0.41845,71.147
771,04/20/2026 21:02:30,3.950,75.113,9.98,0.41767,71.163
772,04/20/2026 21:12:30,3.950,75.122,9.88,0.41760,71.172
773,04/20/2026 21:22:30,3.952,75.130,9.78,0.41787,71.178
774,04/20/2026 21:32:30,3.941,75.131,9.68,0.41674,71.190
775,04/20/2026 21:42:30,3.932,75.127,9.58,0.41583,71.195
776,04/20/2026 21:52:30,3.955,75.156,9.48,0.41821,71.201
777,04/20/2026 22:02:30,3.949,75.149,9.39,0.41751,71.200
778,04/20/2026 22:12:30,3.958,75.162,9.29,0.41842,71.204
779,04/20/2026 22:22:30,3.947,75.158,9.19,0.41736,71.211
780,04/20/2026 22:32:30,3.951,75.163,9.09,0.41771,71.212
781,04/20/2026 22:42:30,3.956,75.171,8.99,0.41827,71.215
782,04/20/2026 22:52:30,3.955,75.168,8.89,0.41812,71.213
783,04/20/2026 23:02:30,3.959,75.173,8.79,0.41854,71.214
784,04/20/2026 23:12:30,3.948,75.169,8.69,0.41748,71.221
785,04/20/2026 23:22:30,3.946,75.174,8.59,0.41720,71.228
786,04/20/2026 23:32:30,3.963,75.191,8.49,0.41895,71.228
787,04/20/2026 23:42:30,3.964,75.195,8.39,0.41909,71.231
788,04/20/2026 23:52:30,3.968,75.204,8.29,0.41944,71.236
789,04/21/2026 00:02:30,3.986,75.217,8.19,0.42126,71.231
790,04/21/2026 00:12:30,3.987,75.222,8.09,0.42133,71.235
791,04/21/2026 00:22:30,3.979,75.222,7.99,0.42055,71.243
792,04/21/2026 00:32:30,3.986,75.231,7.89,0.42125,71.245
793,04/21/2026 00:42:30,4.008,75.264,7.79,0.42350,71.256
794,04/21/2026 00:52:30,4.002,75.265,7.69,0.42287,71.263
795,04/21/2026 01:02:30,4.006,75.270,7.49,0.42328,71.264
796,04/21/2026 01:12:30,4.016,75.283,7.39,0.42426,71.267
797,04/21/2026 01:22:30,4.029,75.288,7.29,0.42560,71.259
798,04/21/2026 01:32:30,4.020,75.280,7.19,0.42475,71.260
799,04/21/2026 01:42:30,4.040,75.289,7.09,0.42672,71.249
800,04/21/2026 01:52:30,4.020,75.269,6.99,0.42475,71.249
801,04/21/2026 02:02:30,4.020,75.262,6.89,0.42474,71.242
802,04/21/2026 02:12:30,4.030,75.271,6.79,0.42573,71.241
803,04/21/2026 02:22:30,4.036,75.272,6.68,0.42629,71.236
804,04/21/2026 02:32:30,4.033,75.268,6.58,0.42607,71.235
805,04/21/2026 02:42:30,4.016,75.249,6.48,0.42431,71.233
806,04/21/2026 02:52:30,4.045,75.282,6.38,0.42726,71.237
807,04/21/2026 03:02:30,4.024,75.258,6.28,0.42515,71.234
808,04/21/2026 03:12:30,4.023,75.259,6.18,0.42501,71.236
809,04/21/2026 03:22:30,4.035,75.268,6.07,0.42620,71.233
810,04/21/2026 03:32:30,4.019,75.265,5.97,0.42458,71.246
811,04/21/2026 03:42:30,4.027,75.274,5.87,0.42535,71.247
812,04/21/2026 03:52:30,4.014,75.274,5.77,0.42409,71.260
813,04/21/2026 04:02:30,4.018,75.278,5.77,0.42451,71.260
814,04/21/2026 04:12:30,4.014,75.283,5.67,0.42409,71.269
815,04/21/2026 04:22:30,4.006,75.276,5.56,0.42324,71.270
816,04/21/2026 04:32:30,4.014,75.285,5.46,0.42401,71.271
817,04/21/2026 04:42:30,4.006,75.277,5.36,0.42331,71.271
818,04/21/2026 04:52:30,4.004,75.282,5.25,0.42309,71.278
819,04/21/2026 05:02:30,3.982,75.258,5.25,0.42077,71.276
820,04/21/2026 05:12:30,3.991,75.263,5.15,0.42169,71.272
821,04/21/2026 05:22:30,3.997,75.268,5.05,0.42232,71.271
822,04/21/2026 05:32:30,3.992,75.268,5.05,0.42176,71.276
823,04/21/2026 05:42:30,3.995,75.272,4.94,0.42218,71.277
824,04/21/2026 05:52:30,3.978,75.261,4.84,0.42042,71.283
825,04/21/2026 06:02:30,3.977,75.266,4.74,0.42028,71.289
826,04/21/2026 06:12:30,3.974,75.262,4.74,0.41999,71.288
827,04/21/2026 06:22:30,3.986,75.275,4.63,0.42119,71.289
828,04/21/2026 06:32:30,3.963,75.255,4.63,0.41880,71.292
829,04/21/2026 06:42:30,3.975,75.268,4.53,0.42006,71.293
830,04/21/2026 06:52:30,3.966,75.264,4.43,0.41922,71.298
831,04/21/2026 07:02:30,3.953,75.260,4.43,0.41788,71.307
832,04/21/2026 07:12:30,3.948,75.265,4.32,0.41732,71.317
833,04/21/2026 07:22:30,3.952,75.265,4.32,0.41774,71.313
834,04/21/2026 07:32:30,3.947,75.270,4.22,0.41725,71.323
835,04/21/2026 07:42:30,3.939,75.254,4.22,0.41640,71.315
836,04/21/2026 07:52:30,3.936,75.251,4.11,0.41605,71.315
837,04/21/2026 08:02:30,3.925,75.239,4.11,0.41493,71.314
838,04/21/2026 08:12:30,3.918,75.243,4.11,0.41422,71.325
839,04/21/2026 08:22:30,3.911,75.235,4.11,0.41352,71.324
840,04/21/2026 08:32:30,3.890,75.218,4.22,0.41141,71.328
841,04/21/2026 08:42:30,3.887,75.210,4.22,0.41106,71.323
842,04/21/2026 08:52:30,3.872,75.182,4.22,0.40951,71.310
843,04/21/2026 09:02:30,3.852,75.152,4.32,0.40762,71.300
844,04/21/2026 09:12:30,3.873,75.165,4.32,0.40965,71.292
845,04/21/2026 09:22:30,3.861,75.148,4.43,0.40839,71.287
846,04/21/2026 09:32:30,3.861,75.135,4.53,0.40839,71.274
847,04/21/2026 09:42:30,3.840,75.114,4.63,0.40628,71.274
848,04/21/2026 09:52:30,3.845,75.101,4.74,0.40678,71.256
849,04/21/2026 10:02:30,3.837,75.092,4.84,0.40600,71.255
850,04/21/2026 10:12:30,3.836,75.091,4.94,0.40593,71.255
851,04/21/2026 10:22:30,3.827,75.078,5.15,0.40502,71.250
852,04/21/2026 10:32:30,3.817,75.069,5.25,0.40397,71.252
853,04/21/2026 10:42:30,3.816,75.071,5.46,0.40390,71.255
854,04/21/2026 10:52:30,3.818,75.066,5.56,0.40411,71.248
855,04/21/2026 11:02:30,3.806,75.053,5.77,0.40285,71.247
856,04/21/2026 11:12:30,3.798,75.047,5.97,0.40208,71.249
857,04/21/2026 11:22:30,3.814,75.046,6.18,0.40363,71.232
858,04/21/2026 11:32:30,3.794,75.012,6.38,0.40167,71.218
859,04/21/2026 11:42:30,3.786,74.990,6.58,0.40090,71.204
860,04/21/2026 11:52:30,3.790,74.985,6.79,0.40125,71.195
861,04/21/2026 12:02:30,3.788,74.975,6.99,0.40105,71.187
862,04/21/2026 12:12:30,3.791,74.961,7.29,0.40134,71.170
863,04/21/2026 12:22:30,3.792,74.952,7.49,0.40141,71.160
864,04/21/2026 12:32:30,3.785,74.946,7.79,0.40072,71.161
865,04/21/2026 12:42:30,3.802,74.964,7.99,0.40255,71.162
866,04/21/2026 12:52:30,3.831,74.974,8.29,0.40551,71.143
867,04/21/2026 13:02:30,3.870,74.993,8.59,0.40939,71.123
868,04/21/2026 13:12:30,3.923,75.044,8.79,0.41481,71.121
869,04/21/2026 13:22:30,3.957,75.082,9.09,0.41834,71.125
870,04/21/2026 13:32:30,3.987,75.105,9.29,0.42144,71.118
871,04/21/2026 13:42:30,3.993,75.120,9.48,0.42201,71.127
872,04/21/2026 13:52:30,4.017,75.123,9.68,0.42448,71.106
873,04/21/2026 14:02:30,3.999,75.101,9.88,0.42273,71.102
874,04/21/2026 14:12:30,4.008,75.096,10.17,0.42359,71.088
875,04/21/2026 14:22:30,4.004,75.074,10.37,0.42324,71.070
876,04/21/2026 14:32:30,3.974,75.033,10.57,0.42016,71.059
877,04/21/2026 14:42:30,3.991,75.024,10.76,0.42185,71.033
878,04/21/2026 14:52:30,3.983,75.014,10.96,0.42109,71.031
879,04/21/2026 15:02:30,3.954,74.982,11.05,0.41807,71.028
880,04/21/2026 15:12:30,3.957,74.965,11.05,0.41849,71.008
881,04/21/2026 15:22:30,3.960,74.957,11.15,0.41871,70.997
882,04/21/2026 15:32:30,3.955,74.940,11.35,0.41822,70.985
883,04/21/2026 15:42:30,3.942,74.923,11.44,0.41689,70.981
884,04/21/2026 15:52:30,3.939,74.906,11.54,0.41662,70.967
885,04/21/2026 16:02:30,3.951,74.917,11.74,0.41789,70.966
886,04/21/2026 16:12:30,3.938,74.893,11.83,0.41649,70.955
887,04/21/2026 16:22:30,3.948,74.900,12.03,0.41748,70.952
888,04/21/2026 16:32:30,3.959,74.915,12.22,0.41869,70.956
889,04/21/2026 16:42:30,3.940,74.923,12.22,0.41672,70.983
890,04/21/2026 16:52:30,3.927,74.911,12.12,0.41545,70.984
891,04/21/2026 17:02:30,3.941,74.936,12.03,0.41685,70.995
892,04/21/2026 17:12:30,3.927,74.920,12.03,0.41537,70.993
893,04/21/2026 17:22:30,3.920,74.920,12.03,0.41467,71.000
894,04/21/2026 17:32:30,3.915,74.932,11.93,0.41424,71.017
895,04/21/2026 17:42:30,3.918,74.953,11.93,0.41445,71.035
896,04/21/2026 17:52:30,3.908,74.953,11.93,0.41340,71.045
897,04/21/2026 18:02:30,3.910,74.973,11.93,0.41368,71.063
898,04/21/2026 18:12:30,3.905,74.961,11.93,0.41312,71.056
899,04/21/2026 18:22:30,3.913,74.957,11.93,0.41396,71.044
900,04/21/2026 18:32:30,3.908,74.949,11.83,0.41346,71.041
901,04/21/2026 18:42:30,3.910,74.965,11.83,0.41367,71.055
902,04/21/2026 18:52:30,3.913,74.974,11.74,0.41395,71.061
903,04/21/2026 19:02:30,3.914,74.974,11.74,0.41402,71.060
904,04/21/2026 19:12:30,3.910,74.974,11.74,0.41367,71.064
905,04/21/2026 19:22:30,3.913,74.966,11.64,0.41402,71.053
906,04/21/2026 19:32:30,3.922,74.966,11.64,0.41493,71.044
907,04/21/2026 19:42:30,3.917,74.951,11.54,0.41436,71.034
908,04/21/2026 19:52:30,3.929,74.959,11.54,0.41556,71.030
909,04/21/2026 20:02:30,3.916,74.947,11.44,0.41429,71.031
910,04/21/2026 20:12:30,3.935,74.960,11.35,0.41618,71.025
911,04/21/2026 20:22:30,3.939,74.972,11.35,0.41661,71.033
912,04/21/2026 20:32:30,3.923,74.940,11.25,0.41498,71.017
913,04/21/2026 20:42:30,3.947,74.981,11.15,0.41744,71.034
914,04/21/2026 20:52:30,3.946,74.974,11.05,0.41723,71.028
915,04/21/2026 21:02:30,3.955,74.982,11.05,0.41821,71.027
916,04/21/2026 21:12:30,3.945,74.974,10.96,0.41722,71.029
917,04/21/2026 21:22:30,3.959,74.983,10.86,0.41862,71.024
918,04/21/2026 21:32:30,3.968,75.003,10.76,0.41960,71.035
919,04/21/2026 21:42:30,3.987,75.004,10.66,0.42150,71.017
920,04/21/2026 21:52:30,3.973,74.992,10.57,0.42009,71.019
921,04/21/2026 22:02:30,3.990,75.005,10.47,0.42177,71.015
922,04/21/2026 22:12:30,4.015,75.018,10.37,0.42430,71.003
923,04/21/2026 22:22:30,4.029,75.026,10.27,0.42577,70.997
924,04/21/2026 22:32:30,4.046,75.043,10.17,0.42746,70.997
925,04/21/2026 22:42:30,4.069,75.060,9.98,0.42984,70.991
926,04/21/2026 22:52:30,4.103,75.085,9.88,0.43328,70.982
927,04/21/2026 23:02:30,4.120,75.098,9.78,0.43504,70.978
928,04/21/2026 23:12:30,4.145,75.111,9.68,0.43749,70.966
929,04/21/2026 23:22:30,4.162,75.127,9.58,0.43932,70.965
930,04/21/2026 23:32:30,4.182,75.128,9.48,0.44135,70.946
931,04/21/2026 23:42:30,4.196,75.145,9.29,0.44275,70.949
932,04/21/2026 23:52:30,4.218,75.150,9.19,0.44500,70.932
933,04/22/2026 00:02:30,4.236,75.159,9.09,0.44675,70.923
934,04/22/2026 00:12:30,4.261,75.180,8.99,0.44928,70.919
935,04/22/2026 00:22:30,4.265,75.181,8.79,0.44977,70.916
936,04/22/2026 00:32:30,4.276,75.194,8.69,0.45082,70.918
937,04/22/2026 00:42:30,4.276,75.198,8.59,0.45089,70.922
938,04/22/2026 00:52:30,4.290,75.215,8.49,0.45229,70.925
939,04/22/2026 01:02:30,4.288,75.204,8.39,0.45207,70.916
940,04/22/2026 01:12:30,4.283,75.189,8.19,0.45157,70.906
941,04/22/2026 01:22:30,4.286,75.189,8.09,0.45192,70.903
942,04/22/2026 01:32:30,4.273,75.174,7.99,0.45051,70.901
943,04/22/2026 01:42:30,4.279,75.179,7.89,0.45114,70.900
944,04/22/2026 01:52:30,4.276,75.163,7.79,0.45086,70.887
945,04/22/2026 02:02:30,4.249,75.124,7.69,0.44804,70.875
946,04/22/2026 02:12:30,4.254,75.120,7.59,0.44860,70.866
947,04/22/2026 02:22:30,4.255,75.129,7.49,0.44867,70.874
948,04/22/2026 02:32:30,4.249,75.113,7.49,0.44804,70.864
949,04/22/2026 02:42:30,4.264,75.122,7.39,0.44958,70.858
950,04/22/2026 02:52:30,4.244,75.098,7.29,0.44761,70.854
951,04/22/2026 03:02:30,4.225,75.071,7.19,0.44557,70.846
952,04/22/2026 03:12:30,4.228,75.075,7.19,0.44592,70.847
953,04/22/2026 03:22:30,4.228,75.079,7.09,0.44599,70.851
954,04/22/2026 03:32:30,4.233,75.084,6.99,0.44648,70.851
955,04/22/2026 03:42:30,4.241,75.093,6.89,0.44725,70.852
956,04/22/2026 03:52:30,4.239,75.081,6.89,0.44704,70.842
957,04/22/2026 04:02:30,4.231,75.065,6.79,0.44626,70.834
958,04/22/2026 04:12:30,4.221,75.050,6.68,0.44520,70.829
959,04/22/2026 04:22:30,4.221,75.058,6.68,0.44520,70.837
960,04/22/2026 04:32:30,4.221,75.039,6.58,0.44520,70.818
961,04/22/2026 04:42:30,4.217,75.039,6.58,0.44478,70.822
962,04/22/2026 04:52:30,4.203,75.035,6.48,0.44337,70.832
963,04/22/2026 05:02:30,4.204,75.036,6.38,0.44351,70.832
964,04/22/2026 05:12:30,4.189,75.012,6.38,0.44189,70.823
965,04/22/2026 05:22:30,4.192,75.013,6.28,0.44217,70.821
966,04/22/2026 05:32:30,4.186,75.013,6.18,0.44167,70.827
967,04/22/2026 05:42:30,4.180,74.997,6.18,0.44104,70.817
968,04/22/2026 05:52:30,4.177,74.990,6.07,0.44069,70.813
969,04/22/2026 06:02:30,4.169,74.986,6.07,0.43991,70.817
970,04/22/2026 06:12:30,4.158,74.971,5.97,0.43872,70.813
971,04/22/2026 06:22:30,4.150,74.958,5.97,0.43801,70.808
972,04/22/2026 06:32:30,4.153,74.963,5.87,0.43829,70.810
973,04/22/2026 06:42:30,4.148,74.967,5.87,0.43780,70.819
974,04/22/2026 06:52:30,4.141,74.956,5.77,0.43703,70.815
975,04/22/2026 07:02:30,4.151,74.972,5.77,0.43808,70.821
976,04/22/2026 07:12:30,4.136,74.969,5.67,0.43653,70.833
977,04/22/2026 07:22:30,4.130,74.965,5.67,0.43590,70.835
978,04/22/2026 07:32:30,4.120,74.941,5.56,0.43491,70.821
979,04/22/2026 07:42:30,4.106,74.925,5.56,0.43351,70.819
980,04/22/2026 07:52:30,4.114,74.930,5.46,0.43428,70.816
981,04/22/2026 08:02:30,4.103,74.926,5.46,0.43315,70.823
982,04/22/2026 08:12:30,4.098,74.914,5.46,0.43266,70.816
983,04/22/2026 08:22:30,4.095,74.907,5.36,0.43231,70.812
984,04/22/2026 08:32:30,4.087,74.874,5.36,0.43153,70.787
985,04/22/2026 08:42:30,4.070,74.838,5.36,0.42978,70.768
986,04/22/2026 08:52:30,4.055,74.797,5.46,0.42830,70.742
987,04/22/2026 09:02:30,4.063,74.789,5.46,0.42908,70.726
988,04/22/2026 09:12:30,4.071,74.773,5.46,0.42985,70.702
989,04/22/2026 09:22:30,4.052,74.764,5.56,0.42795,70.712
990,04/22/2026 09:32:30,4.069,74.756,5.56,0.42971,70.687
991,04/22/2026 09:42:30,4.055,74.755,5.67,0.42830,70.700
992,04/22/2026 09:52:30,4.051,74.746,5.77,0.42788,70.695
993,04/22/2026 10:02:30,4.054,74.726,5.87,0.42810,70.672
994,04/22/2026 10:12:30,4.057,74.738,5.87,0.42845,70.681
995,04/22/2026 10:22:30,4.056,74.708,6.07,0.42838,70.652
996,04/22/2026 10:32:30,4.051,74.687,6.18,0.42789,70.636
997,04/22/2026 10:42:30,4.045,74.682,6.28,0.42726,70.637
998,04/22/2026 10:52:30,4.043,74.686,6.38,0.42698,70.643
999,04/22/2026 11:02:30,4.038,74.684,6.58,0.42656,70.646
1000,04/22/2026 11:12:30,4.028,74.667,6.68,0.42551,70.639
1001,04/22/2026 11:22:30,4.044,74.674,6.89,0.42713,70.630
1002,04/22/2026 11:32:30,4.029,74.641,6.99,0.42559,70.612
1003,04/22/2026 11:42:30,4.035,74.639,7.19,0.42630,70.604
1004,04/22/2026 11:52:30,4.030,74.642,7.39,0.42574,70.612
1005,04/22/2026 12:02:30,4.032,74.629,7.59,0.42589,70.597
1006,04/22/2026 12:12:30,4.039,74.604,7.69,0.42666,70.565
1007,04/22/2026 12:22:30,4.035,74.602,7.89,0.42632,70.567
1008,04/22/2026 12:32:30,4.032,74.573,8.09,0.42590,70.541
1009,04/22/2026 12:42:30,4.022,74.547,8.29,0.42499,70.525
1010,04/22/2026 12:52:30,4.033,74.554,8.49,0.42606,70.521
1011,04/22/2026 13:02:30,4.045,74.541,8.59,0.42732,70.496
1012,04/22/2026 13:12:30,4.031,74.524,8.79,0.42586,70.493
1013,04/22/2026 13:22:30,4.016,74.482,8.99,0.42438,70.466
1014,04/22/2026 13:32:30,4.027,74.494,9.09,0.42544,70.467
1015,04/22/2026 13:42:30,4.021,74.488,9.29,0.42489,70.467
1016,04/22/2026 13:52:30,4.029,74.491,9.48,0.42574,70.462
1017,04/22/2026 14:02:30,4.022,74.474,9.58,0.42504,70.452
1018,04/22/2026 14:12:30,4.020,74.473,9.78,0.42484,70.453
1019,04/22/2026 14:22:30,4.036,74.493,9.78,0.42645,70.457
1020,04/22/2026 14:32:30,4.016,74.464,9.88,0.42442,70.448
1021,04/22/2026 14:42:30,4.008,74.444,9.88,0.42357,70.436
1022,04/22/2026 14:52:30,4.012,74.444,9.98,0.42393,70.432
1023,04/22/2026 15:02:30,4.001,74.439,10.08,0.42288,70.438
1024,04/22/2026 15:12:30,3.997,74.442,10.17,0.42253,70.445
1025,04/22/2026 15:22:30,3.995,74.442,10.17,0.42232,70.447
1026,04/22/2026 15:32:30,3.986,74.430,10.27,0.42134,70.444
1027,04/22/2026 15:42:30,3.993,74.430,10.27,0.42204,70.437
1028,04/22/2026 15:52:30,3.998,74.426,10.27,0.42254,70.428
1029,04/22/2026 16:02:30,3.990,74.401,10.27,0.42183,70.411
1030,04/22/2026 16:12:30,3.992,74.397,10.27,0.42204,70.405
1031,04/22/2026 16:22:30,3.980,74.365,10.27,0.42078,70.385
1032,04/22/2026 16:32:30,3.993,74.361,10.27,0.42211,70.368
1033,04/22/2026 16:42:30,3.999,74.365,10.27,0.42268,70.366
1034,04/22/2026 16:52:30,3.982,74.348,10.37,0.42099,70.366
1035,04/22/2026 17:02:30,3.988,74.344,10.37,0.42163,70.356
1036,04/22/2026 17:12:30,3.987,74.344,10.47,0.42142,70.357
1037,04/22/2026 17:22:30,3.977,74.356,10.47,0.42043,70.379
1038,04/22/2026 17:32:30,3.979,74.344,10.47,0.42065,70.365
1039,04/22/2026 17:42:30,3.970,74.340,10.47,0.41973,70.370
1040,04/22/2026 17:52:30,3.969,74.332,10.47,0.41959,70.363
1041,04/22/2026 18:02:30,3.964,74.320,10.47,0.41910,70.356
1042,04/22/2026 18:12:30,3.956,74.320,10.47,0.41825,70.364
1043,04/22/2026 18:22:30,3.968,74.312,10.37,0.41952,70.344
1044,04/22/2026 18:32:30,3.958,74.296,10.37,0.41853,70.338
1045,04/22/2026 18:42:30,3.969,74.309,10.27,0.41958,70.340
1046,04/22/2026 18:52:30,3.953,74.301,10.27,0.41796,70.348
1047,04/22/2026 19:02:30,3.967,74.305,10.17,0.41944,70.338
1048,04/22/2026 19:12:30,3.967,74.310,10.08,0.41943,70.343
1049,04/22/2026 19:22:30,3.942,74.306,10.08,0.41683,70.364
1050,04/22/2026 19:32:30,3.968,74.315,9.98,0.41943,70.347
1051,04/22/2026 19:42:30,3.964,74.315,9.88,0.41914,70.351
1052,04/22/2026 19:52:30,3.973,74.328,9.78,0.41998,70.355
1053,04/22/2026 20:02:30,3.964,74.324,9.68,0.41914,70.360
1054,04/22/2026 20:12:30,3.976,74.341,9.58,0.42033,70.365
1055,04/22/2026 20:22:30,3.952,74.306,9.48,0.41779,70.354
1056,04/22/2026 20:32:30,3.961,74.314,9.39,0.41877,70.353
1057,04/22/2026 20:42:30,3.965,74.307,9.29,0.41919,70.342
1058,04/22/2026 20:52:30,3.969,74.303,9.19,0.41961,70.334
1059,04/22/2026 21:02:30,3.961,74.292,9.09,0.41876,70.331
1060,04/22/2026 21:12:30,3.963,74.301,8.99,0.41890,70.338
1061,04/22/2026 21:22:30,3.974,74.301,8.89,0.42009,70.327
1062,04/22/2026 21:32:30,3.978,74.306,8.79,0.42051,70.328
1063,04/22/2026 21:42:30,3.984,74.311,8.69,0.42107,70.327
1064,04/22/2026 21:52:30,3.992,74.315,8.59,0.42198,70.323
1065,04/22/2026 22:02:30,3.990,74.308,8.49,0.42170,70.318
1066,04/22/2026 22:12:30,4.007,74.320,8.49,0.42345,70.313
1067,04/22/2026 22:22:30,4.010,74.313,8.39,0.42373,70.303
1068,04/22/2026 22:32:30,4.018,74.305,8.29,0.42457,70.287
1069,04/22/2026 22:42:30,4.027,74.298,8.19,0.42548,70.271
1070,04/22/2026 22:52:30,4.043,74.319,8.09,0.42710,70.276
1071,04/22/2026 23:02:30,4.057,74.328,7.99,0.42843,70.271
1072,04/22/2026 23:12:30,4.066,74.328,7.99,0.42942,70.262
1073,04/22/2026 23:22:30,4.074,74.332,7.89,0.43026,70.258
1074,04/22/2026 23:32:30,4.076,74.325,7.79,0.43046,70.249
1075,04/22/2026 23:42:30,4.089,74.342,7.69,0.43173,70.253
1076,04/22/2026 23:52:30,4.090,74.334,7.69,0.43187,70.244
1077,04/23/2026 00:02:30,4.102,74.326,7.59,0.43313,70.224
1078,04/23/2026 00:12:30,4.110,74.335,7.49,0.43390,70.225
1079,04/23/2026 00:22:30,4.110,74.340,7.39,0.43390,70.230
1080,04/23/2026 00:32:30,4.100,74.328,7.29,0.43291,70.228
1081,04/23/2026 00:42:30,4.118,74.353,7.19,0.43474,70.235
1082,04/23/2026 00:52:30,4.104,74.337,7.19,0.43333,70.233
1083,04/23/2026 01:02:30,4.122,74.354,7.09,0.43509,70.232
1084,04/23/2026 01:12:30,4.119,74.359,6.99,0.43480,70.240
1085,04/23/2026 01:22:30,4.127,74.355,6.89,0.43564,70.228
1086,04/23/2026 01:32:30,4.131,74.359,6.89,0.43607,70.228
1087,04/23/2026 01:42:30,4.133,74.356,6.79,0.43627,70.223
1088,04/23/2026 01:52:30,4.126,74.349,6.68,0.43550,70.223
1089,04/23/2026 02:02:30,4.139,74.365,6.68,0.43683,70.226
1090,04/23/2026 02:12:30,4.130,74.358,6.58,0.43592,70.228
1091,04/23/2026 02:22:30,4.136,74.383,6.48,0.43648,70.247
1092,04/23/2026 02:32:30,4.147,74.383,6.38,0.43767,70.236
1093,04/23/2026 02:42:30,4.146,74.379,6.38,0.43760,70.233
1094,04/23/2026 02:52:30,4.140,74.380,6.28,0.43697,70.240
1095,04/23/2026 03:02:30,4.146,74.381,6.18,0.43753,70.235
1096,04/23/2026 03:12:30,4.143,74.386,6.07,0.43717,70.243
1097,04/23/2026 03:22:30,4.137,74.382,6.07,0.43661,70.245
1098,04/23/2026 03:32:30,4.135,74.386,5.97,0.43647,70.251
1099,04/23/2026 03:42:30,4.119,74.382,5.97,0.43485,70.263
1100,04/23/2026 03:52:30,4.115,74.383,5.87,0.43443,70.268
1101,04/23/2026 04:02:30,4.117,74.388,5.77,0.43457,70.271
1102,04/23/2026 04:12:30,4.115,74.388,5.77,0.43435,70.273
1103,04/23/2026 04:22:30,4.121,74.389,5.67,0.43499,70.268
1104,04/23/2026 04:32:30,4.102,74.373,5.56,0.43308,70.271
1105,04/23/2026 04:42:30,4.096,74.365,5.56,0.43245,70.269
1106,04/23/2026 04:52:30,4.089,74.358,5.46,0.43175,70.269
1107,04/23/2026 05:02:30,4.085,74.354,5.46,0.43133,70.269
1108,04/23/2026 05:12:30,4.100,74.367,5.36,0.43280,70.267
1109,04/23/2026 05:22:30,4.094,74.367,5.36,0.43224,70.273
1110,04/23/2026 05:32:30,4.099,74.376,5.25,0.43273,70.277
1111,04/23/2026 05:42:30,4.100,74.368,5.25,0.43280,70.268
1112,04/23/2026 05:52:30,4.076,74.348,5.15,0.43041,70.272
1113,04/23/2026 06:02:30,4.089,74.349,5.05,0.43174,70.260
1114,04/23/2026 06:12:30,4.077,74.345,5.05,0.43048,70.268
1115,04/23/2026 06:22:30,4.066,74.342,4.94,0.42935,70.276
1116,04/23/2026 06:32:30,4.070,74.346,4.94,0.42977,70.276
1117,04/23/2026 06:42:30,4.061,74.343,4.84,0.42886,70.282
1118,04/23/2026 06:52:30,4.068,74.335,4.84,0.42956,70.267
1119,04/23/2026 07:02:30,4.062,74.344,4.74,0.42892,70.282
1120,04/23/2026 07:12:30,4.067,74.352,4.63,0.42949,70.285
1121,04/23/2026 07:22:30,4.071,74.340,4.63,0.42991,70.269
1122,04/23/2026 07:32:30,4.040,74.325,4.53,0.42674,70.285
1123,04/23/2026 07:42:30,4.051,74.341,4.53,0.42787,70.290
1124,04/23/2026 07:52:30,4.053,74.345,4.53,0.42808,70.292
1125,04/23/2026 08:02:30,4.047,74.342,4.43,0.42744,70.295
1126,04/23/2026 08:12:30,4.040,74.346,4.43,0.42674,70.306
1127,04/23/2026 08:22:30,4.027,74.338,4.43,0.42541,70.311
1128,04/23/2026 08:32:30,4.022,74.326,4.43,0.42484,70.304
1129,04/23/2026 08:42:30,4.029,74.326,4.43,0.42562,70.297
1130,04/23/2026 08:52:30,4.021,74.310,4.43,0.42477,70.289
1131,04/23/2026 09:02:30,4.017,74.305,4.53,0.42435,70.288
1132,04/23/2026 09:12:30,4.012,74.301,4.53,0.42386,70.289
1133,04/23/2026 09:22:30,4.014,74.309,4.53,0.42407,70.295
1134,04/23/2026 09:32:30,3.998,74.272,4.63,0.42245,70.274
1135,04/23/2026 09:42:30,3.999,74.267,4.74,0.42253,70.268
1136,04/23/2026 09:52:30,3.999,74.303,4.84,0.42246,70.304
1137,04/23/2026 10:02:30,4.014,74.307,4.84,0.42400,70.293
1138,04/23/2026 10:12:30,3.994,74.306,4.94,0.42197,70.312
1139,04/23/2026 10:22:30,4.017,74.333,5.05,0.42436,70.316
1140,04/23/2026 10:32:30,3.990,74.332,5.15,0.42162,70.342
1141,04/23/2026 10:42:30,4.010,74.344,5.25,0.42359,70.334
1142,04/23/2026 10:52:30,3.991,74.323,5.36,0.42169,70.332
1143,04/23/2026 11:02:30,3.992,74.318,5.46,0.42183,70.326
1144,04/23/2026 11:12:30,3.979,74.312,5.67,0.42050,70.333
1145,04/23/2026 11:22:30,3.990,74.319,5.77,0.42170,70.329
1146,04/23/2026 11:32:30,4.000,74.318,5.97,0.42261,70.318
1147,04/23/2026 11:42:30,3.985,74.309,6.07,0.42114,70.324
1148,04/23/2026 11:52:30,3.979,74.287,6.28,0.42058,70.308
1149,04/23/2026 12:02:30,3.980,74.302,6.48,0.42066,70.322
1150,04/23/2026 12:12:30,3.986,74.309,6.58,0.42129,70.323
1151,04/23/2026 12:22:30,3.982,74.304,6.79,0.42080,70.322
1152,04/23/2026 12:32:30,3.995,74.299,6.89,0.42214,70.304
1153,04/23/2026 12:42:30,3.977,74.290,7.09,0.42025,70.313
1154,04/23/2026 12:52:30,3.982,74.297,7.19,0.42081,70.315
1155,04/23/2026 13:02:30,3.996,74.299,7.39,0.42230,70.303
1156,04/23/2026 13:12:30,3.987,74.278,7.59,0.42139,70.291
1157,04/23/2026 13:22:30,3.998,74.289,7.79,0.42245,70.291
1158,04/23/2026 13:32:30,3.991,74.300,7.89,0.42175,70.309
1159,04/23/2026 13:42:30,4.005,74.299,8.09,0.42316,70.294
1160,04/23/2026 13:52:30,3.983,74.289,8.29,0.42099,70.306
1161,04/23/2026 14:02:30,3.993,74.300,8.49,0.42198,70.307
1162,04/23/2026 14:12:30,3.996,74.291,8.59,0.42233,70.295
1163,04/23/2026 14:22:30,4.005,74.299,8.59,0.42325,70.294
1164,04/23/2026 14:32:30,3.995,74.299,8.69,0.42219,70.304
1165,04/23/2026 14:42:30,3.988,74.298,8.79,0.42149,70.310
1166,04/23/2026 14:52:30,3.986,74.293,8.89,0.42136,70.307
1167,04/23/2026 15:02:30,4.000,74.301,8.99,0.42270,70.301
1168,04/23/2026 15:12:30,3.992,74.312,9.09,0.42193,70.320
1169,04/23/2026 15:22:30,3.986,74.308,9.09,0.42129,70.322
1170,04/23/2026 15:32:30,3.976,74.287,9.19,0.42031,70.311
1171,04/23/2026 15:42:30,3.997,74.295,9.29,0.42243,70.298
1172,04/23/2026 15:52:30,3.987,74.279,9.29,0.42137,70.292
1173,04/23/2026 16:02:30,3.989,74.298,9.39,0.42166,70.309
1174,04/23/2026 16:12:30,3.955,74.269,9.48,0.41821,70.314
1175,04/23/2026 16:22:30,3.968,74.281,9.58,0.41948,70.313
1176,04/23/2026 16:32:30,3.968,74.297,9.58,0.41948,70.329
1177,04/23/2026 16:42:30,3.980,74.304,9.68,0.42075,70.324
1178,04/23/2026 16:52:30,3.971,74.284,9.78,0.41977,70.313
1179,04/23/2026 17:02:30,3.969,74.287,9.88,0.41964,70.318
1180,04/23/2026 17:12:30,3.968,74.295,9.88,0.41950,70.327
1181,04/23/2026 17:22:30,3.946,74.299,9.88,0.41724,70.353
1182,04/23/2026 17:32:30,3.965,74.319,9.88,0.41921,70.354
1183,04/23/2026 17:42:30,3.966,74.315,9.88,0.41928,70.349
1184,04/23/2026 17:52:30,3.962,74.311,9.88,0.41893,70.349
1185,04/23/2026 18:02:30,3.952,74.304,9.78,0.41780,70.352
1186,04/23/2026 18:12:30,3.946,74.308,9.78,0.41724,70.362
1187,04/23/2026 18:22:30,3.941,74.308,9.68,0.41674,70.367
1188,04/23/2026 18:32:30,3.943,74.312,9.68,0.41696,70.369
1189,04/23/2026 18:42:30,3.947,74.312,9.68,0.41738,70.365
1190,04/23/2026 18:52:30,3.954,74.341,9.58,0.41808,70.387
1191,04/23/2026 19:02:30,3.936,74.322,9.48,0.41617,70.386
1192,04/23/2026 19:12:30,3.950,74.355,9.39,0.41758,70.405
1193,04/23/2026 19:22:30,3.953,74.367,9.39,0.41793,70.414
1194,04/23/2026 19:32:30,3.949,74.375,9.29,0.41757,70.426
1195,04/23/2026 19:42:30,3.939,74.368,9.19,0.41651,70.429
1196,04/23/2026 19:52:30,3.949,74.373,9.09,0.41750,70.424
1197,04/23/2026 20:02:30,3.955,74.389,9.09,0.41813,70.434
1198,04/23/2026 20:12:30,3.950,74.390,8.89,0.41763,70.440
1199,04/23/2026 20:22:30,3.945,74.391,8.79,0.41706,70.446
1200,04/23/2026 20:32:30,3.937,74.395,8.69,0.41636,70.458
1201,04/23/2026 20:42:30,3.943,74.404,8.59,0.41692,70.461
1202,04/23/2026 20:52:30,3.930,74.405,8.49,0.41558,70.475
1203,04/23/2026 21:02:30,3.941,74.422,8.39,0.41663,70.481
1204,04/23/2026 21:12:30,3.937,74.434,8.29,0.41634,70.497
1205,04/23/2026 21:22:30,3.934,74.431,8.19,0.41599,70.497
1206,04/23/2026 21:32:30,3.938,74.444,8.09,0.41634,70.506
1207,04/23/2026 21:42:30,3.935,74.432,7.99,0.41612,70.497
1208,04/23/2026 21:52:30,3.936,74.437,7.89,0.41619,70.501
1209,04/23/2026 22:02:30,3.930,74.442,7.79,0.41556,70.512
1210,04/23/2026 22:12:30,3.931,74.455,7.69,0.41562,70.524
1211,04/23/2026 22:22:30,3.939,74.463,7.59,0.41646,70.524
1212,04/23/2026 22:32:30,3.936,74.460,7.49,0.41618,70.524
1213,04/23/2026 22:42:30,3.943,74.469,7.39,0.41681,70.526
1214,04/23/2026 22:52:30,3.942,74.457,7.29,0.41681,70.515
1215,04/23/2026 23:02:30,3.941,74.450,7.19,0.41666,70.509
1216,04/23/2026 23:12:30,3.943,74.451,7.09,0.41680,70.508
1217,04/23/2026 23:22:30,3.949,74.455,6.99,0.41750,70.506
1218,04/23/2026 23:32:30,3.935,74.448,6.89,0.41602,70.513
1219,04/23/2026 23:42:30,3.945,74.457,6.79,0.41708,70.512
1220,04/23/2026 23:52:30,3.943,74.446,6.68,0.41679,70.503
1221,04/24/2026 00:02:30,3.949,74.454,6.58,0.41749,70.505
1222,04/24/2026 00:12:30,3.954,74.471,6.48,0.41798,70.517
1223,04/24/2026 00:22:30,3.949,74.459,6.48,0.41749,70.510
1224,04/24/2026 00:32:30,3.944,74.456,6.38,0.41693,70.512
1225,04/24/2026 00:42:30,3.951,74.465,6.18,0.41770,70.514
1226,04/24/2026 00:52:30,3.959,74.478,6.18,0.41840,70.519
1227,04/24/2026 01:02:30,3.951,74.471,5.97,0.41762,70.520
1228,04/24/2026 01:12:30,3.952,74.472,5.87,0.41776,70.520
1229,04/24/2026 01:22:30,3.955,74.481,5.77,0.41804,70.526
1230,04/24/2026 01:32:30,3.946,74.461,5.67,0.41719,70.515
1231,04/24/2026 01:42:30,3.944,74.458,5.56,0.41691,70.514
1232,04/24/2026 01:52:30,3.937,74.446,5.56,0.41621,70.509
1233,04/24/2026 02:02:30,3.951,74.451,5.46,0.41761,70.500
1234,04/24/2026 02:12:30,3.955,74.456,5.36,0.41803,70.501
1235,04/24/2026 02:22:30,3.948,74.444,5.25,0.41733,70.496
1236,04/24/2026 02:32:30,3.951,74.441,5.15,0.41761,70.490
1237,04/24/2026 02:42:30,3.952,74.442,5.05,0.41775,70.490
1238,04/24/2026 02:52:30,3.931,74.410,4.94,0.41564,70.479
1239,04/24/2026 03:02:30,3.942,74.431,4.84,0.41676,70.489
1240,04/24/2026 03:12:30,3.948,74.428,4.74,0.41732,70.480
1241,04/24/2026 03:22:30,3.937,74.421,4.63,0.41620,70.484
1242,04/24/2026 03:32:30,3.936,74.414,4.53,0.41605,70.478
1243,04/24/2026 03:42:30,3.956,74.427,4.43,0.41809,70.471
1244,04/24/2026 03:52:30,3.938,74.415,4.32,0.41633,70.477
1245,04/24/2026 04:02:30,3.946,74.415,4.32,0.41718,70.469
1246,04/24/2026 04:12:30,3.929,74.404,4.22,0.41542,70.475
1247,04/24/2026 04:22:30,3.932,74.409,4.11,0.41570,70.477
1248,04/24/2026 04:32:30,3.921,74.394,4.01,0.41457,70.473
1249,04/24/2026 04:42:30,3.924,74.403,3.90,0.41485,70.479
1250,04/24/2026 04:52:30,3.932,74.411,3.90,0.41570,70.479
1251,04/24/2026 05:02:30,3.920,74.404,3.80,0.41443,70.484
1252,04/24/2026 05:12:30,3.921,74.408,3.69,0.41464,70.487
1253,04/24/2026 05:22:30,3.924,74.401,3.59,0.41492,70.477
1254,04/24/2026 05:32:30,3.914,74.397,3.59,0.41387,70.483
1255,04/24/2026 05:42:30,3.908,74.386,3.48,0.41324,70.478
1256,04/24/2026 05:52:30,3.911,74.387,3.38,0.41352,70.476
1257,04/24/2026 06:02:30,3.905,74.383,3.38,0.41295,70.478
1258,04/24/2026 06:12:30,3.901,74.376,3.27,0.41253,70.475
1259,04/24/2026 06:22:30,3.895,74.385,3.16,0.41190,70.490
1260,04/24/2026 06:32:30,3.895,74.382,3.06,0.41190,70.487
1261,04/24/2026 06:42:30,3.873,74.365,3.06,0.40972,70.492
1262,04/24/2026 06:52:30,3.866,74.366,2.95,0.40902,70.500
1263,04/24/2026 07:02:30,3.856,74.366,2.95,0.40796,70.510
1264,04/24/2026 07:12:30,3.843,74.363,2.85,0.40663,70.520
1265,04/24/2026 07:22:30,3.829,74.351,2.85,0.40522,70.522
1266,04/24/2026 07:32:30,3.824,74.344,2.74,0.40466,70.520
1267,04/24/2026 07:42:30,3.815,74.336,2.74,0.40374,70.521
1268,04/24/2026 07:52:30,3.812,74.337,2.63,0.40346,70.525
1269,04/24/2026 08:02:30,3.798,74.309,2.63,0.40198,70.511
1270,04/24/2026 08:12:30,3.785,74.293,2.63,0.40065,70.508
1271,04/24/2026 08:22:30,3.776,74.277,2.63,0.39973,70.501
1272,04/24/2026 08:32:30,3.754,74.256,2.63,0.39755,70.502
1273,04/24/2026 08:42:30,3.747,74.239,2.74,0.39685,70.492
1274,04/24/2026 08:52:30,3.712,74.203,2.74,0.39327,70.491
1275,04/24/2026 09:02:30,3.717,74.202,2.85,0.39376,70.485
1276,04/24/2026 09:12:30,3.704,74.182,2.85,0.39242,70.478
1277,04/24/2026 09:22:30,3.683,74.149,2.95,0.39031,70.466
1278,04/24/2026 09:32:30,3.661,74.120,3.06,0.38806,70.459
1279,04/24/2026 09:42:30,3.656,74.107,3.16,0.38750,70.451
1280,04/24/2026 09:52:30,3.647,74.090,3.27,0.38659,70.443
1281,04/24/2026 10:02:30,3.630,74.065,3.38,0.38490,70.435
1282,04/24/2026 10:12:30,3.611,74.043,3.59,0.38293,70.432
1283,04/24/2026 10:22:30,3.601,74.030,3.69,0.38195,70.429
1284,04/24/2026 10:32:30,3.607,74.029,3.80,0.38258,70.422
1285,04/24/2026 10:42:30,3.592,74.015,4.01,0.38103,70.423
1286,04/24/2026 10:52:30,3.584,73.993,4.22,0.38026,70.409
1287,04/24/2026 11:02:30,3.580,73.989,4.32,0.37977,70.409
1288,04/24/2026 11:12:30,3.587,73.991,4.53,0.38048,70.404
1289,04/24/2026 11:22:30,3.578,73.973,4.74,0.37963,70.395
1290,04/24/2026 11:32:30,3.579,73.971,4.94,0.37978,70.392
1291,04/24/2026 11:42:30,3.565,73.946,5.15,0.37823,70.381
1292,04/24/2026 11:52:30,3.570,73.944,5.36,0.37880,70.374
1293,04/24/2026 12:02:30,3.559,73.926,5.56,0.37767,70.367
1294,04/24/2026 12:12:30,3.554,73.905,5.77,0.37712,70.351
1295,04/24/2026 12:22:30,3.563,73.903,5.97,0.37810,70.340
1296,04/24/2026 12:32:30,3.567,73.889,6.18,0.37853,70.322
1297,04/24/2026 12:42:30,3.585,73.896,6.38,0.38029,70.311
1298,04/24/2026 12:52:30,3.599,73.906,6.68,0.38170,70.307
1299,04/24/2026 13:02:30,3.628,73.928,6.89,0.38480,70.300
1300,04/24/2026 13:12:30,3.653,73.947,7.09,0.38727,70.294
1301,04/24/2026 13:22:30,3.740,74.026,7.29,0.39620,70.286
1302,04/24/2026 13:32:30,3.819,74.101,7.49,0.40422,70.282
1303,04/24/2026 13:42:30,3.931,74.185,7.69,0.41562,70.254
1304,04/24/2026 13:52:30,3.987,74.256,7.89,0.42132,70.269
1305,04/24/2026 14:02:30,4.044,74.315,8.09,0.42717,70.271
1306,04/24/2026 14:12:30,4.061,74.302,8.19,0.42893,70.241
1307,04/24/2026 14:22:30,4.079,74.329,8.39,0.43076,70.250
1308,04/24/2026 14:32:30,4.044,74.291,8.59,0.42725,70.247
1309,04/24/2026 14:42:30,4.058,74.303,8.69,0.42859,70.245
1310,04/24/2026 14:52:30,4.052,74.273,8.89,0.42804,70.221
1311,04/24/2026 15:02:30,4.048,74.284,9.09,0.42762,70.236
1312,04/24/2026 15:12:30,4.030,74.259,9.19,0.42580,70.229
1313,04/24/2026 15:22:30,4.027,74.238,9.39,0.42545,70.211
1314,04/24/2026 15:32:30,4.007,74.225,9.48,0.42349,70.218
1315,04/24/2026 15:42:30,4.008,74.208,9.68,0.42357,70.200
1316,04/24/2026 15:52:30,4.004,74.195,9.78,0.42315,70.191
1317,04/24/2026 16:02:30,3.981,74.158,9.88,0.42083,70.177
1318,04/24/2026 16:12:30,3.982,74.157,10.08,0.42091,70.175
1319,04/24/2026 16:22:30,3.985,74.152,10.17,0.42127,70.167
1320,04/24/2026 16:32:30,3.970,74.160,10.17,0.41972,70.190
1321,04/24/2026 16:42:30,3.981,74.152,10.27,0.42078,70.171
1322,04/24/2026 16:52:30,3.981,74.139,10.27,0.42092,70.158
1323,04/24/2026 17:02:30,3.977,74.147,10.27,0.42050,70.170
1324,04/24/2026 17:12:30,3.978,74.152,10.27,0.42050,70.174
1325,04/24/2026 17:22:30,3.982,74.152,10.27,0.42092,70.170
1326,04/24/2026 17:32:30,3.985,74.160,10.27,0.42120,70.175
1327,04/24/2026 17:42:30,3.988,74.164,10.27,0.42155,70.176
1328,04/24/2026 17:52:30,3.987,74.172,10.27,0.42141,70.185
1329,04/24/2026 18:02:30,3.986,74.180,10.27,0.42134,70.194
1330,04/24/2026 18:12:30,4.000,74.200,10.17,0.42281,70.200
1331,04/24/2026 18:22:30,4.000,74.205,10.17,0.42274,70.205
1332,04/24/2026 18:32:30,4.010,74.213,10.17,0.42373,70.203
1333,04/24/2026 18:42:30,3.993,74.197,10.08,0.42204,70.204
1334,04/24/2026 18:52:30,4.012,74.217,10.08,0.42401,70.205
1335,04/24/2026 19:02:30,4.023,74.229,10.08,0.42513,70.206
1336,04/24/2026 19:12:30,4.025,74.230,9.98,0.42534,70.205
1337,04/24/2026 19:22:30,4.017,74.226,9.98,0.42449,70.209
1338,04/24/2026 19:32:30,4.014,74.230,9.98,0.42421,70.216
1339,04/24/2026 19:42:30,4.011,74.235,9.88,0.42386,70.224
1340,04/24/2026 19:52:30,3.991,74.214,9.88,0.42189,70.223
1341,04/24/2026 20:02:30,3.994,74.227,9.78,0.42216,70.233
1342,04/24/2026 20:12:30,3.995,74.240,9.68,0.42223,70.245
1343,04/24/2026 20:22:30,3.989,74.240,9.58,0.42166,70.251
1344,04/24/2026 20:32:30,3.993,74.249,9.58,0.42202,70.256
1345,04/24/2026 20:42:30,3.999,74.265,9.48,0.42265,70.266
1346,04/24/2026 20:52:30,3.990,74.274,9.39,0.42173,70.284
1347,04/24/2026 21:02:30,3.986,74.271,9.29,0.42130,70.285
1348,04/24/2026 21:12:30,3.991,74.279,9.29,0.42179,70.288
1349,04/24/2026 21:22:30,3.991,74.283,9.19,0.42186,70.292
1350,04/24/2026 21:32:30,3.977,74.264,9.09,0.42038,70.287
1351,04/24/2026 21:42:30,3.982,74.277,8.99,0.42087,70.295
1352,04/24/2026 21:52:30,3.978,74.277,8.89,0.42051,70.299
1353,04/24/2026 22:02:30,3.973,74.273,8.89,0.42002,70.300
1354,04/24/2026 22:12:30,3.984,74.282,8.79,0.42107,70.298
1355,04/24/2026 22:22:30,3.963,74.270,8.69,0.41896,70.307
1356,04/24/2026 22:32:30,3.964,74.279,8.59,0.41903,70.315
1357,04/24/2026 22:42:30,3.963,74.272,8.49,0.41888,70.309
1358,04/24/2026 22:52:30,3.970,74.276,8.39,0.41972,70.306
1359,04/24/2026 23:02:30,3.970,74.273,8.29,0.41965,70.303
1360,04/24/2026 23:12:30,3.951,74.246,8.19,0.41768,70.295
1361,04/24/2026 23:22:30,3.959,74.234,8.09,0.41852,70.275
1362,04/24/2026 23:32:30,3.958,74.227,7.99,0.41837,70.269
1363,04/24/2026 23:42:30,3.972,74.231,7.89,0.41992,70.259
1364,04/24/2026 23:52:30,3.973,74.231,7.89,0.41999,70.258
1365,04/25/2026 00:02:30,3.970,74.224,7.79,0.41963,70.254
1366,04/25/2026 00:12:30,3.970,74.221,7.69,0.41963,70.251
1367,04/25/2026 00:22:30,3.967,74.213,7.59,0.41935,70.246
1368,04/25/2026 00:32:30,3.968,74.218,7.49,0.41941,70.250
1369,04/25/2026 00:42:30,3.966,74.211,7.39,0.41920,70.245
1370,04/25/2026 00:52:30,3.967,74.212,7.29,0.41927,70.245
1371,04/25/2026 01:02:30,3.967,74.212,7.19,0.41934,70.245
1372,04/25/2026 01:12:30,3.967,74.213,7.09,0.41933,70.246
1373,04/25/2026 01:22:30,3.986,74.230,6.99,0.42123,70.244
1374,04/25/2026 01:32:30,3.979,74.227,6.89,0.42045,70.248
1375,04/25/2026 01:42:30,3.986,74.227,6.79,0.42130,70.241
1376,04/25/2026 01:52:30,3.983,74.224,6.68,0.42094,70.241
1377,04/25/2026 02:02:30,4.003,74.229,6.58,0.42291,70.226
1378,04/25/2026 02:12:30,4.005,74.217,6.48,0.42319,70.212
1379,04/25/2026 02:22:30,3.985,74.209,6.48,0.42115,70.224
1380,04/25/2026 02:32:30,3.989,74.206,6.38,0.42157,70.217
1381,04/25/2026 02:42:30,3.989,74.199,6.28,0.42150,70.210
1382,04/25/2026 02:52:30,4.013,74.212,6.18,0.42395,70.199
1383,04/25/2026 03:02:30,3.984,74.180,6.07,0.42107,70.196
1384,04/25/2026 03:12:30,4.009,74.205,5.97,0.42360,70.196
1385,04/25/2026 03:22:30,4.007,74.205,5.97,0.42339,70.198
1386,04/25/2026 03:32:30,3.994,74.194,5.87,0.42205,70.200
1387,04/25/2026 03:42:30,3.978,74.178,5.77,0.42043,70.200
1388,04/25/2026 03:52:30,4.003,74.203,5.67,0.42296,70.200
1389,04/25/2026 04:02:30,3.984,74.195,5.67,0.42106,70.211
1390,04/25/2026 04:12:30,3.984,74.204,5.56,0.42106,70.220
1391,04/25/2026 04:22:30,3.993,74.229,5.46,0.42197,70.236
1392,04/25/2026 04:32:30,3.995,74.234,5.36,0.42211,70.239
1393,04/25/2026 04:42:30,3.994,74.238,5.36,0.42204,70.244
1394,04/25/2026 04:52:30,3.997,74.239,5.25,0.42232,70.242
1395,04/25/2026 05:02:30,3.979,74.219,5.15,0.42042,70.241
1396,04/25/2026 05:12:30,3.973,74.215,5.15,0.41993,70.242
1397,04/25/2026 05:22:30,3.979,74.224,5.05,0.42056,70.245
1398,04/25/2026 05:32:30,3.988,74.229,4.94,0.42140,70.241
1399,04/25/2026 05:42:30,3.982,74.230,4.84,0.42077,70.248
1400,04/25/2026 05:52:30,3.977,74.226,4.84,0.42028,70.249
1401,04/25/2026 06:02:30,3.966,74.211,4.74,0.41915,70.245
1402,04/25/2026 06:12:30,3.953,74.203,4.63,0.41788,70.250
1403,04/25/2026 06:22:30,3.966,74.224,4.63,0.41915,70.258
1404,04/25/2026 06:32:30,3.950,74.220,4.53,0.41760,70.270
1405,04/25/2026 06:42:30,3.953,74.217,4.43,0.41788,70.264
1406,04/25/2026 06:52:30,3.947,74.217,4.43,0.41725,70.270
1407,04/25/2026 07:02:30,3.941,74.210,4.32,0.41662,70.269
1408,04/25/2026 07:12:30,3.947,74.226,4.32,0.41725,70.279
1409,04/25/2026 07:22:30,3.941,74.223,4.22,0.41661,70.282
1410,04/25/2026 07:32:30,3.934,74.223,4.22,0.41591,70.289
1411,04/25/2026 07:42:30,3.930,74.224,4.11,0.41549,70.294
1412,04/25/2026 07:52:30,3.915,74.220,4.11,0.41394,70.305
1413,04/25/2026 08:02:30,3.914,74.216,4.11,0.41380,70.302
1414,04/25/2026 08:12:30,3.913,74.220,4.11,0.41373,70.307
1415,04/25/2026 08:22:30,3.905,74.208,4.11,0.41289,70.303
1416,04/25/2026 08:32:30,3.898,74.196,4.11,0.41218,70.298
1417,04/25/2026 08:42:30,3.887,74.183,4.22,0.41106,70.296
1418,04/25/2026 08:52:30,3.895,74.195,4.22,0.41190,70.300
1419,04/25/2026 09:02:30,3.884,74.183,4.22,0.41078,70.299
1420,04/25/2026 09:12:30,3.883,74.179,4.22,0.41064,70.296
1421,04/25/2026 09:22:30,3.889,74.175,4.22,0.41127,70.286
1422,04/25/2026 09:32:30,3.871,74.150,4.22,0.40951,70.279
1423,04/25/2026 09:42:30,3.859,74.154,4.22,0.40832,70.295
1424,04/25/2026 09:52:30,3.862,74.158,4.32,0.40853,70.296
1425,04/25/2026 10:02:30,3.847,74.142,4.32,0.40698,70.295
1426,04/25/2026 10:12:30,3.847,74.150,4.32,0.40698,70.303
1427,04/25/2026 10:22:30,3.824,74.129,4.43,0.40466,70.305
1428,04/25/2026 10:32:30,3.824,74.117,4.43,0.40466,70.293
1429,04/25/2026 10:42:30,3.819,74.113,4.43,0.40410,70.294
1430,04/25/2026 10:52:30,3.806,74.088,4.43,0.40290,70.282
1431,04/25/2026 11:02:30,3.800,74.079,4.53,0.40227,70.279
1432,04/25/2026 11:12:30,3.788,74.075,4.53,0.40108,70.287
1433,04/25/2026 11:22:30,3.790,74.075,4.53,0.40129,70.285
1434,04/25/2026 11:32:30,3.779,74.063,4.63,0.40002,70.284
1435,04/25/2026 11:42:30,3.779,74.054,4.74,0.40003,70.275
1436,04/25/2026 11:52:30,3.769,74.045,4.84,0.39904,70.276
1437,04/25/2026 12:02:30,3.761,74.041,4.84,0.39820,70.280
1438,04/25/2026 12:12:30,3.766,74.040,4.94,0.39876,70.274
1439,04/25/2026 12:22:30,3.747,74.016,4.94,0.39679,70.269
1440,04/25/2026 12:32:30,3.758,74.020,4.94,0.39792,70.262
1441,04/25/2026 12:42:30,3.751,74.015,5.05,0.39722,70.264
1442,04/25/2026 12:52:30,3.779,74.034,5.15,0.40010,70.255
1443,04/25/2026 13:02:30,3.793,74.045,5.25,0.40158,70.252
1444,04/25/2026 13:12:30,3.855,74.105,5.36,0.40784,70.250
1445,04/25/2026 13:22:30,3.870,74.128,5.46,0.40946,70.258
1446,04/25/2026 13:32:30,3.895,74.156,5.56,0.41192,70.261
1447,04/25/2026 13:42:30,3.918,74.163,5.67,0.41431,70.245
1448,04/25/2026 13:52:30,3.935,74.195,5.77,0.41600,70.260
1449,04/25/2026 14:02:30,3.943,74.207,5.77,0.41677,70.264
1450,04/25/2026 14:12:30,3.949,74.206,5.87,0.41741,70.257
1451,04/25/2026 14:22:30,3.946,74.210,5.87,0.41713,70.264
1452,04/25/2026 14:32:30,3.944,74.185,5.97,0.41692,70.241
1453,04/25/2026 14:42:30,3.928,74.176,6.07,0.41530,70.248
1454,04/25/2026 14:52:30,3.934,74.183,6.18,0.41594,70.249
1455,04/25/2026 15:02:30,3.945,74.194,6.38,0.41707,70.249
1456,04/25/2026 15:12:30,3.917,74.165,6.48,0.41419,70.248
1457,04/25/2026 15:22:30,3.937,74.156,6.58,0.41623,70.219
1458,04/25/2026 15:32:30,3.953,74.171,6.79,0.41785,70.218
1459,04/25/2026 15:42:30,3.956,74.162,6.89,0.41820,70.206
1460,04/25/2026 15:52:30,3.961,74.165,6.99,0.41870,70.204
1461,04/25/2026 16:02:30,3.963,74.161,7.09,0.41884,70.198
1462,04/25/2026 16:12:30,3.961,74.160,7.19,0.41870,70.199
1463,04/25/2026 16:22:30,3.942,74.131,7.29,0.41674,70.189
1464,04/25/2026 16:32:30,3.967,74.159,7.29,0.41934,70.192
1465,04/25/2026 16:42:30,3.971,74.162,7.39,0.41976,70.191
1466,04/25/2026 16:52:30,3.945,74.138,7.39,0.41709,70.193
1467,04/25/2026 17:02:30,3.964,74.171,7.39,0.41899,70.207
1468,04/25/2026 17:12:30,3.955,74.171,7.39,0.41808,70.216
1469,04/25/2026 17:22:30,3.952,74.154,7.39,0.41779,70.202
1470,04/25/2026 17:32:30,3.945,74.154,7.49,0.41702,70.209
1471,04/25/2026 17:42:30,3.938,74.146,7.49,0.41632,70.208
1472,04/25/2026 17:52:30,3.943,74.138,7.49,0.41681,70.195
1473,04/25/2026 18:02:30,3.927,74.125,7.49,0.41520,70.199
1474,04/25/2026 18:12:30,3.932,74.134,7.49,0.41569,70.202
1475,04/25/2026 18:22:30,3.928,74.154,7.49,0.41534,70.226
1476,04/25/2026 18:32:30,3.924,74.142,7.39,0.41498,70.218
1477,04/25/2026 18:42:30,3.926,74.150,7.39,0.41519,70.224
1478,04/25/2026 18:52:30,3.920,74.154,7.39,0.41456,70.234
1479,04/25/2026 19:02:30,3.914,74.147,7.29,0.41392,70.233
1480,04/25/2026 19:12:30,3.912,74.147,7.29,0.41371,70.235
1481,04/25/2026 19:22:30,3.913,74.147,7.29,0.41378,70.234
1482,04/25/2026 19:32:30,3.905,74.139,7.29,0.41301,70.234
1483,04/25/2026 19:42:30,3.899,74.140,7.19,0.41237,70.241
1484,04/25/2026 19:52:30,3.916,74.140,7.19,0.41406,70.224
1485,04/25/2026 20:02:30,3.915,74.144,7.09,0.41406,70.229
1486,04/25/2026 20:12:30,3.920,74.153,7.09,0.41448,70.233
1487,04/25/2026 20:22:30,3.896,74.140,7.09,0.41209,70.244
1488,04/25/2026 20:32:30,3.890,74.140,7.09,0.41153,70.250
1489,04/25/2026 20:42:30,3.874,74.137,6.99,0.40984,70.263
1490,04/25/2026 20:52:30,3.857,74.113,6.99,0.40808,70.256
1491,04/25/2026 21:02:30,3.875,74.122,6.89,0.40991,70.247
1492,04/25/2026 21:12:30,3.877,74.134,6.89,0.41012,70.257
1493,04/25/2026 21:22:30,3.886,74.151,6.79,0.41103,70.265
1494,04/25/2026 21:32:30,3.871,74.131,6.79,0.40948,70.260
1495,04/25/2026 21:42:30,3.883,74.139,6.79,0.41068,70.256
1496,04/25/2026 21:52:30,3.883,74.143,6.68,0.41075,70.260
1497,04/25/2026 22:02:30,3.875,74.135,6.68,0.40997,70.260
1498,04/25/2026 22:12:30,3.890,74.148,6.58,0.41145,70.258
1499,04/25/2026 22:22:30,3.884,74.144,6.58,0.41081,70.260
1500,04/25/2026 22:32:30,3.891,74.149,6.48,0.41151,70.258
1501,04/25/2026 22:42:30,3.880,74.125,6.48,0.41039,70.245
1502,04/25/2026 22:52:30,3.887,74.121,6.38,0.41116,70.234
1503,04/25/2026 23:02:30,3.887,74.109,6.38,0.41116,70.222
1504,04/25/2026 23:12:30,3.881,74.089,6.38,0.41053,70.208
1505,04/25/2026 23:22:30,3.890,74.090,6.28,0.41144,70.200
1506,04/25/2026 23:32:30,3.898,74.098,6.28,0.41228,70.200
1507,04/25/2026 23:42:30,3.895,74.083,6.18,0.41193,70.188
1508,04/25/2026 23:52:30,3.896,74.079,6.18,0.41200,70.183
1509,04/26/2026 00:02:30,3.889,74.075,6.07,0.41137,70.186
1510,04/26/2026 00:12:30,3.889,74.083,6.07,0.41137,70.194
1511,04/26/2026 00:22:30,3.880,74.080,5.97,0.41045,70.200
1512,04/26/2026 00:32:30,3.897,74.092,5.97,0.41221,70.195
1513,04/26/2026 00:42:30,3.882,74.073,5.87,0.41059,70.191
1514,04/26/2026 00:52:30,3.872,74.065,5.87,0.40960,70.193
1515,04/26/2026 01:02:30,3.887,74.078,5.77,0.41108,70.191
1516,04/26/2026 01:12:30,3.902,74.082,5.77,0.41263,70.180
1517,04/26/2026 01:22:30,3.893,74.066,5.67,0.41178,70.173
1518,04/26/2026 01:32:30,3.901,74.062,5.67,0.41262,70.161
1519,04/26/2026 01:42:30,3.899,74.051,5.56,0.41234,70.152
1520,04/26/2026 01:52:30,3.903,74.044,5.46,0.41276,70.141
1521,04/26/2026 02:02:30,3.910,74.032,5.46,0.41346,70.122
1522,04/26/2026 02:12:30,3.908,74.012,5.36,0.41332,70.104
1523,04/26/2026 02:22:30,3.903,73.996,5.36,0.41276,70.093
1524,04/26/2026 02:32:30,3.922,73.997,5.25,0.41473,70.075
1525,04/26/2026 02:42:30,3.923,74.001,5.25,0.41480,70.078
1526,04/26/2026 02:52:30,3.917,73.994,5.15,0.41416,70.077
1527,04/26/2026 03:02:30,3.909,73.982,5.15,0.41332,70.073
1528,04/26/2026 03:12:30,3.924,73.999,5.05,0.41487,70.075
1529,04/26/2026 03:22:30,3.930,74.000,4.94,0.41543,70.070
1530,04/26/2026 03:32:30,3.932,74.004,4.94,0.41564,70.072
1531,04/26/2026 03:42:30,3.936,74.013,4.84,0.41606,70.077
1532,04/26/2026 03:52:30,3.940,74.021,4.84,0.41648,70.081
1533,04/26/2026 04:02:30,3.934,74.021,4.74,0.41592,70.087
1534,04/26/2026 04:12:30,3.936,74.013,4.74,0.41613,70.077
1535,04/26/2026 04:22:30,3.943,74.014,4.63,0.41683,70.071
1536,04/26/2026 04:32:30,3.959,74.022,4.63,0.41845,70.063
1537,04/26/2026 04:42:30,3.960,74.019,4.53,0.41859,70.059
1538,04/26/2026 04:52:30,3.948,74.023,4.53,0.41732,70.075
1539,04/26/2026 05:02:30,3.945,74.008,4.43,0.41697,70.063
1540,04/26/2026 05:12:30,3.978,74.033,4.32,0.42034,70.055
1541,04/26/2026 05:22:30,3.961,73.997,4.32,0.41858,70.036
1542,04/26/2026 05:32:30,3.971,74.014,4.22,0.41964,70.043
1543,04/26/2026 05:42:30,3.945,73.997,4.22,0.41704,70.052
1544,04/26/2026 05:52:30,3.958,73.997,4.22,0.41837,70.039
1545,04/26/2026 06:02:30,3.954,73.982,4.11,0.41795,70.028
1546,04/26/2026 06:12:30,3.958,73.982,4.11,0.41837,70.024
1547,04/26/2026 06:22:30,3.956,73.974,4.11,0.41816,70.018
1548,04/26/2026 06:32:30,3.956,73.970,4.11,0.41816,70.014
1549,04/26/2026 06:42:30,3.965,73.974,4.11,0.41907,70.009
1550,04/26/2026 06:52:30,3.979,73.995,4.01,0.42048,70.016
1551,04/26/2026 07:02:30,3.982,73.971,4.01,0.42076,69.989
1552,04/26/2026 07:12:30,3.989,73.996,3.90,0.42153,70.007
1553,04/26/2026 07:22:30,3.987,74.016,3.90,0.42132,70.029
1554,04/26/2026 07:32:30,3.966,74.000,3.90,0.41914,70.034
1555,04/26/2026 07:42:30,3.979,74.025,3.80,0.42048,70.046
1556,04/26/2026 07:52:30,3.982,74.005,3.80,0.42076,70.023
1557,04/26/2026 08:02:30,3.994,74.009,3.80,0.42203,70.015
1558,04/26/2026 08:12:30,3.991,74.006,3.69,0.42167,70.015
1559,04/26/2026 08:22:30,3.995,73.994,3.69,0.42210,69.999
1560,04/26/2026 08:32:30,3.987,73.974,3.69,0.42125,69.987
1561,04/26/2026 08:42:30,3.996,73.974,3.69,0.42217,69.978
1562,04/26/2026 08:52:30,4.001,73.974,3.59,0.42280,69.973
1563,04/26/2026 09:02:30,3.988,73.966,3.59,0.42146,69.978
1564,04/26/2026 09:12:30,3.991,73.951,3.48,0.42174,69.960
1565,04/26/2026 09:22:30,4.000,73.923,3.48,0.42266,69.923
1566,04/26/2026 09:32:30,4.010,73.923,3.48,0.42364,69.913
1567,04/26/2026 09:42:30,4.003,73.915,3.48,0.42294,69.912
1568,04/26/2026 09:52:30,3.987,73.902,3.59,0.42132,69.915
1569,04/26/2026 10:02:30,4.010,73.923,3.48,0.42364,69.913
1570,04/26/2026 10:12:30,4.007,73.919,3.48,0.42336,69.912
1571,04/26/2026 10:22:30,4.009,73.928,3.38,0.42350,69.919
1572,04/26/2026 10:32:30,4.017,73.932,3.38,0.42434,69.915
1573,04/26/2026 10:42:30,4.033,73.944,3.38,0.42596,69.911
1574,04/26/2026 10:52:30,4.027,73.973,3.27,0.42540,69.946
1575,04/26/2026 11:02:30,4.049,73.945,3.27,0.42765,69.896
1576,04/26/2026 11:12:30,4.047,73.954,3.16,0.42744,69.907
1577,04/26/2026 11:22:30,4.051,73.954,3.16,0.42779,69.903
1578,04/26/2026 11:32:30,4.038,73.966,3.16,0.42652,69.928
1579,04/26/2026 11:42:30,4.050,73.974,3.16,0.42772,69.924
1580,04/26/2026 11:52:30,4.049,73.958,3.16,0.42758,69.909
1581,04/26/2026 12:02:30,4.052,73.946,3.16,0.42793,69.894
1582,04/26/2026 12:12:30,4.053,73.949,3.27,0.42800,69.896
1583,04/26/2026 12:22:30,4.056,73.923,3.48,0.42835,69.867
1584,04/26/2026 12:32:30,4.040,73.893,3.69,0.42674,69.853
1585,04/26/2026 12:42:30,4.044,73.891,3.90,0.42716,69.847
1586,04/26/2026 12:52:30,4.061,73.917,4.22,0.42885,69.856
1587,04/26/2026 13:02:30,4.068,73.920,4.32,0.42955,69.852
1588,04/26/2026 13:12:30,4.086,74.005,4.32,0.43138,69.919
1589,04/26/2026 13:22:30,4.073,73.977,4.22,0.43011,69.904
1590,04/26/2026 13:32:30,4.092,74.002,4.11,0.43201,69.910
1591,04/26/2026 13:42:30,4.087,73.966,4.11,0.43152,69.879
1592,04/26/2026 13:52:30,4.089,73.962,4.11,0.43173,69.873
1593,04/26/2026 14:02:30,4.088,73.973,4.22,0.43166,69.885
1594,04/26/2026 14:12:30,4.102,73.996,4.43,0.43300,69.894
1595,04/26/2026 14:22:30,4.107,73.998,4.63,0.43356,69.891
1596,04/26/2026 14:32:30,4.104,73.989,4.74,0.43328,69.885
1597,04/26/2026 14:42:30,4.114,73.980,4.84,0.43427,69.866
1598,04/26/2026 14:52:30,4.110,73.963,4.94,0.43392,69.853
1599,04/26/2026 15:02:30,4.122,73.963,5.05,0.43505,69.841
1600,04/26/2026 15:12:30,4.116,73.959,5.05,0.43441,69.843
1601,04/26/2026 15:22:30,4.117,73.966,5.15,0.43456,69.849
1602,04/26/2026 15:32:30,4.121,73.960,5.36,0.43498,69.839
1603,04/26/2026 15:42:30,4.145,73.971,5.46,0.43744,69.826
1604,04/26/2026 15:52:30,4.141,73.950,5.56,0.43709,69.809
1605,04/26/2026 16:02:30,4.124,73.925,5.67,0.43534,69.801
1606,04/26/2026 16:12:30,4.153,73.958,5.67,0.43822,69.805
1607,04/26/2026 16:22:30,4.153,73.966,5.67,0.43822,69.813
1608,04/26/2026 16:32:30,4.154,73.974,5.67,0.43836,69.820
1609,04/26/2026 16:42:30,4.167,74.002,5.67,0.43970,69.835
1610,04/26/2026 16:52:30,4.168,74.014,5.67,0.43977,69.846
1611,04/26/2026 17:02:30,4.174,74.013,5.77,0.44040,69.839
1612,04/26/2026 17:12:30,4.169,74.025,5.77,0.43991,69.856
1613,04/26/2026 17:22:30,4.182,74.025,5.77,0.44125,69.843
1614,04/26/2026 17:32:30,4.174,74.025,5.77,0.44040,69.851
1615,04/26/2026 17:42:30,4.176,74.033,5.77,0.44061,69.857
1616,04/26/2026 17:52:30,4.175,74.066,5.77,0.44047,69.891
1617,04/26/2026 18:02:30,4.171,74.070,5.77,0.44005,69.899
1618,04/26/2026 18:12:30,4.183,74.098,5.77,0.44132,69.915
1619,04/26/2026 18:22:30,4.180,74.111,5.67,0.44096,69.931
1620,04/26/2026 18:32:30,4.177,74.127,5.67,0.44068,69.950
1621,04/26/2026 18:42:30,4.183,74.119,5.67,0.44131,69.936
1622,04/26/2026 18:52:30,4.189,74.128,5.56,0.44187,69.939
1623,04/26/2026 19:02:30,4.199,74.140,5.56,0.44293,69.941
1624,04/26/2026 19:12:30,4.190,74.156,5.56,0.44201,69.966
1625,04/26/2026 19:22:30,4.205,74.188,5.56,0.44356,69.983
1626,04/26/2026 19:32:30,4.192,74.185,5.46,0.44222,69.993
1627,04/26/2026 19:42:30,4.185,74.169,5.46,0.44145,69.984
1628,04/26/2026 19:52:30,4.202,74.182,5.36,0.44321,69.980
1629,04/26/2026 20:02:30,4.198,74.166,5.36,0.44278,69.968
1630,04/26/2026 20:12:30,4.194,74.211,5.25,0.44236,70.017
1631,04/26/2026 20:22:30,4.195,74.203,5.25,0.44250,70.008
1632,04/26/2026 20:32:30,4.212,74.244,5.15,0.44426,70.032
1633,04/26/2026 20:42:30,4.222,74.248,5.15,0.44524,70.026
1634,04/26/2026 20:52:30,4.207,74.244,5.05,0.44377,70.037
1635,04/26/2026 21:02:30,4.215,74.290,4.94,0.44454,70.075
1636,04/26/2026 21:12:30,4.220,74.290,4.94,0.44503,70.070
1637,04/26/2026 21:22:30,4.212,74.270,4.84,0.44425,70.058
1638,04/26/2026 21:32:30,4.232,74.311,4.84,0.44622,70.079
1639,04/26/2026 21:42:30,4.229,74.299,4.74,0.44601,70.070
1640,04/26/2026 21:52:30,4.231,74.332,4.63,0.44622,70.101
1641,04/26/2026 22:02:30,4.231,74.336,4.63,0.44622,70.105
1642,04/26/2026 22:12:30,4.217,74.337,4.53,0.44481,70.120
1643,04/26/2026 22:22:30,4.230,74.342,4.43,0.44608,70.112
1644,04/26/2026 22:32:30,4.223,74.327,4.32,0.44537,70.104
1645,04/26/2026 22:42:30,4.210,74.335,4.32,0.44404,70.125
1646,04/26/2026 22:52:30,4.215,74.336,4.22,0.44453,70.121
1647,04/26/2026 23:02:30,4.214,74.320,4.11,0.44453,70.106
1648,04/26/2026 23:12:30,4.210,74.317,4.01,0.44411,70.107
1649,04/26/2026 23:22:30,4.211,74.321,4.01,0.44418,70.110
1650,04/26/2026 23:32:30,4.205,74.310,3.90,0.44354,70.105
1651,04/26/2026 23:42:30,4.190,74.294,3.90,0.44200,70.104
1652,04/26/2026 23:52:30,4.182,74.291,3.80,0.44115,70.109
1653,04/27/2026 00:02:30,4.193,74.292,3.69,0.44228,70.099
1654,04/27/2026 00:12:30,4.176,74.280,3.69,0.44052,70.104
1655,04/27/2026 00:22:30,4.161,74.272,3.59,0.43911,70.111
1656,04/27/2026 00:32:30,4.170,74.285,3.59,0.43988,70.115
1657,04/27/2026 00:42:30,4.150,74.281,3.48,0.43799,70.131
1658,04/27/2026 00:52:30,4.155,74.266,3.38,0.43848,70.111
1659,04/27/2026 01:02:30,4.165,74.279,3.27,0.43946,70.114
1660,04/27/2026 01:12:30,4.154,74.267,3.27,0.43834,70.113
1661,04/27/2026 01:22:30,4.142,74.256,3.16,0.43707,70.114
1662,04/27/2026 01:32:30,4.138,74.256,3.16,0.43665,70.118
1663,04/27/2026 01:42:30,4.127,74.245,3.06,0.43552,70.118
1664,04/27/2026 01:52:30,4.127,74.245,3.06,0.43552,70.118
1665,04/27/2026 02:02:30,4.128,74.246,2.95,0.43566,70.118
1666,04/27/2026 02:12:30,4.126,74.246,2.95,0.43545,70.120
1667,04/27/2026 02:22:30,4.119,74.238,2.85,0.43482,70.119
1668,04/27/2026 02:32:30,4.113,74.222,2.85,0.43419,70.109
1669,04/27/2026 02:42:30,4.109,74.223,2.74,0.43377,70.114
1670,04/27/2026 02:52:30,4.093,74.199,2.74,0.43215,70.106
1671,04/27/2026 03:02:30,4.100,74.203,2.74,0.43285,70.103
1672,04/27/2026 03:12:30,4.112,74.220,2.63,0.43405,70.108
1673,04/27/2026 03:22:30,4.087,74.200,2.63,0.43152,70.113
1674,04/27/2026 03:32:30,4.096,74.213,2.53,0.43243,70.117
1675,04/27/2026 03:42:30,4.082,74.213,2.53,0.43102,70.131
1676,04/27/2026 03:52:30,4.069,74.209,2.53,0.42969,70.140
1677,04/27/2026 04:02:30,4.074,74.217,2.53,0.43018,70.143
1678,04/27/2026 04:12:30,4.080,74.230,2.42,0.43081,70.150
1679,04/27/2026 04:22:30,4.068,74.230,2.42,0.42955,70.162
1680,04/27/2026 04:32:30,4.056,74.214,2.42,0.42835,70.158
1681,04/27/2026 04:42:30,4.062,74.223,2.31,0.42892,70.161
1682,04/27/2026 04:52:30,4.056,74.223,2.31,0.42835,70.167
1683,04/27/2026 05:02:30,4.033,74.207,2.31,0.42596,70.174
1684,04/27/2026 05:12:30,4.033,74.204,2.20,0.42596,70.171
1685,04/27/2026 05:22:30,4.036,74.204,2.20,0.42624,70.168
1686,04/27/2026 05:32:30,4.021,74.200,2.20,0.42477,70.179
1687,04/27/2026 05:42:30,4.027,74.208,2.20,0.42533,70.181
1688,04/27/2026 05:52:30,4.019,74.197,2.10,0.42456,70.178
1689,04/27/2026 06:02:30,4.008,74.189,2.10,0.42343,70.181
1690,04/27/2026 06:12:30,3.992,74.177,2.10,0.42175,70.185
1691,04/27/2026 06:22:30,3.997,74.193,2.10,0.42231,70.196
1692,04/27/2026 06:32:30,3.996,74.198,1.99,0.42217,70.202
1693,04/27/2026 06:42:30,3.991,74.202,1.99,0.42168,70.211
1694,04/27/2026 06:52:30,3.989,74.202,1.99,0.42146,70.213
1695,04/27/2026 07:02:30,3.981,74.214,1.99,0.42069,70.233
1696,04/27/2026 07:12:30,3.980,74.226,1.99,0.42055,70.246
1697,04/27/2026 07:22:30,3.981,74.238,1.99,0.42069,70.257
1698,04/27/2026 07:32:30,3.986,74.242,1.99,0.42118,70.256
1699,04/27/2026 07:42:30,3.954,74.230,1.99,0.41795,70.276
1700,04/27/2026 07:52:30,3.966,74.246,1.99,0.41914,70.280
1701,04/27/2026 08:02:30,3.958,74.254,1.99,0.41837,70.296
1702,04/27/2026 08:12:30,3.954,74.258,1.99,0.41795,70.304
1703,04/27/2026 08:22:30,3.945,74.258,1.99,0.41703,70.313
1704,04/27/2026 08:32:30,3.936,74.262,1.99,0.41612,70.326
1705,04/27/2026 08:42:30,3.944,74.269,2.10,0.41696,70.325
1706,04/27/2026 08:52:30,3.931,74.261,2.10,0.41563,70.330
1707,04/27/2026 09:02:30,3.929,74.261,2.10,0.41542,70.332
1708,04/27/2026 09:12:30,3.936,74.272,2.20,0.41612,70.336
1709,04/27/2026 09:22:30,3.943,74.288,2.20,0.41682,70.345
1710,04/27/2026 09:32:30,3.925,74.276,2.20,0.41499,70.351
1711,04/27/2026 09:42:30,3.924,74.283,2.31,0.41492,70.359
1712,04/27/2026 09:52:30,3.933,74.304,2.31,0.41577,70.371
1713,04/27/2026 10:02:30,3.930,74.303,2.42,0.41542,70.373
1714,04/27/2026 10:12:30,3.928,74.311,2.42,0.41527,70.383
1715,04/27/2026 10:22:30,3.923,74.311,2.42,0.41471,70.388
1716,04/27/2026 10:32:30,3.913,74.310,2.53,0.41373,70.397
1717,04/27/2026 10:42:30,3.916,74.310,2.53,0.41401,70.394
1718,04/27/2026 10:52:30,3.923,74.329,2.63,0.41478,70.406
1719,04/27/2026 11:02:30,3.925,74.329,2.63,0.41499,70.404
1720,04/27/2026 11:12:30,3.923,74.328,2.74,0.41478,70.405
1721,04/27/2026 11:22:30,3.931,74.347,2.85,0.41563,70.416
1722,04/27/2026 11:32:30,3.925,74.342,2.95,0.41499,70.417
1723,04/27/2026 11:42:30,3.938,74.345,3.06,0.41633,70.407
1724,04/27/2026 11:52:30,3.946,74.353,3.06,0.41717,70.407
1725,04/27/2026 12:02:30,3.963,74.365,3.16,0.41879,70.402
1726,04/27/2026 12:12:30,3.955,74.357,3.16,0.41802,70.402
1727,04/27/2026 12:22:30,3.964,74.360,3.27,0.41893,70.396
1728,04/27/2026 12:32:30,3.976,74.379,3.38,0.42020,70.403
1729,04/27/2026 12:42:30,3.972,74.382,3.48,0.41977,70.410
1730,04/27/2026 12:52:30,3.991,74.405,3.59,0.42174,70.414
1731,04/27/2026 13:02:30,4.000,74.408,3.69,0.42266,70.408
1732,04/27/2026 13:12:30,4.010,74.411,3.90,0.42364,70.401
1733,04/27/2026 13:22:30,4.009,74.409,4.11,0.42357,70.400
1734,04/27/2026 13:32:30,4.014,74.420,4.22,0.42407,70.406
1735,04/27/2026 13:42:30,4.004,74.415,4.43,0.42301,70.411
1736,04/27/2026 13:52:30,4.019,74.429,4.63,0.42456,70.410
1737,04/27/2026 14:02:30,4.025,74.431,4.84,0.42520,70.406
1738,04/27/2026 14:12:30,4.042,74.438,5.05,0.42689,70.396
1739,04/27/2026 14:22:30,4.039,74.432,5.25,0.42661,70.393
1740,04/27/2026 14:32:30,4.059,74.451,5.46,0.42865,70.392
1741,04/27/2026 14:42:30,4.061,74.445,5.67,0.42887,70.384
1742,04/27/2026 14:52:30,4.074,74.460,5.87,0.43014,70.386
1743,04/27/2026 15:02:30,4.087,74.467,5.97,0.43154,70.380
1744,04/27/2026 15:12:30,4.105,74.482,6.07,0.43338,70.377
1745,04/27/2026 15:22:30,4.126,74.493,6.28,0.43549,70.367
1746,04/27/2026 15:32:30,4.137,74.504,6.38,0.43669,70.367
1747,04/27/2026 15:42:30,4.151,74.507,6.58,0.43803,70.356
1748,04/27/2026 15:52:30,4.169,74.515,6.58,0.43986,70.346
1749,04/27/2026 16:02:30,4.173,74.518,6.68,0.44035,70.345
1750,04/27/2026 16:12:30,4.175,74.509,6.79,0.44056,70.334
1751,04/27/2026 16:22:30,4.189,74.562,6.79,0.44190,70.373
1752,04/27/2026 16:32:30,4.192,74.582,6.79,0.44225,70.390
1753,04/27/2026 16:42:30,4.194,74.606,6.79,0.44246,70.412
1754,04/27/2026 16:52:30,4.212,74.630,6.79,0.44429,70.418
1755,04/27/2026 17:02:30,4.220,74.631,6.68,0.44506,70.411
1756,04/27/2026 17:12:30,4.227,74.639,6.68,0.44584,70.412
1757,04/27/2026 17:22:30,4.229,74.651,6.68,0.44605,70.422
1758,04/27/2026 17:32:30,4.240,74.663,6.68,0.44717,70.423
1759,04/27/2026 17:42:30,4.230,74.635,6.68,0.44612,70.405
1760,04/27/2026 17:52:30,4.229,74.630,6.79,0.44605,70.401
1761,04/27/2026 18:02:30,4.245,74.650,6.79,0.44767,70.405
1762,04/27/2026 18:12:30,4.258,74.654,6.79,0.44900,70.396
1763,04/27/2026 18:22:30,4.273,74.675,6.68,0.45055,70.402
1764,04/27/2026 18:32:30,4.280,74.679,6.68,0.45125,70.399
1765,04/27/2026 18:42:30,4.289,74.699,6.68,0.45216,70.410
1766,04/27/2026 18:52:30,4.303,74.716,6.68,0.45350,70.413
1767,04/27/2026 19:02:30,4.328,74.732,6.68,0.45610,70.404
1768,04/27/2026 19:12:30,4.331,74.752,6.68,0.45638,70.421
1769,04/27/2026 19:22:30,4.356,74.804,6.68,0.45899,70.448
1770,04/27/2026 19:32:30,4.372,74.817,6.58,0.46060,70.445
1771,04/27/2026 19:42:30,4.388,74.853,6.58,0.46229,70.465
1772,04/27/2026 19:52:30,4.402,74.881,6.58,0.46369,70.479
1773,04/27/2026 20:02:30,4.402,74.890,6.48,0.46369,70.488
1774,04/27/2026 20:12:30,4.414,74.902,6.48,0.46496,70.488
1775,04/27/2026 20:22:30,4.424,74.951,6.38,0.46594,70.527
1776,04/27/2026 20:32:30,4.416,74.927,6.38,0.46510,70.511
1777,04/27/2026 20:42:30,4.419,74.928,6.28,0.46537,70.509
1778,04/27/2026 20:52:30,4.422,74.941,6.18,0.46565,70.519
1779,04/27/2026 21:02:30,4.434,74.978,6.07,0.46692,70.544
1780,04/27/2026 21:12:30,4.436,74.983,5.97,0.46706,70.547
1781,04/27/2026 21:22:30,4.422,74.971,5.97,0.46565,70.549
1782,04/27/2026 21:32:30,4.419,74.971,5.87,0.46544,70.552
1783,04/27/2026 21:42:30,4.410,74.972,5.77,0.46445,70.562
1784,04/27/2026 21:52:30,4.408,74.996,5.77,0.46431,70.588
1785,04/27/2026 22:02:30,4.405,74.981,5.67,0.46396,70.576
1786,04/27/2026 22:12:30,4.386,74.986,5.56,0.46198,70.600
1787,04/27/2026 22:22:30,4.384,74.946,5.46,0.46184,70.562
1788,04/27/2026 22:32:30,4.387,74.951,5.36,0.46212,70.564
1789,04/27/2026 22:42:30,4.381,74.939,5.36,0.46149,70.558
1790,04/27/2026 22:52:30,4.372,74.928,5.25,0.46057,70.556
1791,04/27/2026 23:02:30,4.357,74.920,5.15,0.45910,70.563
1792,04/27/2026 23:12:30,4.358,74.920,5.15,0.45917,70.562
1793,04/27/2026 23:22:30,4.350,74.901,5.05,0.45832,70.551
1794,04/27/2026 23:32:30,4.329,74.890,4.94,0.45614,70.561
1795,04/27/2026 23:42:30,4.346,74.894,4.94,0.45790,70.548
1796,04/27/2026 23:52:30,4.327,74.878,4.84,0.45607,70.551
1797,04/28/2026 00:02:30,4.323,74.867,4.74,0.45557,70.544
1798,04/28/2026 00:12:30,4.319,74.855,4.74,0.45515,70.536
1799,04/28/2026 00:22:30,4.310,74.844,4.63,0.45424,70.534
1800,04/28/2026 00:32:30,4.306,74.845,4.53,0.45381,70.539
1801,04/28/2026 00:42:30,4.286,74.812,4.53,0.45184,70.526
1802,04/28/2026 00:52:30,4.283,74.805,4.43,0.45149,70.522
1803,04/28/2026 01:02:30,4.279,74.802,4.32,0.45107,70.523
1804,04/28/2026 01:12:30,4.269,74.794,4.32,0.45009,70.525
1805,04/28/2026 01:22:30,4.275,74.791,4.22,0.45065,70.516
1806,04/28/2026 01:32:30,4.237,74.747,4.11,0.44685,70.510
1807,04/28/2026 01:42:30,4.247,74.747,4.11,0.44783,70.500
1808,04/28/2026 01:52:30,4.239,74.740,4.01,0.44699,70.501
1809,04/28/2026 02:02:30,4.236,74.732,4.01,0.44671,70.496
1810,04/28/2026 02:12:30,4.234,74.721,3.90,0.44650,70.487
1811,04/28/2026 02:22:30,4.217,74.693,3.90,0.44474,70.476
1812,04/28/2026 02:32:30,4.209,74.677,3.80,0.44396,70.468
1813,04/28/2026 02:42:30,4.210,74.669,3.80,0.44410,70.459
1814,04/28/2026 02:52:30,4.195,74.654,3.69,0.44256,70.459
1815,04/28/2026 03:02:30,4.196,74.650,3.69,0.44263,70.454
1816,04/28/2026 03:12:30,4.197,74.655,3.59,0.44270,70.458
1817,04/28/2026 03:22:30,4.197,74.659,3.59,0.44270,70.462
1818,04/28/2026 03:32:30,4.175,74.636,3.48,0.44045,70.461
1819,04/28/2026 03:42:30,4.182,74.640,3.48,0.44115,70.458
1820,04/28/2026 03:52:30,4.158,74.616,3.38,0.43876,70.458
1821,04/28/2026 04:02:30,4.162,74.621,3.38,0.43911,70.459
1822,04/28/2026 04:12:30,4.143,74.601,3.27,0.43721,70.458
1823,04/28/2026 04:22:30,4.143,74.605,3.27,0.43721,70.462
1824,04/28/2026 04:32:30,4.124,74.598,3.16,0.43531,70.474
1825,04/28/2026 04:42:30,4.121,74.594,3.16,0.43496,70.473
1826,04/28/2026 04:52:30,4.119,74.582,3.16,0.43475,70.463
1827,04/28/2026 05:02:30,4.115,74.583,3.06,0.43433,70.468
1828,04/28/2026 05:12:30,4.118,74.599,3.06,0.43468,70.481
1829,04/28/2026 05:22:30,4.108,74.584,2.95,0.43363,70.476
1830,04/28/2026 05:32:30,4.098,74.576,2.95,0.43257,70.478
1831,04/28/2026 05:42:30,4.066,74.544,2.85,0.42941,70.478
1832,04/28/2026 05:52:30,4.059,74.536,2.85,0.42870,70.477
1833,04/28/2026 06:02:30,4.059,74.541,2.74,0.42870,70.482
1834,04/28/2026 06:12:30,4.037,74.525,2.74,0.42645,70.488
1835,04/28/2026 06:22:30,4.023,74.518,2.63,0.42498,70.495
1836,04/28/2026 06:32:30,4.013,74.502,2.63,0.42392,70.489
1837,04/28/2026 06:42:30,4.016,74.526,2.63,0.42427,70.510
1838,04/28/2026 06:52:30,3.995,74.531,2.53,0.42209,70.536
1839,04/28/2026 07:02:30,3.982,74.535,2.53,0.42083,70.553
1840,04/28/2026 07:12:30,3.962,74.531,2.53,0.41879,70.569
1841,04/28/2026 07:22:30,3.965,74.552,2.42,0.41907,70.587
1842,04/28/2026 07:32:30,3.958,74.568,2.42,0.41837,70.610
1843,04/28/2026 07:42:30,3.944,74.557,2.31,0.41689,70.613
1844,04/28/2026 07:52:30,3.928,74.541,2.31,0.41528,70.613
1845,04/28/2026 08:02:30,3.907,74.529,2.31,0.41317,70.622
1846,04/28/2026 08:12:30,3.898,74.525,2.31,0.41218,70.627
1847,04/28/2026 08:22:30,3.893,74.517,2.31,0.41169,70.624
1848,04/28/2026 08:32:30,3.877,74.513,2.31,0.41007,70.636
1849,04/28/2026 08:42:30,3.875,74.508,2.42,0.40986,70.633
1850,04/28/2026 08:52:30,3.847,74.488,2.42,0.40698,70.641
1851,04/28/2026 09:02:30,3.847,74.492,2.42,0.40698,70.645
1852,04/28/2026 09:12:30,3.841,74.491,2.53,0.40641,70.650
1853,04/28/2026 09:22:30,3.824,74.475,2.53,0.40466,70.651
1854,04/28/2026 09:32:30,3.815,74.479,2.53,0.40374,70.664
1855,04/28/2026 09:42:30,3.793,74.462,2.63,0.40149,70.669
1856,04/28/2026 09:52:30,3.798,74.477,2.74,0.40198,70.679
1857,04/28/2026 10:02:30,3.772,74.460,2.85,0.39938,70.688
1858,04/28/2026 10:12:30,3.760,74.452,2.85,0.39812,70.692
1859,04/28/2026 10:22:30,3.758,74.458,3.06,0.39798,70.700
1860,04/28/2026 10:32:30,3.756,74.457,3.16,0.39777,70.701
1861,04/28/2026 10:42:30,3.743,74.445,3.16,0.39643,70.702
1862,04/28/2026 10:52:30,3.750,74.460,3.27,0.39713,70.710
1863,04/28/2026 11:02:30,3.731,74.446,3.48,0.39524,70.715
1864,04/28/2026 11:12:30,3.731,74.454,3.59,0.39517,70.723
1865,04/28/2026 11:22:30,3.719,74.440,3.80,0.39397,70.721
1866,04/28/2026 11:32:30,3.728,74.451,3.90,0.39489,70.723
1867,04/28/2026 11:42:30,3.740,74.473,4.11,0.39615,70.733
1868,04/28/2026 11:52:30,3.748,74.473,4.22,0.39686,70.725
1869,04/28/2026 12:02:30,3.760,74.491,4.43,0.39819,70.731
1870,04/28/2026 12:12:30,3.754,74.487,4.43,0.39756,70.733
1871,04/28/2026 12:22:30,3.791,74.522,4.53,0.40136,70.731
1872,04/28/2026 12:32:30,3.803,74.546,4.63,0.40256,70.743
1873,04/28/2026 12:42:30,3.838,74.581,4.74,0.40614,70.743
1874,04/28/2026 12:52:30,3.878,74.633,4.84,0.41015,70.755
1875,04/28/2026 13:02:30,3.891,74.636,4.94,0.41149,70.745
1876,04/28/2026 13:12:30,3.962,74.708,5.05,0.41873,70.746
1877,04/28/2026 13:22:30,4.040,74.795,5.25,0.42668,70.755
1878,04/28/2026 13:32:30,4.142,74.898,5.46,0.43709,70.756
1879,04/28/2026 13:42:30,4.203,74.970,5.56,0.44328,70.767
1880,04/28/2026 13:52:30,4.240,75.021,5.67,0.44715,70.781
1881,04/28/2026 14:02:30,4.252,75.032,5.87,0.44835,70.780
1882,04/28/2026 14:12:30,4.265,75.062,6.07,0.44976,70.797
1883,04/28/2026 14:22:30,4.248,75.042,6.18,0.44793,70.794
1884,04/28/2026 14:32:30,4.266,75.064,6.38,0.44984,70.798
1885,04/28/2026 14:42:30,4.243,75.051,6.48,0.44752,70.808
1886,04/28/2026 14:52:30,4.236,75.042,6.68,0.44675,70.806
1887,04/28/2026 15:02:30,4.230,75.036,6.89,0.44619,70.806
1888,04/28/2026 15:12:30,4.231,75.036,6.99,0.44619,70.805
1889,04/28/2026 15:22:30,4.223,75.026,7.19,0.44543,70.803
1890,04/28/2026 15:32:30,4.234,75.042,7.29,0.44648,70.808
1891,04/28/2026 15:42:30,4.232,75.033,7.39,0.44635,70.801
1892,04/28/2026 15:52:30,4.237,75.028,7.49,0.44691,70.791
1893,04/28/2026 16:02:30,4.227,75.007,7.59,0.44586,70.780
1894,04/28/2026 16:12:30,4.236,75.023,7.59,0.44677,70.787
1895,04/28/2026 16:22:30,4.245,75.035,7.69,0.44769,70.790
1896,04/28/2026 16:32:30,4.249,75.043,7.69,0.44811,70.794
1897,04/28/2026 16:42:30,4.254,75.046,7.79,0.44861,70.792
1898,04/28/2026 16:52:30,4.269,75.062,7.79,0.45016,70.793
1899,04/28/2026 17:02:30,4.270,75.078,7.89,0.45023,70.808
1900,04/28/2026 17:12:30,4.279,75.086,7.89,0.45114,70.807
1901,04/28/2026 17:22:30,4.297,75.117,7.99,0.45305,70.820
1902,04/28/2026 17:32:30,4.296,75.122,7.99,0.45283,70.826
1903,04/28/2026 17:42:30,4.318,75.149,8.09,0.45516,70.831
1904,04/28/2026 17:52:30,4.326,75.169,8.09,0.45600,70.843
1905,04/28/2026 18:02:30,4.345,75.197,8.19,0.45790,70.852
1906,04/28/2026 18:12:30,4.349,75.209,8.19,0.45833,70.860
1907,04/28/2026 18:22:30,4.373,75.229,8.19,0.46079,70.856
1908,04/28/2026 18:32:30,4.383,75.249,8.19,0.46177,70.866
1909,04/28/2026 18:42:30,4.378,75.253,8.19,0.46128,70.875
1910,04/28/2026 18:52:30,4.398,75.281,8.19,0.46332,70.883
1911,04/28/2026 19:02:30,4.411,75.294,8.09,0.46465,70.883
1912,04/28/2026 19:12:30,4.401,75.286,8.09,0.46360,70.885
1913,04/28/2026 19:22:30,4.420,75.306,8.09,0.46557,70.886
1914,04/28/2026 19:32:30,4.438,75.323,7.99,0.46739,70.885
1915,04/28/2026 19:42:30,4.435,75.324,7.79,0.46710,70.889
1916,04/28/2026 19:52:30,4.442,75.329,7.69,0.46780,70.887
1917,04/28/2026 20:02:30,4.423,75.310,7.59,0.46583,70.887
1918,04/28/2026 20:12:30,4.441,75.335,7.49,0.46759,70.894
1919,04/28/2026 20:22:30,4.448,75.343,7.39,0.46843,70.895
1920,04/28/2026 20:32:30,4.436,75.344,7.29,0.46716,70.908
1921,04/28/2026 20:42:30,4.440,75.361,7.19,0.46751,70.921
1922,04/28/2026 20:52:30,4.445,75.382,7.09,0.46800,70.937
1923,04/28/2026 21:02:30,4.437,75.382,6.99,0.46729,70.945
1924,04/28/2026 21:12:30,4.425,75.383,6.89,0.46602,70.958
1925,04/28/2026 21:22:30,4.417,75.383,6.89,0.46518,70.966
1926,04/28/2026 21:32:30,4.420,75.392,6.79,0.46546,70.972
1927,04/28/2026 21:42:30,4.404,75.372,6.68,0.46391,70.968
1928,04/28/2026 21:52:30,4.410,75.381,6.58,0.46447,70.971
1929,04/28/2026 22:02:30,4.407,75.374,6.48,0.46418,70.967
1930,04/28/2026 22:12:30,4.388,75.358,6.38,0.46228,70.970
1931,04/28/2026 22:22:30,4.391,75.358,6.38,0.46256,70.967
1932,04/28/2026 22:32:30,4.390,75.359,6.28,0.46242,70.969
1933,04/28/2026 22:42:30,4.379,75.344,6.18,0.46129,70.965
1934,04/28/2026 22:52:30,4.373,75.349,6.07,0.46066,70.976
1935,04/28/2026 23:02:30,4.369,75.333,5.97,0.46030,70.964
1936,04/28/2026 23:12:30,4.356,75.318,5.87,0.45897,70.962
1937,04/28/2026 23:22:30,4.373,75.330,5.87,0.46065,70.957
1938,04/28/2026 23:32:30,4.365,75.311,5.77,0.45981,70.946
1939,04/28/2026 23:42:30,4.352,75.303,5.67,0.45854,70.951
1940,04/28/2026 23:52:30,4.347,75.296,5.56,0.45805,70.949
1941,04/29/2026 00:02:30,4.331,75.281,5.46,0.45636,70.950
1942,04/29/2026 00:12:30,4.338,75.281,5.36,0.45713,70.943
1943,04/29/2026 00:22:30,4.324,75.269,5.36,0.45572,70.945
1944,04/29/2026 00:32:30,4.322,75.266,5.25,0.45551,70.944
1945,04/29/2026 00:42:30,4.312,75.251,5.15,0.45445,70.939
1946,04/29/2026 00:52:30,4.314,75.256,5.05,0.45459,70.942
1947,04/29/2026 01:02:30,4.297,75.239,5.05,0.45298,70.942
1948,04/29/2026 01:12:30,4.286,75.228,4.94,0.45185,70.942
1949,04/29/2026 01:22:30,4.293,75.225,4.84,0.45248,70.932
1950,04/29/2026 01:32:30,4.275,75.205,4.84,0.45065,70.930
1951,04/29/2026 01:42:30,4.264,75.185,4.74,0.44960,70.921
1952,04/29/2026 01:52:30,4.257,75.178,4.63,0.44889,70.921
1953,04/29/2026 02:02:30,4.254,75.166,4.63,0.44854,70.912
1954,04/29/2026 02:12:30,4.235,75.143,4.53,0.44657,70.908
1955,04/29/2026 02:22:30,4.236,75.132,4.43,0.44664,70.896
1956,04/29/2026 02:32:30,4.226,75.119,4.43,0.44573,70.893
1957,04/29/2026 02:42:30,4.226,75.104,4.32,0.44566,70.878
1958,04/29/2026 02:52:30,4.216,75.096,4.32,0.44467,70.880
1959,04/29/2026 03:02:30,4.206,75.089,4.22,0.44361,70.883
1960,04/29/2026 03:12:30,4.205,75.069,4.22,0.44347,70.864
1961,04/29/2026 03:22:30,4.193,75.062,4.11,0.44228,70.869
1962,04/29/2026 03:32:30,4.189,75.054,4.01,0.44193,70.865
1963,04/29/2026 03:42:30,4.176,75.042,4.01,0.44059,70.866
1964,04/29/2026 03:52:30,4.185,75.047,3.90,0.44150,70.862
1965,04/29/2026 04:02:30,4.167,75.023,3.90,0.43968,70.856
1966,04/29/2026 04:12:30,4.167,75.012,3.80,0.43960,70.845
1967,04/29/2026 04:22:30,4.160,75.012,3.80,0.43890,70.852
1968,04/29/2026 04:32:30,4.140,74.988,3.69,0.43693,70.848
1969,04/29/2026 04:42:30,4.142,74.988,3.69,0.43714,70.846
1970,04/29/2026 04:52:30,4.130,74.977,3.59,0.43588,70.847
1971,04/29/2026 05:02:30,4.131,74.973,3.59,0.43602,70.842
1972,04/29/2026 05:12:30,4.122,74.957,3.59,0.43503,70.835
1973,04/29/2026 05:22:30,4.117,74.958,3.48,0.43454,70.841
1974,04/29/2026 05:32:30,4.112,74.950,3.48,0.43405,70.838
1975,04/29/2026 05:42:30,4.108,74.943,3.38,0.43363,70.835
1976,04/29/2026 05:52:30,4.092,74.927,3.38,0.43194,70.835
1977,04/29/2026 06:02:30,4.075,74.919,3.27,0.43032,70.844
1978,04/29/2026 06:12:30,4.075,74.911,3.27,0.43032,70.836
1979,04/29/2026 06:22:30,4.075,74.919,3.27,0.43032,70.844
1980,04/29/2026 06:32:30,4.065,74.912,3.16,0.42927,70.847
1981,04/29/2026 06:42:30,4.052,74.896,3.16,0.42793,70.844
1982,04/29/2026 06:52:30,4.018,74.873,3.06,0.42441,70.855
1983,04/29/2026 07:02:30,4.020,74.873,3.06,0.42463,70.853
1984,04/29/2026 07:12:30,4.008,74.877,3.06,0.42343,70.869
1985,04/29/2026 07:22:30,4.011,74.870,2.95,0.42371,70.859
1986,04/29/2026 07:32:30,3.977,74.850,2.95,0.42027,70.873
1987,04/29/2026 07:42:30,3.959,74.833,2.95,0.41851,70.874
1988,04/29/2026 07:52:30,3.955,74.826,2.85,0.41809,70.871
1989,04/29/2026 08:02:30,3.925,74.802,2.85,0.41499,70.877
1990,04/29/2026 08:12:30,3.904,74.778,2.85,0.41281,70.874
1991,04/29/2026 08:22:30,3.877,74.742,2.85,0.41007,70.865
1992,04/29/2026 08:32:30,3.876,74.730,2.85,0.40993,70.854
1993,04/29/2026 08:42:30,3.848,74.701,2.95,0.40705,70.853
1994,04/29/2026 08:52:30,3.837,74.689,2.95,0.40592,70.852
1995,04/29/2026 09:02:30,3.825,74.668,2.95,0.40480,70.843
1996,04/29/2026 09:12:30,3.810,74.643,3.06,0.40325,70.833
1997,04/29/2026 09:22:30,3.807,74.630,3.16,0.40297,70.823
1998,04/29/2026 09:32:30,3.803,74.622,3.16,0.40255,70.819
1999,04/29/2026 09:42:30,3.776,74.597,3.27,0.39980,70.821
2000,04/29/2026 09:52:30,3.785,74.592,3.38,0.40072,70.807
2001,04/29/2026 10:02:30,3.759,74.563,3.48,0.39805,70.804
2002,04/29/2026 10:12:30,3.780,74.579,3.48,0.40023,70.799
2003,04/29/2026 10:22:30,3.764,74.578,3.59,0.39861,70.814
2004,04/29/2026 10:32:30,3.748,74.578,3.69,0.39685,70.830
2005,04/29/2026 10:42:30,3.750,74.569,3.80,0.39706,70.819
2006,04/29/2026 10:52:30,3.754,74.560,3.90,0.39749,70.806
2007,04/29/2026 11:02:30,3.761,74.559,4.01,0.39826,70.798
2008,04/29/2026 11:12:30,3.750,74.546,4.11,0.39714,70.796
2009,04/29/2026 11:22:30,3.766,74.568,4.32,0.39883,70.802
2010,04/29/2026 11:32:30,3.766,74.587,4.53,0.39876,70.821
2011,04/29/2026 11:42:30,3.772,74.586,4.63,0.39939,70.814
2012,04/29/2026 11:52:30,3.776,74.590,4.63,0.39981,70.814
2013,04/29/2026 12:02:30,3.773,74.581,4.74,0.39953,70.808
2014,04/29/2026 12:12:30,3.789,74.584,4.84,0.40115,70.795
2015,04/29/2026 12:22:30,3.783,74.572,4.84,0.40052,70.789
2016,04/29/2026 12:32:30,3.799,74.580,4.84,0.40221,70.781
2017,04/29/2026 12:42:30,3.822,74.588,4.94,0.40446,70.766
2018,04/29/2026 12:52:30,3.872,74.619,5.05,0.40959,70.747
2019,04/29/2026 13:02:30,3.925,74.666,5.25,0.41494,70.741
2020,04/29/2026 13:12:30,3.993,74.729,5.46,0.42190,70.736
2021,04/29/2026 13:22:30,4.049,74.820,5.67,0.42760,70.771
2022,04/29/2026 13:32:30,4.099,74.854,5.87,0.43267,70.756
2023,04/29/2026 13:42:30,4.107,74.838,5.97,0.43351,70.731
2024,04/29/2026 13:52:30,4.124,74.905,6.07,0.43534,70.781
2025,04/29/2026 14:02:30,4.108,74.848,6.18,0.43366,70.740
2026,04/29/2026 14:12:30,4.099,74.835,6.28,0.43282,70.736
2027,04/29/2026 14:22:30,4.089,74.843,6.38,0.43169,70.754
2028,04/29/2026 14:32:30,4.084,74.813,6.58,0.43121,70.729
2029,04/29/2026 14:42:30,4.070,74.779,6.79,0.42980,70.709
2030,04/29/2026 14:52:30,4.066,74.782,6.99,0.42939,70.716
2031,04/29/2026 15:02:30,4.066,74.788,7.19,0.42946,70.722
2032,04/29/2026 15:12:30,4.068,74.775,7.39,0.42961,70.707
2033,04/29/2026 15:22:30,4.054,74.762,7.59,0.42814,70.708
2034,04/29/2026 15:32:30,4.055,74.757,7.69,0.42828,70.702
2035,04/29/2026 15:42:30,4.041,74.735,7.89,0.42688,70.694
2036,04/29/2026 15:52:30,4.071,74.762,8.09,0.42998,70.691
2037,04/29/2026 16:02:30,4.061,74.753,8.19,0.42900,70.692
2038,04/29/2026 16:12:30,4.070,74.748,8.39,0.42985,70.678
2039,04/29/2026 16:22:30,4.058,74.735,8.49,0.42866,70.677
2040,04/29/2026 16:32:30,4.052,74.718,8.59,0.42810,70.666
2041,04/29/2026 16:42:30,4.059,74.729,8.79,0.42874,70.670
2042,04/29/2026 16:52:30,4.065,74.729,8.89,0.42930,70.664
2043,04/29/2026 17:02:30,4.071,74.749,8.89,0.42994,70.678
2044,04/29/2026 17:12:30,4.085,74.772,8.99,0.43142,70.687
2045,04/29/2026 17:22:30,4.078,74.764,9.09,0.43065,70.686
2046,04/29/2026 17:32:30,4.084,74.767,9.19,0.43128,70.683
2047,04/29/2026 17:42:30,4.092,74.799,9.19,0.43213,70.707
2048,04/29/2026 17:52:30,4.093,74.799,9.19,0.43227,70.706
2049,04/29/2026 18:02:30,4.108,74.815,9.19,0.43382,70.707
2050,04/29/2026 18:12:30,4.112,74.807,9.19,0.43417,70.695
2051,04/29/2026 18:22:30,4.113,74.819,9.19,0.43431,70.706
2052,04/29/2026 18:32:30,4.121,74.840,9.19,0.43501,70.719
2053,04/29/2026 18:42:30,4.115,74.836,9.19,0.43445,70.721
2054,04/29/2026 18:52:30,4.111,74.848,9.19,0.43403,70.737
2055,04/29/2026 19:02:30,4.137,74.868,9.09,0.43677,70.731
2056,04/29/2026 19:12:30,4.130,74.868,9.09,0.43606,70.738
2057,04/29/2026 19:22:30,4.108,74.868,9.09,0.43381,70.760
2058,04/29/2026 19:32:30,4.120,74.865,8.99,0.43500,70.745
2059,04/29/2026 19:42:30,4.123,74.878,8.89,0.43528,70.755
2060,04/29/2026 19:52:30,4.111,74.878,8.89,0.43402,70.767
2061,04/29/2026 20:02:30,4.106,74.878,8.79,0.43359,70.772
2062,04/29/2026 20:12:30,4.097,74.891,8.69,0.43260,70.794
2063,04/29/2026 20:22:30,4.104,74.892,8.59,0.43330,70.788
2064,04/29/2026 20:32:30,4.110,74.912,8.59,0.43394,70.802
2065,04/29/2026 20:42:30,4.100,74.909,8.49,0.43288,70.809
2066,04/29/2026 20:52:30,4.104,74.913,8.39,0.43337,70.809
2067,04/29/2026 21:02:30,4.102,74.925,8.39,0.43316,70.823
2068,04/29/2026 21:12:30,4.089,74.918,8.29,0.43182,70.829
2069,04/29/2026 21:22:30,4.084,74.927,8.19,0.43125,70.843
2070,04/29/2026 21:32:30,4.084,74.931,8.09,0.43132,70.847
2071,04/29/2026 21:42:30,4.089,74.948,8.09,0.43174,70.859
2072,04/29/2026 21:52:30,4.092,74.952,7.99,0.43209,70.860
2073,04/29/2026 22:02:30,4.103,74.957,7.89,0.43321,70.854
2074,04/29/2026 22:12:30,4.084,74.945,7.89,0.43124,70.861
2075,04/29/2026 22:22:30,4.093,74.950,7.79,0.43215,70.857
2076,04/29/2026 22:32:30,4.082,74.938,7.69,0.43109,70.856
2077,04/29/2026 22:42:30,4.101,74.946,7.69,0.43299,70.845
2078,04/29/2026 22:52:30,4.113,74.939,7.59,0.43419,70.826
2079,04/29/2026 23:02:30,4.106,74.915,7.49,0.43355,70.809
2080,04/29/2026 23:12:30,4.112,74.912,7.39,0.43411,70.800
2081,04/29/2026 23:22:30,4.113,74.908,7.39,0.43418,70.795
2082,04/29/2026 23:32:30,4.116,74.909,7.29,0.43446,70.793
2083,04/29/2026 23:42:30,4.112,74.905,7.19,0.43410,70.793
2084,04/29/2026 23:52:30,4.125,74.922,7.09,0.43544,70.797
2085,04/30/2026 00:02:30,4.125,74.919,6.99,0.43544,70.794
2086,04/30/2026 00:12:30,4.127,74.919,6.99,0.43565,70.792
2087,04/30/2026 00:22:30,4.132,74.916,6.89,0.43607,70.784
2088,04/30/2026 00:32:30,4.134,74.920,6.79,0.43634,70.786
2089,04/30/2026 00:42:30,4.123,74.916,6.79,0.43522,70.793
2090,04/30/2026 00:52:30,4.132,74.925,6.68,0.43613,70.793
2091,04/30/2026 01:02:30,4.124,74.910,6.58,0.43528,70.786
2092,04/30/2026 01:12:30,4.134,74.910,6.58,0.43627,70.776
2093,04/30/2026 01:22:30,4.129,74.898,6.48,0.43585,70.769
2094,04/30/2026 01:32:30,4.128,74.899,6.38,0.43570,70.771
2095,04/30/2026 01:42:30,4.122,74.887,6.38,0.43507,70.765
2096,04/30/2026 01:52:30,4.129,74.892,6.28,0.43577,70.763
2097,04/30/2026 02:02:30,4.120,74.884,6.18,0.43492,70.764
2098,04/30/2026 02:12:30,4.131,74.893,6.18,0.43598,70.762
2099,04/30/2026 02:22:30,4.111,74.873,6.07,0.43401,70.762
2100,04/30/2026 02:32:30,4.115,74.866,5.97,0.43436,70.751
2101,04/30/2026 02:42:30,4.116,74.862,5.97,0.43443,70.746
2102,04/30/2026 02:52:30,4.112,74.854,5.87,0.43400,70.743
2103,04/30/2026 03:02:30,4.099,74.835,5.77,0.43274,70.736
2104,04/30/2026 03:12:30,4.100,74.835,5.77,0.43288,70.735
2105,04/30/2026 03:22:30,4.100,74.828,5.67,0.43281,70.728
2106,04/30/2026 03:32:30,4.090,74.813,5.56,0.43175,70.723
2107,04/30/2026 03:42:30,4.100,74.813,5.56,0.43287,70.712
2108,04/30/2026 03:52:30,4.096,74.813,5.46,0.43245,70.717
2109,04/30/2026 04:02:30,4.103,74.818,5.36,0.43315,70.715
2110,04/30/2026 04:12:30,4.076,74.782,5.36,0.43041,70.706
2111,04/30/2026 04:22:30,4.084,74.787,5.25,0.43118,70.703
2112,04/30/2026 04:32:30,4.080,74.787,5.15,0.43083,70.707
2113,04/30/2026 04:42:30,4.069,74.771,5.15,0.42970,70.702
2114,04/30/2026 04:52:30,4.073,74.776,5.05,0.43012,70.703
2115,04/30/2026 05:02:30,4.074,74.776,5.05,0.43019,70.702
2116,04/30/2026 05:12:30,4.057,74.757,4.94,0.42843,70.700
2117,04/30/2026 05:22:30,4.061,74.758,4.84,0.42879,70.697
2118,04/30/2026 05:32:30,4.058,74.758,4.84,0.42850,70.700
2119,04/30/2026 05:42:30,4.058,74.754,4.74,0.42857,70.696
2120,04/30/2026 05:52:30,4.054,74.750,4.74,0.42815,70.696
2121,04/30/2026 06:02:30,4.051,74.743,4.63,0.42787,70.692
2122,04/30/2026 06:12:30,4.033,74.731,4.63,0.42604,70.698
2123,04/30/2026 06:22:30,4.037,74.736,4.53,0.42639,70.699
2124,04/30/2026 06:32:30,4.045,74.737,4.43,0.42716,70.692
2125,04/30/2026 06:42:30,4.029,74.729,4.43,0.42555,70.700
2126,04/30/2026 06:52:30,4.024,74.725,4.43,0.42505,70.701
2127,04/30/2026 07:02:30,4.032,74.738,4.32,0.42583,70.706
2128,04/30/2026 07:12:30,4.009,74.721,4.32,0.42358,70.712
2129,04/30/2026 07:22:30,4.001,74.722,4.22,0.42273,70.721
2130,04/30/2026 07:32:30,3.988,74.722,4.22,0.42147,70.734
2131,04/30/2026 07:42:30,4.003,74.734,4.22,0.42294,70.731
2132,04/30/2026 07:52:30,3.991,74.718,4.22,0.42175,70.727
2133,04/30/2026 08:02:30,3.991,74.718,4.22,0.42175,70.727
2134,04/30/2026 08:12:30,3.984,74.706,4.22,0.42104,70.722
2135,04/30/2026 08:22:30,3.978,74.702,4.22,0.42041,70.724
2136,04/30/2026 08:32:30,3.957,74.670,4.22,0.41823,70.713
2137,04/30/2026 08:42:30,3.958,74.658,4.22,0.41830,70.700
2138,04/30/2026 08:52:30,3.949,74.642,4.22,0.41739,70.693
2139,04/30/2026 09:02:30,3.953,74.634,4.22,0.41781,70.681
2140,04/30/2026 09:12:30,3.955,74.649,4.32,0.41802,70.694
2141,04/30/2026 09:22:30,3.966,74.685,4.32,0.41922,70.719
2142,04/30/2026 09:32:30,3.952,74.677,4.32,0.41774,70.725
2143,04/30/2026 09:42:30,3.959,74.686,4.22,0.41844,70.727
2144,04/30/2026 09:52:30,3.946,74.662,4.22,0.41711,70.716
2145,04/30/2026 10:02:30,3.931,74.647,4.11,0.41556,70.716
2146,04/30/2026 10:12:30,3.942,74.651,4.11,0.41668,70.709
2147,04/30/2026 10:22:30,3.934,74.639,4.11,0.41584,70.705
2148,04/30/2026 10:32:30,3.928,74.631,4.11,0.41521,70.703
2149,04/30/2026 10:42:30,3.915,74.610,4.22,0.41394,70.695
2150,04/30/2026 10:52:30,3.916,74.605,4.32,0.41401,70.689
2151,04/30/2026 11:02:30,3.900,74.588,4.43,0.41240,70.688
2152,04/30/2026 11:12:30,3.869,74.555,4.53,0.40923,70.686
2153,04/30/2026 11:22:30,3.875,74.561,4.74,0.40987,70.686
2154,04/30/2026 11:32:30,3.865,74.548,4.84,0.40889,70.683
2155,04/30/2026 11:42:30,3.878,74.563,4.94,0.41022,70.685
2156,04/30/2026 11:52:30,3.866,74.543,4.94,0.40903,70.677
2157,04/30/2026 12:02:30,3.875,74.547,4.94,0.40994,70.672
2158,04/30/2026 12:12:30,3.880,74.543,5.05,0.41037,70.663
2159,04/30/2026 12:22:30,3.874,74.526,5.05,0.40980,70.652
2160,04/30/2026 12:32:30,3.889,74.542,5.15,0.41128,70.653
2161,04/30/2026 12:42:30,3.888,74.521,5.25,0.41121,70.633
2162,04/30/2026 12:52:30,3.907,74.545,5.25,0.41318,70.638
2163,04/30/2026 13:02:30,3.927,74.557,5.25,0.41522,70.630
2164,04/30/2026 13:12:30,3.948,74.564,5.36,0.41740,70.616
2165,04/30/2026 13:22:30,3.973,74.572,5.36,0.41993,70.599
2166,04/30/2026 13:32:30,3.981,74.584,5.46,0.42064,70.603
2167,04/30/2026 13:42:30,3.990,74.604,5.46,0.42162,70.614
2168,04/30/2026 13:52:30,3.981,74.615,5.56,0.42071,70.634
2169,04/30/2026 14:02:30,3.982,74.623,5.56,0.42085,70.641
2170,04/30/2026 14:12:30,3.980,74.636,5.46,0.42064,70.656
2171,04/30/2026 14:22:30,3.989,74.640,5.46,0.42155,70.651
2172,04/30/2026 14:32:30,3.996,74.636,5.46,0.42225,70.640
2173,04/30/2026 14:42:30,3.995,74.644,5.46,0.42211,70.649
2174,04/30/2026 14:52:30,3.979,74.632,5.46,0.42050,70.653
2175,04/30/2026 15:02:30,3.981,74.648,5.46,0.42071,70.667
2176,04/30/2026 15:12:30,3.990,74.663,5.56,0.42169,70.673
2177,04/30/2026 15:22:30,4.002,74.676,5.56,0.42282,70.674
2178,04/30/2026 15:32:30,3.987,74.647,5.56,0.42134,70.660
2179,04/30/2026 15:42:30,4.007,74.647,5.56,0.42338,70.640
2180,04/30/2026 15:52:30,4.007,74.639,5.56,0.42338,70.632
2181,04/30/2026 16:02:30,4.022,74.626,5.67,0.42493,70.604
2182,04/30/2026 16:12:30,4.024,74.617,5.87,0.42507,70.593
2183,04/30/2026 16:22:30,4.046,74.640,5.97,0.42740,70.594
2184,04/30/2026 16:32:30,4.049,74.627,6.07,0.42768,70.578
2185,04/30/2026 16:42:30,4.040,74.619,6.07,0.42677,70.579
2186,04/30/2026 16:52:30,4.074,74.635,6.18,0.43014,70.561
2187,04/30/2026 17:02:30,4.056,74.623,6.18,0.42831,70.567
2188,04/30/2026 17:12:30,4.054,74.622,6.28,0.42818,70.568
2189,04/30/2026 17:22:30,4.077,74.646,6.28,0.43050,70.569
2190,04/30/2026 17:32:30,4.073,74.645,6.38,0.43015,70.572
2191,04/30/2026 17:42:30,4.084,74.669,6.38,0.43127,70.585
2192,04/30/2026 17:52:30,4.097,74.686,6.38,0.43254,70.589
2193,04/30/2026 18:02:30,4.071,74.669,6.38,0.42994,70.598
2194,04/30/2026 18:12:30,4.070,74.669,6.38,0.42987,70.599
2195,04/30/2026 18:22:30,4.076,74.681,6.38,0.43036,70.606
2196,04/30/2026 18:32:30,4.069,74.673,6.38,0.42973,70.604
2197,04/30/2026 18:42:30,4.078,74.694,6.38,0.43057,70.616
2198,04/30/2026 18:52:30,4.088,74.698,6.38,0.43162,70.610
2199,04/30/2026 19:02:30,4.084,74.698,6.38,0.43120,70.614
2200,04/30/2026 19:12:30,4.102,74.718,6.38,0.43303,70.616
2201,04/30/2026 19:22:30,4.090,74.710,6.28,0.43190,70.620
2202,04/30/2026 19:32:30,4.114,74.735,6.18,0.43429,70.621
2203,04/30/2026 19:42:30,4.093,74.727,6.18,0.43218,70.634
2204,04/30/2026 19:52:30,4.109,74.740,6.07,0.43380,70.631
2205,04/30/2026 20:02:30,4.114,74.761,5.97,0.43429,70.647
2206,04/30/2026 20:12:30,4.107,74.770,5.87,0.43358,70.663
2207,04/30/2026 20:22:30,4.108,74.779,5.77,0.43365,70.671
2208,04/30/2026 20:32:30,4.098,74.779,5.77,0.43260,70.681
2209,04/30/2026 20:42:30,4.112,74.808,5.67,0.43400,70.696
2210,04/30/2026 20:52:30,4.114,74.816,5.67,0.43421,70.702
2211,04/30/2026 21:02:30,4.104,74.821,5.56,0.43323,70.717
2212,04/30/2026 21:12:30,4.114,74.833,5.46,0.43428,70.719
2213,04/30/2026 21:22:30,4.114,74.850,5.46,0.43421,70.736
2214,04/30/2026 21:32:30,4.117,74.862,5.36,0.43463,70.745
2215,04/30/2026 21:42:30,4.106,74.862,5.36,0.43350,70.756
2216,04/30/2026 21:52:30,4.101,74.867,5.25,0.43294,70.766
2217,04/30/2026 22:02:30,4.117,74.887,5.25,0.43463,70.770
2218,04/30/2026 22:12:30,4.103,74.876,5.15,0.43315,70.773
2219,04/30/2026 22:22:30,4.108,74.880,5.15,0.43364,70.772
2220,04/30/2026 22:32:30,4.104,74.881,5.05,0.43322,70.777
2221,04/30/2026 22:42:30,4.096,74.869,5.05,0.43237,70.773
2222,04/30/2026 22:52:30,4.091,74.862,4.94,0.43188,70.771
2223,04/30/2026 23:02:30,4.100,74.866,4.94,0.43279,70.766
2224,04/30/2026 23:12:30,4.092,74.858,4.84,0.43202,70.766
2225,04/30/2026 23:22:30,4.078,74.851,4.74,0.43061,70.773
2226,04/30/2026 23:32:30,4.080,74.851,4.74,0.43082,70.771
2227,04/30/2026 23:42:30,4.073,74.844,4.63,0.43005,70.771
2228,04/30/2026 23:52:30,4.080,74.853,4.53,0.43075,70.773
2229,05/01/2026 00:02:30,4.082,74.857,4.53,0.43096,70.775
2230,05/01/2026 00:12:30,4.078,74.846,4.43,0.43054,70.768
2231,05/01/2026 00:22:30,4.075,74.841,4.43,0.43033,70.766
2232,05/01/2026 00:32:30,4.061,74.834,4.32,0.42885,70.773
2233,05/01/2026 00:42:30,4.068,74.843,4.22,0.42955,70.775
2234,05/01/2026 00:52:30,4.073,74.843,4.22,0.43011,70.770
2235,05/01/2026 01:02:30,4.055,74.824,4.11,0.42822,70.769
2236,05/01/2026 01:12:30,4.059,74.825,4.01,0.42864,70.766
2237,05/01/2026 01:22:30,4.046,74.817,4.01,0.42730,70.771
2238,05/01/2026 01:32:30,4.042,74.805,3.90,0.42695,70.763
2239,05/01/2026 01:42:30,4.052,74.814,3.80,0.42793,70.762
2240,05/01/2026 01:52:30,4.055,74.810,3.80,0.42828,70.755
2241,05/01/2026 02:02:30,4.044,74.799,3.69,0.42709,70.755
2242,05/01/2026 02:12:30,4.023,74.775,3.69,0.42498,70.752
2243,05/01/2026 02:22:30,4.043,74.788,3.59,0.42702,70.745
2244,05/01/2026 02:32:30,4.034,74.773,3.48,0.42603,70.739
2245,05/01/2026 02:42:30,4.025,74.765,3.48,0.42512,70.740
2246,05/01/2026 02:52:30,4.023,74.757,3.38,0.42498,70.734
2247,05/01/2026 03:02:30,4.027,74.758,3.27,0.42540,70.731
2248,05/01/2026 03:12:30,4.011,74.746,3.27,0.42378,70.735
2249,05/01/2026 03:22:30,4.020,74.751,3.16,0.42470,70.731
2250,05/01/2026 03:32:30,4.023,74.759,3.16,0.42498,70.736
2251,05/01/2026 03:42:30,4.004,74.752,3.06,0.42301,70.748
2252,05/01/2026 03:52:30,3.995,74.740,3.06,0.42209,70.745
2253,05/01/2026 04:02:30,4.008,74.749,2.95,0.42343,70.741
2254,05/01/2026 04:12:30,3.994,74.741,2.95,0.42202,70.747
2255,05/01/2026 04:22:30,3.989,74.729,2.95,0.42146,70.740
2256,05/01/2026 04:32:30,3.989,74.726,2.85,0.42146,70.737
2257,05/01/2026 04:42:30,3.979,74.718,2.85,0.42041,70.739
2258,05/01/2026 04:52:30,3.982,74.723,2.74,0.42076,70.741
2259,05/01/2026 05:02:30,3.971,74.710,2.74,0.41970,70.739
2260,05/01/2026 05:12:30,3.968,74.702,2.74,0.41942,70.734
2261,05/01/2026 05:22:30,3.974,74.711,2.63,0.41998,70.737
2262,05/01/2026 05:32:30,3.975,74.707,2.63,0.42013,70.732
2263,05/01/2026 05:42:30,3.955,74.687,2.63,0.41809,70.732
2264,05/01/2026 05:52:30,3.957,74.688,2.53,0.41823,70.731
2265,05/01/2026 06:02:30,3.954,74.692,2.53,0.41795,70.738
2266,05/01/2026 06:12:30,3.948,74.692,2.53,0.41731,70.744
2267,05/01/2026 06:22:30,3.932,74.673,2.42,0.41570,70.741
2268,05/01/2026 06:32:30,3.927,74.673,2.42,0.41520,70.746
2269,05/01/2026 06:42:30,3.913,74.669,2.42,0.41373,70.756
2270,05/01/2026 06:52:30,3.905,74.665,2.42,0.41295,70.760
2271,05/01/2026 07:02:30,3.897,74.670,2.31,0.41211,70.773
2272,05/01/2026 07:12:30,3.888,74.666,2.31,0.41120,70.778
2273,05/01/2026 07:22:30,3.864,74.654,2.31,0.40874,70.790
2274,05/01/2026 07:32:30,3.864,74.659,2.20,0.40874,70.795
2275,05/01/2026 07:42:30,3.845,74.643,2.20,0.40677,70.798
2276,05/01/2026 07:52:30,3.837,74.643,2.20,0.40599,70.806
2277,05/01/2026 08:02:30,3.829,74.635,2.20,0.40515,70.806
2278,05/01/2026 08:12:30,3.819,74.622,2.20,0.40424,70.803
2279,05/01/2026 08:22:30,3.801,74.602,2.20,0.40234,70.801
2280,05/01/2026 08:32:30,3.779,74.586,2.20,0.40009,70.807
2281,05/01/2026 08:42:30,3.766,74.573,2.31,0.39875,70.807
2282,05/01/2026 08:52:30,3.760,74.561,2.31,0.39819,70.801
2283,05/01/2026 09:02:30,3.749,74.548,2.42,0.39706,70.799
2284,05/01/2026 09:12:30,3.734,74.536,2.42,0.39552,70.802
2285,05/01/2026 09:22:30,3.718,74.519,2.53,0.39390,70.801
2286,05/01/2026 09:32:30,3.703,74.507,2.53,0.39235,70.804
2287,05/01/2026 09:42:30,3.714,74.514,2.63,0.39348,70.800
2288,05/01/2026 09:52:30,3.700,74.502,2.63,0.39200,70.802
2289,05/01/2026 10:02:30,3.680,74.489,2.74,0.38996,70.809
2290,05/01/2026 10:12:30,3.671,74.493,2.74,0.38905,70.822
2291,05/01/2026 10:22:30,3.665,74.487,2.95,0.38848,70.822
2292,05/01/2026 10:32:30,3.662,74.478,3.06,0.38820,70.816
2293,05/01/2026 10:42:30,3.656,74.477,3.16,0.38757,70.821
2294,05/01/2026 10:52:30,3.641,74.464,3.27,0.38602,70.823
2295,05/01/2026 11:02:30,3.657,74.487,3.48,0.38764,70.830
2296,05/01/2026 11:12:30,3.646,74.474,3.59,0.38652,70.828
2297,05/01/2026 11:22:30,3.656,74.485,3.69,0.38757,70.829
2298,05/01/2026 11:32:30,3.657,74.483,3.90,0.38764,70.826
2299,05/01/2026 11:42:30,3.676,74.503,4.01,0.38954,70.827
2300,05/01/2026 11:52:30,3.683,74.501,4.22,0.39025,70.818
2301,05/01/2026 12:02:30,3.695,74.511,4.43,0.39151,70.816
2302,05/01/2026 12:12:30,3.696,74.510,4.63,0.39159,70.814
2303,05/01/2026 12:22:30,3.709,74.512,4.84,0.39292,70.803
2304,05/01/2026 12:32:30,3.720,74.510,5.15,0.39405,70.790
2305,05/01/2026 12:42:30,3.742,74.536,5.36,0.39631,70.794
2306,05/01/2026 12:52:30,3.772,74.567,5.56,0.39933,70.795
2307,05/01/2026 13:02:30,3.801,74.585,5.87,0.40229,70.784
2308,05/01/2026 13:12:30,3.848,74.627,6.07,0.40722,70.779
2309,05/01/2026 13:22:30,3.882,74.654,6.28,0.41060,70.772
2310,05/01/2026 13:32:30,3.912,74.685,6.48,0.41369,70.773
2311,05/01/2026 13:42:30,3.921,74.691,6.79,0.41454,70.770
2312,05/01/2026 13:52:30,3.951,74.721,6.99,0.41771,70.770
2313,05/01/2026 14:02:30,3.943,74.716,7.19,0.41688,70.773
2314,05/01/2026 14:12:30,3.949,74.715,7.39,0.41744,70.766
2315,05/01/2026 14:22:30,3.953,74.719,7.39,0.41787,70.766
2316,05/01/2026 14:32:30,3.956,74.713,7.59,0.41822,70.757
2317,05/01/2026 14:42:30,3.970,74.733,7.59,0.41963,70.763
2318,05/01/2026 14:52:30,3.966,74.733,7.69,0.41921,70.767
2319,05/01/2026 15:02:30,3.952,74.721,7.69,0.41773,70.769
2320,05/01/2026 15:12:30,3.946,74.732,7.79,0.41717,70.786
2321,05/01/2026 15:22:30,3.950,74.735,7.89,0.41760,70.785
2322,05/01/2026 15:32:30,3.955,74.735,7.99,0.41809,70.780
2323,05/01/2026 15:42:30,3.927,74.706,8.09,0.41521,70.779
2324,05/01/2026 15:52:30,3.947,74.717,8.19,0.41733,70.770
2325,05/01/2026 16:02:30,3.933,74.700,8.29,0.41592,70.767
2326,05/01/2026 16:12:30,3.948,74.712,8.39,0.41740,70.764
2327,05/01/2026 16:22:30,3.949,74.707,8.49,0.41755,70.758
2328,05/01/2026 16:32:30,3.960,74.723,8.49,0.41867,70.763
2329,05/01/2026 16:42:30,3.935,74.703,8.49,0.41607,70.768
2330,05/01/2026 16:52:30,3.942,74.715,8.49,0.41684,70.773
2331,05/01/2026 17:02:30,3.951,74.723,8.59,0.41769,70.772
2332,05/01/2026 17:12:30,3.959,74.738,8.69,0.41854,70.779
2333,05/01/2026 17:22:30,3.944,74.734,8.69,0.41699,70.790
2334,05/01/2026 17:32:30,3.954,74.750,8.69,0.41804,70.796
2335,05/01/2026 17:42:30,3.934,74.746,8.69,0.41600,70.812
2336,05/01/2026 17:52:30,3.938,74.754,8.69,0.41643,70.816
2337,05/01/2026 18:02:30,3.951,74.782,8.79,0.41770,70.831
2338,05/01/2026 18:12:30,3.964,74.802,8.69,0.41910,70.838
2339,05/01/2026 18:22:30,3.975,74.831,8.69,0.42015,70.856
2340,05/01/2026 18:32:30,3.965,74.819,8.69,0.41910,70.854
2341,05/01/2026 18:42:30,3.970,74.835,8.69,0.41966,70.865
2342,05/01/2026 18:52:30,3.972,74.847,8.69,0.41987,70.875
2343,05/01/2026 19:02:30,3.979,74.864,8.59,0.42050,70.885
2344,05/01/2026 19:12:30,3.979,74.876,8.59,0.42057,70.897
2345,05/01/2026 19:22:30,3.987,74.901,8.49,0.42134,70.914
2346,05/01/2026 19:32:30,3.973,74.901,8.49,0.41994,70.928
2347,05/01/2026 19:42:30,3.991,74.925,8.39,0.42183,70.934
2348,05/01/2026 19:52:30,3.974,74.925,8.39,0.42007,70.951
2349,05/01/2026 20:02:30,3.976,74.946,8.29,0.42028,70.970
2350,05/01/2026 20:12:30,3.978,74.978,8.29,0.42049,71.000
2351,05/01/2026 20:22:30,3.948,74.963,8.19,0.41740,71.015
2352,05/01/2026 20:32:30,3.960,74.952,8.09,0.41859,70.992
2353,05/01/2026 20:42:30,3.957,74.964,8.09,0.41831,71.007
2354,05/01/2026 20:52:30,3.955,74.984,7.99,0.41816,71.029
2355,05/01/2026 21:02:30,3.945,74.997,7.89,0.41711,71.052
2356,05/01/2026 21:12:30,3.944,75.002,7.79,0.41696,71.058
2357,05/01/2026 21:22:30,3.941,75.003,7.69,0.41661,71.062
2358,05/01/2026 21:32:30,3.938,75.011,7.69,0.41633,71.073
2359,05/01/2026 21:42:30,3.937,75.023,7.59,0.41632,71.086
2360,05/01/2026 21:52:30,3.932,75.024,7.49,0.41576,71.092
2361,05/01/2026 22:02:30,3.925,75.029,7.39,0.41505,71.104
2362,05/01/2026 22:12:30,3.919,75.030,7.29,0.41435,71.111
2363,05/01/2026 22:22:30,3.921,75.046,7.19,0.41470,71.125
2364,05/01/2026 22:32:30,3.916,75.047,7.09,0.41413,71.131
2365,05/01/2026 22:42:30,3.919,75.044,6.99,0.41441,71.125
2366,05/01/2026 22:52:30,3.911,75.032,6.89,0.41363,71.121
2367,05/01/2026 23:02:30,3.905,75.032,6.89,0.41300,71.127
2368,05/01/2026 23:12:30,3.908,75.033,6.79,0.41328,71.125
2369,05/01/2026 23:22:30,3.906,75.026,6.68,0.41307,71.120
2370,05/01/2026 23:32:30,3.911,75.035,6.58,0.41356,71.124
2371,05/01/2026 23:42:30,3.902,75.031,6.58,0.41264,71.129
2372,05/01/2026 23:52:30,3.903,75.039,6.48,0.41278,71.136
2373,05/02/2026 00:02:30,3.905,75.048,6.38,0.41299,71.143
2374,05/02/2026 00:12:30,3.890,75.029,6.28,0.41144,71.139
2375,05/02/2026 00:22:30,3.898,75.034,6.18,0.41221,71.136
2376,05/02/2026 00:32:30,3.901,75.042,6.07,0.41256,71.141
2377,05/02/2026 00:42:30,3.915,75.058,6.07,0.41404,71.143
2378,05/02/2026 00:52:30,3.904,75.055,5.97,0.41291,71.151
2379,05/02/2026 01:02:30,3.905,75.064,5.87,0.41298,71.159
2380,05/02/2026 01:12:30,3.907,75.065,5.77,0.41312,71.158
2381,05/02/2026 01:22:30,3.905,75.073,5.77,0.41291,71.168
2382,05/02/2026 01:32:30,3.902,75.066,5.67,0.41262,71.164
2383,05/02/2026 01:42:30,3.899,75.062,5.56,0.41234,71.163
2384,05/02/2026 01:52:30,3.901,75.075,5.46,0.41255,71.174
2385,05/02/2026 02:02:30,3.897,75.067,5.46,0.41213,71.170
2386,05/02/2026 02:12:30,3.899,75.076,5.36,0.41234,71.177
2387,05/02/2026 02:22:30,3.906,75.081,5.25,0.41304,71.175
2388,05/02/2026 02:32:30,3.906,75.081,5.25,0.41304,71.175
2389,05/02/2026 02:42:30,3.900,75.073,5.15,0.41248,71.173
2390,05/02/2026 02:52:30,3.906,75.074,5.05,0.41311,71.168
2391,05/02/2026 03:02:30,3.909,75.074,5.05,0.41339,71.165
2392,05/02/2026 03:12:30,3.896,75.055,4.94,0.41205,71.159
2393,05/02/2026 03:22:30,3.900,75.068,4.84,0.41240,71.168
2394,05/02/2026 03:32:30,3.892,75.056,4.84,0.41156,71.164
2395,05/02/2026 03:42:30,3.903,75.065,4.74,0.41268,71.162
2396,05/02/2026 03:52:30,3.899,75.065,4.63,0.41240,71.166
2397,05/02/2026 04:02:30,3.897,75.069,4.63,0.41219,71.172
2398,05/02/2026 04:12:30,3.879,75.062,4.53,0.41029,71.183
2399,05/02/2026 04:22:30,3.888,75.070,4.53,0.41120,71.182
2400,05/02/2026 04:32:30,3.881,75.063,4.43,0.41050,71.182
2401,05/02/2026 04:42:30,3.886,75.076,4.32,0.41099,71.190
2402,05/02/2026 04:52:30,3.868,75.060,4.32,0.40916,71.192
2403,05/02/2026 05:02:30,3.888,75.077,4.22,0.41120,71.189
2404,05/02/2026 05:12:30,3.860,75.049,4.22,0.40832,71.189
2405,05/02/2026 05:22:30,3.865,75.066,4.11,0.40881,71.201
2406,05/02/2026 05:32:30,3.865,75.066,4.11,0.40881,71.201
2407,05/02/2026 05:42:30,3.866,75.070,4.01,0.40902,71.204
2408,05/02/2026 05:52:30,3.865,75.082,4.01,0.40888,71.217
2409,05/02/2026 06:02:30,3.869,75.067,3.90,0.40930,71.198
2410,05/02/2026 06:12:30,3.857,75.064,3.80,0.40803,71.207
2411,05/02/2026 06:22:30,3.856,75.068,3.80,0.40796,71.212
2412,05/02/2026 06:32:30,3.855,75.077,3.69,0.40782,71.222
2413,05/02/2026 06:42:30,3.841,75.069,3.69,0.40642,71.228
2414,05/02/2026 06:52:30,3.845,75.078,3.59,0.40677,71.233
2415,05/02/2026 07:02:30,3.843,75.078,3.59,0.40663,71.235
2416,05/02/2026 07:12:30,3.843,75.083,3.48,0.40656,71.240
2417,05/02/2026 07:22:30,3.832,75.083,3.48,0.40543,71.251
2418,05/02/2026 07:32:30,3.821,75.075,3.48,0.40431,71.254
2419,05/02/2026 07:42:30,3.824,75.080,3.38,0.40466,71.256
2420,05/02/2026 07:52:30,3.802,75.059,3.38,0.40248,71.257
2421,05/02/2026 08:02:30,3.801,75.068,3.38,0.40227,71.267
2422,05/02/2026 08:12:30,3.776,75.051,3.38,0.39981,71.275
2423,05/02/2026 08:22:30,3.785,75.055,3.38,0.40072,71.270
2424,05/02/2026 08:32:30,3.779,75.059,3.38,0.40016,71.280
2425,05/02/2026 08:42:30,3.760,75.042,3.48,0.39819,71.282
2426,05/02/2026 08:52:30,3.749,75.034,3.48,0.39706,71.285
2427,05/02/2026 09:02:30,3.736,75.014,3.48,0.39573,71.278
2428,05/02/2026 09:12:30,3.744,75.013,3.59,0.39657,71.269
2429,05/02/2026 09:22:30,3.727,75.000,3.69,0.39481,71.273
2430,05/02/2026 09:32:30,3.718,74.988,3.80,0.39383,71.270
2431,05/02/2026 09:42:30,3.706,74.975,3.80,0.39271,71.269
2432,05/02/2026 09:52:30,3.700,74.970,4.01,0.39200,71.270
2433,05/02/2026 10:02:30,3.681,74.941,4.11,0.39003,71.260
2434,05/02/2026 10:12:30,3.694,74.952,4.22,0.39144,71.258
2435,05/02/2026 10:22:30,3.666,74.919,4.32,0.38856,71.253
2436,05/02/2026 10:32:30,3.684,74.930,4.43,0.39039,71.246
2437,05/02/2026 10:42:30,3.665,74.908,4.63,0.38849,71.243
2438,05/02/2026 10:52:30,3.651,74.891,4.84,0.38702,71.240
2439,05/02/2026 11:02:30,3.639,74.878,4.94,0.38575,71.239
2440,05/02/2026 11:12:30,3.631,74.856,5.15,0.38498,71.225
2441,05/02/2026 11:22:30,3.630,74.850,5.36,0.38491,71.220
2442,05/02/2026 11:32:30,3.618,74.833,5.46,0.38372,71.215
2443,05/02/2026 11:42:30,3.595,74.804,5.67,0.38133,71.209
2444,05/02/2026 11:52:30,3.583,74.786,5.87,0.38014,71.203
2445,05/02/2026 12:02:30,3.577,74.776,6.07,0.37958,71.199
2446,05/02/2026 12:12:30,3.575,74.771,6.28,0.37930,71.196
2447,05/02/2026 12:22:30,3.556,74.737,6.48,0.37741,71.181
2448,05/02/2026 12:32:30,3.545,74.719,6.79,0.37622,71.174
2449,05/02/2026 12:42:30,3.545,74.709,6.99,0.37629,71.164
2450,05/02/2026 12:52:30,3.542,74.699,7.29,0.37595,71.157
2451,05/02/2026 13:02:30,3.536,74.686,7.49,0.37532,71.150
2452,05/02/2026 13:12:30,3.545,74.692,7.79,0.37624,71.147
2453,05/02/2026 13:22:30,3.567,74.702,7.99,0.37857,71.135
2454,05/02/2026 13:32:30,3.629,74.762,8.09,0.38490,71.133
2455,05/02/2026 13:42:30,3.670,74.802,8.19,0.38905,71.132
2456,05/02/2026 13:52:30,3.735,74.862,8.19,0.39566,71.127
2457,05/02/2026 14:02:30,3.783,74.907,8.19,0.40052,71.124
2458,05/02/2026 14:12:30,3.827,74.946,8.29,0.40509,71.119
2459,05/02/2026 14:22:30,3.841,74.957,8.49,0.40650,71.116
2460,05/02/2026 14:32:30,3.865,74.976,8.69,0.40890,71.111
2461,05/02/2026 14:42:30,3.870,74.979,8.89,0.40940,71.109
2462,05/02/2026 14:52:30,3.852,74.953,9.09,0.40765,71.101
2463,05/02/2026 15:02:30,3.860,74.960,9.29,0.40843,71.100
2464,05/02/2026 15:12:30,3.855,74.940,9.29,0.40794,71.085
2465,05/02/2026 15:22:30,3.846,74.931,9.39,0.40703,71.085
2466,05/02/2026 15:32:30,3.843,74.918,9.48,0.40675,71.075
2467,05/02/2026 15:42:30,3.830,74.890,9.48,0.40541,71.060
2468,05/02/2026 15:52:30,3.848,74.902,9.58,0.40725,71.054
2469,05/02/2026 16:02:30,3.808,74.865,9.68,0.40317,71.057
2470,05/02/2026 16:12:30,3.840,74.893,9.68,0.40640,71.053
2471,05/02/2026 16:22:30,3.820,74.868,9.78,0.40444,71.048
2472,05/02/2026 16:32:30,3.827,74.876,9.78,0.40514,71.049
2473,05/02/2026 16:42:30,3.828,74.872,9.78,0.40521,71.044
2474,05/02/2026 16:52:30,3.826,74.868,9.78,0.40500,71.042
2475,05/02/2026 17:02:30,3.843,74.872,9.78,0.40676,71.029
2476,05/02/2026 17:12:30,3.836,74.872,9.78,0.40606,71.036
2477,05/02/2026 17:22:30,3.847,74.896,9.78,0.40718,71.049
2478,05/02/2026 17:32:30,3.867,74.933,9.78,0.40915,71.066
2479,05/02/2026 17:42:30,3.861,74.933,9.78,0.40852,71.072
2480,05/02/2026 17:52:30,3.856,74.933,9.78,0.40803,71.077
2481,05/02/2026 18:02:30,3.876,74.957,9.78,0.41007,71.081
2482,05/02/2026 18:12:30,3.872,74.945,9.78,0.40971,71.073
2483,05/02/2026 18:22:30,3.879,74.945,9.78,0.41042,71.066
2484,05/02/2026 18:32:30,3.900,74.965,9.78,0.41253,71.065
2485,05/02/2026 18:42:30,3.891,74.953,9.78,0.41161,71.062
2486,05/02/2026 18:52:30,3.888,74.953,9.78,0.41133,71.065
2487,05/02/2026 19:02:30,3.902,74.973,9.78,0.41274,71.071
2488,05/02/2026 19:12:30,3.914,74.981,9.78,0.41401,71.067
2489,05/02/2026 19:22:30,3.909,74.977,9.78,0.41351,71.068
2490,05/02/2026 19:32:30,3.923,74.989,9.78,0.41492,71.066
2491,05/02/2026 19:42:30,3.919,74.978,9.68,0.41442,71.059
2492,05/02/2026 19:52:30,3.913,74.978,9.68,0.41386,71.065
2493,05/02/2026 20:02:30,3.927,74.994,9.68,0.41527,71.067
2494,05/02/2026 20:12:30,3.916,74.982,9.58,0.41421,71.066
2495,05/02/2026 20:22:30,3.916,74.987,9.48,0.41421,71.071
2496,05/02/2026 20:32:30,3.909,74.995,9.48,0.41343,71.086
2497,05/02/2026 20:42:30,3.902,75.000,9.39,0.41272,71.098
2498,05/02/2026 20:52:30,3.902,75.008,9.29,0.41279,71.106
2499,05/02/2026 21:02:30,3.905,75.012,9.29,0.41307,71.107
2500,05/02/2026 21:12:30,3.896,75.009,9.19,0.41215,71.113
2501,05/02/2026 21:22:30,3.906,75.026,9.09,0.41314,71.120
2502,05/02/2026 21:32:30,3.897,75.022,8.99,0.41229,71.125
2503,05/02/2026 21:42:30,3.898,75.027,8.89,0.41228,71.129
2504,05/02/2026 21:52:30,3.897,75.036,8.79,0.41221,71.139
2505,05/02/2026 22:02:30,3.906,75.048,8.79,0.41313,71.142
2506,05/02/2026 22:12:30,3.908,75.048,8.69,0.41340,71.140
2507,05/02/2026 22:22:30,3.895,75.045,8.59,0.41199,71.150
2508,05/02/2026 22:32:30,3.904,75.050,8.49,0.41290,71.146
2509,05/02/2026 22:42:30,3.889,75.038,8.39,0.41142,71.149
2510,05/02/2026 22:52:30,3.893,75.043,8.29,0.41177,71.150
2511,05/02/2026 23:02:30,3.885,75.040,8.19,0.41093,71.155
2512,05/02/2026 23:12:30,3.898,75.060,8.09,0.41233,71.162
2513,05/02/2026 23:22:30,3.895,75.061,7.99,0.41197,71.166
2514,05/02/2026 23:32:30,3.902,75.066,7.89,0.41267,71.164
2515,05/02/2026 23:42:30,3.888,75.054,7.79,0.41134,71.166
2516,05/02/2026 23:52:30,3.894,75.063,7.69,0.41190,71.169
2517,05/03/2026 00:02:30,3.875,75.048,7.59,0.40992,71.173
2518,05/03/2026 00:12:30,3.895,75.069,7.49,0.41189,71.174
2519,05/03/2026 00:22:30,3.883,75.061,7.39,0.41076,71.178
2520,05/03/2026 00:32:30,3.891,75.074,7.29,0.41153,71.183
2521,05/03/2026 00:42:30,3.890,75.071,7.19,0.41139,71.181
2522,05/03/2026 00:52:30,3.889,75.067,7.09,0.41139,71.178
2523,05/03/2026 01:02:30,3.896,75.071,7.09,0.41209,71.175
2524,05/03/2026 01:12:30,3.904,75.084,6.99,0.41286,71.180
2525,05/03/2026 01:22:30,3.899,75.077,6.89,0.41237,71.178
2526,05/03/2026 01:32:30,3.907,75.077,6.89,0.41314,71.170
2527,05/03/2026 01:42:30,3.902,75.065,6.79,0.41272,71.163
2528,05/03/2026 01:52:30,3.901,75.054,6.68,0.41257,71.153
2529,05/03/2026 02:02:30,3.915,75.059,6.58,0.41398,71.144
2530,05/03/2026 02:12:30,3.911,75.051,6.58,0.41356,71.140
2531,05/03/2026 02:22:30,3.911,75.039,6.48,0.41362,71.128
2532,05/03/2026 02:32:30,3.911,75.024,6.38,0.41355,71.113
2533,05/03/2026 02:42:30,3.910,75.028,6.38,0.41348,71.118
2534,05/03/2026 02:52:30,3.916,75.041,6.28,0.41404,71.125
2535,05/03/2026 03:02:30,3.922,75.054,6.18,0.41467,71.132
2536,05/03/2026 03:12:30,3.917,75.050,6.07,0.41425,71.133
2537,05/03/2026 03:22:30,3.927,75.055,5.97,0.41523,71.128
2538,05/03/2026 03:32:30,3.927,75.055,5.97,0.41523,71.128
2539,05/03/2026 03:42:30,3.917,75.044,5.87,0.41417,71.127
2540,05/03/2026 03:52:30,3.916,75.045,5.77,0.41403,71.129
2541,05/03/2026 04:02:30,3.913,75.037,5.67,0.41382,71.124
2542,05/03/2026 04:12:30,3.924,75.045,5.67,0.41494,71.121
2543,05/03/2026 04:22:30,3.928,75.050,5.56,0.41529,71.122
2544,05/03/2026 04:32:30,3.925,75.051,5.46,0.41501,71.126
2545,05/03/2026 04:42:30,3.912,75.032,5.36,0.41360,71.120
2546,05/03/2026 04:52:30,3.931,75.040,5.36,0.41557,71.109
2547,05/03/2026 05:02:30,3.907,75.016,5.25,0.41318,71.109
2548,05/03/2026 05:12:30,3.911,75.008,5.25,0.41360,71.097
2549,05/03/2026 05:22:30,3.908,75.001,5.15,0.41325,71.093
2550,05/03/2026 05:32:30,3.906,75.001,5.15,0.41304,71.095
2551,05/03/2026 05:42:30,3.913,75.010,5.05,0.41374,71.097
2552,05/03/2026 05:52:30,3.913,75.011,4.94,0.41374,71.098
2553,05/03/2026 06:02:30,3.916,75.015,4.94,0.41402,71.099
2554,05/03/2026 06:12:30,3.906,75.003,4.84,0.41310,71.097
2555,05/03/2026 06:22:30,3.890,74.995,4.84,0.41142,71.105
2556,05/03/2026 06:32:30,3.893,74.996,4.74,0.41170,71.103
2557,05/03/2026 06:42:30,3.912,75.017,4.63,0.41366,71.105
2558,05/03/2026 06:52:30,3.906,75.017,4.63,0.41303,71.111
2559,05/03/2026 07:02:30,3.901,75.017,4.63,0.41254,71.116
2560,05/03/2026 07:12:30,3.897,75.018,4.53,0.41212,71.121
2561,05/03/2026 07:22:30,3.878,75.006,4.53,0.41015,71.128
2562,05/03/2026 07:32:30,3.880,75.011,4.43,0.41036,71.131
2563,05/03/2026 07:42:30,3.866,75.003,4.43,0.40895,71.137
2564,05/03/2026 07:52:30,3.874,75.007,4.43,0.40973,71.133
2565,05/03/2026 08:02:30,3.863,74.995,4.43,0.40860,71.132
2566,05/03/2026 08:12:30,3.861,74.995,4.43,0.40839,71.134
2567,05/03/2026 08:22:30,3.864,74.991,4.43,0.40874,71.127
2568,05/03/2026 08:32:30,3.861,74.986,4.43,0.40853,71.125
2569,05/03/2026 08:42:30,3.866,74.991,4.43,0.40888,71.125
2570,05/03/2026 08:52:30,3.846,74.958,4.43,0.40698,71.112
2571,05/03/2026 09:02:30,3.851,74.949,4.53,0.40748,71.098
2572,05/03/2026 09:12:30,3.849,74.957,4.53,0.40727,71.108
2573,05/03/2026 09:22:30,3.849,74.941,4.63,0.40720,71.092
2574,05/03/2026 09:32:30,3.834,74.920,4.74,0.40565,71.086
2575,05/03/2026 09:42:30,3.836,74.903,4.84,0.40586,71.067
2576,05/03/2026 09:52:30,3.834,74.902,4.94,0.40572,71.068
2577,05/03/2026 10:02:30,3.817,74.881,5.05,0.40397,71.064
2578,05/03/2026 10:12:30,3.830,74.880,5.15,0.40530,71.050
2579,05/03/2026 10:22:30,3.829,74.879,5.25,0.40523,71.050
2580,05/03/2026 10:32:30,3.825,74.887,5.36,0.40474,71.062
2581,05/03/2026 10:42:30,3.823,74.873,5.56,0.40461,71.050
2582,05/03/2026 10:52:30,3.819,74.884,5.67,0.40419,71.065
2583,05/03/2026 11:02:30,3.822,74.887,5.87,0.40447,71.065
2584,05/03/2026 11:12:30,3.813,74.846,5.97,0.40356,71.033
2585,05/03/2026 11:22:30,3.817,74.856,6.18,0.40398,71.039
2586,05/03/2026 11:32:30,3.807,74.831,6.28,0.40300,71.024
2587,05/03/2026 11:42:30,3.811,74.838,6.48,0.40336,71.027
2588,05/03/2026 11:52:30,3.798,74.816,6.68,0.40210,71.018
2589,05/03/2026 12:02:30,3.802,74.803,6.89,0.40245,71.001
2590,05/03/2026 12:12:30,3.800,74.805,7.09,0.40232,71.005
2591,05/03/2026 12:22:30,3.799,74.784,7.29,0.40218,70.985
2592,05/03/2026 12:32:30,3.815,74.794,7.49,0.40387,70.979
2593,05/03/2026 12:42:30,3.801,74.789,7.69,0.40240,70.988
2594,05/03/2026 12:52:30,3.802,74.772,7.89,0.40248,70.970
2595,05/03/2026 13:02:30,3.780,74.753,8.19,0.40031,70.973
2596,05/03/2026 13:12:30,3.789,74.748,8.39,0.40123,70.959
2597,05/03/2026 13:22:30,3.768,74.723,8.59,0.39898,70.955
2598,05/03/2026 13:32:30,3.766,74.705,8.79,0.39885,70.939
2599,05/03/2026 13:42:30,3.761,74.696,8.99,0.39836,70.935
2600,05/03/2026 13:52:30,3.782,74.707,9.19,0.40048,70.925
2601,05/03/2026 14:02:30,3.769,74.698,9.29,0.39915,70.929
2602,05/03/2026 14:12:30,3.776,74.681,9.39,0.39992,70.905
2603,05/03/2026 14:22:30,3.753,74.656,9.48,0.39761,70.903
2604,05/03/2026 14:32:30,3.761,74.651,9.68,0.39839,70.890
2605,05/03/2026 14:42:30,3.746,74.638,9.78,0.39691,70.892
2606,05/03/2026 14:52:30,3.737,74.622,9.78,0.39593,70.885
2607,05/03/2026 15:02:30,3.746,74.617,9.98,0.39685,70.871
2608,05/03/2026 15:12:30,3.747,74.608,10.17,0.39693,70.861
2609,05/03/2026 15:22:30,3.770,74.623,10.27,0.39932,70.853
2610,05/03/2026 15:32:30,3.764,74.597,10.57,0.39877,70.833
2611,05/03/2026 15:42:30,3.776,74.597,10.66,0.39990,70.821
2612,05/03/2026 15:52:30,3.783,74.592,10.76,0.40068,70.809
2613,05/03/2026 16:02:30,3.792,74.596,10.86,0.40153,70.804
2614,05/03/2026 16:12:30,3.812,74.616,10.86,0.40357,70.804
2615,05/03/2026 16:22:30,3.802,74.595,10.96,0.40259,70.793
2616,05/03/2026 16:32:30,3.812,74.595,10.96,0.40364,70.783
2617,05/03/2026 16:42:30,3.825,74.602,11.05,0.40498,70.777
2618,05/03/2026 16:52:30,3.823,74.618,11.15,0.40478,70.795
2619,05/03/2026 17:02:30,3.830,74.617,11.35,0.40549,70.787
2620,05/03/2026 17:12:30,3.827,74.616,11.44,0.40521,70.789
2621,05/03/2026 17:22:30,3.823,74.596,11.54,0.40473,70.773
2622,05/03/2026 17:32:30,3.816,74.587,11.64,0.40410,70.771
2623,05/03/2026 17:42:30,3.808,74.575,11.64,0.40325,70.767
2624,05/03/2026 17:52:30,3.796,74.563,11.64,0.40199,70.767
2625,05/03/2026 18:02:30,3.798,74.559,11.64,0.40220,70.761
2626,05/03/2026 18:12:30,3.812,74.574,11.74,0.40368,70.762
2627,05/03/2026 18:22:30,3.807,74.570,11.74,0.40319,70.763
2628,05/03/2026 18:32:30,3.804,74.566,11.74,0.40291,70.762
2629,05/03/2026 18:42:30,3.783,74.542,11.74,0.40073,70.759
2630,05/03/2026 18:52:30,3.797,74.563,11.64,0.40213,70.766
2631,05/03/2026 19:02:30,3.797,74.559,11.64,0.40213,70.762
2632,05/03/2026 19:12:30,3.792,74.559,11.54,0.40163,70.767
2633,05/03/2026 19:22:30,3.793,74.559,11.54,0.40177,70.766
2634,05/03/2026 19:32:30,3.799,74.564,11.44,0.40233,70.765
2635,05/03/2026 19:42:30,3.800,74.564,11.44,0.40240,70.764
2636,05/03/2026 19:52:30,3.806,74.573,11.35,0.40303,70.767
2637,05/03/2026 20:02:30,3.801,74.565,11.35,0.40247,70.764
2638,05/03/2026 20:12:30,3.811,74.573,11.25,0.40359,70.762
2639,05/03/2026 20:22:30,3.805,74.570,11.15,0.40288,70.765
2640,05/03/2026 20:32:30,3.824,74.594,11.15,0.40485,70.770
2641,05/03/2026 20:42:30,3.808,74.582,11.05,0.40330,70.774
2642,05/03/2026 20:52:30,3.816,74.591,10.96,0.40407,70.775
2643,05/03/2026 21:02:30,3.809,74.587,10.86,0.40336,70.778
2644,05/03/2026 21:12:30,3.812,74.596,10.76,0.40364,70.784
2645,05/03/2026 21:22:30,3.810,74.589,10.66,0.40335,70.779
2646,05/03/2026 21:32:30,3.799,74.581,10.66,0.40222,70.782
2647,05/03/2026 21:42:30,3.808,74.585,10.57,0.40320,70.777
2648,05/03/2026 21:52:30,3.770,74.554,10.47,0.39926,70.784
2649,05/03/2026 22:02:30,3.786,74.562,10.37,0.40095,70.776
2650,05/03/2026 22:12:30,3.795,74.575,10.27,0.40186,70.780
2651,05/03/2026 22:22:30,3.793,74.584,10.17,0.40171,70.790
2652,05/03/2026 22:32:30,3.815,74.600,10.08,0.40396,70.785
2653,05/03/2026 22:42:30,3.824,74.601,9.98,0.40480,70.777
2654,05/03/2026 22:52:30,3.822,74.597,9.88,0.40465,70.775
2655,05/03/2026 23:02:30,3.833,74.598,9.78,0.40571,70.765
2656,05/03/2026 23:12:30,3.829,74.591,9.68,0.40528,70.762
2657,05/03/2026 23:22:30,3.838,74.595,9.58,0.40626,70.757
2658,05/03/2026 23:32:30,3.853,74.608,9.48,0.40773,70.755
2659,05/03/2026 23:42:30,3.853,74.596,9.39,0.40780,70.743
2660,05/03/2026 23:52:30,3.855,74.601,9.29,0.40794,70.746
2661,05/04/2026 00:02:30,3.863,74.602,9.19,0.40871,70.739
2662,05/04/2026 00:12:30,3.860,74.594,9.09,0.40849,70.734
2663,05/04/2026 00:22:30,3.884,74.611,8.99,0.41088,70.727
2664,05/04/2026 00:32:30,3.878,74.616,8.89,0.41024,70.738
2665,05/04/2026 00:42:30,3.898,74.633,8.79,0.41228,70.735
2666,05/04/2026 00:52:30,3.898,74.629,8.69,0.41235,70.731
2667,05/04/2026 01:02:30,3.915,74.642,8.59,0.41403,70.727
2668,05/04/2026 01:12:30,3.919,74.639,8.49,0.41438,70.720
2669,05/04/2026 01:22:30,3.923,74.635,8.39,0.41487,70.712
2670,05/04/2026 01:32:30,3.926,74.632,8.29,0.41515,70.706
2671,05/04/2026 01:42:30,3.931,74.628,8.29,0.41564,70.697
2672,05/04/2026 01:52:30,3.933,74.624,8.19,0.41592,70.691
2673,05/04/2026 02:02:30,3.943,74.625,8.09,0.41690,70.682
2674,05/04/2026 02:12:30,3.939,74.618,7.99,0.41648,70.679
2675,05/04/2026 02:22:30,3.937,74.626,7.89,0.41633,70.689
2676,05/04/2026 02:32:30,3.960,74.631,7.79,0.41865,70.671
2677,05/04/2026 02:42:30,3.956,74.627,7.79,0.41823,70.671
2678,05/04/2026 02:52:30,3.951,74.608,7.69,0.41766,70.657
2679,05/04/2026 03:02:30,3.954,74.604,7.59,0.41801,70.650
2680,05/04/2026 03:12:30,3.956,74.597,7.49,0.41822,70.641
2681,05/04/2026 03:22:30,3.952,74.590,7.39,0.41772,70.638
2682,05/04/2026 03:32:30,3.953,74.586,7.29,0.41793,70.633
2683,05/04/2026 03:42:30,3.960,74.598,7.29,0.41864,70.638
2684,05/04/2026 03:52:30,3.967,74.611,7.19,0.41934,70.644
2685,05/04/2026 04:02:30,3.963,74.616,7.09,0.41891,70.653
2686,05/04/2026 04:12:30,3.947,74.605,6.99,0.41722,70.658
2687,05/04/2026 04:22:30,3.958,74.625,6.99,0.41835,70.667
2688,05/04/2026 04:32:30,3.942,74.601,6.89,0.41680,70.659
2689,05/04/2026 04:42:30,3.951,74.606,6.79,0.41764,70.655
2690,05/04/2026 04:52:30,3.940,74.590,6.79,0.41651,70.650
2691,05/04/2026 05:02:30,3.928,74.583,6.68,0.41525,70.655
2692,05/04/2026 05:12:30,3.943,74.612,6.58,0.41679,70.669
2693,05/04/2026 05:22:30,3.942,74.624,6.58,0.41672,70.682
2694,05/04/2026 05:32:30,3.942,74.628,6.48,0.41679,70.686
2695,05/04/2026 05:42:30,3.948,74.620,6.48,0.41742,70.672
2696,05/04/2026 05:52:30,3.941,74.609,6.38,0.41665,70.668
2697,05/04/2026 06:02:30,3.913,74.589,6.38,0.41376,70.676
2698,05/04/2026 06:12:30,3.938,74.625,6.38,0.41636,70.687
2699,05/04/2026 06:22:30,3.922,74.610,6.28,0.41467,70.688
2700,05/04/2026 06:32:30,3.913,74.618,6.28,0.41376,70.705
2701,05/04/2026 06:42:30,3.910,74.619,6.18,0.41341,70.709
2702,05/04/2026 06:52:30,3.913,74.635,6.18,0.41376,70.722
2703,05/04/2026 07:02:30,3.909,74.656,6.07,0.41333,70.747
2704,05/04/2026 07:12:30,3.899,74.660,6.07,0.41228,70.761
2705,05/04/2026 07:22:30,3.899,74.635,6.07,0.41242,70.736
2706,05/04/2026 07:32:30,3.905,74.636,5.97,0.41298,70.731
2707,05/04/2026 07:42:30,3.909,74.625,5.87,0.41333,70.716
2708,05/04/2026 07:52:30,3.920,74.637,5.87,0.41446,70.717
2709,05/04/2026 08:02:30,3.897,74.625,5.87,0.41214,70.728
2710,05/04/2026 08:12:30,3.896,74.625,5.87,0.41199,70.729
2711,05/04/2026 08:22:30,3.893,74.625,5.87,0.41171,70.732
2712,05/04/2026 08:32:30,3.895,74.621,5.87,0.41192,70.726
2713,05/04/2026 08:42:30,3.894,74.609,5.87,0.41178,70.715
2714,05/04/2026 08:52:30,3.885,74.597,5.87,0.41087,70.712
2715,05/04/2026 09:02:30,3.891,74.596,5.97,0.41150,70.705
2716,05/04/2026 09:12:30,3.889,74.580,5.97,0.41129,70.691
2717,05/04/2026 09:22:30,3.875,74.560,5.97,0.40989,70.685
2718,05/04/2026 09:32:30,3.883,74.551,6.07,0.41073,70.668
2719,05/04/2026 09:42:30,3.889,74.551,6.07,0.41130,70.662
2720,05/04/2026 09:52:30,3.879,74.530,6.18,0.41031,70.651
2721,05/04/2026 10:02:30,3.900,74.545,6.28,0.41249,70.645
2722,05/04/2026 10:12:30,3.887,74.521,6.28,0.41116,70.634
2723,05/04/2026 10:22:30,3.894,74.512,6.38,0.41186,70.618
2724,05/04/2026 10:32:30,3.889,74.499,6.48,0.41137,70.610
2725,05/04/2026 10:42:30,3.895,74.483,6.58,0.41194,70.588
2726,05/04/2026 10:52:30,3.903,74.487,6.58,0.41271,70.584
2727,05/04/2026 11:02:30,3.901,74.486,6.68,0.41257,70.585
2728,05/04/2026 11:12:30,3.896,74.469,6.79,0.41208,70.573
2729,05/04/2026 11:22:30,3.900,74.480,6.89,0.41251,70.580
2730,05/04/2026 11:32:30,3.896,74.459,6.99,0.41209,70.563
2731,05/04/2026 11:42:30,3.881,74.435,7.09,0.41047,70.554
2732,05/04/2026 11:52:30,3.892,74.434,7.19,0.41167,70.542
2733,05/04/2026 12:02:30,3.887,74.425,7.29,0.41118,70.538
2734,05/04/2026 12:12:30,3.888,74.420,7.39,0.41133,70.532
2735,05/04/2026 12:22:30,3.889,74.408,7.49,0.41133,70.519
2736,05/04/2026 12:32:30,3.882,74.391,7.59,0.41063,70.509
2737,05/04/2026 12:42:30,3.888,74.386,7.69,0.41126,70.498
2738,05/04/2026 12:52:30,3.875,74.361,7.79,0.40993,70.486
2739,05/04/2026 13:02:30,3.887,74.369,7.89,0.41113,70.482
2740,05/04/2026 13:12:30,3.883,74.384,7.99,0.41078,70.501
2741,05/04/2026 13:22:30,3.877,74.399,8.19,0.41015,70.522
2742,05/04/2026 13:32:30,3.896,74.422,8.29,0.41212,70.526
2743,05/04/2026 13:42:30,3.893,74.446,8.39,0.41178,70.553
2744,05/04/2026 13:52:30,3.903,74.438,8.39,0.41276,70.535
2745,05/04/2026 14:02:30,3.902,74.429,8.49,0.41269,70.527
2746,05/04/2026 14:12:30,3.893,74.388,8.59,0.41178,70.495
2747,05/04/2026 14:22:30,3.895,74.363,8.69,0.41200,70.468
2748,05/04/2026 14:32:30,3.889,74.350,8.89,0.41137,70.461
2749,05/04/2026 14:42:30,3.895,74.349,8.99,0.41201,70.454
2750,05/04/2026 14:52:30,3.897,74.361,9.09,0.41215,70.464
2751,05/04/2026 15:02:30,3.888,74.365,9.09,0.41124,70.477
2752,05/04/2026 15:12:30,3.884,74.344,9.19,0.41089,70.460
2753,05/04/2026 15:22:30,3.900,74.334,9.39,0.41258,70.434
2754,05/04/2026 15:32:30,3.891,74.314,9.48,0.41160,70.423
2755,05/04/2026 15:42:30,3.904,74.349,9.58,0.41301,70.445
2756,05/04/2026 15:52:30,3.899,74.341,9.68,0.41238,70.442
2757,05/04/2026 16:02:30,3.893,74.324,9.78,0.41182,70.431
2758,05/04/2026 16:12:30,3.887,74.307,9.88,0.41127,70.420
2759,05/04/2026 16:22:30,3.904,74.315,9.98,0.41296,70.411
2760,05/04/2026 16:32:30,3.904,74.314,10.08,0.41296,70.410
2761,05/04/2026 16:42:30,3.912,74.330,10.08,0.41381,70.418
2762,05/04/2026 16:52:30,3.912,74.366,10.08,0.41381,70.454
2763,05/04/2026 17:02:30,3.923,74.379,9.98,0.41493,70.456
2764,05/04/2026 17:12:30,3.942,74.399,9.98,0.41690,70.457
2765,05/04/2026 17:22:30,3.939,74.392,9.88,0.41654,70.453
2766,05/04/2026 17:32:30,3.930,74.404,9.88,0.41563,70.474
2767,05/04/2026 17:42:30,3.959,74.420,9.88,0.41858,70.461
2768,05/04/2026 17:52:30,3.939,74.412,9.88,0.41654,70.473
2769,05/04/2026 18:02:30,3.941,74.404,9.88,0.41675,70.463
2770,05/04/2026 18:12:30,3.943,74.384,9.88,0.41689,70.441
2771,05/04/2026 18:22:30,3.961,74.408,9.88,0.41879,70.447
2772,05/04/2026 18:32:30,3.970,74.408,9.88,0.41971,70.438
2773,05/04/2026 18:42:30,3.978,74.432,9.88,0.42055,70.454
2774,05/04/2026 18:52:30,3.979,74.421,9.78,0.42062,70.442
2775,05/04/2026 19:02:30,3.974,74.384,9.78,0.42012,70.410
2776,05/04/2026 19:12:30,3.990,74.409,9.78,0.42167,70.419
2777,05/04/2026 19:22:30,3.987,74.393,9.68,0.42146,70.406
2778,05/04/2026 19:32:30,3.972,74.365,9.68,0.41991,70.393
2779,05/04/2026 19:42:30,3.991,74.397,9.68,0.42188,70.406
2780,05/04/2026 19:52:30,3.987,74.414,9.58,0.42138,70.427
2781,05/04/2026 20:02:30,3.995,74.414,9.58,0.42223,70.419
2782,05/04/2026 20:12:30,3.996,74.435,9.48,0.42229,70.439
2783,05/04/2026 20:22:30,4.003,74.435,9.48,0.42300,70.432
2784,05/04/2026 20:32:30,4.012,74.431,9.48,0.42391,70.419
2785,05/04/2026 20:42:30,4.016,74.451,9.39,0.42440,70.435
2786,05/04/2026 20:52:30,4.012,74.460,9.29,0.42397,70.448
2787,05/04/2026 21:02:30,4.013,74.468,9.29,0.42404,70.455
2788,05/04/2026 21:12:30,4.016,74.477,9.19,0.42432,70.461
2789,05/04/2026 21:22:30,4.028,74.505,9.19,0.42559,70.477
2790,05/04/2026 21:32:30,4.042,74.518,9.09,0.42699,70.476
2791,05/04/2026 21:42:30,4.045,74.522,9.09,0.42727,70.477
2792,05/04/2026 21:52:30,4.038,74.526,8.99,0.42664,70.488
2793,05/04/2026 22:02:30,4.067,74.543,8.89,0.42959,70.476
2794,05/04/2026 22:12:30,4.067,74.551,8.89,0.42959,70.484
2795,05/04/2026 22:22:30,4.078,74.564,8.79,0.43071,70.486
2796,05/04/2026 22:32:30,4.097,74.573,8.69,0.43260,70.476
2797,05/04/2026 22:42:30,4.092,74.577,8.69,0.43211,70.485
2798,05/04/2026 22:52:30,4.097,74.573,8.59,0.43267,70.476
2799,05/04/2026 23:02:30,4.124,74.598,8.59,0.43534,70.474
2800,05/04/2026 23:12:30,4.120,74.594,8.49,0.43499,70.474
2801,05/04/2026 23:22:30,4.117,74.567,8.39,0.43463,70.450
2802,05/04/2026 23:32:30,4.120,74.571,8.39,0.43491,70.451
2803,05/04/2026 23:42:30,4.121,74.563,8.29,0.43505,70.442
2804,05/04/2026 23:52:30,4.109,74.560,8.19,0.43378,70.451
2805,05/05/2026 00:02:30,4.119,74.552,8.19,0.43484,70.433
2806,05/05/2026 00:12:30,4.124,74.565,8.09,0.43533,70.441
2807,05/05/2026 00:22:30,4.121,74.557,7.99,0.43504,70.436
2808,05/05/2026 00:32:30,4.125,74.557,7.99,0.43546,70.432
2809,05/05/2026 00:42:30,4.124,74.562,7.89,0.43532,70.438
2810,05/05/2026 00:52:30,4.132,74.563,7.79,0.43609,70.431
2811,05/05/2026 01:02:30,4.124,74.555,7.69,0.43538,70.431
2812,05/05/2026 01:12:30,4.147,74.571,7.69,0.43770,70.424
2813,05/05/2026 01:22:30,4.129,74.560,7.59,0.43587,70.431
2814,05/05/2026 01:32:30,4.135,74.553,7.49,0.43643,70.418
2815,05/05/2026 01:42:30,4.150,74.569,7.49,0.43798,70.419
2816,05/05/2026 01:52:30,4.138,74.553,7.39,0.43678,70.415
2817,05/05/2026 02:02:30,4.137,74.538,7.29,0.43664,70.401
2818,05/05/2026 02:12:30,4.143,74.542,7.29,0.43727,70.399
2819,05/05/2026 02:22:30,4.139,74.519,7.19,0.43678,70.380
2820,05/05/2026 02:32:30,4.125,74.507,7.09,0.43544,70.382
2821,05/05/2026 02:42:30,4.132,74.495,7.09,0.43614,70.363
2822,05/05/2026 02:52:30,4.148,74.504,6.99,0.43776,70.356
2823,05/05/2026 03:02:30,4.128,74.480,6.89,0.43578,70.352
2824,05/05/2026 03:12:30,4.134,74.484,6.89,0.43635,70.350
2825,05/05/2026 03:22:30,4.125,74.473,6.79,0.43543,70.348
2826,05/05/2026 03:32:30,4.145,74.493,6.79,0.43747,70.348
2827,05/05/2026 03:42:30,4.116,74.449,6.79,0.43452,70.333
2828,05/05/2026 03:52:30,4.121,74.446,6.68,0.43494,70.325
2829,05/05/2026 04:02:30,4.114,74.446,6.68,0.43423,70.332
2830,05/05/2026 04:12:30,4.110,74.446,6.58,0.43395,70.336
2831,05/05/2026 04:22:30,4.111,74.446,6.58,0.43402,70.335
2832,05/05/2026 04:32:30,4.106,74.431,6.48,0.43345,70.325
2833,05/05/2026 04:42:30,4.101,74.419,6.48,0.43296,70.318
2834,05/05/2026 04:52:30,4.075,74.403,6.48,0.43029,70.328
2835,05/05/2026 05:02:30,4.097,74.420,6.38,0.43254,70.323
2836,05/05/2026 05:12:30,4.091,74.408,6.38,0.43191,70.317
2837,05/05/2026 05:22:30,4.092,74.412,6.28,0.43204,70.320
2838,05/05/2026 05:32:30,4.087,74.384,6.28,0.43155,70.297
2839,05/05/2026 05:42:30,4.079,74.384,6.28,0.43071,70.305
2840,05/05/2026 05:52:30,4.074,74.377,6.18,0.43021,70.303
2841,05/05/2026 06:02:30,4.071,74.381,6.18,0.42986,70.310
2842,05/05/2026 06:12:30,4.067,74.361,6.07,0.42951,70.294
2843,05/05/2026 06:22:30,4.060,74.365,6.07,0.42880,70.305
2844,05/05/2026 06:32:30,4.065,74.374,6.07,0.42923,70.309
2845,05/05/2026 06:42:30,4.078,74.382,5.97,0.43063,70.304
2846,05/05/2026 06:52:30,4.051,74.370,5.97,0.42789,70.319
2847,05/05/2026 07:02:30,4.052,74.371,5.87,0.42796,70.319
2848,05/05/2026 07:12:30,4.047,74.375,5.87,0.42746,70.328
2849,05/05/2026 07:22:30,4.028,74.355,5.87,0.42550,70.327
2850,05/05/2026 07:32:30,4.017,74.351,5.87,0.42437,70.334
2851,05/05/2026 07:42:30,4.015,74.347,5.87,0.42416,70.332
2852,05/05/2026 07:52:30,4.007,74.332,5.77,0.42331,70.325
2853,05/05/2026 08:02:30,3.992,74.311,5.77,0.42191,70.319
2854,05/05/2026 08:12:30,3.982,74.299,5.77,0.42085,70.317
2855,05/05/2026 08:22:30,3.984,74.295,5.77,0.42106,70.311
2856,05/05/2026 08:32:30,3.970,74.271,5.77,0.41959,70.301
2857,05/05/2026 08:42:30,3.975,74.263,5.77,0.42008,70.288
2858,05/05/2026 08:52:30,3.973,74.246,5.87,0.41994,70.273
2859,05/05/2026 09:02:30,3.976,74.238,5.87,0.42022,70.262
2860,05/05/2026 09:12:30,3.987,74.242,5.87,0.42135,70.255
2861,05/05/2026 09:22:30,3.979,74.233,5.97,0.42058,70.254
2862,05/05/2026 09:32:30,3.977,74.225,5.97,0.42036,70.248
2863,05/05/2026 09:42:30,3.986,74.233,6.07,0.42121,70.247
2864,05/05/2026 09:52:30,3.970,74.204,6.07,0.41959,70.234
2865,05/05/2026 10:02:30,3.988,74.212,6.18,0.42142,70.224
2866,05/05/2026 10:12:30,3.988,74.199,6.28,0.42142,70.211
2867,05/05/2026 10:22:30,3.979,74.190,6.38,0.42051,70.211
2868,05/05/2026 10:32:30,3.987,74.182,6.38,0.42136,70.195
2869,05/05/2026 10:42:30,3.995,74.185,6.48,0.42220,70.190
2870,05/05/2026 10:52:30,3.990,74.176,6.68,0.42157,70.186
2871,05/05/2026 11:02:30,3.987,74.147,6.68,0.42136,70.160
2872,05/05/2026 11:12:30,3.991,74.143,6.79,0.42172,70.152
2873,05/05/2026 11:22:30,3.985,74.142,6.89,0.42116,70.157
2874,05/05/2026 11:32:30,3.985,74.133,6.99,0.42116,70.148
2875,05/05/2026 11:42:30,3.974,74.124,7.09,0.42004,70.150
2876,05/05/2026 11:52:30,3.970,74.112,7.19,0.41955,70.142
2877,05/05/2026 12:02:30,3.970,74.103,7.19,0.41969,70.133
2878,05/05/2026 12:12:30,3.967,74.107,7.29,0.41927,70.140
2879,05/05/2026 12:22:30,3.976,74.117,7.49,0.42026,70.141
2880,05/05/2026 12:32:30,3.964,74.081,7.49,0.41906,70.117
2881,05/05/2026 12:42:30,3.968,74.080,7.59,0.41949,70.112
2882,05/05/2026 12:52:30,3.964,74.072,7.69,0.41900,70.108
2883,05/05/2026 13:02:30,3.965,74.050,7.89,0.41914,70.085
2884,05/05/2026 13:12:30,3.960,74.029,7.99,0.41866,70.069
2885,05/05/2026 13:22:30,3.950,74.036,8.19,0.41761,70.086
2886,05/05/2026 13:32:30,3.952,74.006,8.39,0.41789,70.054
2887,05/05/2026 13:42:30,3.958,74.017,8.59,0.41846,70.059
2888,05/05/2026 13:52:30,3.960,74.032,8.79,0.41861,70.072
2889,05/05/2026 14:02:30,3.964,74.010,8.99,0.41911,70.046
2890,05/05/2026 14:12:30,3.947,73.997,9.19,0.41736,70.050
2891,05/05/2026 14:22:30,3.946,74.017,9.29,0.41722,70.071
2892,05/05/2026 14:32:30,3.949,74.000,9.39,0.41751,70.051
2893,05/05/2026 14:42:30,3.934,73.986,9.58,0.41611,70.052
2894,05/05/2026 14:52:30,3.930,73.974,9.68,0.41562,70.044
2895,05/05/2026 15:02:30,3.948,73.997,9.88,0.41746,70.049
2896,05/05/2026 15:12:30,3.931,73.980,9.98,0.41570,70.049
2897,05/05/2026 15:22:30,3.933,73.963,10.08,0.41599,70.030
2898,05/05/2026 15:32:30,3.929,73.942,10.17,0.41557,70.013
2899,05/05/2026 15:42:30,3.923,73.958,10.27,0.41494,70.035
2900,05/05/2026 15:52:30,3.938,73.941,10.47,0.41642,70.003
2901,05/05/2026 16:02:30,3.931,73.944,10.57,0.41580,70.013
2902,05/05/2026 16:12:30,3.920,73.927,10.76,0.41461,70.007
2903,05/05/2026 16:22:30,3.908,73.946,10.86,0.41349,70.038
2904,05/05/2026 16:32:30,3.927,73.942,10.96,0.41532,70.015
2905,05/05/2026 16:42:30,3.905,73.926,10.96,0.41307,70.021
2906,05/05/2026 16:52:30,3.905,73.929,11.05,0.41314,70.024
2907,05/05/2026 17:02:30,3.917,73.937,11.05,0.41434,70.020
2908,05/05/2026 17:12:30,3.925,73.929,11.15,0.41512,70.004
2909,05/05/2026 17:22:30,3.904,73.916,11.15,0.41308,70.012
2910,05/05/2026 17:32:30,3.903,73.912,11.25,0.41294,70.009
2911,05/05/2026 17:42:30,3.892,73.896,11.25,0.41175,70.004
2912,05/05/2026 17:52:30,3.891,73.887,11.35,0.41168,69.996
2913,05/05/2026 18:02:30,3.890,73.891,11.35,0.41161,70.001
2914,05/05/2026 18:12:30,3.904,73.899,11.35,0.41302,69.995
2915,05/05/2026 18:22:30,3.885,73.891,11.35,0.41112,70.006
2916,05/05/2026 18:32:30,3.873,73.884,11.25,0.40985,70.011
2917,05/05/2026 18:42:30,3.886,73.912,11.25,0.41118,70.026
2918,05/05/2026 18:52:30,3.885,73.912,11.15,0.41111,70.027
2919,05/05/2026 19:02:30,3.882,73.912,11.15,0.41083,70.030
2920,05/05/2026 19:12:30,3.862,73.909,11.05,0.40871,70.047
2921,05/05/2026 19:22:30,3.875,73.930,10.96,0.41005,70.055
2922,05/05/2026 19:32:30,3.866,73.930,10.86,0.40920,70.064
2923,05/05/2026 19:42:30,3.863,73.939,10.76,0.40884,70.076
2924,05/05/2026 19:52:30,3.862,73.947,10.76,0.40870,70.085
2925,05/05/2026 20:02:30,3.869,73.952,10.66,0.40940,70.083
2926,05/05/2026 20:12:30,3.861,73.944,10.57,0.40862,70.083
2927,05/05/2026 20:22:30,3.877,73.969,10.47,0.41023,70.092
2928,05/05/2026 20:32:30,3.866,73.965,10.37,0.40918,70.099
2929,05/05/2026 20:42:30,3.879,73.990,10.27,0.41044,70.111
2930,05/05/2026 20:52:30,3.868,73.991,10.17,0.40931,70.123
2931,05/05/2026 21:02:30,3.848,73.983,10.17,0.40727,70.135
2932,05/05/2026 21:12:30,3.869,74.008,10.08,0.40937,70.139
2933,05/05/2026 21:22:30,3.865,74.024,9.98,0.40902,70.159
2934,05/05/2026 21:32:30,3.873,74.053,9.88,0.40986,70.180
2935,05/05/2026 21:42:30,3.868,74.062,9.78,0.40929,70.194
2936,05/05/2026 21:52:30,3.852,74.050,9.68,0.40767,70.198
2937,05/05/2026 22:02:30,3.867,74.071,9.58,0.40921,70.204
2938,05/05/2026 22:12:30,3.870,74.072,9.48,0.40949,70.202
2939,05/05/2026 22:22:30,3.873,74.072,9.39,0.40984,70.199
2940,05/05/2026 22:32:30,3.877,74.077,9.29,0.41019,70.200
2941,05/05/2026 22:42:30,3.866,74.061,9.29,0.40906,70.195
2942,05/05/2026 22:52:30,3.870,74.062,9.19,0.40941,70.192
2943,05/05/2026 23:02:30,3.868,74.062,9.09,0.40927,70.194
2944,05/05/2026 23:12:30,3.885,74.071,8.99,0.41102,70.186
2945,05/05/2026 23:22:30,3.884,74.068,8.89,0.41088,70.184
2946,05/05/2026 23:32:30,3.879,74.076,8.79,0.41038,70.197
2947,05/05/2026 23:42:30,3.896,74.089,8.69,0.41214,70.193
2948,05/05/2026 23:52:30,3.881,74.070,8.59,0.41052,70.189
2949,05/06/2026 00:02:30,3.902,74.098,8.49,0.41276,70.196
2950,05/06/2026 00:12:30,3.887,74.087,8.39,0.41121,70.200
2951,05/06/2026 00:22:30,3.898,74.104,8.29,0.41226,70.206
2952,05/06/2026 00:32:30,3.896,74.092,8.29,0.41205,70.196
2953,05/06/2026 00:42:30,3.913,74.117,8.19,0.41381,70.204
2954,05/06/2026 00:52:30,3.930,74.137,8.09,0.41563,70.207
2955,05/06/2026 01:02:30,3.921,74.126,7.99,0.41465,70.205
2956,05/06/2026 01:12:30,3.936,74.127,7.89,0.41612,70.191
2957,05/06/2026 01:22:30,3.919,74.107,7.79,0.41443,70.188
2958,05/06/2026 01:32:30,3.936,74.116,7.69,0.41619,70.180
2959,05/06/2026 01:42:30,3.946,74.129,7.59,0.41717,70.183
2960,05/06/2026 01:52:30,3.947,74.141,7.59,0.41724,70.194
2961,05/06/2026 02:02:30,3.945,74.142,7.49,0.41702,70.197
2962,05/06/2026 02:12:30,3.953,74.146,7.39,0.41794,70.193
2963,05/06/2026 02:22:30,3.956,74.131,7.29,0.41821,70.175
2964,05/06/2026 02:32:30,3.963,74.127,7.29,0.41892,70.164
2965,05/06/2026 02:42:30,3.965,74.120,7.19,0.41906,70.155
2966,05/06/2026 02:52:30,3.964,74.108,7.09,0.41905,70.144
2967,05/06/2026 03:02:30,3.963,74.109,6.99,0.41891,70.146
2968,05/06/2026 03:12:30,3.948,74.089,6.99,0.41736,70.141
2969,05/06/2026 03:22:30,3.945,74.134,6.89,0.41708,70.189
2970,05/06/2026 03:32:30,3.962,74.143,6.79,0.41876,70.181
2971,05/06/2026 03:42:30,3.942,74.127,6.79,0.41672,70.185
2972,05/06/2026 03:52:30,3.950,74.119,6.68,0.41757,70.169
2973,05/06/2026 04:02:30,3.952,74.124,6.58,0.41777,70.172
2974,05/06/2026 04:12:30,3.967,74.129,6.48,0.41925,70.162
2975,05/06/2026 04:22:30,3.961,74.093,6.48,0.41862,70.132
2976,05/06/2026 04:32:30,3.948,74.093,6.38,0.41735,70.145
2977,05/06/2026 04:42:30,3.944,74.093,6.38,0.41700,70.149
2978,05/06/2026 04:52:30,3.960,74.114,6.28,0.41861,70.154
2979,05/06/2026 05:02:30,3.950,74.106,6.28,0.41756,70.156
2980,05/06/2026 05:12:30,3.956,74.115,6.18,0.41819,70.159
2981,05/06/2026 05:22:30,3.962,74.119,6.18,0.41875,70.157
2982,05/06/2026 05:32:30,3.955,74.116,6.07,0.41805,70.161
2983,05/06/2026 05:42:30,3.953,74.116,5.97,0.41790,70.163
2984,05/06/2026 05:52:30,3.962,74.121,5.97,0.41875,70.159
2985,05/06/2026 06:02:30,3.958,74.125,5.87,0.41839,70.167
2986,05/06/2026 06:12:30,3.963,74.133,5.87,0.41889,70.170
2987,05/06/2026 06:22:30,3.954,74.126,5.77,0.41797,70.172
2988,05/06/2026 06:32:30,3.948,74.118,5.77,0.41734,70.170
2989,05/06/2026 06:42:30,3.932,74.078,5.77,0.41572,70.146
2990,05/06/2026 06:52:30,3.952,74.107,5.67,0.41776,70.155
2991,05/06/2026 07:02:30,3.930,74.107,5.67,0.41551,70.177
2992,05/06/2026 07:12:30,3.948,74.111,5.67,0.41734,70.163
2993,05/06/2026 07:22:30,3.941,74.095,5.56,0.41670,70.154
2994,05/06/2026 07:32:30,3.929,74.079,5.56,0.41543,70.150
2995,05/06/2026 07:42:30,3.932,74.095,5.56,0.41579,70.163
2996,05/06/2026 07:52:30,3.936,74.120,5.46,0.41614,70.184
2997,05/06/2026 08:02:30,3.949,74.185,5.46,0.41740,70.236
2998,05/06/2026 08:12:30,3.958,74.218,5.36,0.41831,70.260
2999,05/06/2026 08:22:30,3.954,74.182,5.25,0.41796,70.228
3000,05/06/2026 08:32:30,3.972,74.192,5.05,0.41979,70.220
3001,05/06/2026 08:42:30,3.960,74.201,4.94,0.41852,70.241
3002,05/06/2026 08:52:30,3.973,74.234,4.84,0.41986,70.261
3003,05/06/2026 09:02:30,3.955,74.219,4.74,0.41803,70.264
3004,05/06/2026 09:12:30,3.974,74.227,4.74,0.41999,70.253
3005,05/06/2026 09:22:30,3.959,74.220,4.63,0.41838,70.261
3006,05/06/2026 09:32:30,3.967,74.227,4.74,0.41922,70.260
3007,05/06/2026 09:42:30,3.980,74.263,4.74,0.42063,70.283
3008,05/06/2026 09:52:30,3.987,74.291,4.74,0.42133,70.304
3009,05/06/2026 10:02:30,3.972,74.287,4.74,0.41978,70.315
3010,05/06/2026 10:12:30,3.986,74.299,4.74,0.42126,70.313
3011,05/06/2026 10:22:30,3.969,74.279,4.74,0.41950,70.310
3012,05/06/2026 10:32:30,3.980,74.307,4.74,0.42063,70.327
3013,05/06/2026 10:42:30,3.979,74.299,4.74,0.42049,70.320
3014,05/06/2026 10:52:30,3.980,74.311,4.84,0.42056,70.331
3015,05/06/2026 11:02:30,3.990,74.330,4.94,0.42161,70.340
3016,05/06/2026 11:12:30,3.984,74.334,4.94,0.42098,70.350
3017,05/06/2026 11:22:30,3.993,74.346,4.94,0.42190,70.353
3018,05/06/2026 11:32:30,3.983,74.357,5.05,0.42091,70.374
3019,05/06/2026 11:42:30,3.972,74.353,5.05,0.41979,70.381
3020,05/06/2026 11:52:30,3.966,74.373,5.15,0.41916,70.407
3021,05/06/2026 12:02:30,3.979,74.396,5.25,0.42049,70.417
3022,05/06/2026 12:12:30,3.970,74.387,5.36,0.41958,70.417
3023,05/06/2026 12:22:30,3.969,74.394,5.46,0.41951,70.425
3024,05/06/2026 12:32:30,3.967,74.390,5.56,0.41923,70.423
3025,05/06/2026 12:42:30,3.964,74.389,5.67,0.41895,70.425
3026,05/06/2026 12:52:30,3.950,74.372,5.77,0.41755,70.422
3027,05/06/2026 13:02:30,3.924,74.359,5.87,0.41488,70.435
3028,05/06/2026 13:12:30,3.939,74.390,6.07,0.41643,70.451
3029,05/06/2026 13:22:30,3.934,74.385,6.18,0.41594,70.451
3030,05/06/2026 13:32:30,3.939,74.391,6.38,0.41651,70.452
3031,05/06/2026 13:42:30,3.930,74.387,6.48,0.41545,70.457
3032,05/06/2026 13:52:30,3.919,74.385,6.68,0.41440,70.466
3033,05/06/2026 14:02:30,3.932,74.404,6.89,0.41574,70.472
3034,05/06/2026 14:12:30,3.935,74.418,7.09,0.41610,70.483
3035,05/06/2026 14:22:30,3.951,74.446,7.19,0.41765,70.495
3036,05/06/2026 14:32:30,3.956,74.445,7.39,0.41815,70.489
3037,05/06/2026 14:42:30,3.960,74.472,7.49,0.41864,70.512
3038,05/06/2026 14:52:30,3.976,74.503,7.69,0.42026,70.527
3039,05/06/2026 15:02:30,4.010,74.558,7.89,0.42372,70.548
3040,05/06/2026 15:12:30,4.014,74.565,8.09,0.42407,70.551
3041,05/06/2026 15:22:30,4.035,74.608,8.29,0.42626,70.573
3042,05/06/2026 15:32:30,4.028,74.607,8.39,0.42556,70.579
3043,05/06/2026 15:42:30,4.018,74.610,8.49,0.42458,70.592
3044,05/06/2026 15:52:30,4.022,74.605,8.69,0.42494,70.583
3045,05/06/2026 16:02:30,4.028,74.604,8.79,0.42564,70.576
3046,05/06/2026 16:12:30,4.024,74.612,8.89,0.42516,70.588
3047,05/06/2026 16:22:30,4.012,74.606,9.09,0.42404,70.594
3048,05/06/2026 16:32:30,4.017,74.646,9.19,0.42446,70.629
3049,05/06/2026 16:42:30,3.996,74.634,9.19,0.42235,70.638
3050,05/06/2026 16:52:30,4.004,74.649,9.29,0.42320,70.645
3051,05/06/2026 17:02:30,4.006,74.669,9.39,0.42334,70.663
3052,05/06/2026 17:12:30,4.003,74.672,9.48,0.42314,70.669
3053,05/06/2026 17:22:30,4.015,74.676,9.48,0.42433,70.661
3054,05/06/2026 17:32:30,4.004,74.684,9.58,0.42314,70.680
3055,05/06/2026 17:42:30,4.007,74.700,9.58,0.42349,70.693
3056,05/06/2026 17:52:30,4.009,74.720,9.68,0.42364,70.711
3057,05/06/2026 18:02:30,4.008,74.720,9.58,0.42356,70.712
3058,05/06/2026 18:12:30,4.020,74.744,9.58,0.42483,70.724
3059,05/06/2026 18:22:30,4.003,74.744,9.58,0.42307,70.741
3060,05/06/2026 18:32:30,4.008,74.756,9.58,0.42363,70.748
3061,05/06/2026 18:42:30,4.006,74.777,9.48,0.42342,70.771
3062,05/06/2026 18:52:30,3.991,74.761,9.48,0.42187,70.770
3063,05/06/2026 19:02:30,3.998,74.773,9.48,0.42258,70.775
3064,05/06/2026 19:12:30,4.012,74.794,9.39,0.42398,70.782
3065,05/06/2026 19:22:30,4.013,74.810,9.39,0.42412,70.797
3066,05/06/2026 19:32:30,4.027,74.827,9.29,0.42545,70.800
3067,05/06/2026 19:42:30,4.032,74.844,9.19,0.42594,70.812
3068,05/06/2026 19:52:30,4.051,74.872,9.09,0.42798,70.821
3069,05/06/2026 20:02:30,4.056,74.877,9.09,0.42840,70.821
3070,05/06/2026 20:12:30,4.078,74.917,8.99,0.43071,70.839
3071,05/06/2026 20:22:30,4.084,74.942,8.89,0.43134,70.858
3072,05/06/2026 20:32:30,4.103,74.967,8.79,0.43324,70.864
3073,05/06/2026 20:42:30,4.113,74.984,8.69,0.43422,70.871
3074,05/06/2026 20:52:30,4.116,75.001,8.59,0.43450,70.885
3075,05/06/2026 21:02:30,4.130,75.026,8.49,0.43590,70.896
3076,05/06/2026 21:12:30,4.135,75.058,8.39,0.43653,70.923
3077,05/06/2026 21:22:30,4.141,75.079,8.29,0.43709,70.938
3078,05/06/2026 21:32:30,4.141,75.088,8.19,0.43709,70.947
3079,05/06/2026 21:42:30,4.139,75.097,8.09,0.43687,70.958
3080,05/06/2026 21:52:30,4.149,75.113,7.99,0.43792,70.964
3081,05/06/2026 22:02:30,4.135,75.106,7.89,0.43644,70.971
3082,05/06/2026 22:12:30,4.134,75.123,7.79,0.43637,70.989
3083,05/06/2026 22:22:30,4.132,75.132,7.69,0.43609,71.000
3084,05/06/2026 22:32:30,4.125,75.124,7.59,0.43545,70.999
3085,05/06/2026 22:42:30,4.121,75.137,7.49,0.43503,71.016
3086,05/06/2026 22:52:30,4.119,75.155,7.29,0.43474,71.036
3087,05/06/2026 23:02:30,4.103,75.155,7.19,0.43319,71.052
3088,05/06/2026 23:12:30,4.097,75.152,7.09,0.43255,71.055
3089,05/06/2026 23:22:30,4.088,75.149,6.99,0.43164,71.061
3090,05/06/2026 23:32:30,4.073,75.129,6.89,0.43016,71.056
3091,05/06/2026 23:42:30,4.084,75.139,6.68,0.43121,71.055
3092,05/06/2026 23:52:30,4.082,75.135,6.58,0.43107,71.053
3093,05/07/2026 00:02:30,4.079,75.148,6.48,0.43071,71.069
3094,05/07/2026 00:12:30,4.082,75.137,6.38,0.43099,71.055
3095,05/07/2026 00:22:30,4.058,75.105,6.28,0.42860,71.047
3096,05/07/2026 00:32:30,4.064,75.110,6.18,0.42916,71.046
3097,05/07/2026 00:42:30,4.060,75.115,6.07,0.42873,71.055
3098,05/07/2026 00:52:30,4.057,75.116,5.97,0.42845,71.059
3099,05/07/2026 01:02:30,4.061,75.120,5.87,0.42894,71.059
3100,05/07/2026 01:12:30,4.046,75.101,5.77,0.42732,71.055
3101,05/07/2026 01:22:30,4.036,75.105,5.77,0.42634,71.069
3102,05/07/2026 01:32:30,4.031,75.106,5.67,0.42577,71.075
3103,05/07/2026 01:42:30,4.034,75.111,5.56,0.42605,71.077
3104,05/07/2026 01:52:30,4.019,75.099,5.46,0.42465,71.080
3105,05/07/2026 02:02:30,4.011,75.064,5.36,0.42373,71.053
3106,05/07/2026 02:12:30,4.021,75.069,5.25,0.42471,71.048
3107,05/07/2026 02:22:30,4.011,75.061,5.15,0.42380,71.050
3108,05/07/2026 02:32:30,4.012,75.069,5.15,0.42394,71.057
3109,05/07/2026 02:42:30,4.002,75.058,5.05,0.42288,71.056
3110,05/07/2026 02:52:30,3.990,75.047,4.94,0.42161,71.057
3111,05/07/2026 03:02:30,3.996,75.056,4.84,0.42218,71.060
3112,05/07/2026 03:12:30,3.995,75.057,4.74,0.42210,71.062
3113,05/07/2026 03:22:30,3.964,75.036,4.74,0.41901,71.072
3114,05/07/2026 03:32:30,3.976,75.049,4.63,0.42020,71.073
3115,05/07/2026 03:42:30,3.968,75.046,4.53,0.41936,71.078
3116,05/07/2026 03:52:30,3.970,75.043,4.43,0.41957,71.073
3117,05/07/2026 04:02:30,3.967,75.043,4.43,0.41922,71.076
3118,05/07/2026 04:12:30,3.954,75.040,4.32,0.41788,71.086
3119,05/07/2026 04:22:30,3.938,75.036,4.22,0.41633,71.098
3120,05/07/2026 04:32:30,3.934,75.024,4.22,0.41591,71.090
3121,05/07/2026 04:42:30,3.927,75.013,4.11,0.41521,71.086
3122,05/07/2026 04:52:30,3.928,75.014,4.01,0.41528,71.086
3123,05/07/2026 05:02:30,3.922,75.010,4.01,0.41464,71.088
3124,05/07/2026 05:12:30,3.916,75.003,3.90,0.41401,71.087
3125,05/07/2026 05:22:30,3.886,74.979,3.80,0.41106,71.093
3126,05/07/2026 05:32:30,3.871,74.967,3.80,0.40951,71.096
3127,05/07/2026 05:42:30,3.872,74.964,3.69,0.40958,71.092
3128,05/07/2026 05:52:30,3.854,74.957,3.59,0.40775,71.103
3129,05/07/2026 06:02:30,3.848,74.949,3.59,0.40712,71.101
3130,05/07/2026 06:12:30,3.835,74.946,3.48,0.40578,71.111
3131,05/07/2026 06:22:30,3.821,74.934,3.48,0.40438,71.113
3132,05/07/2026 06:32:30,3.801,74.919,3.38,0.40227,71.118
3133,05/07/2026 06:42:30,3.801,74.923,3.38,0.40227,71.122
3134,05/07/2026 06:52:30,3.781,74.915,3.27,0.40030,71.134
3135,05/07/2026 07:02:30,3.776,74.911,3.27,0.39980,71.135
3136,05/07/2026 07:12:30,3.748,74.884,3.16,0.39692,71.136
3137,05/07/2026 07:22:30,3.737,74.872,3.16,0.39580,71.135
3138,05/07/2026 07:32:30,3.727,74.861,3.06,0.39474,71.134
3139,05/07/2026 07:42:30,3.713,74.857,3.06,0.39334,71.144
3140,05/07/2026 07:52:30,3.691,74.833,3.06,0.39109,71.142
3141,05/07/2026 08:02:30,3.670,74.816,3.06,0.38905,71.146
3142,05/07/2026 08:12:30,3.664,74.812,3.06,0.38841,71.148
3143,05/07/2026 08:22:30,3.656,74.796,3.06,0.38757,71.140
3144,05/07/2026 08:32:30,3.630,74.768,3.06,0.38490,71.138
3145,05/07/2026 08:42:30,3.620,74.752,3.06,0.38384,71.132
3146,05/07/2026 08:52:30,3.591,74.715,3.16,0.38089,71.124
3147,05/07/2026 09:02:30,3.580,74.703,3.16,0.37977,71.123
3148,05/07/2026 09:12:30,3.567,74.690,3.27,0.37843,71.123
3149,05/07/2026 09:22:30,3.564,74.670,3.27,0.37815,71.106
3150,05/07/2026 09:32:30,3.561,74.657,3.38,0.37780,71.096
3151,05/07/2026 09:42:30,3.545,74.636,3.48,0.37618,71.091
3152,05/07/2026 09:52:30,3.539,74.615,3.59,0.37555,71.076
3153,05/07/2026 10:02:30,3.529,74.606,3.69,0.37456,71.077
3154,05/07/2026 10:12:30,3.508,74.572,3.90,0.37246,71.064
3155,05/07/2026 10:22:30,3.502,74.559,4.01,0.37182,71.057
3156,05/07/2026 10:32:30,3.506,74.550,4.11,0.37225,71.044
3157,05/07/2026 10:42:30,3.502,74.528,4.32,0.37183,71.026
3158,05/07/2026 10:52:30,3.499,74.522,4.53,0.37162,71.023
3159,05/07/2026 11:02:30,3.493,74.493,4.74,0.37091,71.000
3160,05/07/2026 11:12:30,3.494,74.488,4.84,0.37099,70.994
3161,05/07/2026 11:22:30,3.490,74.482,5.05,0.37064,70.992
3162,05/07/2026 11:32:30,3.487,74.485,5.25,0.37029,70.998
3163,05/07/2026 11:42:30,3.497,74.487,5.46,0.37135,70.990
3164,05/07/2026 11:52:30,3.509,74.453,5.67,0.37261,70.944
3165,05/07/2026 12:02:30,3.501,74.472,5.87,0.37170,70.971
3166,05/07/2026 12:12:30,3.509,74.478,6.07,0.37262,70.969
3167,05/07/2026 12:22:30,3.495,74.457,6.28,0.37115,70.962
3168,05/07/2026 12:32:30,3.514,74.476,6.38,0.37312,70.962
3169,05/07/2026 12:42:30,3.510,74.454,6.68,0.37263,70.944
3170,05/07/2026 12:52:30,3.541,74.480,6.89,0.37587,70.939
3171,05/07/2026 13:02:30,3.552,74.479,7.09,0.37700,70.927
3172,05/07/2026 13:12:30,3.595,74.527,7.19,0.38129,70.932
3173,05/07/2026 13:22:30,3.643,74.570,7.29,0.38629,70.927
3174,05/07/2026 13:32:30,3.731,74.670,7.39,0.39529,70.939
3175,05/07/2026 13:42:30,3.808,74.751,7.39,0.40310,70.943
3176,05/07/2026 13:52:30,3.876,74.823,7.49,0.40999,70.947
3177,05/07/2026 14:02:30,3.935,74.891,7.49,0.41604,70.956
3178,05/07/2026 14:12:30,3.961,74.903,7.59,0.41864,70.942
3179,05/07/2026 14:22:30,3.978,74.926,7.69,0.42047,70.948
3180,05/07/2026 14:32:30,3.983,74.929,7.89,0.42090,70.946
3181,05/07/2026 14:42:30,3.981,74.921,7.89,0.42069,70.940
3182,05/07/2026 14:52:30,3.978,74.916,7.99,0.42048,70.938
3183,05/07/2026 15:02:30,3.974,74.907,8.19,0.42000,70.933
3184,05/07/2026 15:12:30,3.968,74.906,8.29,0.41944,70.938
3185,05/07/2026 15:22:30,3.973,74.892,8.49,0.42001,70.919
3186,05/07/2026 15:32:30,3.970,74.899,8.69,0.41966,70.929
3187,05/07/2026 15:42:30,3.947,74.899,8.79,0.41727,70.952
3188,05/07/2026 15:52:30,3.948,74.870,8.89,0.41742,70.922
3189,05/07/2026 16:02:30,3.952,74.857,8.99,0.41784,70.905
3190,05/07/2026 16:12:30,3.959,74.860,9.09,0.41862,70.901
3191,05/07/2026 16:22:30,3.960,74.852,9.19,0.41862,70.892
3192,05/07/2026 16:32:30,3.961,74.847,9.29,0.41877,70.886
3193,05/07/2026 16:42:30,3.967,74.859,9.39,0.41934,70.892
3194,05/07/2026 16:52:30,3.980,74.871,9.39,0.42067,70.891
3195,05/07/2026 17:02:30,3.986,74.874,9.48,0.42131,70.888
3196,05/07/2026 17:12:30,3.982,74.870,9.48,0.42089,70.888
3197,05/07/2026 17:22:30,4.004,74.899,9.39,0.42313,70.895
3198,05/07/2026 17:32:30,4.003,74.903,9.39,0.42306,70.900
3199,05/07/2026 17:42:30,4.028,74.903,9.39,0.42560,70.875
3200,05/07/2026 17:52:30,4.059,74.926,9.48,0.42883,70.867
3201,05/07/2026 18:02:30,4.102,74.967,9.48,0.43313,70.865
3202,05/07/2026 18:12:30,4.098,74.959,9.48,0.43270,70.861
3203,05/07/2026 18:22:30,4.093,74.943,9.48,0.43221,70.850
3204,05/07/2026 18:32:30,4.083,74.934,9.48,0.43130,70.851
3205,05/07/2026 18:42:30,4.099,74.951,9.48,0.43284,70.852
3206,05/07/2026 18:52:30,4.109,74.963,9.39,0.43390,70.854
3207,05/07/2026 19:02:30,4.106,74.959,9.39,0.43361,70.853
3208,05/07/2026 19:12:30,4.104,74.959,9.39,0.43340,70.855
3209,05/07/2026 19:22:30,4.103,74.972,9.29,0.43326,70.869
3210,05/07/2026 19:32:30,4.098,74.976,9.29,0.43277,70.878
3211,05/07/2026 19:42:30,4.101,74.985,9.19,0.43304,70.884
3212,05/07/2026 19:52:30,4.097,74.989,9.19,0.43262,70.892
3213,05/07/2026 20:02:30,4.087,74.981,9.09,0.43163,70.894
3214,05/07/2026 20:12:30,4.072,74.965,9.09,0.43009,70.893
3215,05/07/2026 20:22:30,4.089,74.994,8.99,0.43184,70.905
3216,05/07/2026 20:32:30,4.067,74.974,8.99,0.42959,70.907
3217,05/07/2026 20:42:30,4.072,74.987,8.89,0.43001,70.915
3218,05/07/2026 20:52:30,4.077,75.003,8.79,0.43064,70.926
3219,05/07/2026 21:02:30,4.061,74.991,8.79,0.42895,70.930
3220,05/07/2026 21:12:30,4.053,74.992,8.69,0.42810,70.939
3221,05/07/2026 21:22:30,4.052,74.989,8.59,0.42796,70.937
3222,05/07/2026 21:32:30,4.031,74.985,8.49,0.42591,70.954
3223,05/07/2026 21:42:30,4.044,74.997,8.49,0.42725,70.953
3224,05/07/2026 21:52:30,4.045,74.994,8.39,0.42732,70.949
3225,05/07/2026 22:02:30,4.023,74.966,8.29,0.42506,70.943
3226,05/07/2026 22:12:30,4.029,74.962,8.29,0.42570,70.933
3227,05/07/2026 22:22:30,4.037,74.975,8.19,0.42647,70.938
3228,05/07/2026 22:32:30,4.022,74.960,8.09,0.42492,70.938
3229,05/07/2026 22:42:30,4.022,74.960,7.99,0.42498,70.938
3230,05/07/2026 22:52:30,4.016,74.953,7.89,0.42435,70.937
3231,05/07/2026 23:02:30,4.021,74.965,7.89,0.42484,70.944
3232,05/07/2026 23:12:30,4.022,74.962,7.79,0.42491,70.940
3233,05/07/2026 23:22:30,4.016,74.942,7.69,0.42434,70.926
3234,05/07/2026 23:32:30,4.009,74.931,7.59,0.42357,70.922
3235,05/07/2026 23:42:30,4.017,74.939,7.59,0.42441,70.922
3236,05/07/2026 23:52:30,4.014,74.931,7.49,0.42420,70.917
3237,05/08/2026 00:02:30,4.011,74.920,7.39,0.42384,70.909
3238,05/08/2026 00:12:30,3.978,74.889,7.29,0.42039,70.911
3239,05/08/2026 00:22:30,3.949,74.869,7.19,0.41751,70.920
3240,05/08/2026 00:32:30,3.941,74.853,7.19,0.41666,70.912
3241,05/08/2026 00:42:30,3.962,74.862,7.09,0.41877,70.900
3242,05/08/2026 00:52:30,3.984,74.875,6.99,0.42102,70.891
3243,05/08/2026 01:02:30,4.001,74.899,6.89,0.42285,70.898
3244,05/08/2026 01:12:30,4.014,74.912,6.89,0.42404,70.898
3245,05/08/2026 01:22:30,4.006,74.920,6.79,0.42333,70.914
3246,05/08/2026 01:32:30,4.026,74.937,6.68,0.42530,70.911
3247,05/08/2026 01:42:30,4.030,74.918,6.58,0.42572,70.888
3248,05/08/2026 01:52:30,4.029,74.922,6.58,0.42558,70.893
3249,05/08/2026 02:02:30,4.024,74.910,6.48,0.42516,70.886
3250,05/08/2026 02:12:30,4.021,74.915,6.38,0.42480,70.894
3251,05/08/2026 02:22:30,4.036,74.919,6.38,0.42635,70.883
3252,05/08/2026 02:32:30,4.027,74.908,6.28,0.42536,70.881
3253,05/08/2026 02:42:30,4.032,74.912,6.28,0.42593,70.880
3254,05/08/2026 02:52:30,4.029,74.897,6.18,0.42557,70.868
3255,05/08/2026 03:02:30,4.027,74.888,6.18,0.42543,70.861
3256,05/08/2026 03:12:30,4.026,74.881,6.07,0.42529,70.855
3257,05/08/2026 03:22:30,4.018,74.873,6.07,0.42451,70.855
3258,05/08/2026 03:32:30,4.008,74.866,5.97,0.42346,70.858
3259,05/08/2026 03:42:30,4.021,74.874,5.97,0.42479,70.853
3260,05/08/2026 03:52:30,4.021,74.875,5.87,0.42472,70.854
3261,05/08/2026 04:02:30,4.017,74.871,5.87,0.42437,70.854
3262,05/08/2026 04:12:30,4.022,74.875,5.77,0.42493,70.853
3263,05/08/2026 04:22:30,4.006,74.871,5.77,0.42331,70.865
3264,05/08/2026 04:32:30,4.010,74.872,5.67,0.42366,70.862
3265,05/08/2026 04:42:30,3.995,74.860,5.67,0.42212,70.865
3266,05/08/2026 04:52:30,4.013,74.876,5.67,0.42402,70.863
3267,05/08/2026 05:02:30,3.995,74.861,5.56,0.42212,70.866
3268,05/08/2026 05:12:30,4.001,74.873,5.56,0.42275,70.872
3269,05/08/2026 05:22:30,3.998,74.870,5.46,0.42239,70.872
3270,05/08/2026 05:32:30,3.983,74.858,5.46,0.42085,70.875
3271,05/08/2026 05:42:30,3.988,74.862,5.36,0.42148,70.874
3272,05/08/2026 05:52:30,3.972,74.858,5.36,0.41979,70.886
3273,05/08/2026 06:02:30,3.973,74.867,5.25,0.41993,70.894
3274,05/08/2026 06:12:30,3.975,74.871,5.25,0.42014,70.896
3275,05/08/2026 06:22:30,3.975,74.880,5.15,0.42007,70.905
3276,05/08/2026 06:32:30,3.974,74.888,5.15,0.42000,70.914
3277,05/08/2026 06:42:30,3.963,74.881,5.05,0.41887,70.918
3278,05/08/2026 06:52:30,3.967,74.889,5.05,0.41930,70.922
3279,05/08/2026 07:02:30,3.946,74.870,4.94,0.41711,70.924
3280,05/08/2026 07:12:30,3.953,74.882,4.94,0.41782,70.929
3281,05/08/2026 07:22:30,3.955,74.891,4.84,0.41803,70.936
3282,05/08/2026 07:32:30,3.943,74.887,4.84,0.41676,70.944
3283,05/08/2026 07:42:30,3.928,74.874,4.84,0.41535,70.946
3284,05/08/2026 07:52:30,3.926,74.874,4.84,0.41514,70.948
3285,05/08/2026 08:02:30,3.924,74.871,4.74,0.41493,70.947
3286,05/08/2026 08:12:30,3.912,74.858,4.84,0.41367,70.946
3287,05/08/2026 08:22:30,3.907,74.854,4.84,0.41318,70.947
3288,05/08/2026 08:32:30,3.901,74.850,4.84,0.41254,70.949
3289,05/08/2026 08:42:30,3.886,74.846,4.84,0.41107,70.960
3290,05/08/2026 08:52:30,3.890,74.829,4.94,0.41142,70.939
3291,05/08/2026 09:02:30,3.896,74.837,5.05,0.41198,70.941
3292,05/08/2026 09:12:30,3.900,74.833,5.05,0.41240,70.933
3293,05/08/2026 09:22:30,3.902,74.832,5.15,0.41262,70.930
3294,05/08/2026 09:32:30,3.906,74.839,5.25,0.41304,70.933
3295,05/08/2026 09:42:30,3.913,74.850,5.36,0.41381,70.937
3296,05/08/2026 09:52:30,3.916,74.846,5.46,0.41403,70.930
3297,05/08/2026 10:02:30,3.920,74.860,5.67,0.41452,70.940
3298,05/08/2026 10:12:30,3.898,74.839,5.77,0.41227,70.941
3299,05/08/2026 10:22:30,3.915,74.850,5.87,0.41403,70.935
3300,05/08/2026 10:32:30,3.928,74.862,5.97,0.41530,70.934
3301,05/08/2026 10:42:30,3.900,74.832,6.18,0.41249,70.932
3302,05/08/2026 10:52:30,3.900,74.827,6.38,0.41243,70.927
3303,05/08/2026 11:02:30,3.893,74.830,6.48,0.41173,70.937
3304,05/08/2026 11:12:30,3.900,74.828,6.68,0.41250,70.928
3305,05/08/2026 11:22:30,3.883,74.807,6.79,0.41082,70.924
3306,05/08/2026 11:32:30,3.900,74.826,6.99,0.41251,70.926
3307,05/08/2026 11:42:30,3.891,74.813,7.19,0.41153,70.922
3308,05/08/2026 11:52:30,3.884,74.799,7.39,0.41090,70.915
3309,05/08/2026 12:02:30,3.885,74.778,7.59,0.41091,70.893
3310,05/08/2026 12:12:30,3.881,74.776,7.79,0.41056,70.895
3311,05/08/2026 12:22:30,3.887,74.767,7.99,0.41113,70.880
3312,05/08/2026 12:32:30,3.890,74.778,8.19,0.41142,70.888
3313,05/08/2026 12:42:30,3.874,74.756,8.39,0.40988,70.882
3314,05/08/2026 12:52:30,3.871,74.751,8.59,0.40953,70.880
3315,05/08/2026 13:02:30,3.871,74.741,8.79,0.40961,70.870
3316,05/08/2026 13:12:30,3.865,74.728,8.99,0.40898,70.863
3317,05/08/2026 13:22:30,3.869,74.731,9.19,0.40934,70.862
3318,05/08/2026 13:32:30,3.858,74.721,9.39,0.40829,70.863
3319,05/08/2026 13:42:30,3.877,74.740,9.58,0.41027,70.863
3320,05/08/2026 13:52:30,3.861,74.734,9.88,0.40866,70.873
3321,05/08/2026 14:02:30,3.869,74.729,10.08,0.40945,70.860
3322,05/08/2026 14:12:30,3.855,74.719,10.37,0.40805,70.864
3323,05/08/2026 14:22:30,3.862,74.726,10.57,0.40876,70.864
3324,05/08/2026 14:32:30,3.851,74.708,10.86,0.40765,70.857
3325,05/08/2026 14:42:30,3.861,74.723,11.05,0.40871,70.862
3326,05/08/2026 14:52:30,3.843,74.686,11.25,0.40682,70.843
3327,05/08/2026 15:02:30,3.858,74.689,11.44,0.40838,70.831
3328,05/08/2026 15:12:30,3.849,74.683,11.74,0.40748,70.834
3329,05/08/2026 15:22:30,3.850,74.686,11.93,0.40756,70.836
3330,05/08/2026 15:32:30,3.847,74.681,12.12,0.40729,70.834
3331,05/08/2026 15:42:30,3.853,74.684,12.42,0.40786,70.831
3332,05/08/2026 15:52:30,3.853,74.687,12.51,0.40794,70.834
3333,05/08/2026 16:02:30,3.831,74.670,12.71,0.40570,70.839
3334,05/08/2026 16:12:30,3.841,74.661,12.90,0.40669,70.820
3335,05/08/2026 16:22:30,3.828,74.652,13.00,0.40543,70.824
3336,05/08/2026 16:32:30,3.826,74.652,13.09,0.40516,70.826
3337,05/08/2026 16:42:30,3.809,74.651,13.28,0.40341,70.842
3338,05/08/2026 16:52:30,3.810,74.635,13.28,0.40355,70.825
3339,05/08/2026 17:02:30,3.828,74.647,13.28,0.40538,70.819
3340,05/08/2026 17:12:30,3.802,74.638,13.38,0.40278,70.836
3341,05/08/2026 17:22:30,3.809,74.646,13.38,0.40348,70.837
3342,05/08/2026 17:32:30,3.793,74.622,13.48,0.40180,70.829
3343,05/08/2026 17:42:30,3.781,74.621,13.57,0.40061,70.840
3344,05/08/2026 17:52:30,3.795,74.633,13.57,0.40209,70.838
3345,05/08/2026 18:02:30,3.788,74.637,13.57,0.40138,70.849
3346,05/08/2026 18:12:30,3.807,74.662,13.57,0.40321,70.855
3347,05/08/2026 18:22:30,3.786,74.637,13.67,0.40111,70.851
3348,05/08/2026 18:32:30,3.788,74.641,13.57,0.40138,70.853
3349,05/08/2026 18:42:30,3.802,74.662,13.57,0.40272,70.860
3350,05/08/2026 18:52:30,3.793,74.654,13.48,0.40180,70.861
3351,05/08/2026 19:02:30,3.792,74.658,13.48,0.40173,70.866
3352,05/08/2026 19:12:30,3.792,74.658,13.48,0.40173,70.866
3353,05/08/2026 19:22:30,3.797,74.667,13.38,0.40222,70.870
3354,05/08/2026 19:32:30,3.781,74.659,13.38,0.40053,70.878
3355,05/08/2026 19:42:30,3.793,74.667,13.38,0.40179,70.874
3356,05/08/2026 19:52:30,3.779,74.659,13.28,0.40038,70.880
3357,05/08/2026 20:02:30,3.788,74.671,13.28,0.40130,70.883
3358,05/08/2026 20:12:30,3.800,74.692,13.19,0.40249,70.892
3359,05/08/2026 20:22:30,3.797,74.700,13.19,0.40221,70.903
3360,05/08/2026 20:32:30,3.804,74.712,13.09,0.40298,70.908
3361,05/08/2026 20:42:30,3.798,74.717,13.00,0.40234,70.919
3362,05/08/2026 20:52:30,3.802,74.722,12.90,0.40268,70.920
3363,05/08/2026 21:02:30,3.808,74.738,12.80,0.40331,70.930
3364,05/08/2026 21:12:30,3.801,74.743,12.71,0.40253,70.942
3365,05/08/2026 21:22:30,3.822,74.771,12.61,0.40478,70.949
3366,05/08/2026 21:32:30,3.806,74.768,12.51,0.40309,70.962
3367,05/08/2026 21:42:30,3.832,74.801,12.42,0.40568,70.969
3368,05/08/2026 21:52:30,3.833,74.805,12.32,0.40589,70.972
3369,05/08/2026 22:02:30,3.835,74.822,12.22,0.40603,70.987
3370,05/08/2026 22:12:30,3.852,74.843,12.12,0.40771,70.991
3371,05/08/2026 22:22:30,3.855,74.851,12.03,0.40806,70.996
3372,05/08/2026 22:32:30,3.855,74.844,11.93,0.40805,70.989
3373,05/08/2026 22:42:30,3.890,74.880,11.83,0.41170,70.990
3374,05/08/2026 22:52:30,3.887,74.869,11.74,0.41128,70.982
3375,05/08/2026 23:02:30,3.888,74.869,11.64,0.41148,70.981
3376,05/08/2026 23:12:30,3.916,74.894,11.54,0.41429,70.978
3377,05/08/2026 23:22:30,3.938,74.911,11.44,0.41647,70.973
3378,05/08/2026 23:32:30,3.958,74.923,11.35,0.41858,70.965
3379,05/08/2026 23:42:30,3.985,74.940,11.25,0.42131,70.955
3380,05/08/2026 23:52:30,4.005,74.953,11.15,0.42328,70.948
3381,05/09/2026 00:02:30,4.022,74.974,11.05,0.42503,70.952
3382,05/09/2026 00:12:30,4.038,74.990,10.96,0.42672,70.952
3383,05/09/2026 00:22:30,4.054,75.015,10.86,0.42833,70.961
3384,05/09/2026 00:32:30,4.086,75.036,10.76,0.43156,70.950
3385,05/09/2026 00:42:30,4.095,75.032,10.66,0.43254,70.937
3386,05/09/2026 00:52:30,4.101,75.045,10.57,0.43310,70.944
3387,05/09/2026 01:02:30,4.114,75.054,10.47,0.43436,70.940
3388,05/09/2026 01:12:30,4.127,75.054,10.37,0.43576,70.927
3389,05/09/2026 01:22:30,4.136,75.063,10.27,0.43660,70.927
3390,05/09/2026 01:32:30,4.151,75.067,10.17,0.43822,70.916
3391,05/09/2026 01:42:30,4.148,75.048,9.98,0.43793,70.900
3392,05/09/2026 01:52:30,4.140,75.041,9.88,0.43701,70.901
3393,05/09/2026 02:02:30,4.152,75.038,9.78,0.43820,70.886
3394,05/09/2026 02:12:30,4.150,75.030,9.68,0.43806,70.880
3395,05/09/2026 02:22:30,4.147,75.023,9.58,0.43770,70.876
3396,05/09/2026 02:32:30,4.147,75.019,9.48,0.43777,70.872
3397,05/09/2026 02:42:30,4.158,75.032,9.39,0.43882,70.874
3398,05/09/2026 02:52:30,4.136,75.012,9.29,0.43663,70.876
3399,05/09/2026 03:02:30,4.158,75.025,9.19,0.43888,70.867
3400,05/09/2026 03:12:30,4.144,75.018,9.09,0.43740,70.874
3401,05/09/2026 03:22:30,4.161,75.038,8.99,0.43922,70.877
3402,05/09/2026 03:32:30,4.139,75.011,8.89,0.43690,70.872
3403,05/09/2026 03:42:30,4.138,75.020,8.79,0.43676,70.882
3404,05/09/2026 03:52:30,4.131,75.012,8.69,0.43612,70.881
3405,05/09/2026 04:02:30,4.140,75.013,8.59,0.43696,70.873
3406,05/09/2026 04:12:30,4.127,75.005,8.49,0.43569,70.878
3407,05/09/2026 04:22:30,4.122,74.994,8.39,0.43512,70.872
3408,05/09/2026 04:32:30,4.119,74.999,8.29,0.43484,70.880
3409,05/09/2026 04:42:30,4.116,75.007,8.29,0.43449,70.891
3410,05/09/2026 04:52:30,4.105,74.995,8.19,0.43343,70.890
3411,05/09/2026 05:02:30,4.114,75.004,8.09,0.43434,70.890
3412,05/09/2026 05:12:30,4.105,75.005,7.99,0.43335,70.900
3413,05/09/2026 05:22:30,4.076,74.980,7.99,0.43047,70.904
3414,05/09/2026 05:32:30,4.088,74.993,7.89,0.43166,70.905
3415,05/09/2026 05:42:30,4.084,74.990,7.79,0.43124,70.906
3416,05/09/2026 05:52:30,4.074,74.982,7.79,0.43025,70.908
3417,05/09/2026 06:02:30,4.096,75.023,7.69,0.43243,70.927
3418,05/09/2026 06:12:30,4.093,75.028,7.59,0.43222,70.934
3419,05/09/2026 06:22:30,4.079,75.015,7.59,0.43081,70.936
3420,05/09/2026 06:32:30,4.071,75.012,7.49,0.42996,70.941
3421,05/09/2026 06:42:30,4.085,75.037,7.39,0.43137,70.952
3422,05/09/2026 06:52:30,4.066,75.033,7.39,0.42940,70.967
3423,05/09/2026 07:02:30,4.052,75.026,7.29,0.42792,70.974
3424,05/09/2026 07:12:30,4.045,75.030,7.29,0.42722,70.985
3425,05/09/2026 07:22:30,4.034,75.014,7.19,0.42616,70.980
3426,05/09/2026 07:32:30,4.036,75.010,7.19,0.42637,70.974
3427,05/09/2026 07:42:30,4.027,74.994,7.19,0.42545,70.967
3428,05/09/2026 07:52:30,4.016,74.979,7.09,0.42426,70.963
3429,05/09/2026 08:02:30,4.024,74.999,7.09,0.42510,70.975
3430,05/09/2026 08:12:30,4.018,74.999,7.09,0.42447,70.981
3431,05/09/2026 08:22:30,4.018,75.007,7.09,0.42447,70.989
3432,05/09/2026 08:32:30,4.028,75.018,7.19,0.42553,70.990
3433,05/09/2026 08:42:30,3.997,74.990,7.19,0.42236,70.993
3434,05/09/2026 08:52:30,4.002,74.982,7.19,0.42285,70.980
3435,05/09/2026 09:02:30,4.001,74.973,7.29,0.42279,70.972
3436,05/09/2026 09:12:30,3.995,74.977,7.29,0.42222,70.982
3437,05/09/2026 09:22:30,3.989,74.956,7.39,0.42159,70.967
3438,05/09/2026 09:32:30,4.005,74.972,7.49,0.42314,70.967
3439,05/09/2026 09:42:30,3.987,74.967,7.59,0.42139,70.980
3440,05/09/2026 09:52:30,3.987,74.958,7.69,0.42139,70.971
3441,05/09/2026 10:02:30,4.003,74.986,7.79,0.42301,70.983
3442,05/09/2026 10:12:30,3.993,74.961,7.89,0.42196,70.968
3443,05/09/2026 10:22:30,3.996,74.984,7.99,0.42231,70.988
3444,05/09/2026 10:32:30,3.983,74.968,8.09,0.42091,70.985
3445,05/09/2026 10:42:30,3.967,74.951,8.19,0.41929,70.984
3446,05/09/2026 10:52:30,3.997,74.967,8.19,0.42239,70.970
3447,05/09/2026 11:02:30,3.969,74.946,8.29,0.41958,70.977
3448,05/09/2026 11:12:30,3.963,74.953,8.49,0.41895,70.990
3449,05/09/2026 11:22:30,3.971,74.956,8.59,0.41980,70.985
3450,05/09/2026 11:32:30,3.963,74.947,8.79,0.41896,70.984
3451,05/09/2026 11:42:30,3.969,74.938,8.89,0.41960,70.969
3452,05/09/2026 11:52:30,3.976,74.938,8.99,0.42024,70.962
3453,05/09/2026 12:02:30,3.966,74.936,9.19,0.41933,70.970
3454,05/09/2026 12:12:30,3.951,74.915,9.39,0.41772,70.964
3455,05/09/2026 12:22:30,3.964,74.926,9.58,0.41906,70.962
3456,05/09/2026 12:32:30,3.952,74.908,9.78,0.41794,70.956
3457,05/09/2026 12:42:30,3.966,74.948,9.98,0.41929,70.982
3458,05/09/2026 12:52:30,3.975,74.930,10.17,0.42028,70.955
3459,05/09/2026 13:02:30,3.962,74.909,10.37,0.41888,70.947
3460,05/09/2026 13:12:30,3.945,74.896,10.57,0.41713,70.951
3461,05/09/2026 13:22:30,3.958,74.898,10.86,0.41855,70.940
3462,05/09/2026 13:32:30,3.947,74.885,11.05,0.41737,70.938
3463,05/09/2026 13:42:30,3.953,74.912,11.25,0.41801,70.959
3464,05/09/2026 13:52:30,3.937,74.903,11.44,0.41640,70.966
3465,05/09/2026 14:02:30,3.947,74.902,11.64,0.41739,70.955
3466,05/09/2026 14:12:30,3.937,74.880,11.83,0.41649,70.943
3467,05/09/2026 14:22:30,3.929,74.875,12.12,0.41559,70.946
3468,05/09/2026 14:32:30,3.945,74.890,12.32,0.41729,70.945
3469,05/09/2026 14:42:30,3.937,74.885,12.51,0.41645,70.948
3470,05/09/2026 14:52:30,3.935,74.876,12.71,0.41625,70.941
3471,05/09/2026 15:02:30,3.920,74.843,12.80,0.41478,70.923
3472,05/09/2026 15:12:30,3.936,74.838,13.00,0.41641,70.902
3473,05/09/2026 15:22:30,3.913,74.821,13.09,0.41409,70.908
3474,05/09/2026 15:32:30,3.919,74.829,13.19,0.41466,70.910
3475,05/09/2026 15:42:30,3.922,74.824,13.28,0.41502,70.902
3476,05/09/2026 15:52:30,3.915,74.829,13.28,0.41424,70.914
3477,05/09/2026 16:02:30,3.903,74.808,13.38,0.41305,70.905
3478,05/09/2026 16:12:30,3.902,74.819,13.48,0.41299,70.917
3479,05/09/2026 16:22:30,3.895,74.815,13.48,0.41228,70.920
3480,05/09/2026 16:32:30,3.914,74.827,13.57,0.41419,70.913
3481,05/09/2026 16:42:30,3.893,74.807,13.57,0.41201,70.914
3482,05/09/2026 16:52:30,3.899,74.811,13.57,0.41264,70.912
3483,05/09/2026 17:02:30,3.902,74.815,13.57,0.41292,70.913
3484,05/09/2026 17:12:30,3.894,74.807,13.57,0.41215,70.913
3485,05/09/2026 17:22:30,3.875,74.783,13.57,0.41018,70.908
3486,05/09/2026 17:32:30,3.876,74.783,13.57,0.41025,70.907
3487,05/09/2026 17:42:30,3.883,74.791,13.57,0.41095,70.908
3488,05/09/2026 17:52:30,3.864,74.771,13.57,0.40905,70.907
3489,05/09/2026 18:02:30,3.889,74.791,13.57,0.41159,70.902
3490,05/09/2026 18:12:30,3.859,74.771,13.57,0.40849,70.912
3491,05/09/2026 18:22:30,3.867,74.775,13.48,0.40940,70.908
3492,05/09/2026 18:32:30,3.858,74.767,13.48,0.40849,70.909
3493,05/09/2026 18:42:30,3.852,74.772,13.38,0.40778,70.920
3494,05/09/2026 18:52:30,3.837,74.755,13.38,0.40637,70.918
3495,05/09/2026 19:02:30,3.851,74.772,13.28,0.40770,70.921
3496,05/09/2026 19:12:30,3.861,74.784,13.28,0.40876,70.923
3497,05/09/2026 19:22:30,3.841,74.773,13.19,0.40664,70.932
3498,05/09/2026 19:32:30,3.854,74.789,13.19,0.40798,70.935
3499,05/09/2026 19:42:30,3.834,74.777,13.09,0.40600,70.943
3500,05/09/2026 19:52:30,3.833,74.782,13.00,0.40586,70.949
3501,05/09/2026 20:02:30,3.834,74.794,13.00,0.40593,70.960
3502,05/09/2026 20:12:30,3.831,74.798,12.90,0.40571,70.967
3503,05/09/2026 20:22:30,3.845,74.819,12.80,0.40704,70.974
3504,05/09/2026 20:32:30,3.822,74.807,12.71,0.40478,70.985
3505,05/09/2026 20:42:30,3.844,74.836,12.61,0.40696,70.992
3506,05/09/2026 20:52:30,3.852,74.849,12.51,0.40773,70.997
3507,05/09/2026 21:02:30,3.843,74.853,12.42,0.40688,71.010
3508,05/09/2026 21:12:30,3.863,74.890,12.32,0.40892,71.027
3509,05/09/2026 21:22:30,3.871,74.911,12.12,0.40975,71.040
3510,05/09/2026 21:32:30,3.870,74.916,12.03,0.40960,71.046
3511,05/09/2026 21:42:30,3.871,74.920,11.93,0.40974,71.049
3512,05/09/2026 21:52:30,3.878,74.937,11.83,0.41037,71.059
3513,05/09/2026 22:02:30,3.903,74.970,11.74,0.41290,71.067
3514,05/09/2026 22:12:30,3.912,74.978,11.64,0.41388,71.066
3515,05/09/2026 22:22:30,3.941,74.995,11.54,0.41683,71.054
3516,05/09/2026 22:32:30,3.962,75.020,11.44,0.41893,71.058
3517,05/09/2026 22:42:30,3.992,75.057,11.35,0.42195,71.065
3518,05/09/2026 22:52:30,4.014,75.078,11.15,0.42426,71.064
3519,05/09/2026 23:02:30,4.051,75.119,11.05,0.42799,71.068
3520,05/09/2026 23:12:30,4.076,75.143,10.96,0.43059,71.067
3521,05/09/2026 23:22:30,4.099,75.168,10.86,0.43290,71.069
3522,05/09/2026 23:32:30,4.100,75.173,10.66,0.43304,71.073
3523,05/09/2026 23:42:30,4.119,75.186,10.57,0.43493,71.067
3524,05/09/2026 23:52:30,4.151,75.223,10.47,0.43816,71.072
3525,05/10/2026 00:02:30,4.153,75.236,10.27,0.43843,71.083
3526,05/10/2026 00:12:30,4.170,75.261,10.17,0.44012,71.091
3527,05/10/2026 00:22:30,4.170,75.266,10.08,0.44004,71.096
3528,05/10/2026 00:32:30,4.171,75.275,9.88,0.44017,71.104
3529,05/10/2026 00:42:30,4.185,75.304,9.78,0.44158,71.119
3530,05/10/2026 00:52:30,4.188,75.304,9.68,0.44200,71.116
3531,05/10/2026 01:02:30,4.192,75.325,9.58,0.44234,71.133
3532,05/10/2026 01:12:30,4.205,75.334,9.48,0.44361,71.129
3533,05/10/2026 01:22:30,4.185,75.319,9.29,0.44156,71.134
3534,05/10/2026 01:32:30,4.185,75.311,9.19,0.44162,71.126
3535,05/10/2026 01:42:30,4.138,75.268,9.09,0.43677,71.130
3536,05/10/2026 01:52:30,4.130,75.260,8.99,0.43599,71.130
3537,05/10/2026 02:02:30,4.138,75.269,8.89,0.43676,71.131
3538,05/10/2026 02:12:30,4.182,75.314,8.79,0.44126,71.132
3539,05/10/2026 02:22:30,4.200,75.343,8.69,0.44308,71.143
3540,05/10/2026 02:32:30,4.202,75.351,8.59,0.44336,71.149
3541,05/10/2026 02:42:30,4.208,75.360,8.49,0.44392,71.152
3542,05/10/2026 02:52:30,4.191,75.349,8.39,0.44216,71.158
3543,05/10/2026 03:02:30,4.197,75.357,8.29,0.44286,71.160
3544,05/10/2026 03:12:30,4.192,75.358,8.19,0.44229,71.166
3545,05/10/2026 03:22:30,4.180,75.359,8.09,0.44102,71.179
3546,05/10/2026 03:32:30,4.179,75.355,7.99,0.44102,71.176
3547,05/10/2026 03:42:30,4.179,75.363,7.99,0.44102,71.184
3548,05/10/2026 03:52:30,4.167,75.356,7.89,0.43975,71.189
3549,05/10/2026 04:02:30,4.168,75.357,7.79,0.43982,71.189
3550,05/10/2026 04:12:30,4.165,75.361,7.69,0.43953,71.196
3551,05/10/2026 04:22:30,4.157,75.358,7.59,0.43869,71.201
3552,05/10/2026 04:32:30,4.159,75.370,7.59,0.43890,71.211
3553,05/10/2026 04:42:30,4.155,75.367,7.49,0.43847,71.212
3554,05/10/2026 04:52:30,4.156,75.376,7.39,0.43854,71.220
3555,05/10/2026 05:02:30,4.139,75.368,7.29,0.43685,71.229
3556,05/10/2026 05:12:30,4.133,75.368,7.29,0.43629,71.235
3557,05/10/2026 05:22:30,4.138,75.373,7.19,0.43671,71.235
3558,05/10/2026 05:32:30,4.127,75.366,7.09,0.43558,71.239
3559,05/10/2026 05:42:30,4.134,75.378,7.09,0.43628,71.244
3560,05/10/2026 05:52:30,4.109,75.358,6.99,0.43382,71.249
3561,05/10/2026 06:02:30,4.106,75.359,6.89,0.43346,71.253
3562,05/10/2026 06:12:30,4.108,75.367,6.89,0.43367,71.259
3563,05/10/2026 06:22:30,4.100,75.368,6.79,0.43283,71.268
3564,05/10/2026 06:32:30,4.113,75.397,6.68,0.43416,71.284
3565,05/10/2026 06:42:30,4.103,75.393,6.68,0.43311,71.290
3566,05/10/2026 06:52:30,4.097,75.397,6.58,0.43261,71.300
3567,05/10/2026 07:02:30,4.076,75.385,6.58,0.43043,71.309
3568,05/10/2026 07:12:30,4.073,75.394,6.48,0.43008,71.321
3569,05/10/2026 07:22:30,4.078,75.394,6.48,0.43064,71.316
3570,05/10/2026 07:32:30,4.051,75.375,6.38,0.42783,71.324
3571,05/10/2026 07:42:30,4.065,75.391,6.38,0.42923,71.326
3572,05/10/2026 07:52:30,4.058,75.391,6.38,0.42853,71.333
3573,05/10/2026 08:02:30,4.049,75.387,6.38,0.42762,71.338
3574,05/10/2026 08:12:30,4.048,75.391,6.38,0.42755,71.343
3575,05/10/2026 08:22:30,4.049,75.399,6.38,0.42762,71.350
3576,05/10/2026 08:32:30,4.046,75.395,6.38,0.42733,71.349
3577,05/10/2026 08:42:30,4.037,75.387,6.38,0.42642,71.350
3578,05/10/2026 08:52:30,4.036,75.378,6.48,0.42635,71.342
3579,05/10/2026 09:02:30,4.035,75.378,6.48,0.42621,71.343
3580,05/10/2026 09:12:30,4.029,75.370,6.48,0.42558,71.341
3581,05/10/2026 09:22:30,4.035,75.377,6.58,0.42621,71.342
3582,05/10/2026 09:32:30,4.042,75.380,6.68,0.42699,71.338
3583,05/10/2026 09:42:30,4.034,75.376,6.79,0.42608,71.342
3584,05/10/2026 09:52:30,4.027,75.367,6.89,0.42545,71.340
3585,05/10/2026 10:02:30,4.021,75.355,6.89,0.42481,71.334
3586,05/10/2026 10:12:30,4.031,75.370,7.09,0.42580,71.339
3587,05/10/2026 10:22:30,4.017,75.369,7.19,0.42440,71.352
3588,05/10/2026 10:32:30,4.010,75.372,7.29,0.42370,71.362
3589,05/10/2026 10:42:30,4.022,75.380,7.39,0.42490,71.358
3590,05/10/2026 10:52:30,4.017,75.378,7.59,0.42441,71.361
3591,05/10/2026 11:02:30,4.011,75.365,7.69,0.42385,71.354
3592,05/10/2026 11:12:30,4.002,75.348,7.89,0.42287,71.346
3593,05/10/2026 11:22:30,4.008,75.351,7.99,0.42358,71.343
3594,05/10/2026 11:32:30,4.006,75.346,8.19,0.42330,71.340
3595,05/10/2026 11:42:30,4.004,75.337,8.29,0.42317,71.333
3596,05/10/2026 11:52:30,3.977,75.324,8.49,0.42036,71.347
3597,05/10/2026 12:02:30,3.992,75.335,8.69,0.42184,71.343
3598,05/10/2026 12:12:30,3.974,75.313,8.89,0.42009,71.339
3599,05/10/2026 12:22:30,3.985,75.312,9.09,0.42122,71.327
3600,05/10/2026 12:32:30,3.984,75.315,9.29,0.42109,71.331
3601,05/10/2026 12:42:30,3.992,75.326,9.48,0.42187,71.334
3602,05/10/2026 12:52:30,3.993,75.324,9.68,0.42209,71.331
3603,05/10/2026 13:02:30,4.002,75.323,9.88,0.42301,71.321
3604,05/10/2026 13:12:30,3.994,75.306,10.08,0.42218,71.312
3605,05/10/2026 13:22:30,3.981,75.293,10.27,0.42078,71.312
3606,05/10/2026 13:32:30,3.999,75.308,10.47,0.42261,71.309
3607,05/10/2026 13:42:30,3.990,75.302,10.66,0.42185,71.312
3608,05/10/2026 13:52:30,3.981,75.293,10.96,0.42081,71.312
3609,05/10/2026 14:02:30,4.002,75.324,11.15,0.42300,71.322
3610,05/10/2026 14:12:30,3.976,75.282,11.35,0.42040,71.306
3611,05/10/2026 14:22:30,3.989,75.293,11.54,0.42175,71.304
3612,05/10/2026 14:32:30,3.973,75.288,11.74,0.42014,71.315
3613,05/10/2026 14:42:30,3.980,75.287,11.93,0.42086,71.307
3614,05/10/2026 14:52:30,3.973,75.282,12.12,0.42016,71.309
3615,05/10/2026 15:02:30,3.976,75.277,12.32,0.42045,71.301
3616,05/10/2026 15:12:30,3.984,75.296,12.51,0.42131,71.312
3617,05/10/2026 15:22:30,3.965,75.275,12.71,0.41935,71.310
3618,05/10/2026 15:32:30,3.958,75.258,12.90,0.41866,71.300
3619,05/10/2026 15:42:30,3.969,75.278,13.00,0.41972,71.309
3620,05/10/2026 15:52:30,3.957,75.265,13.19,0.41853,71.308
3621,05/10/2026 16:02:30,3.954,75.252,13.28,0.41826,71.298
3622,05/10/2026 16:12:30,3.951,75.267,13.48,0.41798,71.316
3623,05/10/2026 16:22:30,3.941,75.251,13.57,0.41694,71.310
3624,05/10/2026 16:32:30,3.930,75.242,13.67,0.41581,71.312
3625,05/10/2026 16:42:30,3.941,75.250,13.77,0.41695,71.309
3626,05/10/2026 16:52:30,3.925,75.241,13.86,0.41533,71.316
3627,05/10/2026 17:02:30,3.928,75.261,13.96,0.41562,71.333
3628,05/10/2026 17:12:30,3.909,75.233,13.96,0.41365,71.324
3629,05/10/2026 17:22:30,3.900,75.236,14.05,0.41281,71.336
3630,05/10/2026 17:32:30,3.896,75.249,14.05,0.41232,71.353
3631,05/10/2026 17:42:30,3.896,75.253,14.05,0.41232,71.357
3632,05/10/2026 17:52:30,3.897,75.252,14.15,0.41247,71.355
3633,05/10/2026 18:02:30,3.888,75.244,14.15,0.41155,71.356
3634,05/10/2026 18:12:30,3.890,75.244,14.15,0.41176,71.354
3635,05/10/2026 18:22:30,3.894,75.256,14.15,0.41218,71.362
3636,05/10/2026 18:32:30,3.887,75.253,14.05,0.41140,71.366
3637,05/10/2026 18:42:30,3.884,75.249,14.05,0.41112,71.365
3638,05/10/2026 18:52:30,3.883,75.261,13.96,0.41105,71.378
3639,05/10/2026 19:02:30,3.875,75.261,13.96,0.41020,71.386
3640,05/10/2026 19:12:30,3.885,75.274,13.86,0.41118,71.389
3641,05/10/2026 19:22:30,3.875,75.278,13.77,0.41019,71.403
3642,05/10/2026 19:32:30,3.872,75.282,13.77,0.40991,71.410
3643,05/10/2026 19:42:30,3.860,75.283,13.67,0.40864,71.423
3644,05/10/2026 19:52:30,3.867,75.299,13.57,0.40941,71.432
3645,05/10/2026 20:02:30,3.853,75.288,13.48,0.40792,71.435
3646,05/10/2026 20:12:30,3.859,75.300,13.38,0.40855,71.441
3647,05/10/2026 20:22:30,3.857,75.301,13.28,0.40833,71.444
3648,05/10/2026 20:32:30,3.862,75.310,13.09,0.40882,71.448
3649,05/10/2026 20:42:30,3.869,75.318,13.00,0.40958,71.449
3650,05/10/2026 20:52:30,3.863,75.315,12.90,0.40888,71.452
3651,05/10/2026 21:02:30,3.869,75.323,12.80,0.40957,71.454
3652,05/10/2026 21:12:30,3.869,75.332,12.61,0.40956,71.463
3653,05/10/2026 21:22:30,3.878,75.345,12.51,0.41040,71.467
3654,05/10/2026 21:32:30,3.883,75.357,12.42,0.41096,71.474
3655,05/10/2026 21:42:30,3.884,75.366,12.32,0.41103,71.482
3656,05/10/2026 21:52:30,3.889,75.383,12.22,0.41151,71.494
3657,05/10/2026 22:02:30,3.893,75.396,12.03,0.41193,71.503
3658,05/10/2026 22:12:30,3.908,75.420,11.93,0.41354,71.512
3659,05/10/2026 22:22:30,3.927,75.441,11.83,0.41543,71.514
3660,05/10/2026 22:32:30,3.956,75.478,11.74,0.41838,71.522
3661,05/10/2026 22:42:30,3.986,75.507,11.64,0.42140,71.521
3662,05/10/2026 22:52:30,4.012,75.536,11.44,0.42407,71.524
3663,05/10/2026 23:02:30,4.032,75.569,11.35,0.42610,71.537
3664,05/10/2026 23:12:30,4.063,75.606,11.25,0.42919,71.543
3665,05/10/2026 23:22:30,4.086,75.626,11.15,0.43165,71.540
3666,05/10/2026 23:32:30,4.101,75.651,11.05,0.43312,71.550
3667,05/10/2026 23:42:30,4.136,75.693,10.86,0.43663,71.557
3668,05/10/2026 23:52:30,4.150,75.713,10.76,0.43810,71.563
3669,05/11/2026 00:02:30,4.166,75.726,10.66,0.43972,71.560
3670,05/11/2026 00:12:30,4.177,75.739,10.57,0.44084,71.562
3671,05/11/2026 00:22:30,4.200,75.771,10.47,0.44323,71.571
3672,05/11/2026 00:32:30,4.200,75.777,10.27,0.44315,71.577
3673,05/11/2026 00:42:30,4.219,75.789,10.17,0.44518,71.570
3674,05/11/2026 00:52:30,4.216,75.786,10.08,0.44483,71.570
3675,05/11/2026 01:02:30,4.225,75.798,9.98,0.44581,71.573
3676,05/11/2026 01:12:30,4.234,75.800,9.78,0.44657,71.566
3677,05/11/2026 01:22:30,4.233,75.812,9.68,0.44657,71.579
3678,05/11/2026 01:32:30,4.232,75.809,9.58,0.44642,71.577
3679,05/11/2026 01:42:30,4.233,75.818,9.48,0.44649,71.585
3680,05/11/2026 01:52:30,4.240,75.822,9.39,0.44726,71.582
3681,05/11/2026 02:02:30,4.238,75.823,9.29,0.44697,71.585
3682,05/11/2026 02:12:30,4.245,75.828,9.09,0.44774,71.583
3683,05/11/2026 02:22:30,4.227,75.813,8.99,0.44584,71.586
3684,05/11/2026 02:32:30,4.223,75.801,8.89,0.44548,71.578
3685,05/11/2026 02:42:30,4.230,75.802,8.79,0.44618,71.572
3686,05/11/2026 02:52:30,4.220,75.794,8.69,0.44519,71.574
3687,05/11/2026 03:02:30,4.203,75.787,8.59,0.44343,71.584
3688,05/11/2026 03:12:30,4.212,75.800,8.49,0.44427,71.588
3689,05/11/2026 03:22:30,4.213,75.804,8.39,0.44448,71.591
3690,05/11/2026 03:32:30,4.206,75.796,8.39,0.44378,71.590
3691,05/11/2026 03:42:30,4.193,75.781,8.29,0.44237,71.588
3692,05/11/2026 03:52:30,4.196,75.789,8.19,0.44271,71.593
3693,05/11/2026 04:02:30,4.183,75.778,8.09,0.44137,71.595
3694,05/11/2026 04:12:30,4.182,75.787,7.99,0.44123,71.605
3695,05/11/2026 04:22:30,4.178,75.779,7.89,0.44088,71.601
3696,05/11/2026 04:32:30,4.162,75.756,7.79,0.43918,71.594
3697,05/11/2026 04:42:30,4.175,75.768,7.79,0.44052,71.593
3698,05/11/2026 04:52:30,4.170,75.769,7.69,0.43995,71.599
3699,05/11/2026 05:02:30,4.174,75.785,7.59,0.44044,71.611
3700,05/11/2026 05:12:30,4.168,75.774,7.49,0.43981,71.606
3701,05/11/2026 05:22:30,4.169,75.774,7.49,0.43988,71.605
3702,05/11/2026 05:32:30,4.151,75.758,7.39,0.43812,71.607
3703,05/11/2026 05:42:30,4.136,75.743,7.29,0.43657,71.607
3704,05/11/2026 05:52:30,4.149,75.756,7.19,0.43783,71.607
3705,05/11/2026 06:02:30,4.124,75.752,7.19,0.43530,71.628
3706,05/11/2026 06:12:30,4.135,75.769,7.09,0.43642,71.634
3707,05/11/2026 06:22:30,4.129,75.773,6.99,0.43586,71.644
3708,05/11/2026 06:32:30,4.114,75.773,6.99,0.43431,71.659
3709,05/11/2026 06:42:30,4.126,75.794,6.89,0.43550,71.668
3710,05/11/2026 06:52:30,4.125,75.787,6.79,0.43543,71.662
3711,05/11/2026 07:02:30,4.121,75.791,6.79,0.43501,71.670
3712,05/11/2026 07:12:30,4.100,75.779,6.68,0.43290,71.679
3713,05/11/2026 07:22:30,4.103,75.780,6.58,0.43317,71.677
3714,05/11/2026 07:32:30,4.107,75.792,6.58,0.43360,71.685
3715,05/11/2026 07:42:30,4.092,75.780,6.58,0.43205,71.688
3716,05/11/2026 07:52:30,4.086,75.784,6.58,0.43149,71.698
3717,05/11/2026 08:02:30,4.079,75.780,6.58,0.43071,71.701
3718,05/11/2026 08:12:30,4.053,75.748,6.58,0.42804,71.695
3719,05/11/2026 08:22:30,4.073,75.772,6.58,0.43015,71.699
3720,05/11/2026 08:32:30,4.078,75.776,6.58,0.43064,71.698
3721,05/11/2026 08:42:30,4.072,75.764,6.58,0.43001,71.692
3722,05/11/2026 08:52:30,4.060,75.756,6.58,0.42874,71.696
3723,05/11/2026 09:02:30,4.068,75.759,6.68,0.42966,71.691
3724,05/11/2026 09:12:30,4.055,75.738,6.79,0.42833,71.683
3725,05/11/2026 09:22:30,4.065,75.738,6.79,0.42931,71.673
3726,05/11/2026 09:32:30,4.049,75.714,6.89,0.42763,71.665
3727,05/11/2026 09:42:30,4.063,75.721,6.99,0.42911,71.658
3728,05/11/2026 09:52:30,4.053,75.708,7.09,0.42812,71.655
3729,05/11/2026 10:02:30,4.061,75.720,7.19,0.42883,71.659
3730,05/11/2026 10:12:30,4.048,75.707,7.29,0.42757,71.659
3731,05/11/2026 10:22:30,4.070,75.730,7.39,0.42982,71.660
3732,05/11/2026 10:32:30,4.065,75.717,7.59,0.42926,71.652
3733,05/11/2026 10:42:30,4.075,75.712,7.69,0.43032,71.637
3734,05/11/2026 10:52:30,4.076,75.699,7.79,0.43046,71.623
3735,05/11/2026 11:02:30,4.051,75.674,7.99,0.42787,71.623
3736,05/11/2026 11:12:30,4.053,75.677,8.09,0.42815,71.624
3737,05/11/2026 11:22:30,4.028,75.632,8.29,0.42549,71.604
3738,05/11/2026 11:32:30,4.029,75.626,8.49,0.42570,71.597
3739,05/11/2026 11:42:30,4.027,75.617,8.59,0.42550,71.590
3740,05/11/2026 11:52:30,4.036,75.624,8.79,0.42642,71.588
3741,05/11/2026 12:02:30,4.031,75.607,8.99,0.42586,71.576
3742,05/11/2026 12:12:30,4.039,75.606,9.19,0.42671,71.567
3743,05/11/2026 12:22:30,4.037,75.604,9.39,0.42658,71.567
3744,05/11/2026 12:32:30,4.026,75.583,9.58,0.42539,71.557
3745,05/11/2026 12:42:30,4.038,75.590,9.78,0.42667,71.552
3746,05/11/2026 12:52:30,4.028,75.569,9.98,0.42562,71.541
3747,05/11/2026 13:02:30,4.013,75.567,10.27,0.42408,71.554
3748,05/11/2026 13:12:30,4.009,75.562,10.47,0.42367,71.553
3749,05/11/2026 13:22:30,4.018,75.552,10.66,0.42466,71.534
3750,05/11/2026 13:32:30,4.026,75.580,10.86,0.42545,71.554
3751,05/11/2026 13:42:30,4.014,75.562,11.15,0.42426,71.548
3752,05/11/2026 13:52:30,4.016,75.553,11.35,0.42441,71.537
3753,05/11/2026 14:02:30,4.011,75.560,11.54,0.42393,71.549
3754,05/11/2026 14:12:30,4.014,75.555,11.74,0.42422,71.541
3755,05/11/2026 14:22:30,4.016,75.554,11.93,0.42444,71.538
3756,05/11/2026 14:32:30,4.001,75.532,12.12,0.42305,71.531
3757,05/11/2026 14:42:30,4.002,75.515,12.32,0.42313,71.513
3758,05/11/2026 14:52:30,4.003,75.526,12.51,0.42321,71.523
3759,05/11/2026 15:02:30,4.006,75.521,12.71,0.42357,71.515
3760,05/11/2026 15:12:30,3.986,75.496,12.90,0.42147,71.510
3761,05/11/2026 15:22:30,3.987,75.487,13.09,0.42162,71.500
3762,05/11/2026 15:32:30,3.984,75.499,13.19,0.42128,71.515
3763,05/11/2026 15:42:30,3.966,75.458,13.38,0.41939,71.492
3764,05/11/2026 15:52:30,3.963,75.453,13.57,0.41912,71.490
3765,05/11/2026 16:02:30,3.957,75.456,13.67,0.41856,71.499
3766,05/11/2026 16:12:30,3.964,75.455,13.86,0.41934,71.491
3767,05/11/2026 16:22:30,3.952,75.443,13.96,0.41801,71.491
3768,05/11/2026 16:32:30,3.957,75.450,14.15,0.41859,71.493
3769,05/11/2026 16:42:30,3.949,75.445,14.25,0.41782,71.496
3770,05/11/2026 16:52:30,3.953,75.441,14.34,0.41818,71.488
3771,05/11/2026 17:02:30,3.951,75.449,14.34,0.41797,71.498
3772,05/11/2026 17:12:30,3.946,75.449,14.44,0.41748,71.503
3773,05/11/2026 17:22:30,3.939,75.436,14.53,0.41678,71.497
3774,05/11/2026 17:32:30,3.933,75.436,14.53,0.41615,71.503
3775,05/11/2026 17:42:30,3.940,75.436,14.63,0.41686,71.496
3776,05/11/2026 17:52:30,3.924,75.432,14.63,0.41524,71.508
3777,05/11/2026 18:02:30,3.919,75.419,14.63,0.41482,71.500
3778,05/11/2026 18:12:30,3.922,75.415,14.63,0.41510,71.493
3779,05/11/2026 18:22:30,3.905,75.407,14.63,0.41334,71.502
3780,05/11/2026 18:32:30,3.913,75.415,14.63,0.41418,71.502
3781,05/11/2026 18:42:30,3.920,75.424,14.53,0.41481,71.504
3782,05/11/2026 18:52:30,3.888,75.404,14.53,0.41157,71.516
3783,05/11/2026 19:02:30,3.903,75.416,14.44,0.41312,71.513
3784,05/11/2026 19:12:30,3.894,75.416,14.44,0.41220,71.522
3785,05/11/2026 19:22:30,3.907,75.425,14.34,0.41346,71.518
3786,05/11/2026 19:32:30,3.894,75.417,14.34,0.41213,71.523
3787,05/11/2026 19:42:30,3.884,75.413,14.25,0.41113,71.529
3788,05/11/2026 19:52:30,3.897,75.430,14.15,0.41247,71.533
3789,05/11/2026 20:02:30,3.898,75.438,14.05,0.41260,71.540
3790,05/11/2026 20:12:30,3.883,75.435,13.96,0.41098,71.552
3791,05/11/2026 20:22:30,3.895,75.455,13.86,0.41231,71.560
3792,05/11/2026 20:32:30,3.895,75.468,13.77,0.41223,71.573
3793,05/11/2026 20:42:30,3.906,75.493,13.57,0.41335,71.587
3794,05/11/2026 20:52:30,3.919,75.518,13.48,0.41461,71.599
3795,05/11/2026 21:02:30,3.927,75.538,13.38,0.41552,71.611
3796,05/11/2026 21:12:30,3.937,75.559,13.28,0.41650,71.622
3797,05/11/2026 21:22:30,3.944,75.571,13.19,0.41726,71.627
3798,05/11/2026 21:32:30,3.964,75.600,13.09,0.41923,71.636
3799,05/11/2026 21:42:30,3.988,75.633,13.00,0.42169,71.645
3800,05/11/2026 21:52:30,4.015,75.666,12.80,0.42442,71.651
3801,05/11/2026 22:02:30,4.051,75.711,12.71,0.42807,71.660
3802,05/11/2026 22:12:30,4.084,75.744,12.61,0.43145,71.660
3803,05/11/2026 22:22:30,4.133,75.797,12.51,0.43644,71.664
3804,05/11/2026 22:32:30,4.171,75.842,12.42,0.44030,71.671
3805,05/11/2026 22:42:30,4.197,75.870,12.32,0.44304,71.673
3806,05/11/2026 22:52:30,4.225,75.904,12.12,0.44577,71.679
3807,05/11/2026 23:02:30,4.245,75.924,12.03,0.44788,71.679
3808,05/11/2026 23:12:30,4.254,75.937,11.93,0.44879,71.683
3809,05/11/2026 23:22:30,4.278,75.966,11.83,0.45117,71.688
3810,05/11/2026 23:32:30,4.302,75.999,11.64,0.45362,71.697
3811,05/11/2026 23:42:30,4.307,76.003,11.54,0.45418,71.696
3812,05/11/2026 23:52:30,4.313,76.012,11.44,0.45481,71.699
3813,05/12/2026 00:02:30,4.313,76.009,11.25,0.45480,71.696
3814,05/12/2026 00:12:30,4.334,76.038,11.15,0.45691,71.704
3815,05/12/2026 00:22:30,4.345,76.055,11.05,0.45796,71.710
3816,05/12/2026 00:32:30,4.319,76.031,10.86,0.45541,71.712
3817,05/12/2026 00:42:30,4.338,76.052,10.76,0.45731,71.714
3818,05/12/2026 00:52:30,4.359,76.061,10.66,0.45941,71.702
3819,05/12/2026 01:02:30,4.351,76.053,10.57,0.45864,71.702
3820,05/12/2026 01:12:30,4.344,76.042,10.37,0.45792,71.698
3821,05/12/2026 01:22:30,4.353,76.051,10.27,0.45876,71.698
3822,05/12/2026 01:32:30,4.337,76.023,10.17,0.45721,71.686
3823,05/12/2026 01:42:30,4.345,76.028,10.08,0.45798,71.683
3824,05/12/2026 01:52:30,4.350,76.028,9.98,0.45854,71.678
3825,05/12/2026 02:02:30,4.344,76.017,9.88,0.45783,71.673
3826,05/12/2026 02:12:30,4.343,76.009,9.78,0.45783,71.666
3827,05/12/2026 02:22:30,4.339,76.006,9.68,0.45733,71.667
3828,05/12/2026 02:32:30,4.325,75.998,9.58,0.45599,71.673
3829,05/12/2026 02:42:30,4.335,76.003,9.48,0.45690,71.668
3830,05/12/2026 02:52:30,4.328,75.992,9.39,0.45619,71.664
3831,05/12/2026 03:02:30,4.331,75.996,9.29,0.45654,71.665
3832,05/12/2026 03:12:30,4.326,75.993,9.19,0.45597,71.667
3833,05/12/2026 03:22:30,4.313,75.985,9.19,0.45464,71.672
3834,05/12/2026 03:32:30,4.310,75.989,9.09,0.45442,71.679
3835,05/12/2026 03:42:30,4.307,75.994,8.99,0.45406,71.687
3836,05/12/2026 03:52:30,4.301,75.995,8.89,0.45343,71.694
3837,05/12/2026 04:02:30,4.298,75.995,8.89,0.45308,71.697
3838,05/12/2026 04:12:30,4.304,75.995,8.79,0.45378,71.691
3839,05/12/2026 04:22:30,4.293,75.992,8.69,0.45258,71.699
3840,05/12/2026 04:32:30,4.274,75.968,8.59,0.45067,71.694
3841,05/12/2026 04:42:30,4.287,75.985,8.49,0.45201,71.698
3842,05/12/2026 04:52:30,4.283,75.981,8.49,0.45159,71.698
3843,05/12/2026 05:02:30,4.272,75.970,8.39,0.45039,71.698
3844,05/12/2026 05:12:30,4.264,75.958,8.29,0.44968,71.694
3845,05/12/2026 05:22:30,4.274,75.970,8.29,0.45066,71.696
3846,05/12/2026 05:32:30,4.262,75.959,8.19,0.44939,71.697
3847,05/12/2026 05:42:30,4.259,75.951,8.09,0.44918,71.692
3848,05/12/2026 05:52:30,4.250,75.955,8.09,0.44827,71.705
3849,05/12/2026 06:02:30,4.240,75.948,7.99,0.44714,71.708
3850,05/12/2026 06:12:30,4.241,75.953,7.89,0.44720,71.712
3851,05/12/2026 06:22:30,4.226,75.949,7.79,0.44580,71.723
3852,05/12/2026 06:32:30,4.214,75.945,7.79,0.44453,71.731
3853,05/12/2026 06:42:30,4.211,75.954,7.69,0.44417,71.743
3854,05/12/2026 06:52:30,4.209,75.967,7.59,0.44396,71.758
3855,05/12/2026 07:02:30,4.204,75.975,7.59,0.44347,71.771
3856,05/12/2026 07:12:30,4.193,75.971,7.49,0.44241,71.778
3857,05/12/2026 07:22:30,4.180,75.960,7.39,0.44107,71.780
3858,05/12/2026 07:32:30,4.183,75.968,7.39,0.44135,71.785
3859,05/12/2026 07:42:30,4.165,75.960,7.39,0.43952,71.795
3860,05/12/2026 07:52:30,4.164,75.957,7.29,0.43938,71.793
3861,05/12/2026 08:02:30,4.163,75.953,7.29,0.43924,71.790
3862,05/12/2026 08:12:30,4.167,75.957,7.29,0.43966,71.790
3863,05/12/2026 08:22:30,4.157,75.945,7.29,0.43868,71.788
3864,05/12/2026 08:32:30,4.151,75.949,7.29,0.43805,71.798
3865,05/12/2026 08:42:30,4.169,75.956,7.39,0.43995,71.787
3866,05/12/2026 08:52:30,4.133,75.928,7.39,0.43622,71.795
3867,05/12/2026 09:02:30,4.151,75.939,7.49,0.43812,71.788
3868,05/12/2026 09:12:30,4.139,75.919,7.49,0.43686,71.780
3869,05/12/2026 09:22:30,4.149,75.918,7.59,0.43791,71.769
3870,05/12/2026 09:32:30,4.138,75.906,7.69,0.43672,71.768
3871,05/12/2026 09:42:30,4.140,75.902,7.69,0.43693,71.762
3872,05/12/2026 09:52:30,4.132,75.897,7.79,0.43616,71.765
3873,05/12/2026 10:02:30,4.138,75.892,7.89,0.43680,71.754
3874,05/12/2026 10:12:30,4.125,75.879,7.99,0.43546,71.754
3875,05/12/2026 10:22:30,4.132,75.879,8.09,0.43617,71.747
3876,05/12/2026 10:32:30,4.121,75.869,8.29,0.43512,71.748
3877,05/12/2026 10:42:30,4.116,75.861,8.39,0.43449,71.745
3878,05/12/2026 10:52:30,4.121,75.852,8.49,0.43506,71.731
3879,05/12/2026 11:02:30,4.113,75.851,8.69,0.43422,71.738
3880,05/12/2026 11:12:30,4.116,75.858,8.79,0.43458,71.742
3881,05/12/2026 11:22:30,4.100,75.849,8.99,0.43289,71.749
3882,05/12/2026 11:32:30,4.103,75.852,9.09,0.43325,71.749
3883,05/12/2026 11:42:30,4.100,75.835,9.29,0.43291,71.735
3884,05/12/2026 11:52:30,4.105,75.846,9.48,0.43341,71.741
3885,05/12/2026 12:02:30,4.096,75.845,9.58,0.43257,71.749
3886,05/12/2026 12:12:30,4.084,75.824,9.78,0.43131,71.740
3887,05/12/2026 12:22:30,4.103,75.835,9.98,0.43329,71.732
3888,05/12/2026 12:32:30,4.090,75.834,10.17,0.43189,71.744
3889,05/12/2026 12:42:30,4.093,75.808,10.37,0.43232,71.715
3890,05/12/2026 12:52:30,4.075,75.803,10.57,0.43043,71.728
3891,05/12/2026 13:02:30,4.089,75.814,10.76,0.43191,71.725
3892,05/12/2026 13:12:30,4.086,75.792,11.05,0.43165,71.706
3893,05/12/2026 13:22:30,4.087,75.803,11.25,0.43173,71.716
3894,05/12/2026 13:32:30,4.075,75.786,11.44,0.43047,71.711
3895,05/12/2026 13:42:30,4.080,75.781,11.64,0.43104,71.701
3896,05/12/2026 13:52:30,4.059,75.760,11.83,0.42887,71.701
3897,05/12/2026 14:02:30,4.079,75.779,12.03,0.43092,71.700
3898,05/12/2026 14:12:30,4.058,75.750,12.22,0.42875,71.692
3899,05/12/2026 14:22:30,4.064,75.737,12.42,0.42939,71.673
3900,05/12/2026 14:32:30,4.074,75.743,12.71,0.43047,71.669
3901,05/12/2026 14:42:30,4.069,75.750,12.90,0.42998,71.681
3902,05/12/2026 14:52:30,4.082,75.741,13.09,0.43133,71.659
3903,05/12/2026 15:02:30,4.054,75.705,13.19,0.42838,71.651
3904,05/12/2026 15:12:30,4.052,75.680,13.28,0.42825,71.628
3905,05/12/2026 15:22:30,4.054,75.679,13.38,0.42846,71.625
3906,05/12/2026 15:32:30,4.051,75.666,13.57,0.42819,71.615
3907,05/12/2026 15:42:30,4.055,75.674,13.67,0.42855,71.619
3908,05/12/2026 15:52:30,4.039,75.653,13.86,0.42694,71.614
3909,05/12/2026 16:02:30,4.040,75.648,13.96,0.42709,71.608
3910,05/12/2026 16:12:30,4.028,75.619,14.15,0.42591,71.591
3911,05/12/2026 16:22:30,4.026,75.611,14.25,0.42563,71.585
3912,05/12/2026 16:32:30,4.020,75.614,14.34,0.42508,71.594
3913,05/12/2026 16:42:30,4.016,75.606,14.44,0.42466,71.590
3914,05/12/2026 16:52:30,4.011,75.606,14.44,0.42410,71.595
3915,05/12/2026 17:02:30,3.997,75.577,14.53,0.42276,71.580
3916,05/12/2026 17:12:30,4.015,75.597,14.63,0.42453,71.582
3917,05/12/2026 17:22:30,3.994,75.576,14.73,0.42242,71.582
3918,05/12/2026 17:32:30,3.988,75.568,14.73,0.42186,71.580
3919,05/12/2026 17:42:30,3.993,75.564,14.82,0.42229,71.571
3920,05/12/2026 17:52:30,3.996,75.572,14.82,0.42264,71.576
3921,05/12/2026 18:02:30,3.981,75.560,14.82,0.42109,71.579
3922,05/12/2026 18:12:30,3.970,75.556,14.82,0.41997,71.586
3923,05/12/2026 18:22:30,3.975,75.552,14.82,0.42046,71.577
3924,05/12/2026 18:32:30,3.976,75.540,14.82,0.42053,71.564
3925,05/12/2026 18:42:30,3.964,75.536,14.82,0.41933,71.572
3926,05/12/2026 18:52:30,3.969,75.548,14.73,0.41989,71.579
3927,05/12/2026 19:02:30,3.975,75.556,14.73,0.42052,71.581
3928,05/12/2026 19:12:30,3.976,75.557,14.63,0.42052,71.581
3929,05/12/2026 19:22:30,3.960,75.545,14.63,0.41890,71.585
3930,05/12/2026 19:32:30,3.976,75.573,14.53,0.42058,71.597
3931,05/12/2026 19:42:30,3.972,75.578,14.44,0.42008,71.606
3932,05/12/2026 19:52:30,3.961,75.570,14.44,0.41896,71.609
3933,05/12/2026 20:02:30,3.971,75.586,14.34,0.42008,71.615
3934,05/12/2026 20:12:30,3.972,75.595,14.15,0.42014,71.623
3935,05/12/2026 20:22:30,3.984,75.616,14.05,0.42133,71.632
3936,05/12/2026 20:32:30,3.983,75.624,13.96,0.42125,71.641
3937,05/12/2026 20:42:30,4.004,75.657,13.86,0.42336,71.653
3938,05/12/2026 20:52:30,4.022,75.678,13.77,0.42518,71.656
3939,05/12/2026 21:02:30,4.047,75.711,13.57,0.42770,71.664
3940,05/12/2026 21:12:30,4.077,75.748,13.48,0.43079,71.671
3941,05/12/2026 21:22:30,4.110,75.788,13.38,0.43423,71.678
3942,05/12/2026 21:32:30,4.153,75.841,13.28,0.43859,71.688
3943,05/12/2026 21:42:30,4.192,75.882,13.19,0.44253,71.690
3944,05/12/2026 21:52:30,4.212,75.903,13.00,0.44456,71.691
3945,05/12/2026 22:02:30,4.255,75.952,12.90,0.44898,71.697
3946,05/12/2026 22:12:30,4.278,75.977,12.80,0.45123,71.699
3947,05/12/2026 22:22:30,4.290,75.993,12.71,0.45256,71.703
3948,05/12/2026 22:32:30,4.325,76.030,12.61,0.45607,71.705
3949,05/12/2026 22:42:30,4.309,76.015,12.51,0.45438,71.706
3950,05/12/2026 22:52:30,4.339,76.040,12.32,0.45746,71.701
3951,05/12/2026 23:02:30,4.364,76.064,12.22,0.46006,71.700
3952,05/12/2026 23:12:30,4.369,76.073,12.12,0.46055,71.704
3953,05/12/2026 23:22:30,4.375,76.090,12.03,0.46110,71.715
3954,05/12/2026 23:32:30,4.372,76.090,11.93,0.46082,71.718
3955,05/12/2026 23:42:30,4.385,76.103,11.74,0.46214,71.718
3956,05/12/2026 23:52:30,4.381,76.096,11.64,0.46172,71.715
3957,05/13/2026 00:02:30,4.397,76.112,11.54,0.46340,71.715
3958,05/13/2026 00:12:30,4.398,76.109,11.35,0.46346,71.711
3959,05/13/2026 00:22:30,4.401,76.110,11.25,0.46373,71.709
3960,05/13/2026 00:32:30,4.398,76.106,11.15,0.46345,71.708
3961,05/13/2026 00:42:30,4.402,76.107,11.05,0.46387,71.705
3962,05/13/2026 00:52:30,4.406,76.099,10.96,0.46428,71.693
3963,05/13/2026 01:02:30,4.428,76.116,10.86,0.46646,71.688
3964,05/13/2026 01:12:30,4.414,76.101,10.76,0.46498,71.687
3965,05/13/2026 01:22:30,4.418,76.105,10.66,0.46546,71.687
3966,05/13/2026 01:32:30,4.420,76.106,10.57,0.46560,71.686
3967,05/13/2026 01:42:30,4.415,76.110,10.47,0.46517,71.695
3968,05/13/2026 01:52:30,4.419,76.103,10.37,0.46552,71.684
3969,05/13/2026 02:02:30,4.409,76.087,10.27,0.46453,71.678
3970,05/13/2026 02:12:30,4.385,76.064,10.17,0.46199,71.679
3971,05/13/2026 02:22:30,4.392,76.072,10.08,0.46276,71.680
3972,05/13/2026 02:32:30,4.395,76.064,10.08,0.46311,71.669
3973,05/13/2026 02:42:30,4.403,76.065,9.98,0.46388,71.662
3974,05/13/2026 02:52:30,4.396,76.053,9.88,0.46318,71.657
3975,05/13/2026 03:02:30,4.389,76.046,9.78,0.46240,71.657
3976,05/13/2026 03:12:30,4.390,76.046,9.78,0.46254,71.656
3977,05/13/2026 03:22:30,4.379,76.038,9.68,0.46141,71.659
3978,05/13/2026 03:32:30,4.386,76.047,9.58,0.46211,71.661
3979,05/13/2026 03:42:30,4.381,76.043,9.48,0.46168,71.662
3980,05/13/2026 03:52:30,4.375,76.035,9.48,0.46105,71.660
3981,05/13/2026 04:02:30,4.369,76.028,9.39,0.46034,71.659
3982,05/13/2026 04:12:30,4.356,76.016,9.29,0.45907,71.660
3983,05/13/2026 04:22:30,4.338,75.989,9.19,0.45717,71.651
3984,05/13/2026 04:32:30,4.333,75.985,9.19,0.45668,71.652
3985,05/13/2026 04:42:30,4.333,75.977,9.09,0.45674,71.644
3986,05/13/2026 04:52:30,4.308,75.946,8.99,0.45414,71.638
3987,05/13/2026 05:02:30,4.314,75.958,8.89,0.45476,71.644
3988,05/13/2026 05:12:30,4.303,75.954,8.89,0.45364,71.651
3989,05/13/2026 05:22:30,4.308,75.951,8.79,0.45413,71.643
3990,05/13/2026 05:32:30,4.308,75.956,8.69,0.45412,71.648
3991,05/13/2026 05:42:30,4.315,75.964,8.59,0.45489,71.649
3992,05/13/2026 05:52:30,4.307,75.960,8.59,0.45405,71.653
3993,05/13/2026 06:02:30,4.310,75.969,8.49,0.45433,71.659
3994,05/13/2026 06:12:30,4.321,75.978,8.39,0.45538,71.657
3995,05/13/2026 06:22:30,4.311,75.978,8.29,0.45446,71.667
3996,05/13/2026 06:32:30,4.302,75.978,8.29,0.45355,71.676
3997,05/13/2026 06:42:30,4.295,75.979,8.19,0.45277,71.684
3998,05/13/2026 06:52:30,4.283,75.976,8.09,0.45150,71.693
3999,05/13/2026 07:02:30,4.279,75.976,7.99,0.45115,71.697
4000,05/13/2026 07:12:30,4.272,75.968,7.99,0.45044,71.696
4001,05/13/2026 07:22:30,4.262,75.953,7.89,0.44938,71.691
4002,05/13/2026 07:32:30,4.253,75.945,7.89,0.44847,71.692
4003,05/13/2026 07:42:30,4.237,75.936,7.89,0.44692,71.699
4004,05/13/2026 07:52:30,4.250,75.945,7.79,0.44819,71.695
4005,05/13/2026 08:02:30,4.234,75.933,7.79,0.44657,71.699
4006,05/13/2026 08:12:30,4.243,75.941,7.79,0.44748,71.698
4007,05/13/2026 08:22:30,4.231,75.933,7.79,0.44629,71.702
4008,05/13/2026 08:32:30,4.226,75.925,7.79,0.44572,71.699
4009,05/13/2026 08:42:30,4.220,75.909,7.79,0.44516,71.689
4010,05/13/2026 08:52:30,4.222,75.908,7.89,0.44538,71.686
4011,05/13/2026 09:02:30,4.221,75.900,7.89,0.44524,71.679
4012,05/13/2026 09:12:30,4.211,75.880,7.89,0.44425,71.669
4013,05/13/2026 09:22:30,4.208,75.871,7.99,0.44397,71.663
4014,05/13/2026 09:32:30,4.211,75.863,8.09,0.44419,71.652
4015,05/13/2026 09:42:30,4.221,75.855,8.09,0.44517,71.634
4016,05/13/2026 09:52:30,4.208,75.830,8.19,0.44391,71.622
4017,05/13/2026 10:02:30,4.211,75.821,8.29,0.44426,71.610
4018,05/13/2026 10:12:30,4.198,75.800,8.39,0.44293,71.602
4019,05/13/2026 10:22:30,4.201,75.787,8.49,0.44329,71.586
4020,05/13/2026 10:32:30,4.194,75.770,8.69,0.44252,71.576
4021,05/13/2026 10:42:30,4.204,75.769,8.79,0.44358,71.565
4022,05/13/2026 10:52:30,4.207,75.757,8.89,0.44379,71.550
4023,05/13/2026 11:02:30,4.191,75.735,9.09,0.44225,71.544
4024,05/13/2026 11:12:30,4.196,75.731,9.19,0.44268,71.535
4025,05/13/2026 11:22:30,4.198,75.733,9.39,0.44297,71.535
4026,05/13/2026 11:32:30,4.187,75.725,9.48,0.44178,71.538
4027,05/13/2026 11:42:30,4.185,75.725,9.48,0.44164,71.540
4028,05/13/2026 11:52:30,4.185,75.724,9.58,0.44164,71.539
4029,05/13/2026 12:02:30,4.181,75.708,9.58,0.44122,71.527
4030,05/13/2026 12:12:30,4.159,75.676,9.58,0.43897,71.517
4031,05/13/2026 12:22:30,4.170,75.667,9.68,0.44010,71.497
4032,05/13/2026 12:32:30,4.162,75.642,9.78,0.43933,71.480
4033,05/13/2026 12:42:30,4.181,75.637,9.98,0.44123,71.456
4034,05/13/2026 12:52:30,4.166,75.616,10.08,0.43976,71.450
4035,05/13/2026 13:02:30,4.167,75.599,10.27,0.43984,71.432
4036,05/13/2026 13:12:30,4.159,75.594,10.47,0.43900,71.435
4037,05/13/2026 13:22:30,4.156,75.586,10.47,0.43872,71.430
4038,05/13/2026 13:32:30,4.158,75.577,10.66,0.43887,71.419
4039,05/13/2026 13:42:30,4.148,75.563,10.86,0.43797,71.415
4040,05/13/2026 13:52:30,4.156,75.559,10.96,0.43875,71.403
4041,05/13/2026 14:02:30,4.146,75.522,11.15,0.43770,71.376
4042,05/13/2026 14:12:30,4.159,75.488,11.44,0.43905,71.329
4043,05/13/2026 14:22:30,4.147,75.462,11.64,0.43787,71.315
4044,05/13/2026 14:32:30,4.149,75.477,11.83,0.43809,71.328
4045,05/13/2026 14:42:30,4.137,75.453,11.93,0.43683,71.316
4046,05/13/2026 14:52:30,4.134,75.461,11.93,0.43654,71.327
4047,05/13/2026 15:02:30,4.132,75.476,12.03,0.43641,71.344
4048,05/13/2026 15:12:30,4.126,75.476,12.03,0.43578,71.350
4049,05/13/2026 15:22:30,4.117,75.517,11.93,0.43486,71.400
4050,05/13/2026 15:32:30,4.124,75.529,11.93,0.43556,71.405
4051,05/13/2026 15:42:30,4.114,75.505,11.93,0.43450,71.391
4052,05/13/2026 15:52:30,4.094,75.464,12.03,0.43247,71.370
4053,05/13/2026 16:02:30,4.109,75.428,12.12,0.43395,71.319
4054,05/13/2026 16:12:30,4.103,75.407,12.22,0.43339,71.304
4055,05/13/2026 16:22:30,4.109,75.423,12.22,0.43403,71.314
4056,05/13/2026 16:32:30,4.110,75.427,12.22,0.43410,71.317
4057,05/13/2026 16:42:30,4.091,75.415,12.22,0.43213,71.324
4058,05/13/2026 16:52:30,4.088,75.399,12.22,0.43185,71.311
4059,05/13/2026 17:02:30,4.083,75.415,12.22,0.43135,71.332
4060,05/13/2026 17:12:30,4.084,75.431,12.22,0.43142,71.347
4061,05/13/2026 17:22:30,4.080,75.435,12.22,0.43107,71.355
4062,05/13/2026 17:32:30,4.065,75.375,12.22,0.42945,71.310
4063,05/13/2026 17:42:30,4.075,75.375,12.22,0.43051,71.300
4064,05/13/2026 17:52:30,4.070,75.334,12.32,0.43002,71.264
4065,05/13/2026 18:02:30,4.090,75.346,12.32,0.43206,71.256
4066,05/13/2026 18:12:30,4.077,75.314,12.32,0.43073,71.237
4067,05/13/2026 18:22:30,4.081,75.309,12.32,0.43122,71.228
4068,05/13/2026 18:32:30,4.073,75.293,12.32,0.43037,71.220
4069,05/13/2026 18:42:30,4.073,75.281,12.32,0.43037,71.208
4070,05/13/2026 18:52:30,4.075,75.282,12.22,0.43051,71.207
4071,05/13/2026 19:02:30,4.074,75.274,12.22,0.43037,71.200
4072,05/13/2026 19:12:30,4.071,75.270,12.22,0.43009,71.199
4073,05/13/2026 19:22:30,4.076,75.274,12.12,0.43064,71.198
4074,05/13/2026 19:32:30,4.084,75.290,12.12,0.43149,71.206
4075,05/13/2026 19:42:30,4.099,75.295,12.03,0.43296,71.196
4076,05/13/2026 19:52:30,4.100,75.312,11.93,0.43303,71.212
4077,05/13/2026 20:02:30,4.113,75.360,11.93,0.43436,71.247
4078,05/13/2026 20:12:30,4.126,75.405,11.83,0.43570,71.279
4079,05/13/2026 20:22:30,4.142,75.438,11.74,0.43731,71.296
4080,05/13/2026 20:32:30,4.147,75.454,11.74,0.43780,71.307
4081,05/13/2026 20:42:30,4.172,75.527,11.64,0.44040,71.355
4082,05/13/2026 20:52:30,4.177,75.535,11.54,0.44096,71.358
4083,05/13/2026 21:02:30,4.202,75.548,11.44,0.44348,71.346
4084,05/13/2026 21:12:30,4.232,75.549,11.35,0.44650,71.317
4085,05/13/2026 21:22:30,4.241,75.553,11.35,0.44742,71.312
4086,05/13/2026 21:32:30,4.263,75.586,11.25,0.44959,71.323
4087,05/13/2026 21:42:30,4.274,75.586,11.25,0.45072,71.312
4088,05/13/2026 21:52:30,4.284,75.578,11.15,0.45177,71.294
4089,05/13/2026 22:02:30,4.282,75.554,11.05,0.45162,71.272
4090,05/13/2026 22:12:30,4.291,75.550,11.05,0.45254,71.259
4091,05/13/2026 22:22:30,4.299,75.559,10.96,0.45331,71.260
4092,05/13/2026 22:32:30,4.309,75.575,10.96,0.45436,71.266
4093,05/13/2026 22:42:30,4.308,75.580,10.86,0.45422,71.272
4094,05/13/2026 22:52:30,4.342,75.604,10.76,0.45773,71.262
4095,05/13/2026 23:02:30,4.340,75.608,10.76,0.45752,71.268
4096,05/13/2026 23:12:30,4.342,75.617,10.66,0.45773,71.275
4097,05/13/2026 23:22:30,4.349,75.617,10.66,0.45843,71.268
4098,05/13/2026 23:32:30,4.336,75.601,10.57,0.45709,71.265
4099,05/13/2026 23:42:30,4.345,75.601,10.57,0.45807,71.256
4100,05/13/2026 23:52:30,4.360,75.610,10.47,0.45954,71.250
4101,05/14/2026 00:02:30,4.354,75.614,10.47,0.45891,71.260
4102,05/14/2026 00:12:30,4.371,75.631,10.37,0.46060,71.260
4103,05/14/2026 00:22:30,4.362,75.623,10.37,0.45968,71.261
4104,05/14/2026 00:32:30,4.365,75.627,10.27,0.46003,71.262
4105,05/14/2026 00:42:30,4.367,75.623,10.27,0.46024,71.256
4106,05/14/2026 00:52:30,4.383,75.627,10.27,0.46193,71.244
4107,05/14/2026 01:02:30,4.381,75.616,10.17,0.46164,71.235
4108,05/14/2026 01:12:30,4.382,75.608,10.17,0.46171,71.226
4109,05/14/2026 01:22:30,4.379,75.604,10.08,0.46150,71.225
4110,05/14/2026 01:32:30,4.375,75.592,10.08,0.46107,71.217
4111,05/14/2026 01:42:30,4.389,75.584,10.08,0.46248,71.195
4112,05/14/2026 01:52:30,4.370,75.565,9.98,0.46051,71.195
4113,05/14/2026 02:02:30,4.375,75.557,9.98,0.46107,71.181
4114,05/14/2026 02:12:30,4.373,75.540,9.98,0.46086,71.167
4115,05/14/2026 02:22:30,4.380,75.525,9.88,0.46149,71.145
4116,05/14/2026 02:32:30,4.382,75.517,9.88,0.46170,71.135
4117,05/14/2026 02:42:30,4.389,75.521,9.88,0.46240,71.132
4118,05/14/2026 02:52:30,4.380,75.542,9.78,0.46148,71.162
4119,05/14/2026 03:02:30,4.372,75.550,9.78,0.46064,71.178
4120,05/14/2026 03:12:30,4.368,75.558,9.78,0.46029,71.190
4121,05/14/2026 03:22:30,4.370,75.558,9.68,0.46056,71.188
4122,05/14/2026 03:32:30,4.364,75.558,9.68,0.45993,71.194
4123,05/14/2026 03:42:30,4.362,75.530,9.68,0.45972,71.168
4124,05/14/2026 03:52:30,4.355,75.486,9.58,0.45901,71.131
4125,05/14/2026 04:02:30,4.357,75.474,9.58,0.45922,71.117
4126,05/14/2026 04:12:30,4.338,75.447,9.48,0.45718,71.109
4127,05/14/2026 04:22:30,4.356,75.459,9.48,0.45901,71.103
4128,05/14/2026 04:32:30,4.346,75.439,9.48,0.45802,71.093
4129,05/14/2026 04:42:30,4.351,75.435,9.39,0.45858,71.084
4130,05/14/2026 04:52:30,4.342,75.419,9.39,0.45760,71.077
4131,05/14/2026 05:02:30,4.346,75.420,9.29,0.45802,71.074
4132,05/14/2026 05:12:30,4.334,75.412,9.19,0.45682,71.078
4133,05/14/2026 05:22:30,4.355,75.432,9.19,0.45900,71.077
4134,05/14/2026 05:32:30,4.343,75.421,9.09,0.45773,71.078
4135,05/14/2026 05:42:30,4.350,75.417,9.09,0.45843,71.067
4136,05/14/2026 05:52:30,4.338,75.409,8.99,0.45723,71.071
4137,05/14/2026 06:02:30,4.334,75.409,8.99,0.45681,71.075
4138,05/14/2026 06:12:30,4.335,75.414,8.89,0.45687,71.079
4139,05/14/2026 06:22:30,4.334,75.411,8.79,0.45673,71.077
4140,05/14/2026 06:32:30,4.323,75.398,8.79,0.45575,71.075
4141,05/14/2026 06:42:30,4.326,75.403,8.69,0.45602,71.077
4142,05/14/2026 06:52:30,4.320,75.408,8.59,0.45532,71.088
4143,05/14/2026 07:02:30,4.305,75.384,8.59,0.45377,71.079
4144,05/14/2026 07:12:30,4.309,75.388,8.59,0.45419,71.079
4145,05/14/2026 07:22:30,4.306,75.392,8.49,0.45398,71.086
4146,05/14/2026 07:32:30,4.310,75.400,8.49,0.45440,71.090
4147,05/14/2026 07:42:30,4.309,75.400,8.49,0.45426,71.091
4148,05/14/2026 07:52:30,4.307,75.393,8.39,0.45404,71.086
4149,05/14/2026 08:02:30,4.303,75.393,8.39,0.45362,71.090
4150,05/14/2026 08:12:30,4.313,75.405,8.39,0.45468,71.092
4151,05/14/2026 08:22:30,4.304,75.405,8.39,0.45376,71.101
4152,05/14/2026 08:32:30,4.293,75.381,8.39,0.45257,71.088
4153,05/14/2026 08:42:30,4.290,75.376,8.49,0.45229,71.086
4154,05/14/2026 08:52:30,4.307,75.380,8.49,0.45405,71.073
4155,05/14/2026 09:02:30,4.294,75.364,8.49,0.45271,71.070
4156,05/14/2026 09:12:30,4.299,75.384,8.59,0.45321,71.085
4157,05/14/2026 09:22:30,4.300,75.368,8.59,0.45328,71.068
4158,05/14/2026 09:32:30,4.291,75.363,8.69,0.45237,71.072
4159,05/14/2026 09:42:30,4.281,75.354,8.79,0.45139,71.073
4160,05/14/2026 09:52:30,4.285,75.350,8.79,0.45181,71.065
4161,05/14/2026 10:02:30,4.266,75.333,8.89,0.44991,71.067
4162,05/14/2026 10:12:30,4.267,75.358,8.89,0.44991,71.091
4163,05/14/2026 10:22:30,4.272,75.341,8.99,0.45048,71.069
4164,05/14/2026 10:32:30,4.265,75.332,9.09,0.44978,71.067
4165,05/14/2026 10:42:30,4.262,75.336,9.19,0.44950,71.073
4166,05/14/2026 10:52:30,4.261,75.331,9.29,0.44936,71.070
4167,05/14/2026 11:02:30,4.265,75.330,9.48,0.44972,71.065
4168,05/14/2026 11:12:30,4.264,75.321,9.58,0.44966,71.057
4169,05/14/2026 11:22:30,4.264,75.324,9.68,0.44973,71.060
4170,05/14/2026 11:32:30,4.276,75.327,9.88,0.45094,71.051
4171,05/14/2026 11:42:30,4.251,75.310,10.08,0.44834,71.059
4172,05/14/2026 11:52:30,4.253,75.305,10.17,0.44863,71.052
4173,05/14/2026 12:02:30,4.235,75.292,10.37,0.44674,71.057
4174,05/14/2026 12:12:30,4.247,75.291,10.57,0.44801,71.044
4175,05/14/2026 12:22:30,4.239,75.286,10.76,0.44718,71.047
4176,05/14/2026 12:32:30,4.244,75.281,10.86,0.44775,71.037
4177,05/14/2026 12:42:30,4.236,75.276,11.05,0.44691,71.040
4178,05/14/2026 12:52:30,4.243,75.283,11.25,0.44762,71.040
4179,05/14/2026 13:02:30,4.235,75.250,11.44,0.44679,71.015
4180,05/14/2026 13:12:30,4.224,75.232,11.74,0.44568,71.008
4181,05/14/2026 13:22:30,4.228,75.235,11.93,0.44611,71.007
4182,05/14/2026 13:32:30,4.214,75.202,12.12,0.44465,70.988
4183,05/14/2026 13:42:30,4.204,75.197,12.32,0.44367,70.993
4184,05/14/2026 13:52:30,4.216,75.187,12.51,0.44495,70.971
4185,05/14/2026 14:02:30,4.218,75.191,12.71,0.44510,70.973
4186,05/14/2026 14:12:30,4.199,75.173,12.90,0.44328,70.974
4187,05/14/2026 14:22:30,4.197,75.156,13.09,0.44308,70.959
4188,05/14/2026 14:32:30,4.189,75.159,13.28,0.44225,70.970
4189,05/14/2026 14:42:30,4.192,75.158,13.48,0.44261,70.966
4190,05/14/2026 14:52:30,4.182,75.141,13.67,0.44157,70.959
4191,05/14/2026 15:02:30,4.180,75.144,13.86,0.44137,70.964
4192,05/14/2026 15:12:30,4.169,75.131,14.05,0.44026,70.962
4193,05/14/2026 15:22:30,4.188,75.147,14.25,0.44217,70.959
4194,05/14/2026 15:32:30,4.176,75.134,14.34,0.44098,70.958
4195,05/14/2026 15:42:30,4.173,75.117,14.53,0.44071,70.944
4196,05/14/2026 15:52:30,4.163,75.092,14.73,0.43967,70.929
4197,05/14/2026 16:02:30,4.161,75.088,14.82,0.43946,70.927
4198,05/14/2026 16:12:30,4.145,75.075,14.92,0.43785,70.930
4199,05/14/2026 16:22:30,4.150,75.070,15.11,0.43836,70.920
4200,05/14/2026 16:32:30,4.151,75.070,15.20,0.43843,70.919
4201,05/14/2026 16:42:30,4.159,75.073,15.30,0.43936,70.914
4202,05/14/2026 16:52:30,4.144,75.053,15.30,0.43781,70.909
4203,05/14/2026 17:02:30,4.139,75.053,15.30,0.43731,70.914
4204,05/14/2026 17:12:30,4.140,75.049,15.40,0.43732,70.909
4205,05/14/2026 17:22:30,4.133,75.053,15.40,0.43662,70.920
4206,05/14/2026 17:32:30,4.111,75.040,15.49,0.43444,70.929
4207,05/14/2026 17:42:30,4.128,75.048,15.49,0.43620,70.920
4208,05/14/2026 17:52:30,4.125,75.052,15.49,0.43592,70.927
4209,05/14/2026 18:02:30,4.117,75.048,15.49,0.43508,70.931
4210,05/14/2026 18:12:30,4.132,75.057,15.49,0.43648,70.925
4211,05/14/2026 18:22:30,4.113,75.049,15.40,0.43458,70.936
4212,05/14/2026 18:32:30,4.132,75.073,15.40,0.43655,70.941
4213,05/14/2026 18:42:30,4.135,75.069,15.40,0.43683,70.934
4214,05/14/2026 18:52:30,4.132,75.073,15.30,0.43661,70.941
4215,05/14/2026 19:02:30,4.142,75.082,15.20,0.43752,70.940
4216,05/14/2026 19:12:30,4.144,75.090,15.11,0.43779,70.946
4217,05/14/2026 19:22:30,4.155,75.107,15.11,0.43885,70.952
4218,05/14/2026 19:32:30,4.156,75.111,15.01,0.43898,70.955
4219,05/14/2026 19:42:30,4.165,75.132,14.92,0.43982,70.967
4220,05/14/2026 19:52:30,4.198,75.172,14.82,0.44326,70.974
4221,05/14/2026 20:02:30,4.188,75.169,14.73,0.44220,70.981
4222,05/14/2026 20:12:30,4.212,75.190,14.53,0.44465,70.978
4223,05/14/2026 20:22:30,4.235,75.219,14.44,0.44697,70.984
4224,05/14/2026 20:32:30,4.269,75.263,14.34,0.45048,70.994
4225,05/14/2026 20:42:30,4.291,75.292,14.15,0.45272,71.001
4226,05/14/2026 20:52:30,4.310,75.321,14.05,0.45461,71.011
4227,05/14/2026 21:02:30,4.348,75.366,13.96,0.45848,71.018
4228,05/14/2026 21:12:30,4.360,75.387,13.86,0.45967,71.027
4229,05/14/2026 21:22:30,4.368,75.408,13.67,0.46050,71.040
4230,05/14/2026 21:32:30,4.393,75.440,13.57,0.46310,71.047
4231,05/14/2026 21:42:30,4.404,75.457,13.48,0.46422,71.053
4232,05/14/2026 21:52:30,4.412,75.470,13.38,0.46491,71.058
4233,05/14/2026 22:02:30,4.428,75.487,13.19,0.46659,71.059
4234,05/14/2026 22:12:30,4.433,75.495,13.09,0.46715,71.062
4235,05/14/2026 22:22:30,4.432,75.492,13.00,0.46700,71.060
4236,05/14/2026 22:32:30,4.454,75.520,12.90,0.46932,71.066
4237,05/14/2026 22:42:30,4.461,75.517,12.80,0.46994,71.056
4238,05/14/2026 22:52:30,4.460,75.517,12.71,0.46987,71.057
4239,05/14/2026 23:02:30,4.470,75.526,12.51,0.47091,71.056
4240,05/14/2026 23:12:30,4.492,75.543,12.42,0.47309,71.051
4241,05/14/2026 23:22:30,4.500,75.552,12.32,0.47386,71.052
4242,05/14/2026 23:32:30,4.493,75.544,12.22,0.47322,71.051
4243,05/14/2026 23:42:30,4.502,75.549,12.12,0.47405,71.047
4244,05/14/2026 23:52:30,4.512,75.561,12.03,0.47510,71.049
4245,05/15/2026 00:02:30,4.512,75.562,11.93,0.47510,71.050
4246,05/15/2026 00:12:30,4.514,75.570,11.83,0.47530,71.056
4247,05/15/2026 00:22:30,4.535,75.587,11.74,0.47741,71.052
4248,05/15/2026 00:32:30,4.537,75.595,11.64,0.47768,71.058
4249,05/15/2026 00:42:30,4.538,75.588,11.54,0.47775,71.050
4250,05/15/2026 00:52:30,4.522,75.576,11.44,0.47613,71.054
4251,05/15/2026 01:02:30,4.525,75.581,11.35,0.47640,71.056
4252,05/15/2026 01:12:30,4.518,75.557,11.25,0.47569,71.039
4253,05/15/2026 01:22:30,4.518,75.554,11.15,0.47562,71.036
4254,05/15/2026 01:32:30,4.505,75.542,11.05,0.47435,71.037
4255,05/15/2026 01:42:30,4.514,75.551,10.96,0.47526,71.037
4256,05/15/2026 01:52:30,4.521,75.559,10.86,0.47602,71.038
4257,05/15/2026 02:02:30,4.509,75.536,10.76,0.47468,71.027
4258,05/15/2026 02:12:30,4.504,75.528,10.66,0.47426,71.024
4259,05/15/2026 02:22:30,4.496,75.517,10.57,0.47341,71.021
4260,05/15/2026 02:32:30,4.490,75.513,10.57,0.47277,71.023
4261,05/15/2026 02:42:30,4.484,75.509,10.47,0.47221,71.025
4262,05/15/2026 02:52:30,4.494,75.514,10.37,0.47319,71.020
4263,05/15/2026 03:02:30,4.482,75.498,10.27,0.47199,71.016
4264,05/15/2026 03:12:30,4.479,75.487,10.17,0.47163,71.008
4265,05/15/2026 03:22:30,4.473,75.475,10.08,0.47106,71.002
4266,05/15/2026 03:32:30,4.477,75.472,9.98,0.47141,70.995
4267,05/15/2026 03:42:30,4.458,75.456,9.88,0.46951,70.998
4268,05/15/2026 03:52:30,4.468,75.468,9.88,0.47056,71.000
4269,05/15/2026 04:02:30,4.460,75.465,9.78,0.46971,71.005
4270,05/15/2026 04:12:30,4.455,75.453,9.68,0.46922,70.998
4271,05/15/2026 04:22:30,4.448,75.442,9.58,0.46844,70.994
4272,05/15/2026 04:32:30,4.449,75.443,9.48,0.46850,70.994
4273,05/15/2026 04:42:30,4.446,75.443,9.39,0.46829,70.997
4274,05/15/2026 04:52:30,4.420,75.411,9.29,0.46561,70.991
4275,05/15/2026 05:02:30,4.424,75.420,9.19,0.46603,70.996
4276,05/15/2026 05:12:30,4.447,75.437,9.09,0.46835,70.990
4277,05/15/2026 05:22:30,4.422,75.409,8.99,0.46581,70.987
4278,05/15/2026 05:32:30,4.406,75.389,8.99,0.46419,70.983
4279,05/15/2026 05:42:30,4.404,75.390,8.79,0.46397,70.986
4280,05/15/2026 05:52:30,4.410,75.398,8.79,0.46461,70.988
4281,05/15/2026 06:02:30,4.393,75.395,8.69,0.46284,71.002
4282,05/15/2026 06:12:30,4.393,75.392,8.59,0.46277,70.999
4283,05/15/2026 06:22:30,4.393,75.400,8.49,0.46284,71.007
4284,05/15/2026 06:32:30,4.385,75.393,8.39,0.46199,71.008
4285,05/15/2026 06:42:30,4.375,75.390,8.29,0.46093,71.015
4286,05/15/2026 06:52:30,4.370,75.394,8.19,0.46051,71.024
4287,05/15/2026 07:02:30,4.371,75.403,8.09,0.46057,71.032
4288,05/15/2026 07:12:30,4.341,75.371,7.99,0.45755,71.030
4289,05/15/2026 07:22:30,4.335,75.367,7.99,0.45691,71.032
4290,05/15/2026 07:32:30,4.334,75.368,7.89,0.45677,71.034
4291,05/15/2026 07:42:30,4.346,75.377,7.79,0.45796,71.031
4292,05/15/2026 07:52:30,4.340,75.377,7.79,0.45733,71.037
4293,05/15/2026 08:02:30,4.329,75.369,7.69,0.45627,71.040
4294,05/15/2026 08:12:30,4.321,75.357,7.69,0.45550,71.036
4295,05/15/2026 08:22:30,4.330,75.361,7.69,0.45641,71.031
4296,05/15/2026 08:32:30,4.313,75.337,7.69,0.45465,71.024
4297,05/15/2026 08:42:30,4.319,75.337,7.69,0.45522,71.018
4298,05/15/2026 08:52:30,4.317,75.329,7.69,0.45500,71.012
4299,05/15/2026 09:02:30,4.311,75.321,7.69,0.45444,71.010
4300,05/15/2026 09:12:30,4.308,75.316,7.79,0.45416,71.008
4301,05/15/2026 09:22:30,4.304,75.296,7.79,0.45374,70.992
4302,05/15/2026 09:32:30,4.302,75.288,7.79,0.45353,70.986
4303,05/15/2026 09:42:30,4.291,75.267,7.89,0.45241,70.976
4304,05/15/2026 09:52:30,4.308,75.279,7.99,0.45410,70.971
4305,05/15/2026 10:02:30,4.305,75.267,7.99,0.45375,70.962
4306,05/15/2026 10:12:30,4.301,75.266,8.09,0.45340,70.965
4307,05/15/2026 10:22:30,4.296,75.233,8.19,0.45291,70.937
4308,05/15/2026 10:32:30,4.283,75.228,8.29,0.45165,70.945
4309,05/15/2026 10:42:30,4.285,75.228,8.39,0.45172,70.943
4310,05/15/2026 10:52:30,4.283,75.234,8.59,0.45166,70.951
4311,05/15/2026 11:02:30,4.284,75.226,8.69,0.45166,70.942
4312,05/15/2026 11:12:30,4.278,75.209,8.79,0.45110,70.931
4313,05/15/2026 11:22:30,4.281,75.220,8.89,0.45146,70.939
4314,05/15/2026 11:32:30,4.282,75.204,8.99,0.45146,70.922
4315,05/15/2026 11:42:30,4.270,75.203,9.09,0.45027,70.933
4316,05/15/2026 11:52:30,4.291,75.214,9.29,0.45239,70.923
4317,05/15/2026 12:02:30,4.293,75.221,9.48,0.45261,70.928
4318,05/15/2026 12:12:30,4.282,75.211,9.68,0.45156,70.929
4319,05/15/2026 12:22:30,4.265,75.214,9.88,0.44981,70.949
4320,05/15/2026 12:32:30,4.275,75.221,10.08,0.45088,70.946
4321,05/15/2026 12:42:30,4.268,75.211,10.37,0.45018,70.943
4322,05/15/2026 12:52:30,4.242,75.186,10.57,0.44752,70.944
4323,05/15/2026 13:02:30,4.271,75.209,10.76,0.45048,70.938
4324,05/15/2026 13:12:30,4.250,75.184,10.96,0.44831,70.934
4325,05/15/2026 13:22:30,4.257,75.182,11.25,0.44903,70.925
4326,05/15/2026 13:32:30,4.253,75.181,11.44,0.44869,70.928
4327,05/15/2026 13:42:30,4.246,75.156,11.64,0.44793,70.910
4328,05/15/2026 13:52:30,4.254,75.151,11.83,0.44871,70.897
4329,05/15/2026 14:02:30,4.248,75.162,12.03,0.44816,70.914
4330,05/15/2026 14:12:30,4.245,75.128,12.32,0.44789,70.883
4331,05/15/2026 14:22:30,4.251,75.123,12.51,0.44847,70.872
4332,05/15/2026 14:32:30,4.244,75.126,12.71,0.44777,70.882
4333,05/15/2026 14:42:30,4.235,75.113,12.90,0.44687,70.878
4334,05/15/2026 14:52:30,4.235,75.112,13.09,0.44688,70.877
4335,05/15/2026 15:02:30,4.229,75.095,13.28,0.44626,70.866
4336,05/15/2026 15:12:30,4.225,75.078,13.48,0.44585,70.853
4337,05/15/2026 15:22:30,4.207,75.057,13.67,0.44403,70.850
4338,05/15/2026 15:32:30,4.206,75.056,13.86,0.44398,70.850
4339,05/15/2026 15:42:30,4.204,75.043,13.96,0.44384,70.839
4340,05/15/2026 15:52:30,4.207,75.042,14.15,0.44413,70.835
4341,05/15/2026 16:02:30,4.196,75.030,14.25,0.44294,70.834
4342,05/15/2026 16:12:30,4.199,75.005,14.44,0.44331,70.806
4343,05/15/2026 16:22:30,4.193,74.988,14.53,0.44268,70.795
4344,05/15/2026 16:32:30,4.193,74.988,14.63,0.44269,70.795
4345,05/15/2026 16:42:30,4.191,74.983,14.73,0.44255,70.792
4346,05/15/2026 16:52:30,4.177,74.975,14.82,0.44108,70.798
4347,05/15/2026 17:02:30,4.171,74.967,14.82,0.44045,70.796
4348,05/15/2026 17:12:30,4.176,74.970,14.92,0.44102,70.794
4349,05/15/2026 17:22:30,4.169,74.970,14.92,0.44031,70.801
4350,05/15/2026 17:32:30,4.178,74.966,14.92,0.44123,70.788
4351,05/15/2026 17:42:30,4.167,74.966,14.92,0.44010,70.799
4352,05/15/2026 17:52:30,4.168,74.966,14.92,0.44017,70.798
4353,05/15/2026 18:02:30,4.160,74.962,14.92,0.43940,70.802
4354,05/15/2026 18:12:30,4.161,74.950,14.92,0.43947,70.789
4355,05/15/2026 18:22:30,4.164,74.958,14.92,0.43975,70.794
4356,05/15/2026 18:32:30,4.164,74.954,14.82,0.43982,70.790
4357,05/15/2026 18:42:30,4.180,74.971,14.82,0.44136,70.791
4358,05/15/2026 18:52:30,4.172,74.967,14.73,0.44058,70.795
4359,05/15/2026 19:02:30,4.152,74.939,14.63,0.43854,70.787
4360,05/15/2026 19:12:30,4.153,74.956,14.53,0.43860,70.803
4361,05/15/2026 19:22:30,4.163,74.968,14.44,0.43965,70.805
4362,05/15/2026 19:32:30,4.159,74.968,14.44,0.43930,70.809
4363,05/15/2026 19:42:30,4.175,74.989,14.34,0.44084,70.814
4364,05/15/2026 19:52:30,4.175,74.993,14.25,0.44090,70.818
4365,05/15/2026 20:02:30,4.184,74.998,14.05,0.44181,70.814
4366,05/15/2026 20:12:30,4.182,74.999,13.96,0.44152,70.817
4367,05/15/2026 20:22:30,4.197,75.008,13.77,0.44305,70.811
4368,05/15/2026 20:32:30,4.200,75.016,13.67,0.44340,70.816
4369,05/15/2026 20:42:30,4.204,75.025,13.57,0.44375,70.821
4370,05/15/2026 20:52:30,4.201,75.034,13.38,0.44345,70.833
4371,05/15/2026 21:02:30,4.237,75.071,13.28,0.44711,70.834
4372,05/15/2026 21:12:30,4.244,75.083,13.19,0.44787,70.839
4373,05/15/2026 21:22:30,4.246,75.088,13.09,0.44801,70.842
4374,05/15/2026 21:32:30,4.256,75.101,12.90,0.44898,70.845
4375,05/15/2026 21:42:30,4.272,75.121,12.80,0.45074,70.849
4376,05/15/2026 21:52:30,4.276,75.142,12.71,0.45108,70.866
4377,05/15/2026 22:02:30,4.293,75.163,12.61,0.45276,70.870
4378,05/15/2026 22:12:30,4.304,75.175,12.51,0.45396,70.871
4379,05/15/2026 22:22:30,4.299,75.172,12.42,0.45339,70.873
4380,05/15/2026 22:32:30,4.316,75.189,12.22,0.45513,70.873
4381,05/15/2026 22:42:30,4.328,75.202,12.12,0.45632,70.874
4382,05/15/2026 22:52:30,4.344,75.222,12.03,0.45801,70.878
4383,05/15/2026 23:02:30,4.346,75.215,11.93,0.45814,70.869
4384,05/15/2026 23:12:30,4.356,75.223,11.83,0.45919,70.867
4385,05/15/2026 23:22:30,4.360,75.224,11.74,0.45954,70.864
4386,05/15/2026 23:32:30,4.375,75.249,11.54,0.46115,70.874
4387,05/15/2026 23:42:30,4.375,75.246,11.44,0.46107,70.871
4388,05/15/2026 23:52:30,4.390,75.262,11.35,0.46268,70.872
4389,05/16/2026 00:02:30,4.392,75.267,11.25,0.46282,70.875
4390,05/16/2026 00:12:30,4.396,75.267,11.15,0.46324,70.871
4391,05/16/2026 00:22:30,4.371,75.252,11.05,0.46063,70.881
4392,05/16/2026 00:32:30,4.363,75.236,10.96,0.45985,70.873
4393,05/16/2026 00:42:30,4.379,75.249,10.86,0.46146,70.870
4394,05/16/2026 00:52:30,4.382,75.249,10.76,0.46181,70.867
4395,05/16/2026 01:02:30,4.403,75.278,10.66,0.46392,70.875
4396,05/16/2026 01:12:30,4.397,75.279,10.57,0.46328,70.882
4397,05/16/2026 01:22:30,4.410,75.283,10.47,0.46468,70.873
4398,05/16/2026 01:32:30,4.420,75.288,10.37,0.46566,70.868
4399,05/16/2026 01:42:30,4.399,75.256,10.37,0.46348,70.857
4400,05/16/2026 01:52:30,4.408,75.252,10.27,0.46446,70.844
4401,05/16/2026 02:02:30,4.396,75.233,10.17,0.46312,70.837
4402,05/16/2026 02:12:30,4.394,75.229,10.17,0.46291,70.835
4403,05/16/2026 02:22:30,4.411,75.241,10.08,0.46473,70.830
4404,05/16/2026 02:32:30,4.398,75.222,9.98,0.46332,70.824
4405,05/16/2026 02:42:30,4.390,75.210,9.98,0.46255,70.820
4406,05/16/2026 02:52:30,4.392,75.202,9.88,0.46275,70.810
4407,05/16/2026 03:02:30,4.383,75.179,9.78,0.46176,70.796
4408,05/16/2026 03:12:30,4.382,75.175,9.78,0.46169,70.793
4409,05/16/2026 03:22:30,4.386,75.179,9.68,0.46218,70.793
4410,05/16/2026 03:32:30,4.374,75.180,9.58,0.46091,70.806
4411,05/16/2026 03:42:30,4.380,75.192,9.58,0.46154,70.812
4412,05/16/2026 03:52:30,4.370,75.172,9.48,0.46056,70.802
4413,05/16/2026 04:02:30,4.356,75.160,9.48,0.45908,70.804
4414,05/16/2026 04:12:30,4.353,75.157,9.39,0.45872,70.804
4415,05/16/2026 04:22:30,4.347,75.162,9.29,0.45823,70.814
4416,05/16/2026 04:32:30,4.330,75.145,9.29,0.45647,70.815
4417,05/16/2026 04:42:30,4.341,75.158,9.19,0.45752,70.817
4418,05/16/2026 04:52:30,4.352,75.162,9.19,0.45864,70.810
4419,05/16/2026 05:02:30,4.342,75.143,9.09,0.45759,70.801
4420,05/16/2026 05:12:30,4.345,75.127,8.99,0.45793,70.782
4421,05/16/2026 05:22:30,4.319,75.103,8.99,0.45526,70.784
4422,05/16/2026 05:32:30,4.329,75.108,8.89,0.45624,70.779
4423,05/16/2026 05:42:30,4.316,75.100,8.79,0.45497,70.784
4424,05/16/2026 05:52:30,4.318,75.109,8.69,0.45518,70.791
4425,05/16/2026 06:02:30,4.325,75.113,8.69,0.45588,70.788
4426,05/16/2026 06:12:30,4.305,75.101,8.59,0.45391,70.796
4427,05/16/2026 06:22:30,4.304,75.098,8.49,0.45377,70.794
4428,05/16/2026 06:32:30,4.303,75.098,8.49,0.45362,70.795
4429,05/16/2026 06:42:30,4.301,75.103,8.39,0.45341,70.802
4430,05/16/2026 06:52:30,4.291,75.095,8.29,0.45242,70.804
4431,05/16/2026 07:02:30,4.282,75.091,8.29,0.45151,70.809
4432,05/16/2026 07:12:30,4.279,75.100,8.19,0.45115,70.821
4433,05/16/2026 07:22:30,4.271,75.100,8.19,0.45038,70.829
4434,05/16/2026 07:32:30,4.280,75.109,8.09,0.45122,70.829
4435,05/16/2026 07:42:30,4.282,75.117,8.09,0.45143,70.835
4436,05/16/2026 07:52:30,4.265,75.105,8.09,0.44967,70.840
4437,05/16/2026 08:02:30,4.272,75.130,7.99,0.45037,70.858
4438,05/16/2026 08:12:30,4.270,75.113,7.99,0.45030,70.843
4439,05/16/2026 08:22:30,4.265,75.101,7.99,0.44974,70.836
4440,05/16/2026 08:32:30,4.249,75.081,7.99,0.44812,70.832
4441,05/16/2026 08:42:30,4.257,75.073,7.99,0.44890,70.816
4442,05/16/2026 08:52:30,4.267,75.069,7.99,0.44995,70.802
4443,05/16/2026 09:02:30,4.265,75.069,7.99,0.44974,70.804
4444,05/16/2026 09:12:30,4.256,75.040,8.09,0.44883,70.784
4445,05/16/2026 09:22:30,4.247,75.020,8.09,0.44791,70.773
4446,05/16/2026 09:32:30,4.259,75.019,8.19,0.44918,70.760
4447,05/16/2026 09:42:30,4.263,75.019,8.19,0.44961,70.756
4448,05/16/2026 09:52:30,4.249,74.995,8.29,0.44806,70.746
4449,05/16/2026 10:02:30,4.248,74.994,8.39,0.44799,70.746
4450,05/16/2026 10:12:30,4.241,74.985,8.49,0.44730,70.744
4451,05/16/2026 10:22:30,4.248,74.981,8.59,0.44793,70.733
4452,05/16/2026 10:32:30,4.249,74.987,8.79,0.44815,70.738
4453,05/16/2026 10:42:30,4.249,74.979,8.89,0.44808,70.730
4454,05/16/2026 10:52:30,4.257,74.978,8.99,0.44893,70.721
4455,05/16/2026 11:02:30,4.247,74.961,9.19,0.44788,70.714
4456,05/16/2026 11:12:30,4.229,74.940,9.29,0.44606,70.711
4457,05/16/2026 11:22:30,4.226,74.930,9.48,0.44586,70.704
4458,05/16/2026 11:32:30,4.238,74.929,9.68,0.44706,70.691
4459,05/16/2026 11:42:30,4.231,74.936,9.88,0.44636,70.705
4460,05/16/2026 11:52:30,4.231,74.923,9.98,0.44637,70.692
4461,05/16/2026 12:02:30,4.214,74.902,10.17,0.44462,70.688
4462,05/16/2026 12:12:30,4.229,74.966,10.27,0.44617,70.737
4463,05/16/2026 12:22:30,4.217,74.949,10.37,0.44498,70.732
4464,05/16/2026 12:32:30,4.211,74.941,10.47,0.44428,70.730
4465,05/16/2026 12:42:30,4.217,74.892,10.47,0.44498,70.675
4466,05/16/2026 12:52:30,4.226,74.863,10.57,0.44590,70.637
4467,05/16/2026 13:02:30,4.206,74.863,10.66,0.44380,70.657
4468,05/16/2026 13:12:30,4.202,74.854,10.76,0.44345,70.652
4469,05/16/2026 13:22:30,4.180,74.813,10.86,0.44120,70.633
4470,05/16/2026 13:32:30,4.200,74.837,10.96,0.44325,70.637
4471,05/16/2026 13:42:30,4.188,74.840,11.05,0.44206,70.652
4472,05/16/2026 13:52:30,4.197,74.808,11.15,0.44291,70.611
4473,05/16/2026 14:02:30,4.181,74.779,11.25,0.44129,70.598
4474,05/16/2026 14:12:30,4.199,74.754,11.44,0.44306,70.555
4475,05/16/2026 14:22:30,4.189,74.721,11.54,0.44208,70.532
4476,05/16/2026 14:32:30,4.186,74.704,11.74,0.44181,70.518
4477,05/16/2026 14:42:30,4.186,74.678,11.93,0.44189,70.492
4478,05/16/2026 14:52:30,4.187,74.669,12.12,0.44197,70.482
4479,05/16/2026 15:02:30,4.174,74.677,12.22,0.44057,70.503
4480,05/16/2026 15:12:30,4.158,74.669,12.22,0.43895,70.511
4481,05/16/2026 15:22:30,4.172,74.668,12.32,0.44044,70.496
4482,05/16/2026 15:32:30,4.164,74.631,12.51,0.43960,70.467
4483,05/16/2026 15:42:30,4.159,74.618,12.61,0.43911,70.459
4484,05/16/2026 15:52:30,4.145,74.589,12.80,0.43772,70.444
4485,05/16/2026 16:02:30,4.164,74.601,12.80,0.43962,70.437
4486,05/16/2026 16:12:30,4.132,74.584,12.90,0.43639,70.452
4487,05/16/2026 16:22:30,4.139,74.576,13.00,0.43710,70.437
4488,05/16/2026 16:32:30,4.147,74.571,13.09,0.43795,70.424
4489,05/16/2026 16:42:30,4.140,74.543,13.09,0.43724,70.403
4490,05/16/2026 16:52:30,4.127,74.543,13.19,0.43584,70.416
4491,05/16/2026 17:02:30,4.141,74.563,13.19,0.43732,70.422
4492,05/16/2026 17:12:30,4.114,74.534,13.19,0.43464,70.420
4493,05/16/2026 17:22:30,4.134,74.551,13.19,0.43654,70.417
4494,05/16/2026 17:32:30,4.124,74.543,13.19,0.43556,70.419
4495,05/16/2026 17:42:30,4.114,74.523,13.09,0.43457,70.409
4496,05/16/2026 17:52:30,4.113,74.507,13.09,0.43443,70.394
4497,05/16/2026 18:02:30,4.120,74.519,13.09,0.43513,70.399
4498,05/16/2026 18:12:30,4.129,74.531,13.00,0.43611,70.402
4499,05/16/2026 18:22:30,4.112,74.507,13.00,0.43435,70.395
4500,05/16/2026 18:32:30,4.112,74.500,12.90,0.43428,70.388
4501,05/16/2026 18:42:30,4.119,74.508,12.80,0.43504,70.389
4502,05/16/2026 18:52:30,4.119,74.516,12.80,0.43512,70.397
4503,05/16/2026 19:02:30,4.116,74.504,12.80,0.43476,70.388
4504,05/16/2026 19:12:30,4.110,74.480,12.71,0.43420,70.370
4505,05/16/2026 19:22:30,4.113,74.460,12.71,0.43448,70.347
4506,05/16/2026 19:32:30,4.126,74.485,12.61,0.43574,70.359
4507,05/16/2026 19:42:30,4.130,74.493,12.61,0.43616,70.363
4508,05/16/2026 19:52:30,4.146,74.514,12.51,0.43777,70.368
4509,05/16/2026 20:02:30,4.124,74.494,12.51,0.43552,70.370
4510,05/16/2026 20:12:30,4.137,74.518,12.42,0.43692,70.381
4511,05/16/2026 20:22:30,4.148,74.538,12.42,0.43805,70.390
4512,05/16/2026 20:32:30,4.159,74.539,12.32,0.43910,70.380
4513,05/16/2026 20:42:30,4.169,74.535,12.22,0.44015,70.366
4514,05/16/2026 20:52:30,4.176,74.527,12.22,0.44085,70.351
4515,05/16/2026 21:02:30,4.189,74.552,12.12,0.44218,70.363
4516,05/16/2026 21:12:30,4.178,74.533,12.03,0.44098,70.355
4517,05/16/2026 21:22:30,4.178,74.549,12.03,0.44098,70.371
4518,05/16/2026 21:32:30,4.189,74.573,11.93,0.44217,70.384
4519,05/16/2026 21:42:30,4.166,74.526,11.83,0.43978,70.360
4520,05/16/2026 21:52:30,4.168,74.562,11.74,0.44005,70.394
4521,05/16/2026 22:02:30,4.174,74.546,11.74,0.44062,70.372
4522,05/16/2026 22:12:30,4.195,74.563,11.64,0.44272,70.368
4523,05/16/2026 22:22:30,4.181,74.584,11.54,0.44124,70.403
4524,05/16/2026 22:32:30,4.187,74.580,11.44,0.44194,70.393
4525,05/16/2026 22:42:30,4.216,74.604,11.44,0.44489,70.388
4526,05/16/2026 22:52:30,4.217,74.597,11.35,0.44496,70.380
4527,05/16/2026 23:02:30,4.221,74.585,11.25,0.44537,70.364
4528,05/16/2026 23:12:30,4.227,74.561,11.25,0.44601,70.334
4529,05/16/2026 23:22:30,4.228,74.529,11.15,0.44614,70.301
4530,05/16/2026 23:32:30,4.245,74.542,11.05,0.44783,70.297
4531,05/16/2026 23:42:30,4.254,74.554,11.05,0.44874,70.300
4532,05/16/2026 23:52:30,4.252,74.551,10.96,0.44845,70.299
4533,05/17/2026 00:02:30,4.282,74.559,10.96,0.45155,70.277
4534,05/17/2026 00:12:30,4.282,74.543,10.86,0.45161,70.261
4535,05/17/2026 00:22:30,4.272,74.539,10.86,0.45056,70.267
4536,05/17/2026 00:32:30,4.279,74.548,10.76,0.45126,70.269
4537,05/17/2026 00:42:30,4.293,74.552,10.66,0.45273,70.259
4538,05/17/2026 00:52:30,4.292,74.552,10.66,0.45266,70.260
4539,05/17/2026 01:02:30,4.297,74.565,10.57,0.45308,70.268
4540,05/17/2026 01:12:30,4.288,74.553,10.57,0.45216,70.265
4541,05/17/2026 01:22:30,4.287,74.545,10.47,0.45209,70.258
4542,05/17/2026 01:32:30,4.284,74.546,10.37,0.45173,70.262
4543,05/17/2026 01:42:30,4.300,74.543,10.27,0.45335,70.243
4544,05/17/2026 01:52:30,4.283,74.522,10.27,0.45173,70.239
4545,05/17/2026 02:02:30,4.275,74.503,10.17,0.45081,70.228
4546,05/17/2026 02:12:30,4.282,74.515,10.17,0.45151,70.233
4547,05/17/2026 02:22:30,4.283,74.528,10.08,0.45158,70.245
4548,05/17/2026 02:32:30,4.285,74.528,9.98,0.45186,70.243
4549,05/17/2026 02:42:30,4.291,74.540,9.98,0.45249,70.249
4550,05/17/2026 02:52:30,4.283,74.553,9.88,0.45164,70.270
4551,05/17/2026 03:02:30,4.299,74.562,9.78,0.45325,70.263
4552,05/17/2026 03:12:30,4.284,74.538,9.78,0.45171,70.254
4553,05/17/2026 03:22:30,4.284,74.538,9.68,0.45177,70.254
4554,05/17/2026 03:32:30,4.288,74.546,9.68,0.45219,70.258
4555,05/17/2026 03:42:30,4.288,74.543,9.58,0.45212,70.255
4556,05/17/2026 03:52:30,4.292,74.539,9.58,0.45254,70.247
4557,05/17/2026 04:02:30,4.292,74.523,9.48,0.45254,70.231
4558,05/17/2026 04:12:30,4.292,74.527,9.48,0.45254,70.235
4559,05/17/2026 04:22:30,4.299,74.528,9.39,0.45324,70.229
4560,05/17/2026 04:32:30,4.288,74.500,9.29,0.45218,70.212
4561,05/17/2026 04:42:30,4.280,74.500,9.29,0.45133,70.220
4562,05/17/2026 04:52:30,4.288,74.509,9.19,0.45210,70.221
4563,05/17/2026 05:02:30,4.276,74.498,9.09,0.45083,70.222
4564,05/17/2026 05:12:30,4.280,74.494,9.09,0.45126,70.214
4565,05/17/2026 05:22:30,4.266,74.474,8.99,0.44985,70.208
4566,05/17/2026 05:32:30,4.272,74.486,8.99,0.45048,70.214
4567,05/17/2026 05:42:30,4.277,74.475,8.89,0.45097,70.198
4568,05/17/2026 05:52:30,4.261,74.467,8.79,0.44935,70.206
4569,05/17/2026 06:02:30,4.269,74.463,8.79,0.45019,70.194
4570,05/17/2026 06:12:30,4.269,74.464,8.69,0.45019,70.195
4571,05/17/2026 06:22:30,4.266,74.452,8.69,0.44983,70.186
4572,05/17/2026 06:32:30,4.261,74.448,8.59,0.44941,70.187
4573,05/17/2026 06:42:30,4.269,74.461,8.59,0.45011,70.192
4574,05/17/2026 06:52:30,4.251,74.445,8.49,0.44835,70.194
4575,05/17/2026 07:02:30,4.251,74.445,8.49,0.44835,70.194
4576,05/17/2026 07:12:30,4.255,74.450,8.39,0.44870,70.195
4577,05/17/2026 07:22:30,4.245,74.446,8.39,0.44764,70.201
4578,05/17/2026 07:32:30,4.240,74.454,8.29,0.44722,70.214
4579,05/17/2026 07:42:30,4.251,74.467,8.29,0.44827,70.216
4580,05/17/2026 07:52:30,4.236,74.451,8.19,0.44679,70.215
4581,05/17/2026 08:02:30,4.252,74.463,8.19,0.44841,70.211
4582,05/17/2026 08:12:30,4.239,74.451,8.19,0.44707,70.212
4583,05/17/2026 08:22:30,4.223,74.423,8.19,0.44546,70.200
4584,05/17/2026 08:32:30,4.230,74.428,8.09,0.44616,70.198
4585,05/17/2026 08:42:30,4.229,74.427,8.19,0.44609,70.198
4586,05/17/2026 08:52:30,4.209,74.399,8.19,0.44398,70.190
4587,05/17/2026 09:02:30,4.214,74.395,8.19,0.44447,70.181
4588,05/17/2026 09:12:30,4.217,74.395,8.19,0.44482,70.178
4589,05/17/2026 09:22:30,4.231,74.395,8.19,0.44623,70.164
4590,05/17/2026 09:32:30,4.217,74.391,8.19,0.44482,70.174
4591,05/17/2026 09:42:30,4.216,74.379,8.19,0.44468,70.163
4592,05/17/2026 09:52:30,4.225,74.415,8.19,0.44567,70.190
4593,05/17/2026 10:02:30,4.202,74.447,8.19,0.44335,70.245
4594,05/17/2026 10:12:30,4.208,74.440,8.09,0.44391,70.232
4595,05/17/2026 10:22:30,4.216,74.440,8.09,0.44468,70.224
4596,05/17/2026 10:32:30,4.222,74.467,8.19,0.44539,70.245
4597,05/17/2026 10:42:30,4.213,74.447,8.19,0.44447,70.234
4598,05/17/2026 10:52:30,4.226,74.464,8.09,0.44573,70.238
4599,05/17/2026 11:02:30,4.221,74.485,7.99,0.44524,70.264
4600,05/17/2026 11:12:30,4.209,74.481,7.99,0.44397,70.272
4601,05/17/2026 11:22:30,4.212,74.497,7.89,0.44439,70.285
4602,05/17/2026 11:32:30,4.223,74.506,7.89,0.44538,70.283
4603,05/17/2026 11:42:30,4.235,74.518,7.89,0.44664,70.283
4604,05/17/2026 11:52:30,4.227,74.510,7.89,0.44580,70.283
4605,05/17/2026 12:02:30,4.238,74.509,7.99,0.44700,70.271
4606,05/17/2026 12:12:30,4.233,74.504,8.09,0.44651,70.271
4607,05/17/2026 12:22:30,4.249,74.512,8.19,0.44806,70.263
4608,05/17/2026 12:32:30,4.238,74.499,8.19,0.44700,70.261
4609,05/17/2026 12:42:30,4.246,74.487,8.19,0.44785,70.241
4610,05/17/2026 12:52:30,4.235,74.475,8.19,0.44672,70.240
4611,05/17/2026 13:02:30,4.229,74.454,8.29,0.44609,70.225
4612,05/17/2026 13:12:30,4.239,74.446,8.39,0.44708,70.207
4613,05/17/2026 13:22:30,4.229,74.432,8.59,0.44610,70.203
4614,05/17/2026 13:32:30,4.230,74.407,8.79,0.44618,70.177
4615,05/17/2026 13:42:30,4.237,74.402,8.89,0.44689,70.165
4616,05/17/2026 13:52:30,4.225,74.389,8.99,0.44570,70.164
4617,05/17/2026 14:02:30,4.229,74.385,8.99,0.44612,70.156
4618,05/17/2026 14:12:30,4.232,74.369,8.99,0.44640,70.137
4619,05/17/2026 14:22:30,4.234,74.357,8.99,0.44661,70.123
4620,05/17/2026 14:32:30,4.236,74.352,9.09,0.44682,70.116
4621,05/17/2026 14:42:30,4.234,74.352,9.09,0.44668,70.118
4622,05/17/2026 14:52:30,4.232,74.340,9.09,0.44647,70.108
4623,05/17/2026 15:02:30,4.221,74.312,9.19,0.44521,70.091
4624,05/17/2026 15:12:30,4.230,74.323,9.29,0.44620,70.093
4625,05/17/2026 15:22:30,4.226,74.327,9.29,0.44578,70.101
4626,05/17/2026 15:32:30,4.227,74.330,9.39,0.44592,70.103
4627,05/17/2026 15:42:30,4.238,74.355,9.39,0.44698,70.117
4628,05/17/2026 15:52:30,4.238,74.354,9.48,0.44705,70.116
4629,05/17/2026 16:02:30,4.220,74.322,9.48,0.44515,70.102
4630,05/17/2026 16:12:30,4.243,74.325,9.58,0.44755,70.082
4631,05/17/2026 16:22:30,4.259,74.333,9.68,0.44917,70.074
4632,05/17/2026 16:32:30,4.244,74.312,9.78,0.44763,70.068
4633,05/17/2026 16:42:30,4.241,74.303,9.88,0.44735,70.062
4634,05/17/2026 16:52:30,4.225,74.290,9.98,0.44574,70.065
4635,05/17/2026 17:02:30,4.233,74.278,10.08,0.44651,70.045
4636,05/17/2026 17:12:30,4.233,74.270,10.08,0.44651,70.037
4637,05/17/2026 17:22:30,4.249,74.301,10.17,0.44821,70.052
4638,05/17/2026 17:32:30,4.232,74.265,10.17,0.44645,70.033
4639,05/17/2026 17:42:30,4.237,74.261,10.17,0.44694,70.024
4640,05/17/2026 17:52:30,4.229,74.261,10.17,0.44617,70.032
4641,05/17/2026 18:02:30,4.211,74.253,10.17,0.44427,70.042
4642,05/17/2026 18:12:30,4.222,74.266,10.08,0.44539,70.044
4643,05/17/2026 18:22:30,4.220,74.258,10.08,0.44518,70.038
4644,05/17/2026 18:32:30,4.200,74.225,10.08,0.44321,70.025
4645,05/17/2026 18:42:30,4.206,74.233,10.08,0.44384,70.027
4646,05/17/2026 18:52:30,4.222,74.234,9.98,0.44538,70.012
4647,05/17/2026 19:02:30,4.200,74.222,9.98,0.44313,70.022
4648,05/17/2026 19:12:30,4.201,74.222,9.98,0.44327,70.021
4649,05/17/2026 19:22:30,4.183,74.214,9.88,0.44151,70.031
4650,05/17/2026 19:32:30,4.188,74.210,9.88,0.44200,70.022
4651,05/17/2026 19:42:30,4.195,74.214,9.88,0.44271,70.019
4652,05/17/2026 19:52:30,4.192,74.211,9.78,0.44235,70.019
4653,05/17/2026 20:02:30,4.191,74.211,9.78,0.44228,70.020
4654,05/17/2026 20:12:30,4.199,74.216,9.68,0.44305,70.017
4655,05/17/2026 20:22:30,4.207,74.216,9.68,0.44382,70.009
4656,05/17/2026 20:32:30,4.195,74.204,9.58,0.44269,70.009
4657,05/17/2026 20:42:30,4.199,74.208,9.58,0.44305,70.009
4658,05/17/2026 20:52:30,4.212,74.209,9.48,0.44438,69.997
4659,05/17/2026 21:02:30,4.194,74.185,9.48,0.44248,69.991
4660,05/17/2026 21:12:30,4.199,74.173,9.39,0.44304,69.974
4661,05/17/2026 21:22:30,4.195,74.161,9.39,0.44262,69.966
4662,05/17/2026 21:32:30,4.210,74.170,9.29,0.44416,69.960
4663,05/17/2026 21:42:30,4.191,74.166,9.29,0.44219,69.975
4664,05/17/2026 21:52:30,4.208,74.183,9.19,0.44387,69.975
4665,05/17/2026 22:02:30,4.198,74.170,9.19,0.44296,69.972
4666,05/17/2026 22:12:30,4.197,74.171,9.09,0.44282,69.974
4667,05/17/2026 22:22:30,4.201,74.171,9.09,0.44324,69.970
4668,05/17/2026 22:32:30,4.202,74.172,8.99,0.44330,69.970
4669,05/17/2026 22:42:30,4.200,74.188,8.99,0.44309,69.988
4670,05/17/2026 22:52:30,4.201,74.172,8.89,0.44330,69.971
4671,05/17/2026 23:02:30,4.201,74.156,8.89,0.44323,69.955
4672,05/17/2026 23:12:30,4.224,74.177,8.79,0.44555,69.953
4673,05/17/2026 23:22:30,4.198,74.149,8.79,0.44288,69.951
4674,05/17/2026 23:32:30,4.222,74.166,8.69,0.44533,69.944
4675,05/17/2026 23:42:30,4.213,74.150,8.59,0.44449,69.937
4676,05/17/2026 23:52:30,4.207,74.146,8.59,0.44385,69.939
4677,05/18/2026 00:02:30,4.219,74.163,8.49,0.44504,69.944
4678,05/18/2026 00:12:30,4.217,74.155,8.49,0.44483,69.938
4679,05/18/2026 00:22:30,4.214,74.152,8.39,0.44448,69.938
4680,05/18/2026 00:32:30,4.197,74.135,8.39,0.44286,69.938
4681,05/18/2026 00:42:30,4.205,74.140,8.29,0.44363,69.935
4682,05/18/2026 00:52:30,4.204,74.144,8.29,0.44356,69.940
4683,05/18/2026 01:02:30,4.194,74.125,8.19,0.44243,69.931
4684,05/18/2026 01:12:30,4.205,74.133,8.19,0.44356,69.928
4685,05/18/2026 01:22:30,4.206,74.121,8.19,0.44370,69.915
4686,05/18/2026 01:32:30,4.200,74.105,8.09,0.44313,69.905
4687,05/18/2026 01:42:30,4.194,74.089,8.09,0.44250,69.895
4688,05/18/2026 01:52:30,4.204,74.086,7.99,0.44348,69.882
4689,05/18/2026 02:02:30,4.202,74.090,7.99,0.44327,69.888
4690,05/18/2026 02:12:30,4.205,74.090,7.89,0.44362,69.885
4691,05/18/2026 02:22:30,4.202,74.090,7.89,0.44334,69.888
4692,05/18/2026 02:32:30,4.201,74.083,7.79,0.44319,69.882
4693,05/18/2026 02:42:30,4.203,74.083,7.79,0.44340,69.880
4694,05/18/2026 02:52:30,4.192,74.060,7.69,0.44221,69.868
4695,05/18/2026 03:02:30,4.189,74.052,7.69,0.44192,69.863
4696,05/18/2026 03:12:30,4.195,74.060,7.69,0.44256,69.865
4697,05/18/2026 03:22:30,4.200,74.048,7.59,0.44312,69.848
4698,05/18/2026 03:32:30,4.183,74.024,7.59,0.44136,69.841
4699,05/18/2026 03:42:30,4.202,74.049,7.49,0.44325,69.847
4700,05/18/2026 03:52:30,4.182,74.033,7.49,0.44122,69.851
4701,05/18/2026 04:02:30,4.207,74.038,7.39,0.44374,69.831
4702,05/18/2026 04:12:30,4.181,74.009,7.39,0.44121,69.828
4703,05/18/2026 04:22:30,4.174,73.985,7.39,0.44044,69.811
4704,05/18/2026 04:32:30,4.187,74.002,7.29,0.44177,69.815
4705,05/18/2026 04:42:30,4.170,73.974,7.29,0.44001,69.804
4706,05/18/2026 04:52:30,4.168,73.975,7.19,0.43973,69.807
4707,05/18/2026 05:02:30,4.177,73.971,7.09,0.44078,69.794
4708,05/18/2026 05:12:30,4.177,73.971,7.09,0.44078,69.794
4709,05/18/2026 05:22:30,4.170,73.976,6.99,0.44001,69.806
4710,05/18/2026 05:32:30,4.170,73.988,6.99,0.44001,69.818
4711,05/18/2026 05:42:30,4.172,74.001,6.89,0.44021,69.829
4712,05/18/2026 05:52:30,4.176,73.997,6.89,0.44064,69.821
4713,05/18/2026 06:02:30,4.183,74.002,6.79,0.44127,69.819
4714,05/18/2026 06:12:30,4.176,73.998,6.68,0.44063,69.822
4715,05/18/2026 06:22:30,4.157,73.978,6.68,0.43873,69.821
4716,05/18/2026 06:32:30,4.162,73.991,6.58,0.43922,69.829
4717,05/18/2026 06:42:30,4.164,73.995,6.58,0.43936,69.831
4718,05/18/2026 06:52:30,4.164,73.996,6.48,0.43936,69.832
4719,05/18/2026 07:02:30,4.147,73.968,6.48,0.43760,69.821
4720,05/18/2026 07:12:30,4.151,73.976,6.48,0.43802,69.825
4721,05/18/2026 07:22:30,4.162,73.980,6.38,0.43922,69.818
4722,05/18/2026 07:32:30,4.139,73.964,6.38,0.43690,69.825
4723,05/18/2026 07:42:30,4.152,73.972,6.38,0.43823,69.820
4724,05/18/2026 07:52:30,4.129,73.953,6.28,0.43584,69.824
4725,05/18/2026 08:02:30,4.145,73.941,6.28,0.43746,69.796
4726,05/18/2026 08:12:30,4.142,73.925,6.28,0.43711,69.783
4727,05/18/2026 08:22:30,4.130,73.921,6.28,0.43591,69.791
4728,05/18/2026 08:32:30,4.131,73.938,6.18,0.43598,69.807
4729,05/18/2026 08:42:30,4.137,73.950,6.18,0.43661,69.813
4730,05/18/2026 08:52:30,4.141,73.978,6.18,0.43703,69.837
4731,05/18/2026 09:02:30,4.127,73.994,6.18,0.43563,69.867
4732,05/18/2026 09:12:30,4.120,73.998,6.18,0.43492,69.878
4733,05/18/2026 09:22:30,4.133,74.019,6.07,0.43619,69.886
4734,05/18/2026 09:32:30,4.124,74.027,6.07,0.43527,69.903
4735,05/18/2026 09:42:30,4.124,74.035,6.07,0.43534,69.911
4736,05/18/2026 09:52:30,4.134,74.035,6.07,0.43633,69.901
4737,05/18/2026 10:02:30,4.132,74.032,5.97,0.43612,69.900
4738,05/18/2026 10:12:30,4.127,74.036,5.97,0.43562,69.909
4739,05/18/2026 10:22:30,4.126,74.036,5.97,0.43548,69.910
4740,05/18/2026 10:32:30,4.134,74.045,5.87,0.43632,69.911
4741,05/18/2026 10:42:30,4.162,74.077,5.87,0.43914,69.915
4742,05/18/2026 10:52:30,4.143,74.070,5.77,0.43724,69.927
4743,05/18/2026 11:02:30,4.141,74.086,5.77,0.43703,69.945
4744,05/18/2026 11:12:30,4.136,74.127,5.67,0.43653,69.991
4745,05/18/2026 11:22:30,4.158,74.167,5.67,0.43878,70.009
4746,05/18/2026 11:32:30,4.181,74.224,5.56,0.44117,70.043
4747,05/18/2026 11:42:30,4.182,74.225,5.46,0.44124,70.043
4748,05/18/2026 11:52:30,4.172,74.238,5.36,0.44018,70.066
4749,05/18/2026 12:02:30,4.186,74.267,5.25,0.44159,70.081
4750,05/18/2026 12:12:30,4.204,74.308,5.15,0.44349,70.104
4751,05/18/2026 12:22:30,4.210,74.328,5.15,0.44405,70.118
4752,05/18/2026 12:32:30,4.225,74.360,5.15,0.44566,70.135
4753,05/18/2026 12:42:30,4.218,74.377,5.15,0.44482,70.159
4754,05/18/2026 12:52:30,4.239,74.410,5.05,0.44700,70.171
4755,05/18/2026 13:02:30,4.240,74.430,5.05,0.44707,70.190
4756,05/18/2026 13:12:30,4.251,74.470,5.05,0.44827,70.219
4757,05/18/2026 13:22:30,4.249,74.478,5.05,0.44805,70.229
4758,05/18/2026 13:32:30,4.251,74.474,5.05,0.44827,70.223
4759,05/18/2026 13:42:30,4.252,74.489,5.25,0.44827,70.237
4760,05/18/2026 13:52:30,4.260,74.509,5.25,0.44911,70.249
4761,05/18/2026 14:02:30,4.250,74.516,5.36,0.44813,70.266
4762,05/18/2026 14:12:30,4.261,74.543,5.46,0.44933,70.282
4763,05/18/2026 14:22:30,4.275,74.551,5.56,0.45066,70.276
4764,05/18/2026 14:32:30,4.270,74.546,5.67,0.45017,70.276
4765,05/18/2026 14:42:30,4.288,74.578,5.67,0.45200,70.290
4766,05/18/2026 14:52:30,4.285,74.589,5.77,0.45172,70.304
4767,05/18/2026 15:02:30,4.308,74.625,5.87,0.45404,70.317
4768,05/18/2026 15:12:30,4.311,74.636,5.97,0.45440,70.325
4769,05/18/2026 15:22:30,4.323,74.660,5.97,0.45559,70.337
4770,05/18/2026 15:32:30,4.345,74.688,6.07,0.45785,70.343
4771,05/18/2026 15:42:30,4.358,74.720,6.07,0.45918,70.362
4772,05/18/2026 15:52:30,4.361,74.732,6.07,0.45946,70.371
4773,05/18/2026 16:02:30,4.366,74.743,6.18,0.46003,70.377
4774,05/18/2026 16:12:30,4.363,74.751,6.18,0.45975,70.388
4775,05/18/2026 16:22:30,4.365,74.756,6.18,0.45982,70.391
4776,05/18/2026 16:32:30,4.369,74.764,6.18,0.46024,70.395
4777,05/18/2026 16:42:30,4.368,74.768,6.18,0.46017,70.400
4778,05/18/2026 16:52:30,4.355,74.771,6.28,0.45883,70.416
4779,05/18/2026 17:02:30,4.366,74.811,6.28,0.46003,70.445
4780,05/18/2026 17:12:30,4.355,74.802,6.38,0.45891,70.447
4781,05/18/2026 17:22:30,4.360,74.827,6.38,0.45933,70.467
4782,05/18/2026 17:32:30,4.363,74.850,6.48,0.45968,70.487
4783,05/18/2026 17:42:30,4.371,74.858,6.48,0.46053,70.487
4784,05/18/2026 17:52:30,4.377,74.874,6.48,0.46116,70.497
4785,05/18/2026 18:02:30,4.349,74.857,6.58,0.45828,70.508
4786,05/18/2026 18:12:30,4.365,74.877,6.58,0.45997,70.512
4787,05/18/2026 18:22:30,4.365,74.894,6.58,0.45983,70.529
4788,05/18/2026 18:32:30,4.350,74.890,6.58,0.45828,70.540
4789,05/18/2026 18:42:30,4.360,74.914,6.58,0.45933,70.554
4790,05/18/2026 18:52:30,4.349,74.906,6.58,0.45821,70.557
4791,05/18/2026 19:02:30,4.345,74.914,6.58,0.45779,70.569
4792,05/18/2026 19:12:30,4.334,74.906,6.58,0.45666,70.572
4793,05/18/2026 19:22:30,4.353,74.938,6.58,0.45863,70.585
4794,05/18/2026 19:32:30,4.358,74.943,6.48,0.45912,70.585
4795,05/18/2026 19:42:30,4.364,74.959,6.48,0.45975,70.595
4796,05/18/2026 19:52:30,4.351,74.955,6.38,0.45849,70.604
4797,05/18/2026 20:02:30,4.369,74.980,6.38,0.46024,70.611
4798,05/18/2026 20:12:30,4.370,75.001,6.28,0.46031,70.631
4799,05/18/2026 20:22:30,4.363,75.013,6.28,0.45961,70.650
4800,05/18/2026 20:32:30,4.365,75.025,6.18,0.45996,70.660
4801,05/18/2026 20:42:30,4.363,75.030,6.07,0.45967,70.667
4802,05/18/2026 20:52:30,4.368,75.050,6.07,0.46024,70.682
4803,05/18/2026 21:02:30,4.374,75.063,5.97,0.46080,70.689
4804,05/18/2026 21:12:30,4.360,75.063,5.97,0.45939,70.703
4805,05/18/2026 21:22:30,4.360,75.068,5.87,0.45939,70.708
4806,05/18/2026 21:32:30,4.358,75.089,5.77,0.45918,70.731
4807,05/18/2026 21:42:30,4.341,75.085,5.77,0.45742,70.744
4808,05/18/2026 21:52:30,4.355,75.118,5.67,0.45882,70.763
4809,05/18/2026 22:02:30,4.362,75.134,5.67,0.45960,70.772
4810,05/18/2026 22:12:30,4.360,75.143,5.56,0.45931,70.783
4811,05/18/2026 22:22:30,4.369,75.160,5.46,0.46023,70.791
4812,05/18/2026 22:32:30,4.364,75.164,5.46,0.45973,70.800
4813,05/18/2026 22:42:30,4.355,75.161,5.36,0.45882,70.806
4814,05/18/2026 22:52:30,4.363,75.161,5.25,0.45966,70.798
4815,05/18/2026 23:02:30,4.347,75.150,5.15,0.45804,70.803
4816,05/18/2026 23:12:30,4.339,75.146,5.15,0.45720,70.807
4817,05/18/2026 23:22:30,4.334,75.147,5.05,0.45670,70.813
4818,05/18/2026 23:32:30,4.343,75.159,5.05,0.45762,70.816
4819,05/18/2026 23:42:30,4.337,75.148,4.94,0.45698,70.811
4820,05/18/2026 23:52:30,4.340,75.148,4.94,0.45726,70.808
4821,05/19/2026 00:02:30,4.329,75.140,4.84,0.45621,70.811
4822,05/19/2026 00:12:30,4.316,75.128,4.84,0.45487,70.812
4823,05/19/2026 00:22:30,4.316,75.125,4.74,0.45487,70.809
4824,05/19/2026 00:32:30,4.306,75.122,4.63,0.45381,70.816
4825,05/19/2026 00:42:30,4.294,75.118,4.63,0.45262,70.824
4826,05/19/2026 00:52:30,4.293,75.118,4.63,0.45248,70.825
4827,05/19/2026 01:02:30,4.294,75.123,4.53,0.45255,70.829
4828,05/19/2026 01:12:30,4.284,75.111,4.53,0.45156,70.827
4829,05/19/2026 01:22:30,4.272,75.111,4.43,0.45044,70.839
4830,05/19/2026 01:32:30,4.267,75.111,4.43,0.44987,70.844
4831,05/19/2026 01:42:30,4.268,75.115,4.43,0.45002,70.847
4832,05/19/2026 01:52:30,4.266,75.108,4.32,0.44980,70.842
4833,05/19/2026 02:02:30,4.248,75.088,4.32,0.44791,70.840
4834,05/19/2026 02:12:30,4.245,75.072,4.32,0.44762,70.827
4835,05/19/2026 02:22:30,4.257,75.081,4.22,0.44882,70.824
4836,05/19/2026 02:32:30,4.239,75.065,4.22,0.44699,70.826
4837,05/19/2026 02:42:30,4.249,75.069,4.22,0.44797,70.820
4838,05/19/2026 02:52:30,4.235,75.053,4.22,0.44657,70.818
4839,05/19/2026 03:02:30,4.221,75.037,4.11,0.44523,70.816
4840,05/19/2026 03:12:30,4.221,75.049,4.11,0.44523,70.828
4841,05/19/2026 03:22:30,4.221,75.049,4.11,0.44523,70.828
4842,05/19/2026 03:32:30,4.235,75.066,4.01,0.44664,70.831
4843,05/19/2026 03:42:30,4.219,75.046,4.01,0.44495,70.827
4844,05/19/2026 03:52:30,4.217,75.042,4.01,0.44481,70.825
4845,05/19/2026 04:02:30,4.210,75.038,4.01,0.44404,70.828
4846,05/19/2026 04:12:30,4.196,75.034,4.01,0.44263,70.838
4847,05/19/2026 04:22:30,4.205,75.035,3.90,0.44354,70.830
4848,05/19/2026 04:32:30,4.187,75.023,3.90,0.44171,70.836
4849,05/19/2026 04:42:30,4.194,75.023,3.90,0.44242,70.829
4850,05/19/2026 04:52:30,4.187,75.011,3.90,0.44164,70.824
4851,05/19/2026 05:02:30,4.194,75.011,3.90,0.44242,70.817
4852,05/19/2026 05:12:30,4.179,74.988,3.80,0.44080,70.809
4853,05/19/2026 05:22:30,4.164,74.971,3.80,0.43939,70.807
4854,05/19/2026 05:32:30,4.177,74.975,3.80,0.44073,70.798
4855,05/19/2026 05:42:30,4.167,74.971,3.80,0.43967,70.804
4856,05/19/2026 05:52:30,4.164,74.968,3.69,0.43939,70.804
4857,05/19/2026 06:02:30,4.172,74.988,3.69,0.44024,70.816
4858,05/19/2026 06:12:30,4.160,74.968,3.69,0.43897,70.808
4859,05/19/2026 06:22:30,4.160,74.976,3.69,0.43897,70.816
4860,05/19/2026 06:32:30,4.163,74.981,3.59,0.43925,70.818
4861,05/19/2026 06:42:30,4.165,74.993,3.59,0.43946,70.828
4862,05/19/2026 06:52:30,4.161,74.993,3.59,0.43904,70.832
4863,05/19/2026 07:02:30,4.159,74.997,3.59,0.43890,70.838
4864,05/19/2026 07:12:30,4.143,74.985,3.59,0.43721,70.842
4865,05/19/2026 07:22:30,4.155,75.001,3.59,0.43848,70.846
4866,05/19/2026 07:32:30,4.144,75.005,3.59,0.43735,70.861
4867,05/19/2026 07:42:30,4.143,75.001,3.59,0.43721,70.858
4868,05/19/2026 07:52:30,4.149,75.009,3.59,0.43785,70.860
4869,05/19/2026 08:02:30,4.136,74.997,3.59,0.43651,70.861
4870,05/19/2026 08:12:30,4.137,74.997,3.59,0.43665,70.860
4871,05/19/2026 08:22:30,4.121,74.984,3.69,0.43503,70.863
4872,05/19/2026 08:32:30,4.115,74.976,3.69,0.43440,70.861
4873,05/19/2026 08:42:30,4.123,74.988,3.80,0.43510,70.865
4874,05/19/2026 08:52:30,4.129,74.988,3.80,0.43574,70.859
4875,05/19/2026 09:02:30,4.110,74.971,3.90,0.43377,70.861
4876,05/19/2026 09:12:30,4.130,74.998,4.01,0.43588,70.868
4877,05/19/2026 09:22:30,4.131,74.998,4.01,0.43595,70.867
4878,05/19/2026 09:32:30,4.137,74.989,4.11,0.43658,70.852
4879,05/19/2026 09:42:30,4.132,74.985,4.11,0.43609,70.853
4880,05/19/2026 09:52:30,4.122,74.972,4.22,0.43511,70.850
4881,05/19/2026 10:02:30,4.127,74.971,4.32,0.43560,70.844
4882,05/19/2026 10:12:30,4.144,74.986,4.43,0.43736,70.842
4883,05/19/2026 10:22:30,4.131,74.978,4.53,0.43595,70.847
4884,05/19/2026 10:32:30,4.122,74.973,4.63,0.43504,70.851
4885,05/19/2026 10:42:30,4.136,74.988,4.74,0.43652,70.852
4886,05/19/2026 10:52:30,4.128,74.979,4.84,0.43568,70.851
4887,05/19/2026 11:02:30,4.127,74.978,5.05,0.43554,70.851
4888,05/19/2026 11:12:30,4.130,74.993,5.15,0.43589,70.863
4889,05/19/2026 11:22:30,4.139,74.999,5.36,0.43688,70.860
4890,05/19/2026 11:32:30,4.141,74.990,5.56,0.43702,70.849
4891,05/19/2026 11:42:30,4.142,74.985,5.67,0.43709,70.843
4892,05/19/2026 11:52:30,4.126,74.963,5.87,0.43555,70.837
4893,05/19/2026 12:02:30,4.122,74.958,6.07,0.43506,70.836
4894,05/19/2026 12:12:30,4.128,74.960,6.28,0.43577,70.832
4895,05/19/2026 12:22:30,4.132,74.955,6.38,0.43619,70.823
4896,05/19/2026 12:32:30,4.128,74.950,6.58,0.43571,70.822
4897,05/19/2026 12:42:30,4.127,74.949,6.79,0.43557,70.822
4898,05/19/2026 12:52:30,4.126,74.944,6.89,0.43550,70.818
4899,05/19/2026 13:02:30,4.113,74.935,6.99,0.43417,70.822
4900,05/19/2026 13:12:30,4.123,74.938,7.19,0.43516,70.815
4901,05/19/2026 13:22:30,4.128,74.945,7.29,0.43572,70.817
4902,05/19/2026 13:32:30,4.114,74.931,7.49,0.43439,70.817
4903,05/19/2026 13:42:30,4.128,74.946,7.69,0.43574,70.818
4904,05/19/2026 13:52:30,4.117,74.937,7.79,0.43468,70.820
4905,05/19/2026 14:02:30,4.118,74.944,7.99,0.43476,70.826
4906,05/19/2026 14:12:30,4.127,74.955,8.19,0.43568,70.828
4907,05/19/2026 14:22:30,4.129,74.958,8.29,0.43589,70.829
4908,05/19/2026 14:32:30,4.121,74.957,8.49,0.43506,70.836
4909,05/19/2026 14:42:30,4.144,74.981,8.59,0.43738,70.837
4910,05/19/2026 14:52:30,4.137,74.991,8.79,0.43676,70.854
4911,05/19/2026 15:02:30,4.134,74.982,8.99,0.43641,70.848
4912,05/19/2026 15:12:30,4.142,74.985,9.09,0.43726,70.843
4913,05/19/2026 15:22:30,4.136,74.984,9.29,0.43663,70.848
4914,05/19/2026 15:32:30,4.128,74.979,9.39,0.43586,70.851
4915,05/19/2026 15:42:30,4.138,75.002,9.58,0.43686,70.864
4916,05/19/2026 15:52:30,4.149,75.006,9.68,0.43792,70.857
4917,05/19/2026 16:02:30,4.147,75.009,9.78,0.43778,70.862
4918,05/19/2026 16:12:30,4.156,75.013,9.88,0.43863,70.857
4919,05/19/2026 16:22:30,4.154,75.012,10.08,0.43842,70.858
4920,05/19/2026 16:32:30,4.160,75.027,10.17,0.43913,70.867
4921,05/19/2026 16:42:30,4.147,75.022,10.27,0.43780,70.875
4922,05/19/2026 16:52:30,4.164,75.034,10.37,0.43949,70.870
4923,05/19/2026 17:02:30,4.167,75.033,10.47,0.43985,70.866
4924,05/19/2026 17:12:30,4.165,75.033,10.57,0.43964,70.868
4925,05/19/2026 17:22:30,4.170,75.049,10.57,0.44013,70.879
4926,05/19/2026 17:32:30,4.160,75.044,10.66,0.43915,70.884
4927,05/19/2026 17:42:30,4.177,75.073,10.66,0.44084,70.896
4928,05/19/2026 17:52:30,4.172,75.072,10.76,0.44035,70.900
4929,05/19/2026 18:02:30,4.182,75.084,10.76,0.44141,70.902
4930,05/19/2026 18:12:30,4.161,75.072,10.76,0.43923,70.911
4931,05/19/2026 18:22:30,4.174,75.080,10.76,0.44057,70.906
4932,05/19/2026 18:32:30,4.167,75.079,10.86,0.43987,70.912
4933,05/19/2026 18:42:30,4.163,75.072,10.76,0.43944,70.909
4934,05/19/2026 18:52:30,4.186,75.088,10.76,0.44176,70.902
4935,05/19/2026 19:02:30,4.182,75.088,10.76,0.44141,70.906
4936,05/19/2026 19:12:30,4.171,75.077,10.66,0.44021,70.906
4937,05/19/2026 19:22:30,4.181,75.089,10.66,0.44127,70.908
4938,05/19/2026 19:32:30,4.177,75.089,10.57,0.44091,70.912
4939,05/19/2026 19:42:30,4.179,75.097,10.57,0.44112,70.918
4940,05/19/2026 19:52:30,4.186,75.114,10.47,0.44175,70.928
4941,05/19/2026 20:02:30,4.190,75.122,10.47,0.44217,70.932
4942,05/19/2026 20:12:30,4.197,75.131,10.37,0.44287,70.934
4943,05/19/2026 20:22:30,4.203,75.143,10.27,0.44357,70.940
4944,05/19/2026 20:32:30,4.210,75.160,10.17,0.44420,70.950
4945,05/19/2026 20:42:30,4.201,75.169,10.08,0.44328,70.968
4946,05/19/2026 20:52:30,4.214,75.197,10.08,0.44461,70.983
4947,05/19/2026 21:02:30,4.233,75.222,9.98,0.44651,70.989
4948,05/19/2026 21:12:30,4.240,75.239,9.88,0.44721,70.999
4949,05/19/2026 21:22:30,4.250,75.251,9.78,0.44826,71.001
4950,05/19/2026 21:32:30,4.255,75.267,9.78,0.44882,71.012
4951,05/19/2026 21:42:30,4.261,75.272,9.68,0.44938,71.011
4952,05/19/2026 21:52:30,4.264,75.273,9.58,0.44966,71.009
4953,05/19/2026 22:02:30,4.276,75.289,9.48,0.45092,71.013
4954,05/19/2026 22:12:30,4.284,75.305,9.48,0.45176,71.021
4955,05/19/2026 22:22:30,4.288,75.314,9.39,0.45211,71.026
4956,05/19/2026 22:32:30,4.302,75.335,9.29,0.45351,71.033
4957,05/19/2026 22:42:30,4.313,75.356,9.19,0.45464,71.043
4958,05/19/2026 22:52:30,4.315,75.360,9.19,0.45485,71.045
4959,05/19/2026 23:02:30,4.326,75.360,9.09,0.45604,71.034
4960,05/19/2026 23:12:30,4.341,75.377,8.99,0.45751,71.036
4961,05/19/2026 23:22:30,4.333,75.374,8.89,0.45666,71.041
4962,05/19/2026 23:32:30,4.325,75.370,8.89,0.45582,71.045
4963,05/19/2026 23:42:30,4.340,75.370,8.79,0.45743,71.030
4964,05/19/2026 23:52:30,4.340,75.379,8.69,0.45743,71.039
4965,05/20/2026 00:02:30,4.337,75.371,8.69,0.45708,71.034
4966,05/20/2026 00:12:30,4.346,75.380,8.59,0.45799,71.034
4967,05/20/2026 00:22:30,4.323,75.363,8.59,0.45574,71.040
4968,05/20/2026 00:32:30,4.339,75.372,8.49,0.45728,71.033
4969,05/20/2026 00:42:30,4.330,75.360,8.49,0.45637,71.030
4970,05/20/2026 00:52:30,4.330,75.369,8.39,0.45636,71.039
4971,05/20/2026 01:02:30,4.317,75.353,8.39,0.45503,71.036
4972,05/20/2026 01:12:30,4.319,75.345,8.29,0.45531,71.026
4973,05/20/2026 01:22:30,4.312,75.349,8.29,0.45453,71.037
4974,05/20/2026 01:32:30,4.299,75.350,8.19,0.45319,71.051
4975,05/20/2026 01:42:30,4.275,75.294,8.19,0.45073,71.019
4976,05/20/2026 01:52:30,4.283,75.289,8.19,0.45164,71.006
4977,05/20/2026 02:02:30,4.289,75.282,8.09,0.45220,70.993
4978,05/20/2026 02:12:30,4.287,75.298,8.09,0.45199,71.011
4979,05/20/2026 02:22:30,4.268,75.283,7.99,0.45002,71.015
4980,05/20/2026 02:32:30,4.272,75.271,7.99,0.45044,70.999
4981,05/20/2026 02:42:30,4.277,75.295,7.99,0.45094,71.018
4982,05/20/2026 02:52:30,4.254,75.263,7.89,0.44861,71.009
4983,05/20/2026 03:02:30,4.262,75.267,7.89,0.44946,71.005
4984,05/20/2026 03:12:30,4.249,75.251,7.89,0.44812,71.002
4985,05/20/2026 03:22:30,4.249,75.252,7.79,0.44805,71.003
4986,05/20/2026 03:32:30,4.258,75.260,7.79,0.44903,71.002
4987,05/20/2026 03:42:30,4.254,75.248,7.79,0.44861,70.994
4988,05/20/2026 03:52:30,4.238,75.220,7.69,0.44699,70.982
4989,05/20/2026 04:02:30,4.238,75.216,7.69,0.44699,70.978
4990,05/20/2026 04:12:30,4.236,75.216,7.69,0.44678,70.980
4991,05/20/2026 04:22:30,4.222,75.204,7.69,0.44537,70.982
4992,05/20/2026 04:32:30,4.252,75.221,7.59,0.44839,70.969
4993,05/20/2026 04:42:30,4.220,75.189,7.59,0.44509,70.969
4994,05/20/2026 04:52:30,4.223,75.189,7.59,0.44544,70.966
4995,05/20/2026 05:02:30,4.224,75.185,7.49,0.44558,70.961
4996,05/20/2026 05:12:30,4.221,75.181,7.49,0.44529,70.960
4997,05/20/2026 05:22:30,4.223,75.185,7.49,0.44543,70.962
4998,05/20/2026 05:32:30,4.206,75.173,7.49,0.44375,70.967
4999,05/20/2026 05:42:30,4.206,75.170,7.39,0.44367,70.964
5000,05/20/2026 05:52:30,4.218,75.170,7.39,0.44494,70.952
5001,05/20/2026 06:02:30,4.205,75.158,7.39,0.44360,70.953
5002,05/20/2026 06:12:30,4.197,75.155,7.29,0.44276,70.958
5003,05/20/2026 06:22:30,4.201,75.151,7.29,0.44325,70.949
5004,05/20/2026 06:32:30,4.206,75.151,7.29,0.44374,70.944
5005,05/20/2026 06:42:30,4.194,75.151,7.19,0.44247,70.957
5006,05/20/2026 06:52:30,4.183,75.155,7.19,0.44135,70.972
5007,05/20/2026 07:02:30,4.187,75.159,7.19,0.44177,70.972
5008,05/20/2026 07:12:30,4.193,75.156,7.09,0.44233,70.963
5009,05/20/2026 07:22:30,4.181,75.152,7.09,0.44113,70.971
5010,05/20/2026 07:32:30,4.189,75.156,7.09,0.44198,70.967
5011,05/20/2026 07:42:30,4.183,75.140,7.09,0.44134,70.957
5012,05/20/2026 07:52:30,4.180,75.137,6.99,0.44106,70.956
5013,05/20/2026 08:02:30,4.174,75.128,6.99,0.44050,70.954
5014,05/20/2026 08:12:30,4.154,75.104,6.99,0.43839,70.950
5015,05/20/2026 08:22:30,4.167,75.128,6.99,0.43972,70.961
5016,05/20/2026 08:32:30,4.149,75.112,6.99,0.43790,70.963
5017,05/20/2026 08:42:30,4.147,75.108,6.99,0.43769,70.961
5018,05/20/2026 08:52:30,4.152,75.104,6.99,0.43818,70.952
5019,05/20/2026 09:02:30,4.144,75.092,6.99,0.43740,70.948
5020,05/20/2026 09:12:30,4.155,75.092,6.99,0.43853,70.937
5021,05/20/2026 09:22:30,4.135,75.068,6.99,0.43642,70.933
5022,05/20/2026 09:32:30,4.155,75.091,7.09,0.43853,70.936
5023,05/20/2026 09:42:30,4.143,75.079,7.09,0.43727,70.936
5024,05/20/2026 09:52:30,4.150,75.087,7.09,0.43804,70.937
5025,05/20/2026 10:02:30,4.135,75.075,7.09,0.43649,70.940
5026,05/20/2026 10:12:30,4.137,75.075,7.19,0.43664,70.938
5027,05/20/2026 10:22:30,4.146,75.067,7.19,0.43755,70.921
5028,05/20/2026 10:32:30,4.146,75.054,7.19,0.43762,70.908
5029,05/20/2026 10:42:30,4.148,75.058,7.29,0.43776,70.910
5030,05/20/2026 10:52:30,4.135,75.070,7.29,0.43643,70.935
5031,05/20/2026 11:02:30,4.130,75.049,7.39,0.43594,70.919
5032,05/20/2026 11:12:30,4.136,75.061,7.39,0.43657,70.925
5033,05/20/2026 11:22:30,4.144,75.061,7.39,0.43742,70.917
5034,05/20/2026 11:32:30,4.135,75.056,7.49,0.43650,70.921
5035,05/20/2026 11:42:30,4.136,75.040,7.49,0.43657,70.904
5036,05/20/2026 11:52:30,4.125,75.028,7.59,0.43552,70.902
5037,05/20/2026 12:02:30,4.128,75.019,7.69,0.43574,70.891
5038,05/20/2026 12:12:30,4.124,75.007,7.69,0.43531,70.883
5039,05/20/2026 12:22:30,4.133,75.030,7.79,0.43630,70.897
5040,05/20/2026 12:32:30,4.116,75.021,7.89,0.43455,70.905
5041,05/20/2026 12:42:30,4.131,75.017,7.99,0.43603,70.886
5042,05/20/2026 12:52:30,4.120,74.984,8.09,0.43490,70.864
5043,05/20/2026 13:02:30,4.125,75.003,8.19,0.43547,70.878
5044,05/20/2026 13:12:30,4.112,74.970,8.29,0.43414,70.858
5045,05/20/2026 13:22:30,4.116,74.970,8.39,0.43449,70.854
5046,05/20/2026 13:32:30,4.111,74.965,8.49,0.43407,70.854
5047,05/20/2026 13:42:30,4.103,74.956,8.59,0.43323,70.853
5048,05/20/2026 13:52:30,4.106,74.940,8.59,0.43358,70.834
5049,05/20/2026 14:02:30,4.106,74.935,8.79,0.43352,70.829
5050,05/20/2026 14:12:30,4.085,74.906,8.89,0.43141,70.821
5051,05/20/2026 14:22:30,4.088,74.905,9.09,0.43170,70.817
5052,05/20/2026 14:32:30,4.091,74.888,9.19,0.43199,70.797
5053,05/20/2026 14:42:30,4.083,74.887,9.39,0.43122,70.804
5054,05/20/2026 14:52:30,4.071,74.878,9.48,0.43003,70.807
5055,05/20/2026 15:02:30,4.082,74.889,9.68,0.43109,70.807
5056,05/20/2026 15:12:30,4.069,74.851,9.88,0.42983,70.782
5057,05/20/2026 15:22:30,4.055,74.827,9.98,0.42836,70.772
5058,05/20/2026 15:32:30,4.077,74.870,10.17,0.43062,70.793
5059,05/20/2026 15:42:30,4.082,74.877,10.37,0.43112,70.795
5060,05/20/2026 15:52:30,4.076,74.872,10.47,0.43056,70.796
5061,05/20/2026 16:02:30,4.070,74.855,10.66,0.42994,70.785
5062,05/20/2026 16:12:30,4.046,74.834,10.76,0.42748,70.788
5063,05/20/2026 16:22:30,4.050,74.829,10.86,0.42798,70.779
5064,05/20/2026 16:32:30,4.047,74.820,11.05,0.42764,70.773
5065,05/20/2026 16:42:30,4.041,74.824,11.05,0.42700,70.783
5066,05/20/2026 16:52:30,4.043,74.836,11.15,0.42722,70.793
5067,05/20/2026 17:02:30,4.037,74.835,11.25,0.42666,70.798
5068,05/20/2026 17:12:30,4.040,74.835,11.35,0.42688,70.795
5069,05/20/2026 17:22:30,4.017,74.822,11.44,0.42456,70.805
5070,05/20/2026 17:32:30,4.032,74.850,11.54,0.42611,70.818
5071,05/20/2026 17:42:30,4.034,74.846,11.54,0.42625,70.812
5072,05/20/2026 17:52:30,4.039,74.857,11.64,0.42689,70.818
5073,05/20/2026 18:02:30,4.020,74.853,11.64,0.42492,70.833
5074,05/20/2026 18:12:30,4.012,74.849,11.64,0.42408,70.837
5075,05/20/2026 18:22:30,4.024,74.857,11.64,0.42534,70.833
5076,05/20/2026 18:32:30,4.018,74.845,11.64,0.42471,70.827
5077,05/20/2026 18:42:30,4.018,74.845,11.64,0.42471,70.827
5078,05/20/2026 18:52:30,4.023,74.861,11.64,0.42520,70.838
5079,05/20/2026 19:02:30,4.012,74.869,11.64,0.42415,70.857
5080,05/20/2026 19:12:30,4.006,74.858,11.54,0.42344,70.852
5081,05/20/2026 19:22:30,3.992,74.850,11.54,0.42203,70.858
5082,05/20/2026 19:32:30,4.016,74.870,11.44,0.42449,70.854
5083,05/20/2026 19:42:30,4.015,74.879,11.44,0.42435,70.864
5084,05/20/2026 19:52:30,4.017,74.871,11.35,0.42455,70.854
5085,05/20/2026 20:02:30,4.003,74.868,11.25,0.42307,70.865
5086,05/20/2026 20:12:30,3.992,74.864,11.15,0.42201,70.872
5087,05/20/2026 20:22:30,4.000,74.889,11.05,0.42278,70.889
5088,05/20/2026 20:32:30,4.010,74.901,10.96,0.42390,70.891
5089,05/20/2026 20:42:30,4.012,74.910,10.86,0.42404,70.898
5090,05/20/2026 20:52:30,3.992,74.899,10.76,0.42192,70.907
5091,05/20/2026 21:02:30,3.999,74.911,10.66,0.42269,70.912
5092,05/20/2026 21:12:30,3.992,74.900,10.57,0.42199,70.908
5093,05/20/2026 21:22:30,3.987,74.896,10.47,0.42149,70.909
5094,05/20/2026 21:32:30,4.004,74.921,10.37,0.42317,70.917
5095,05/20/2026 21:42:30,3.996,74.930,10.27,0.42233,70.934
5096,05/20/2026 21:52:30,3.987,74.934,10.17,0.42148,70.947
5097,05/20/2026 22:02:30,3.994,74.946,10.17,0.42218,70.952
5098,05/20/2026 22:12:30,3.979,74.931,9.98,0.42070,70.952
5099,05/20/2026 22:22:30,3.995,74.944,9.98,0.42224,70.949
5100,05/20/2026 22:32:30,3.992,74.948,9.88,0.42196,70.956
5101,05/20/2026 22:42:30,3.986,74.945,9.78,0.42132,70.959
5102,05/20/2026 22:52:30,3.975,74.941,9.68,0.42026,70.966
5103,05/20/2026 23:02:30,3.987,74.950,9.58,0.42145,70.963
5104,05/20/2026 23:12:30,3.984,74.939,9.48,0.42110,70.955
5105,05/20/2026 23:22:30,3.992,74.939,9.39,0.42194,70.947
5106,05/20/2026 23:32:30,3.977,74.928,9.29,0.42039,70.951
5107,05/20/2026 23:42:30,3.996,74.944,9.19,0.42235,70.948
5108,05/20/2026 23:52:30,3.999,74.941,9.09,0.42263,70.942
5109,05/21/2026 00:02:30,3.999,74.946,8.99,0.42263,70.947
5110,05/21/2026 00:12:30,4.005,74.950,8.89,0.42326,70.945
5111,05/21/2026 00:22:30,4.009,74.955,8.79,0.42367,70.946
5112,05/21/2026 00:32:30,4.016,74.964,8.69,0.42430,70.948
5113,05/21/2026 00:42:30,3.995,74.944,8.59,0.42226,70.949
5114,05/21/2026 00:52:30,4.005,74.953,8.49,0.42324,70.948
5115,05/21/2026 01:02:30,4.016,74.958,8.39,0.42429,70.942
5116,05/21/2026 01:12:30,4.006,74.942,8.29,0.42331,70.936
5117,05/21/2026 01:22:30,4.013,74.951,8.19,0.42401,70.938
5118,05/21/2026 01:32:30,4.000,74.939,8.09,0.42274,70.939
5119,05/21/2026 01:42:30,4.011,74.952,8.09,0.42379,70.941
5120,05/21/2026 01:52:30,4.004,74.940,7.99,0.42316,70.936
5121,05/21/2026 02:02:30,4.013,74.949,7.89,0.42400,70.936
5122,05/21/2026 02:12:30,4.014,74.933,7.79,0.42414,70.919
5123,05/21/2026 02:22:30,4.022,74.934,7.69,0.42498,70.912
5124,05/21/2026 02:32:30,4.028,74.943,7.59,0.42554,70.915
5125,05/21/2026 02:42:30,4.008,74.919,7.49,0.42356,70.911
5126,05/21/2026 02:52:30,4.024,74.931,7.49,0.42518,70.907
5127,05/21/2026 03:02:30,4.029,74.924,7.39,0.42567,70.895
5128,05/21/2026 03:12:30,4.015,74.897,7.29,0.42419,70.882
5129,05/21/2026 03:22:30,4.029,74.905,7.19,0.42567,70.876
5130,05/21/2026 03:32:30,4.029,74.905,7.19,0.42567,70.876
5131,05/21/2026 03:42:30,4.022,74.890,7.09,0.42489,70.868
5132,05/21/2026 03:52:30,4.027,74.891,6.99,0.42538,70.864
5133,05/21/2026 04:02:30,4.029,74.891,6.89,0.42566,70.862
5134,05/21/2026 04:12:30,4.017,74.879,6.89,0.42446,70.862
5135,05/21/2026 04:22:30,4.015,74.872,6.79,0.42418,70.857
5136,05/21/2026 04:32:30,4.029,74.885,6.68,0.42558,70.856
5137,05/21/2026 04:42:30,4.017,74.873,6.58,0.42446,70.856
5138,05/21/2026 04:52:30,4.021,74.877,6.58,0.42488,70.856
5139,05/21/2026 05:02:30,4.022,74.866,6.48,0.42495,70.844
5140,05/21/2026 05:12:30,4.019,74.863,6.38,0.42459,70.844
5141,05/21/2026 05:22:30,4.024,74.871,6.38,0.42508,70.847
5142,05/21/2026 05:32:30,3.998,74.851,6.28,0.42248,70.853
5143,05/21/2026 05:42:30,4.024,74.868,6.18,0.42515,70.844
5144,05/21/2026 05:52:30,4.016,74.856,6.18,0.42431,70.840
5145,05/21/2026 06:02:30,4.015,74.861,6.07,0.42416,70.846
5146,05/21/2026 06:12:30,4.007,74.854,5.97,0.42332,70.847
5147,05/21/2026 06:22:30,3.999,74.854,5.97,0.42254,70.855
5148,05/21/2026 06:32:30,3.994,74.854,5.87,0.42198,70.861
5149,05/21/2026 06:42:30,3.994,74.859,5.87,0.42198,70.865
5150,05/21/2026 06:52:30,3.993,74.859,5.77,0.42198,70.866
5151,05/21/2026 07:02:30,3.979,74.848,5.67,0.42050,70.869
5152,05/21/2026 07:12:30,3.986,74.856,5.67,0.42120,70.870
5153,05/21/2026 07:22:30,3.983,74.860,5.67,0.42092,70.877
5154,05/21/2026 07:32:30,3.977,74.844,5.67,0.42029,70.867
5155,05/21/2026 07:42:30,3.991,74.857,5.56,0.42169,70.866
5156,05/21/2026 07:52:30,3.993,74.849,5.56,0.42190,70.856
5157,05/21/2026 08:02:30,3.996,74.853,5.56,0.42219,70.857
5158,05/21/2026 08:12:30,4.012,74.856,5.67,0.42387,70.844
5159,05/21/2026 08:22:30,4.000,74.848,5.67,0.42261,70.848
5160,05/21/2026 08:32:30,4.008,74.848,5.67,0.42345,70.840
5161,05/21/2026 08:42:30,4.010,74.851,5.77,0.42367,70.841
5162,05/21/2026 08:52:30,4.005,74.843,5.77,0.42317,70.838
5163,05/21/2026 09:02:30,3.998,74.842,5.87,0.42247,70.844
5164,05/21/2026 09:12:30,4.006,74.846,5.87,0.42332,70.840
5165,05/21/2026 09:22:30,3.998,74.842,5.97,0.42240,70.844
5166,05/21/2026 09:32:30,3.997,74.842,5.97,0.42233,70.845
5167,05/21/2026 09:42:30,3.980,74.821,6.07,0.42058,70.841
5168,05/21/2026 09:52:30,3.997,74.828,6.18,0.42234,70.831
5169,05/21/2026 10:02:30,4.010,74.827,6.28,0.42368,70.817
5170,05/21/2026 10:12:30,3.996,74.810,6.38,0.42227,70.814
5171,05/21/2026 10:22:30,3.997,74.794,6.38,0.42241,70.797
5172,05/21/2026 10:32:30,3.994,74.785,6.58,0.42199,70.791
5173,05/21/2026 10:42:30,3.998,74.780,6.68,0.42249,70.782
5174,05/21/2026 10:52:30,3.992,74.771,6.79,0.42186,70.779
5175,05/21/2026 11:02:30,4.000,74.782,6.99,0.42264,70.782
5176,05/21/2026 11:12:30,3.997,74.777,7.09,0.42236,70.780
5177,05/21/2026 11:22:30,4.006,74.780,7.19,0.42335,70.774
5178,05/21/2026 11:32:30,4.003,74.776,7.29,0.42293,70.773
5179,05/21/2026 11:42:30,4.004,74.771,7.39,0.42307,70.767
5180,05/21/2026 11:52:30,3.989,74.746,7.49,0.42159,70.757
5181,05/21/2026 12:02:30,3.986,74.741,7.59,0.42132,70.755
5182,05/21/2026 12:12:30,3.994,74.741,7.69,0.42202,70.747
5183,05/21/2026 12:22:30,3.989,74.728,7.79,0.42153,70.739
5184,05/21/2026 12:32:30,3.986,74.702,7.99,0.42133,70.716
5185,05/21/2026 12:42:30,3.996,74.709,8.19,0.42232,70.713
5186,05/21/2026 12:52:30,3.984,74.696,8.39,0.42106,70.712
5187,05/21/2026 13:02:30,3.980,74.666,8.59,0.42071,70.686
5188,05/21/2026 13:12:30,3.984,74.665,8.79,0.42107,70.681
5189,05/21/2026 13:22:30,3.980,74.671,9.09,0.42066,70.691
5190,05/21/2026 13:32:30,3.980,74.649,9.29,0.42074,70.669
5191,05/21/2026 13:42:30,3.977,74.632,9.58,0.42047,70.654
5192,05/21/2026 13:52:30,3.970,74.614,9.78,0.41970,70.644
5193,05/21/2026 14:02:30,3.974,74.613,9.98,0.42013,70.639
5194,05/21/2026 14:12:30,3.969,74.604,10.17,0.41958,70.635
5195,05/21/2026 14:22:30,3.979,74.611,10.37,0.42057,70.632
5196,05/21/2026 14:32:30,3.953,74.597,10.57,0.41805,70.644
5197,05/21/2026 14:42:30,3.966,74.587,10.86,0.41940,70.621
5198,05/21/2026 14:52:30,3.951,74.570,11.05,0.41786,70.619
5199,05/21/2026 15:02:30,3.955,74.569,11.25,0.41822,70.614
5200,05/21/2026 15:12:30,3.959,74.560,11.44,0.41865,70.601
5201,05/21/2026 15:22:30,3.943,74.555,11.54,0.41704,70.612
5202,05/21/2026 15:32:30,3.948,74.554,11.74,0.41754,70.606
5203,05/21/2026 15:42:30,3.957,74.553,11.93,0.41846,70.596
5204,05/21/2026 15:52:30,3.947,74.540,12.12,0.41749,70.593
5205,05/21/2026 16:02:30,3.951,74.515,12.22,0.41792,70.564
5206,05/21/2026 16:12:30,3.943,74.515,12.32,0.41708,70.572
5207,05/21/2026 16:22:30,3.939,74.486,12.42,0.41666,70.547
5208,05/21/2026 16:32:30,3.932,74.489,12.61,0.41597,70.557
5209,05/21/2026 16:42:30,3.918,74.472,12.71,0.41456,70.554
5210,05/21/2026 16:52:30,3.926,74.468,12.80,0.41534,70.542
5211,05/21/2026 17:02:30,3.924,74.472,12.80,0.41513,70.548
5212,05/21/2026 17:12:30,3.916,74.463,12.90,0.41436,70.547
5213,05/21/2026 17:22:30,3.917,74.471,13.00,0.41444,70.554
5214,05/21/2026 17:32:30,3.921,74.471,13.00,0.41486,70.550
5215,05/21/2026 17:42:30,3.908,74.451,13.00,0.41352,70.543
5216,05/21/2026 17:52:30,3.906,74.459,13.00,0.41331,70.553
5217,05/21/2026 18:02:30,3.901,74.459,13.00,0.41282,70.558
5218,05/21/2026 18:12:30,3.897,74.443,13.00,0.41240,70.546
5219,05/21/2026 18:22:30,3.923,74.475,13.00,0.41507,70.552
5220,05/21/2026 18:32:30,3.898,74.455,13.00,0.41247,70.557
5221,05/21/2026 18:42:30,3.905,74.459,13.00,0.41317,70.554
5222,05/21/2026 18:52:30,3.899,74.459,13.00,0.41261,70.560
5223,05/21/2026 19:02:30,3.897,74.471,12.90,0.41246,70.574
5224,05/21/2026 19:12:30,3.893,74.463,12.90,0.41204,70.570
5225,05/21/2026 19:22:30,3.893,74.464,12.80,0.41197,70.571
5226,05/21/2026 19:32:30,3.887,74.468,12.71,0.41140,70.581
5227,05/21/2026 19:42:30,3.881,74.465,12.61,0.41076,70.584
5228,05/21/2026 19:52:30,3.878,74.477,12.61,0.41048,70.599
5229,05/21/2026 20:02:30,3.905,74.506,12.51,0.41315,70.601
5230,05/21/2026 20:12:30,3.887,74.498,12.42,0.41138,70.611
5231,05/21/2026 20:22:30,3.869,74.491,12.32,0.40948,70.622
5232,05/21/2026 20:32:30,3.883,74.516,12.12,0.41095,70.633
5233,05/21/2026 20:42:30,3.888,74.524,12.03,0.41150,70.636
5234,05/21/2026 20:52:30,3.897,74.541,11.93,0.41234,70.644
5235,05/21/2026 21:02:30,3.886,74.550,11.83,0.41121,70.664
5236,05/21/2026 21:12:30,3.880,74.558,11.74,0.41064,70.678
5237,05/21/2026 21:22:30,3.889,74.559,11.64,0.41148,70.670
5238,05/21/2026 21:32:30,3.878,74.551,11.54,0.41042,70.673
5239,05/21/2026 21:42:30,3.892,74.568,11.44,0.41183,70.676
5240,05/21/2026 21:52:30,3.880,74.548,11.35,0.41063,70.668
5241,05/21/2026 22:02:30,3.902,74.569,11.25,0.41287,70.667
5242,05/21/2026 22:12:30,3.900,74.574,11.15,0.41259,70.674
5243,05/21/2026 22:22:30,3.909,74.586,11.05,0.41357,70.677
5244,05/21/2026 22:32:30,3.890,74.567,10.96,0.41159,70.677
5245,05/21/2026 22:42:30,3.891,74.567,10.86,0.41173,70.676
5246,05/21/2026 22:52:30,3.887,74.564,10.66,0.41130,70.677
5247,05/21/2026 23:02:30,3.881,74.568,10.66,0.41074,70.687
5248,05/21/2026 23:12:30,3.885,74.586,10.47,0.41101,70.701
5249,05/21/2026 23:22:30,3.884,74.590,10.37,0.41100,70.706
5250,05/21/2026 23:32:30,3.905,74.615,10.27,0.41311,70.710
5251,05/21/2026 23:42:30,3.912,74.616,10.17,0.41381,70.704
5252,05/21/2026 23:52:30,3.916,74.620,10.08,0.41423,70.704
5253,05/22/2026 00:02:30,3.923,74.621,9.98,0.41493,70.698
5254,05/22/2026 00:12:30,3.924,74.630,9.88,0.41499,70.706
5255,05/22/2026 00:22:30,3.926,74.630,9.78,0.41527,70.704
5256,05/22/2026 00:32:30,3.938,74.643,9.68,0.41646,70.705
5257,05/22/2026 00:42:30,3.939,74.640,9.58,0.41646,70.701
5258,05/22/2026 00:52:30,3.954,74.652,9.48,0.41807,70.698
5259,05/22/2026 01:02:30,3.957,74.657,9.39,0.41835,70.700
5260,05/22/2026 01:12:30,3.940,74.637,9.29,0.41666,70.697
5261,05/22/2026 01:22:30,3.951,74.646,9.19,0.41778,70.695
5262,05/22/2026 01:32:30,3.950,74.635,9.09,0.41757,70.685
5263,05/22/2026 01:42:30,3.948,74.639,8.99,0.41749,70.691
5264,05/22/2026 01:52:30,3.942,74.632,8.89,0.41679,70.690
5265,05/22/2026 02:02:30,3.952,74.644,8.89,0.41784,70.692
5266,05/22/2026 02:12:30,3.957,74.641,8.79,0.41833,70.684
5267,05/22/2026 02:22:30,3.947,74.617,8.69,0.41734,70.670
5268,05/22/2026 02:32:30,3.960,74.630,8.59,0.41860,70.670
5269,05/22/2026 02:42:30,3.963,74.622,8.49,0.41895,70.659
5270,05/22/2026 02:52:30,3.968,74.626,8.49,0.41951,70.658
5271,05/22/2026 03:02:30,3.967,74.631,8.39,0.41937,70.664
5272,05/22/2026 03:12:30,3.973,74.640,8.29,0.41993,70.667
5273,05/22/2026 03:22:30,3.984,74.657,8.19,0.42105,70.673
5274,05/22/2026 03:32:30,3.982,74.669,8.09,0.42091,70.687
5275,05/22/2026 03:42:30,3.991,74.678,7.99,0.42182,70.687
5276,05/22/2026 03:52:30,3.993,74.686,7.99,0.42203,70.693
5277,05/22/2026 04:02:30,3.994,74.687,7.89,0.42210,70.693
5278,05/22/2026 04:12:30,3.985,74.667,7.79,0.42118,70.682
5279,05/22/2026 04:22:30,3.993,74.680,7.69,0.42202,70.687
5280,05/22/2026 04:32:30,4.002,74.684,7.69,0.42294,70.682
5281,05/22/2026 04:42:30,3.994,74.689,7.59,0.42209,70.695
5282,05/22/2026 04:52:30,4.005,74.710,7.49,0.42314,70.705
5283,05/22/2026 05:02:30,4.015,74.719,7.39,0.42419,70.704
5284,05/22/2026 05:12:30,4.007,74.723,7.39,0.42335,70.716
5285,05/22/2026 05:22:30,3.998,74.715,7.29,0.42250,70.717
5286,05/22/2026 05:32:30,4.004,74.712,7.19,0.42306,70.708
5287,05/22/2026 05:42:30,4.004,74.712,7.19,0.42306,70.708
5288,05/22/2026 05:52:30,3.998,74.717,7.09,0.42243,70.719
5289,05/22/2026 06:02:30,4.004,74.725,6.99,0.42313,70.721
5290,05/22/2026 06:12:30,4.015,74.738,6.99,0.42418,70.723
5291,05/22/2026 06:22:30,4.005,74.734,6.89,0.42320,70.729
5292,05/22/2026 06:32:30,4.009,74.754,6.89,0.42362,70.745
5293,05/22/2026 06:42:30,3.990,74.743,6.79,0.42165,70.753
5294,05/22/2026 06:52:30,3.993,74.744,6.68,0.42193,70.751
5295,05/22/2026 07:02:30,3.993,74.748,6.68,0.42193,70.755
5296,05/22/2026 07:12:30,4.005,74.776,6.68,0.42319,70.771
5297,05/22/2026 07:22:30,3.985,74.757,6.58,0.42108,70.772
5298,05/22/2026 07:32:30,3.981,74.753,6.58,0.42066,70.772
5299,05/22/2026 07:42:30,3.969,74.732,6.58,0.41953,70.763
5300,05/22/2026 07:52:30,3.981,74.740,6.58,0.42080,70.759
5301,05/22/2026 08:02:30,3.974,74.740,6.58,0.42003,70.766
5302,05/22/2026 08:12:30,3.970,74.736,6.58,0.41967,70.766
5303,05/22/2026 08:22:30,3.973,74.736,6.58,0.41995,70.763
5304,05/22/2026 08:32:30,3.953,74.724,6.68,0.41785,70.771
5305,05/22/2026 08:42:30,3.949,74.724,6.68,0.41743,70.775
5306,05/22/2026 08:52:30,3.961,74.719,6.79,0.41869,70.758
5307,05/22/2026 09:02:30,3.964,74.710,6.89,0.41898,70.746
5308,05/22/2026 09:12:30,3.953,74.702,6.89,0.41785,70.749
5309,05/22/2026 09:22:30,3.953,74.697,6.99,0.41793,70.744
5310,05/22/2026 09:32:30,3.933,74.672,7.09,0.41589,70.739
5311,05/22/2026 09:42:30,3.944,74.676,7.19,0.41695,70.732
5312,05/22/2026 09:52:30,3.952,74.675,7.29,0.41779,70.723
5313,05/22/2026 10:02:30,3.940,74.654,7.39,0.41660,70.714
5314,05/22/2026 10:12:30,3.943,74.653,7.59,0.41682,70.710
5315,05/22/2026 10:22:30,3.957,74.668,7.69,0.41829,70.711
5316,05/22/2026 10:32:30,3.954,74.655,7.79,0.41802,70.701
5317,05/22/2026 10:42:30,3.949,74.647,7.89,0.41746,70.698
5318,05/22/2026 10:52:30,3.945,74.645,8.09,0.41711,70.700
5319,05/22/2026 11:02:30,3.930,74.636,8.19,0.41564,70.706
5320,05/22/2026 11:12:30,3.931,74.635,8.39,0.41571,70.704
5321,05/22/2026 11:22:30,3.938,74.647,8.49,0.41635,70.709
5322,05/22/2026 11:32:30,3.934,74.646,8.59,0.41600,70.712
5323,05/22/2026 11:42:30,3.923,74.624,8.79,0.41495,70.701
5324,05/22/2026 11:52:30,3.935,74.632,8.89,0.41608,70.697
5325,05/22/2026 12:02:30,3.918,74.611,8.99,0.41440,70.693
5326,05/22/2026 12:12:30,3.912,74.623,9.09,0.41370,70.711
5327,05/22/2026 12:22:30,3.930,74.621,9.29,0.41560,70.691
5328,05/22/2026 12:32:30,3.926,74.629,9.29,0.41525,70.703
5329,05/22/2026 12:42:30,3.924,74.609,9.39,0.41498,70.685
5330,05/22/2026 12:52:30,3.916,74.600,9.48,0.41413,70.684
5331,05/22/2026 13:02:30,3.921,74.612,9.48,0.41470,70.691
5332,05/22/2026 13:12:30,3.905,74.599,9.68,0.41302,70.694
5333,05/22/2026 13:22:30,3.912,74.577,9.88,0.41380,70.665
5334,05/22/2026 13:32:30,3.910,74.576,10.08,0.41360,70.666
5335,05/22/2026 13:42:30,3.904,74.566,10.37,0.41304,70.662
5336,05/22/2026 13:52:30,3.907,74.577,10.57,0.41333,70.670
5337,05/22/2026 14:02:30,3.915,74.597,10.66,0.41411,70.682
5338,05/22/2026 14:12:30,3.896,74.600,10.86,0.41215,70.704
5339,05/22/2026 14:22:30,3.922,74.623,10.96,0.41490,70.701
5340,05/22/2026 14:32:30,3.900,74.639,11.05,0.41258,70.739
5341,05/22/2026 14:42:30,3.886,74.650,11.15,0.41125,70.764
5342,05/22/2026 14:52:30,3.891,74.674,11.25,0.41168,70.783
5343,05/22/2026 15:02:30,3.911,74.722,11.25,0.41379,70.811
5344,05/22/2026 15:12:30,3.896,74.698,11.25,0.41224,70.802
5345,05/22/2026 15:22:30,3.894,74.669,11.35,0.41203,70.775
5346,05/22/2026 15:32:30,3.879,74.636,11.54,0.41049,70.757
5347,05/22/2026 15:42:30,3.883,74.635,11.64,0.41099,70.752
5348,05/22/2026 15:52:30,3.892,74.627,11.74,0.41184,70.735
5349,05/22/2026 16:02:30,3.886,74.603,11.74,0.41121,70.717
5350,05/22/2026 16:12:30,3.880,74.594,11.83,0.41065,70.714
5351,05/22/2026 16:22:30,3.882,74.594,11.83,0.41079,70.712
5352,05/22/2026 16:32:30,3.871,74.590,11.93,0.40967,70.719
5353,05/22/2026 16:42:30,3.871,74.594,11.93,0.40967,70.723
5354,05/22/2026 16:52:30,3.875,74.610,11.93,0.41009,70.735
5355,05/22/2026 17:02:30,3.867,74.602,11.93,0.40925,70.735
5356,05/22/2026 17:12:30,3.869,74.602,11.93,0.40946,70.733
5357,05/22/2026 17:22:30,3.870,74.594,11.93,0.40953,70.724
5358,05/22/2026 17:32:30,3.855,74.610,11.93,0.40805,70.755
5359,05/22/2026 17:42:30,3.833,74.614,11.83,0.40587,70.781
5360,05/22/2026 17:52:30,3.849,74.634,11.83,0.40748,70.785
5361,05/22/2026 18:02:30,3.844,74.634,11.83,0.40699,70.790
5362,05/22/2026 18:12:30,3.850,74.655,11.83,0.40748,70.805
5363,05/22/2026 18:22:30,3.844,74.651,11.83,0.40692,70.807
5364,05/22/2026 18:32:30,3.841,74.679,11.83,0.40664,70.838
5365,05/22/2026 18:42:30,3.849,74.683,11.74,0.40748,70.834
5366,05/22/2026 18:52:30,3.829,74.679,11.74,0.40544,70.850
5367,05/22/2026 19:02:30,3.841,74.704,11.64,0.40663,70.863
5368,05/22/2026 19:12:30,3.837,74.705,11.54,0.40613,70.868
5369,05/22/2026 19:22:30,3.828,74.709,11.54,0.40522,70.881
5370,05/22/2026 19:32:30,3.828,74.709,11.44,0.40528,70.881
5371,05/22/2026 19:42:30,3.839,74.721,11.44,0.40641,70.882
5372,05/22/2026 19:52:30,3.830,74.718,11.35,0.40549,70.888
5373,05/22/2026 20:02:30,3.828,74.722,11.35,0.40528,70.894
5374,05/22/2026 20:12:30,3.839,74.734,11.25,0.40647,70.895
5375,05/22/2026 20:22:30,3.818,74.727,11.15,0.40422,70.909
5376,05/22/2026 20:32:30,3.823,74.739,11.15,0.40478,70.916
5377,05/22/2026 20:42:30,3.819,74.744,11.05,0.40428,70.925
5378,05/22/2026 20:52:30,3.821,74.752,10.96,0.40456,70.931
5379,05/22/2026 21:02:30,3.834,74.765,10.86,0.40589,70.931
5380,05/22/2026 21:12:30,3.833,74.765,10.86,0.40575,70.932
5381,05/22/2026 21:22:30,3.820,74.757,10.76,0.40448,70.937
5382,05/22/2026 21:32:30,3.829,74.766,10.66,0.40539,70.937
5383,05/22/2026 21:42:30,3.839,74.771,10.57,0.40637,70.932
5384,05/22/2026 21:52:30,3.831,74.775,10.47,0.40559,70.944
5385,05/22/2026 22:02:30,3.842,74.792,10.37,0.40664,70.950
5386,05/22/2026 22:12:30,3.836,74.797,10.27,0.40601,70.961
5387,05/22/2026 22:22:30,3.831,74.801,10.27,0.40551,70.970
5388,05/22/2026 22:32:30,3.834,74.805,10.17,0.40586,70.971
5389,05/22/2026 22:42:30,3.838,74.806,10.08,0.40621,70.968
5390,05/22/2026 22:52:30,3.830,74.794,9.98,0.40543,70.964
5391,05/22/2026 23:02:30,3.833,74.787,9.88,0.40571,70.954
5392,05/22/2026 23:12:30,3.832,74.788,9.78,0.40556,70.956
5393,05/22/2026 23:22:30,3.832,74.776,9.68,0.40563,70.944
5394,05/22/2026 23:32:30,3.840,74.784,9.68,0.40648,70.944
5395,05/22/2026 23:42:30,3.847,74.793,9.58,0.40710,70.946
5396,05/22/2026 23:52:30,3.847,74.797,9.48,0.40717,70.950
5397,05/23/2026 00:02:30,3.851,74.798,9.39,0.40752,70.947
5398,05/23/2026 00:12:30,3.858,74.811,9.29,0.40822,70.953
5399,05/23/2026 00:22:30,3.840,74.799,9.19,0.40646,70.959
5400,05/23/2026 00:32:30,3.866,74.820,9.09,0.40906,70.954
5401,05/23/2026 00:42:30,3.875,74.821,8.99,0.40997,70.946
5402,05/23/2026 00:52:30,3.872,74.821,8.89,0.40968,70.949
5403,05/23/2026 01:02:30,3.878,74.834,8.79,0.41031,70.956
5404,05/23/2026 01:12:30,3.876,74.831,8.69,0.41003,70.955
5405,05/23/2026 01:22:30,3.862,74.819,8.59,0.40869,70.957
5406,05/23/2026 01:32:30,3.881,74.836,8.49,0.41058,70.955
5407,05/23/2026 01:42:30,3.878,74.829,8.39,0.41023,70.951
5408,05/23/2026 01:52:30,3.875,74.825,8.29,0.41001,70.950
5409,05/23/2026 02:02:30,3.873,74.825,8.29,0.40980,70.952
5410,05/23/2026 02:12:30,3.885,74.834,8.19,0.41100,70.949
5411,05/23/2026 02:22:30,3.888,74.839,8.09,0.41127,70.951
5412,05/23/2026 02:32:30,3.909,74.860,7.99,0.41338,70.951
5413,05/23/2026 02:42:30,3.889,74.840,7.89,0.41141,70.951
5414,05/23/2026 02:52:30,3.874,74.825,7.79,0.40979,70.951
5415,05/23/2026 03:02:30,3.872,74.825,7.69,0.40964,70.953
5416,05/23/2026 03:12:30,3.880,74.841,7.69,0.41049,70.961
5417,05/23/2026 03:22:30,3.886,74.858,7.59,0.41112,70.972
5418,05/23/2026 03:32:30,3.895,74.863,7.49,0.41196,70.968
5419,05/23/2026 03:42:30,3.911,74.872,7.39,0.41358,70.961
5420,05/23/2026 03:52:30,3.904,74.864,7.29,0.41294,70.960
5421,05/23/2026 04:02:30,3.909,74.880,7.29,0.41343,70.971
5422,05/23/2026 04:12:30,3.911,74.885,7.19,0.41364,70.974
5423,05/23/2026 04:22:30,3.895,74.870,7.09,0.41195,70.975
5424,05/23/2026 04:32:30,3.896,74.879,6.99,0.41202,70.983
5425,05/23/2026 04:42:30,3.894,74.887,6.99,0.41181,70.993
5426,05/23/2026 04:52:30,3.884,74.879,6.89,0.41089,70.995
5427,05/23/2026 05:02:30,3.883,74.884,6.79,0.41075,71.001
5428,05/23/2026 05:12:30,3.900,74.901,6.68,0.41243,71.001
5429,05/23/2026 05:22:30,3.881,74.885,6.68,0.41053,71.004
5430,05/23/2026 05:32:30,3.884,74.886,6.58,0.41081,71.002
5431,05/23/2026 05:42:30,3.883,74.890,6.48,0.41074,71.007
5432,05/23/2026 05:52:30,3.872,74.895,6.38,0.40961,71.023
5433,05/23/2026 06:02:30,3.891,74.915,6.38,0.41158,71.024
5434,05/23/2026 06:12:30,3.888,74.920,6.28,0.41123,71.032
5435,05/23/2026 06:22:30,3.908,74.953,6.18,0.41327,71.045
5436,05/23/2026 06:32:30,3.902,74.961,6.18,0.41263,71.059
5437,05/23/2026 06:42:30,3.905,74.966,6.07,0.41291,71.061
5438,05/23/2026 06:52:30,3.885,74.958,6.07,0.41087,71.073
5439,05/23/2026 07:02:30,3.895,74.975,5.97,0.41193,71.080
5440,05/23/2026 07:12:30,3.876,74.963,5.97,0.40996,71.087
5441,05/23/2026 07:22:30,3.867,74.963,5.87,0.40911,71.096
5442,05/23/2026 07:32:30,3.844,74.951,5.87,0.40679,71.107
5443,05/23/2026 07:42:30,3.843,74.951,5.87,0.40665,71.108
5444,05/23/2026 07:52:30,3.825,74.935,5.87,0.40482,71.110
5445,05/23/2026 08:02:30,3.832,74.935,5.87,0.40553,71.103
5446,05/23/2026 08:12:30,3.833,74.947,5.87,0.40567,71.114
5447,05/23/2026 08:22:30,3.840,74.958,5.97,0.40637,71.118
5448,05/23/2026 08:32:30,3.853,74.967,5.97,0.40764,71.114
5449,05/23/2026 08:42:30,3.850,74.963,5.97,0.40729,71.113
5450,05/23/2026 08:52:30,3.848,74.954,6.07,0.40715,71.106
5451,05/23/2026 09:02:30,3.858,74.965,6.18,0.40820,71.107
5452,05/23/2026 09:12:30,3.846,74.952,6.28,0.40694,71.106
5453,05/23/2026 09:22:30,3.858,74.960,6.38,0.40814,71.102
5454,05/23/2026 09:32:30,3.846,74.947,6.48,0.40694,71.101
5455,05/23/2026 09:42:30,3.844,74.930,6.58,0.40673,71.086
5456,05/23/2026 09:52:30,3.873,74.957,6.68,0.40976,71.084
5457,05/23/2026 10:02:30,3.866,74.949,6.79,0.40892,71.083
5458,05/23/2026 10:12:30,3.857,74.932,6.89,0.40808,71.075
5459,05/23/2026 10:22:30,3.862,74.942,7.09,0.40865,71.080
5460,05/23/2026 10:32:30,3.865,74.954,7.19,0.40886,71.089
5461,05/23/2026 10:42:30,3.852,74.936,7.39,0.40760,71.084
5462,05/23/2026 10:52:30,3.855,74.919,7.49,0.40795,71.064
5463,05/23/2026 11:02:30,3.850,74.922,7.69,0.40739,71.072
5464,05/23/2026 11:12:30,3.860,74.950,7.79,0.40838,71.090
5465,05/23/2026 11:22:30,3.852,74.932,7.99,0.40761,71.080
5466,05/23/2026 11:32:30,3.846,74.939,8.09,0.40705,71.093
5467,05/23/2026 11:42:30,3.860,74.954,8.29,0.40847,71.094
5468,05/23/2026 11:52:30,3.841,74.941,8.49,0.40650,71.100
5469,05/23/2026 12:02:30,3.831,74.924,8.59,0.40552,71.093
5470,05/23/2026 12:12:30,3.849,74.947,8.79,0.40729,71.098
5471,05/23/2026 12:22:30,3.829,74.950,8.99,0.40525,71.121
5472,05/23/2026 12:32:30,3.832,74.940,9.29,0.40555,71.108
5473,05/23/2026 12:42:30,3.824,74.930,9.48,0.40485,71.106
5474,05/23/2026 12:52:30,3.830,74.925,9.68,0.40542,71.095
5475,05/23/2026 13:02:30,3.842,74.936,9.88,0.40662,71.094
5476,05/23/2026 13:12:30,3.825,74.923,10.08,0.40487,71.098
5477,05/23/2026 13:22:30,3.837,74.949,10.37,0.40615,71.112
5478,05/23/2026 13:32:30,3.835,74.948,10.57,0.40595,71.113
5479,05/23/2026 13:42:30,3.841,74.948,10.66,0.40652,71.107
5480,05/23/2026 13:52:30,3.850,74.954,10.86,0.40758,71.104
5481,05/23/2026 14:02:30,3.846,74.957,11.05,0.40717,71.111
5482,05/23/2026 14:12:30,3.845,74.964,11.25,0.40703,71.119
5483,05/23/2026 14:22:30,3.842,74.971,11.54,0.40670,71.129
5484,05/23/2026 14:32:30,3.849,74.962,11.74,0.40741,71.113
5485,05/23/2026 14:42:30,3.841,74.977,11.93,0.40657,71.136
5486,05/23/2026 14:52:30,3.832,74.996,12.03,0.40573,71.164
5487,05/23/2026 15:02:30,3.833,75.020,12.12,0.40581,71.187
5488,05/23/2026 15:12:30,3.831,74.991,12.22,0.40567,71.160
5489,05/23/2026 15:22:30,3.836,74.994,12.42,0.40618,71.158
5490,05/23/2026 15:32:30,3.842,75.002,12.51,0.40674,71.160
5491,05/23/2026 15:42:30,3.821,74.961,12.61,0.40464,71.140
5492,05/23/2026 15:52:30,3.807,74.952,12.71,0.40324,71.145
5493,05/23/2026 16:02:30,3.823,74.935,12.90,0.40486,71.112
5494,05/23/2026 16:12:30,3.818,74.927,13.00,0.40431,71.109
5495,05/23/2026 16:22:30,3.813,74.938,13.09,0.40389,71.125
5496,05/23/2026 16:32:30,3.817,74.942,13.19,0.40425,71.125
5497,05/23/2026 16:42:30,3.805,74.925,13.28,0.40306,71.120
5498,05/23/2026 16:52:30,3.799,74.917,13.38,0.40243,71.118
5499,05/23/2026 17:02:30,3.790,74.912,13.48,0.40152,71.122
5500,05/23/2026 17:12:30,3.798,74.920,13.57,0.40230,71.122
5501,05/23/2026 17:22:30,3.783,74.919,13.67,0.40083,71.136
5502,05/23/2026 17:32:30,3.771,74.928,13.67,0.39956,71.157
5503,05/23/2026 17:42:30,3.775,74.935,13.77,0.39999,71.160
5504,05/23/2026 17:52:30,3.781,74.935,13.77,0.40062,71.154
5505,05/23/2026 18:02:30,3.783,74.955,13.77,0.40083,71.172
5506,05/23/2026 18:12:30,3.760,74.923,13.77,0.39844,71.163
5507,05/23/2026 18:22:30,3.764,74.931,13.86,0.39887,71.167
5508,05/23/2026 18:32:30,3.767,74.927,13.77,0.39921,71.160
5509,05/23/2026 18:42:30,3.760,74.919,13.77,0.39844,71.159
5510,05/23/2026 18:52:30,3.757,74.935,13.77,0.39816,71.178
5511,05/23/2026 19:02:30,3.750,74.936,13.67,0.39738,71.186
5512,05/23/2026 19:12:30,3.748,74.932,13.57,0.39723,71.184
5513,05/23/2026 19:22:30,3.747,74.932,13.57,0.39716,71.185
5514,05/23/2026 19:32:30,3.752,74.937,13.48,0.39758,71.185
5515,05/23/2026 19:42:30,3.733,74.929,13.38,0.39567,71.196
5516,05/23/2026 19:52:30,3.748,74.949,13.38,0.39722,71.201
5517,05/23/2026 20:02:30,3.755,74.958,13.28,0.39792,71.203
5518,05/23/2026 20:12:30,3.738,74.954,13.19,0.39622,71.216
5519,05/23/2026 20:22:30,3.733,74.967,13.09,0.39566,71.234
5520,05/23/2026 20:32:30,3.755,74.991,13.00,0.39797,71.236
5521,05/23/2026 20:42:30,3.742,74.980,12.90,0.39656,71.238
5522,05/23/2026 20:52:30,3.756,74.993,12.71,0.39796,71.237
5523,05/23/2026 21:02:30,3.742,74.989,12.61,0.39662,71.247
5524,05/23/2026 21:12:30,3.760,75.010,12.51,0.39837,71.250
5525,05/23/2026 21:22:30,3.740,74.994,12.42,0.39640,71.254
5526,05/23/2026 21:32:30,3.745,75.011,12.32,0.39688,71.266
5527,05/23/2026 21:42:30,3.752,75.016,12.12,0.39758,71.264
5528,05/23/2026 21:52:30,3.760,75.033,12.03,0.39835,71.273
5529,05/23/2026 22:02:30,3.746,75.025,11.93,0.39694,71.279
5530,05/23/2026 22:12:30,3.750,75.026,11.83,0.39728,71.276
5531,05/23/2026 22:22:30,3.756,75.034,11.74,0.39798,71.278
5532,05/23/2026 22:32:30,3.757,75.043,11.64,0.39805,71.286
5533,05/23/2026 22:42:30,3.753,75.051,11.54,0.39769,71.298
5534,05/23/2026 22:52:30,3.760,75.061,11.35,0.39831,71.301
5535,05/23/2026 23:02:30,3.763,75.057,11.25,0.39866,71.294
5536,05/23/2026 23:12:30,3.757,75.054,11.15,0.39802,71.297
5537,05/23/2026 23:22:30,3.749,75.050,11.05,0.39725,71.301
5538,05/23/2026 23:32:30,3.772,75.067,10.96,0.39956,71.295
5539,05/23/2026 23:42:30,3.776,75.075,10.86,0.39998,71.299
5540,05/23/2026 23:52:30,3.776,75.076,10.76,0.39998,71.300
5541,05/24/2026 00:02:30,3.789,75.081,10.66,0.40124,71.292
5542,05/24/2026 00:12:30,3.780,75.065,10.57,0.40039,71.285
5543,05/24/2026 00:22:30,3.787,75.078,10.47,0.40102,71.291
5544,05/24/2026 00:32:30,3.788,75.074,10.37,0.40116,71.286
5545,05/24/2026 00:42:30,3.787,75.071,10.27,0.40101,71.284
5546,05/24/2026 00:52:30,3.791,75.063,10.17,0.40150,71.272
5547,05/24/2026 01:02:30,3.791,75.068,10.08,0.40143,71.277
5548,05/24/2026 01:12:30,3.814,75.085,9.98,0.40374,71.271
5549,05/24/2026 01:22:30,3.827,75.085,9.88,0.40515,71.258
5550,05/24/2026 01:32:30,3.813,75.074,9.78,0.40367,71.261
5551,05/24/2026 01:42:30,3.821,75.074,9.68,0.40451,71.253
5552,05/24/2026 01:52:30,3.835,75.087,9.58,0.40591,71.252
5553,05/24/2026 02:02:30,3.839,75.092,9.48,0.40633,71.253
5554,05/24/2026 02:12:30,3.844,75.104,9.39,0.40689,71.260
5555,05/24/2026 02:22:30,3.848,75.117,9.29,0.40723,71.269
5556,05/24/2026 02:32:30,3.857,75.122,9.19,0.40814,71.265
5557,05/24/2026 02:42:30,3.852,75.131,9.09,0.40758,71.279
5558,05/24/2026 02:52:30,3.852,75.147,8.99,0.40765,71.295
5559,05/24/2026 03:02:30,3.859,75.152,8.89,0.40835,71.293
5560,05/24/2026 03:12:30,3.848,75.144,8.79,0.40729,71.296
5561,05/24/2026 03:22:30,3.848,75.145,8.69,0.40721,71.297
5562,05/24/2026 03:32:30,3.847,75.146,8.59,0.40707,71.299
5563,05/24/2026 03:42:30,3.860,75.163,8.49,0.40840,71.303
5564,05/24/2026 03:52:30,3.848,75.163,8.49,0.40714,71.315
5565,05/24/2026 04:02:30,3.856,75.167,8.39,0.40805,71.311
5566,05/24/2026 04:12:30,3.865,75.180,8.29,0.40896,71.315
5567,05/24/2026 04:22:30,3.852,75.177,8.19,0.40755,71.325
5568,05/24/2026 04:32:30,3.865,75.189,8.09,0.40895,71.324
5569,05/24/2026 04:42:30,3.860,75.181,8.09,0.40846,71.321
5570,05/24/2026 04:52:30,3.855,75.174,7.99,0.40790,71.319
5571,05/24/2026 05:02:30,3.884,75.207,7.89,0.41085,71.323
5572,05/24/2026 05:12:30,3.879,75.212,7.79,0.41028,71.333
5573,05/24/2026 05:22:30,3.869,75.208,7.79,0.40930,71.339
5574,05/24/2026 05:32:30,3.879,75.232,7.69,0.41042,71.353
5575,05/24/2026 05:42:30,3.873,75.229,7.59,0.40971,71.356
5576,05/24/2026 05:52:30,3.885,75.249,7.59,0.41098,71.364
5577,05/24/2026 06:02:30,3.880,75.254,7.49,0.41041,71.374
5578,05/24/2026 06:12:30,3.879,75.263,7.39,0.41034,71.384
5579,05/24/2026 06:22:30,3.884,75.275,7.39,0.41083,71.391
5580,05/24/2026 06:32:30,3.882,75.284,7.29,0.41062,71.402
5581,05/24/2026 06:42:30,3.877,75.296,7.19,0.41019,71.419
5582,05/24/2026 06:52:30,3.853,75.284,7.19,0.40773,71.431
5583,05/24/2026 07:02:30,3.846,75.296,7.19,0.40703,71.450
5584,05/24/2026 07:12:30,3.848,75.289,7.09,0.40717,71.441
5585,05/24/2026 07:22:30,3.842,75.301,7.09,0.40654,71.459
5586,05/24/2026 07:32:30,3.838,75.297,7.09,0.40618,71.459
5587,05/24/2026 07:42:30,3.848,75.317,7.09,0.40717,71.469
5588,05/24/2026 07:52:30,3.839,75.313,7.09,0.40625,71.474
5589,05/24/2026 08:02:30,3.845,75.321,7.09,0.40689,71.476
5590,05/24/2026 08:12:30,3.842,75.329,7.19,0.40654,71.487
5591,05/24/2026 08:22:30,3.838,75.325,7.19,0.40612,71.487
5592,05/24/2026 08:32:30,3.837,75.316,7.19,0.40612,71.479
5593,05/24/2026 08:42:30,3.846,75.316,7.29,0.40696,71.470
5594,05/24/2026 08:52:30,3.830,75.296,7.29,0.40527,71.466
5595,05/24/2026 09:02:30,3.826,75.283,7.39,0.40493,71.457
5596,05/24/2026 09:12:30,3.836,75.290,7.49,0.40598,71.454
5597,05/24/2026 09:22:30,3.838,75.298,7.59,0.40613,71.460
5598,05/24/2026 09:32:30,3.842,75.289,7.69,0.40655,71.447
5599,05/24/2026 09:42:30,3.840,75.268,7.79,0.40634,71.428
5600,05/24/2026 09:52:30,3.847,75.271,7.89,0.40712,71.424
5601,05/24/2026 10:02:30,3.848,75.262,8.09,0.40720,71.414
5602,05/24/2026 10:12:30,3.842,75.261,8.19,0.40664,71.419
5603,05/24/2026 10:22:30,3.851,75.253,8.29,0.40748,71.402
5604,05/24/2026 10:32:30,3.848,75.255,8.49,0.40721,71.407
5605,05/24/2026 10:42:30,3.830,75.234,8.59,0.40545,71.404
5606,05/24/2026 10:52:30,3.833,75.250,8.69,0.40567,71.417
5607,05/24/2026 11:02:30,3.837,75.220,8.89,0.40617,71.383
5608,05/24/2026 11:12:30,3.825,75.223,9.09,0.40491,71.398
5609,05/24/2026 11:22:30,3.843,75.231,9.19,0.40667,71.388
5610,05/24/2026 11:32:30,3.820,75.214,9.29,0.40435,71.394
5611,05/24/2026 11:42:30,3.832,75.217,9.39,0.40562,71.385
5612,05/24/2026 11:52:30,3.818,75.201,9.39,0.40421,71.383
5613,05/24/2026 12:02:30,3.828,75.221,9.39,0.40527,71.393
5614,05/24/2026 12:12:30,3.830,75.221,9.48,0.40541,71.391
5615,05/24/2026 12:22:30,3.832,75.217,9.39,0.40562,71.385
5616,05/24/2026 12:32:30,3.822,75.205,9.48,0.40457,71.383
5617,05/24/2026 12:42:30,3.834,75.184,9.58,0.40584,71.350
5618,05/24/2026 12:52:30,3.828,75.175,9.78,0.40514,71.347
5619,05/24/2026 13:02:30,3.824,75.182,9.88,0.40479,71.358
5620,05/24/2026 13:12:30,3.827,75.185,9.98,0.40515,71.358
5621,05/24/2026 13:22:30,3.828,75.181,10.08,0.40522,71.353
5622,05/24/2026 13:32:30,3.813,75.173,10.08,0.40368,71.360
5623,05/24/2026 13:42:30,3.822,75.176,10.27,0.40460,71.354
5624,05/24/2026 13:52:30,3.813,75.166,10.47,0.40376,71.353
5625,05/24/2026 14:02:30,3.834,75.189,10.76,0.40589,71.355
5626,05/24/2026 14:12:30,3.827,75.184,10.96,0.40512,71.357
5627,05/24/2026 14:22:30,3.822,75.171,11.15,0.40464,71.349
5628,05/24/2026 14:32:30,3.816,75.153,11.35,0.40408,71.337
5629,05/24/2026 14:42:30,3.833,75.156,11.54,0.40585,71.323
5630,05/24/2026 14:52:30,3.827,75.151,11.74,0.40523,71.324
5631,05/24/2026 15:02:30,3.827,75.159,11.74,0.40523,71.332
5632,05/24/2026 15:12:30,3.815,75.151,11.74,0.40403,71.336
5633,05/24/2026 15:22:30,3.799,75.135,11.74,0.40234,71.336
5634,05/24/2026 15:32:30,3.805,75.147,11.74,0.40298,71.342
5635,05/24/2026 15:42:30,3.808,75.163,11.74,0.40333,71.355
5636,05/24/2026 15:52:30,3.812,75.171,11.74,0.40368,71.359
5637,05/24/2026 16:02:30,3.804,75.171,11.74,0.40291,71.367
5638,05/24/2026 16:12:30,3.794,75.163,11.74,0.40185,71.369
5639,05/24/2026 16:22:30,3.796,75.175,11.74,0.40206,71.379
5640,05/24/2026 16:32:30,3.802,75.179,11.74,0.40269,71.377
5641,05/24/2026 16:42:30,3.774,75.151,11.74,0.39981,71.377
5642,05/24/2026 16:52:30,3.804,75.159,11.74,0.40291,71.355
5643,05/24/2026 17:02:30,3.784,75.143,11.74,0.40080,71.359
5644,05/24/2026 17:12:30,3.785,75.135,11.83,0.40087,71.350
5645,05/24/2026 17:22:30,3.780,75.135,11.83,0.40038,71.355
5646,05/24/2026 17:32:30,3.782,75.147,11.83,0.40059,71.365
5647,05/24/2026 17:42:30,3.781,75.130,11.93,0.40052,71.349
5648,05/24/2026 17:52:30,3.784,75.130,11.93,0.40080,71.346
5649,05/24/2026 18:02:30,3.761,75.110,11.93,0.39848,71.349
5650,05/24/2026 18:12:30,3.761,75.106,11.83,0.39848,71.345
5651,05/24/2026 18:22:30,3.763,75.106,11.83,0.39869,71.343
5652,05/24/2026 18:32:30,3.752,75.090,11.83,0.39756,71.338
5653,05/24/2026 18:42:30,3.768,75.094,11.83,0.39918,71.326
5654,05/24/2026 18:52:30,3.749,75.070,11.83,0.39721,71.321
5655,05/24/2026 19:02:30,3.748,75.071,11.74,0.39707,71.323
5656,05/24/2026 19:12:30,3.753,75.095,11.74,0.39763,71.342
5657,05/24/2026 19:22:30,3.734,75.091,11.74,0.39566,71.357
5658,05/24/2026 19:32:30,3.734,75.119,11.64,0.39573,71.385
5659,05/24/2026 19:42:30,3.736,75.140,11.54,0.39593,71.404
5660,05/24/2026 19:52:30,3.749,75.160,11.54,0.39727,71.411
5661,05/24/2026 20:02:30,3.745,75.165,11.44,0.39684,71.420
5662,05/24/2026 20:12:30,3.742,75.210,11.35,0.39649,71.468
5663,05/24/2026 20:22:30,3.746,75.206,11.35,0.39691,71.460
5664,05/24/2026 20:32:30,3.756,75.174,11.25,0.39796,71.418
5665,05/24/2026 20:42:30,3.760,75.186,11.25,0.39838,71.426
5666,05/24/2026 20:52:30,3.764,75.207,11.15,0.39873,71.443
5667,05/24/2026 21:02:30,3.765,75.195,11.05,0.39886,71.430
5668,05/24/2026 21:12:30,3.776,75.220,10.96,0.39999,71.444
5669,05/24/2026 21:22:30,3.766,75.208,10.96,0.39893,71.442
5670,05/24/2026 21:32:30,3.762,75.217,10.86,0.39850,71.455
5671,05/24/2026 21:42:30,3.777,75.233,10.76,0.40012,71.456
5672,05/24/2026 21:52:30,3.775,75.234,10.66,0.39983,71.459
5673,05/24/2026 22:02:30,3.774,75.238,10.57,0.39976,71.464
5674,05/24/2026 22:12:30,3.788,75.255,10.47,0.40116,71.467
5675,05/24/2026 22:22:30,3.778,75.252,10.37,0.40010,71.474
5676,05/24/2026 22:32:30,3.786,75.260,10.37,0.40095,71.474
5677,05/24/2026 22:42:30,3.791,75.260,10.27,0.40150,71.469
5678,05/24/2026 22:52:30,3.780,75.241,10.17,0.40030,71.461
5679,05/24/2026 23:02:30,3.794,75.241,10.08,0.40178,71.447
5680,05/24/2026 23:12:30,3.786,75.234,9.98,0.40093,71.448
5681,05/24/2026 23:22:30,3.808,75.243,9.88,0.40311,71.435
5682,05/24/2026 23:32:30,3.811,75.243,9.78,0.40352,71.432
5683,05/24/2026 23:42:30,3.805,75.232,9.68,0.40282,71.427
5684,05/24/2026 23:52:30,3.814,75.228,9.68,0.40373,71.414
5685,05/25/2026 00:02:30,3.817,75.236,9.58,0.40408,71.419
5686,05/25/2026 00:12:30,3.832,75.245,9.48,0.40562,71.413
5687,05/25/2026 00:22:30,3.819,75.225,9.39,0.40435,71.406
5688,05/25/2026 00:32:30,3.831,75.234,9.29,0.40555,71.403
5689,05/25/2026 00:42:30,3.826,75.235,9.19,0.40498,71.409
5690,05/25/2026 00:52:30,3.837,75.243,9.09,0.40617,71.406
5691,05/25/2026 01:02:30,3.833,75.239,9.09,0.40575,71.406
5692,05/25/2026 01:12:30,3.860,75.264,8.99,0.40849,71.404
5693,05/25/2026 01:22:30,3.864,75.269,8.89,0.40884,71.405
5694,05/25/2026 01:32:30,3.859,75.265,8.79,0.40841,71.406
5695,05/25/2026 01:42:30,3.876,75.274,8.69,0.41010,71.398
5696,05/25/2026 01:52:30,3.895,75.282,8.69,0.41207,71.387
5697,05/25/2026 02:02:30,3.889,75.271,8.59,0.41136,71.382
5698,05/25/2026 02:12:30,3.899,75.288,8.49,0.41234,71.389
5699,05/25/2026 02:22:30,3.907,75.292,8.39,0.41325,71.385
5700,05/25/2026 02:32:30,3.904,75.289,8.29,0.41290,71.385
5701,05/25/2026 02:42:30,3.899,75.277,8.29,0.41241,71.378
5702,05/25/2026 02:52:30,3.905,75.277,8.19,0.41304,71.372
5703,05/25/2026 03:02:30,3.912,75.282,8.09,0.41374,71.370
5704,05/25/2026 03:12:30,3.910,75.278,8.09,0.41352,71.368
5705,05/25/2026 03:22:30,3.911,75.295,7.99,0.41359,71.384
5706,05/25/2026 03:32:30,3.913,75.300,7.89,0.41380,71.387
5707,05/25/2026 03:42:30,3.908,75.292,7.79,0.41330,71.384
5708,05/25/2026 03:52:30,3.899,75.289,7.69,0.41239,71.390
5709,05/25/2026 04:02:30,3.895,75.281,7.69,0.41197,71.386
5710,05/25/2026 04:12:30,3.900,75.285,7.59,0.41253,71.385
5711,05/25/2026 04:22:30,3.907,75.294,7.49,0.41323,71.387
5712,05/25/2026 04:32:30,3.902,75.286,7.49,0.41273,71.384
5713,05/25/2026 04:42:30,3.902,75.287,7.39,0.41266,71.385
5714,05/25/2026 04:52:30,3.894,75.275,7.39,0.41182,71.381
5715,05/25/2026 05:02:30,3.895,75.275,7.29,0.41203,71.380
5716,05/25/2026 05:12:30,3.903,75.280,7.19,0.41280,71.377
5717,05/25/2026 05:22:30,3.906,75.284,7.19,0.41308,71.378
5718,05/25/2026 05:32:30,3.888,75.277,7.09,0.41125,71.389
5719,05/25/2026 05:42:30,3.890,75.277,7.09,0.41146,71.387
5720,05/25/2026 05:52:30,3.898,75.274,6.99,0.41223,71.376
5721,05/25/2026 06:02:30,3.886,75.262,6.89,0.41103,71.376
5722,05/25/2026 06:12:30,3.887,75.270,6.89,0.41117,71.383
5723,05/25/2026 06:22:30,3.892,75.279,6.79,0.41166,71.387
5724,05/25/2026 06:32:30,3.876,75.267,6.79,0.41004,71.391
5725,05/25/2026 06:42:30,3.883,75.284,6.68,0.41067,71.401
5726,05/25/2026 06:52:30,3.865,75.268,6.68,0.40885,71.403
5727,05/25/2026 07:02:30,3.879,75.288,6.58,0.41039,71.409
5728,05/25/2026 07:12:30,3.871,75.280,6.58,0.40955,71.409
5729,05/25/2026 07:22:30,3.849,75.252,6.58,0.40730,71.403
5730,05/25/2026 07:32:30,3.869,75.268,6.58,0.40934,71.399
5731,05/25/2026 07:42:30,3.868,75.268,6.58,0.40927,71.400
5732,05/25/2026 07:52:30,3.864,75.264,6.58,0.40884,71.400
5733,05/25/2026 08:02:30,3.860,75.248,6.58,0.40842,71.388
5734,05/25/2026 08:12:30,3.876,75.264,6.58,0.41004,71.388
5735,05/25/2026 08:22:30,3.868,75.252,6.58,0.40920,71.384
5736,05/25/2026 08:32:30,3.870,75.260,6.68,0.40934,71.390
5737,05/25/2026 08:42:30,3.873,75.260,6.68,0.40969,71.387
5738,05/25/2026 08:52:30,3.879,75.259,6.79,0.41033,71.380
5739,05/25/2026 09:02:30,3.869,75.242,6.89,0.40934,71.373
5740,05/25/2026 09:12:30,3.859,75.229,6.99,0.40829,71.370
5741,05/25/2026 09:22:30,3.871,75.233,7.09,0.40949,71.362
5742,05/25/2026 09:32:30,3.854,75.196,7.19,0.40773,71.342
5743,05/25/2026 09:42:30,3.856,75.175,7.29,0.40795,71.319
5744,05/25/2026 09:52:30,3.844,75.150,7.39,0.40675,71.306
5745,05/25/2026 10:02:30,3.844,75.140,7.59,0.40683,71.296
5746,05/25/2026 10:12:30,3.854,75.140,7.69,0.40775,71.286
5747,05/25/2026 10:22:30,3.848,75.122,7.89,0.40719,71.274
5748,05/25/2026 10:32:30,3.857,75.117,7.99,0.40818,71.260
5749,05/25/2026 10:42:30,3.840,75.104,8.19,0.40642,71.264
5750,05/25/2026 10:52:30,3.849,75.099,8.39,0.40727,71.250
5751,05/25/2026 11:02:30,3.854,75.105,8.59,0.40784,71.251
5752,05/25/2026 11:12:30,3.859,75.097,8.69,0.40834,71.238
5753,05/25/2026 11:22:30,3.867,75.091,8.89,0.40919,71.224
5754,05/25/2026 11:32:30,3.870,75.094,9.09,0.40948,71.224
5755,05/25/2026 11:42:30,3.875,75.085,9.29,0.40998,71.210
5756,05/25/2026 11:52:30,3.866,75.080,9.39,0.40914,71.214
5757,05/25/2026 12:02:30,3.871,75.079,9.58,0.40957,71.208
5758,05/25/2026 12:12:30,3.871,75.074,9.68,0.40964,71.203
5759,05/25/2026 12:22:30,3.876,75.054,9.78,0.41007,71.178
5760,05/25/2026 12:32:30,3.873,75.040,9.98,0.40986,71.167
5761,05/25/2026 12:42:30,3.878,75.044,10.08,0.41029,71.166
5762,05/25/2026 12:52:30,3.863,75.018,10.27,0.40882,71.155
5763,05/25/2026 13:02:30,3.869,75.047,10.27,0.40938,71.178
5764,05/25/2026 13:12:30,3.862,75.082,10.37,0.40875,71.220
5765,05/25/2026 13:22:30,3.870,75.090,10.37,0.40960,71.220
5766,05/25/2026 13:32:30,3.850,75.094,10.37,0.40756,71.244
5767,05/25/2026 13:42:30,3.863,75.107,10.27,0.40882,71.244
5768,05/25/2026 13:52:30,3.847,75.123,10.37,0.40714,71.276
5769,05/25/2026 14:02:30,3.855,75.123,10.37,0.40798,71.268
5770,05/25/2026 14:12:30,3.843,75.103,10.37,0.40671,71.260
5771,05/25/2026 14:22:30,3.840,75.070,10.47,0.40644,71.230
5772,05/25/2026 14:32:30,3.850,75.025,10.47,0.40749,71.175
5773,05/25/2026 14:42:30,3.850,75.021,10.47,0.40749,71.171
5774,05/25/2026 14:52:30,3.859,75.009,10.47,0.40841,71.150
5775,05/25/2026 15:02:30,3.856,74.992,10.57,0.40813,71.136
5776,05/25/2026 15:12:30,3.854,74.968,10.66,0.40785,71.114
5777,05/25/2026 15:22:30,3.833,74.931,10.76,0.40575,71.098
5778,05/25/2026 15:32:30,3.835,74.942,10.86,0.40603,71.107
5779,05/25/2026 15:42:30,3.844,74.918,10.96,0.40688,71.074
5780,05/25/2026 15:52:30,3.831,74.893,11.05,0.40555,71.062
5781,05/25/2026 16:02:30,3.828,74.884,11.15,0.40527,71.056
5782,05/25/2026 16:12:30,3.828,74.900,11.25,0.40527,71.072
5783,05/25/2026 16:22:30,3.819,74.892,11.25,0.40436,71.073
5784,05/25/2026 16:32:30,3.822,74.876,11.25,0.40464,71.054
5785,05/25/2026 16:42:30,3.808,74.864,11.25,0.40316,71.056
5786,05/25/2026 16:52:30,3.819,74.863,11.35,0.40436,71.044
5787,05/25/2026 17:02:30,3.816,74.854,11.44,0.40409,71.038
5788,05/25/2026 17:12:30,3.831,74.850,11.54,0.40557,71.019
5789,05/25/2026 17:22:30,3.833,74.857,11.64,0.40586,71.024
5790,05/25/2026 17:32:30,3.824,74.853,11.74,0.40488,71.029
5791,05/25/2026 17:42:30,3.817,74.869,11.64,0.40424,71.052
5792,05/25/2026 17:52:30,3.821,74.918,11.64,0.40459,71.097
5793,05/25/2026 18:02:30,3.805,74.902,11.54,0.40297,71.097
5794,05/25/2026 18:12:30,3.813,74.898,11.54,0.40381,71.085
5795,05/25/2026 18:22:30,3.793,74.862,11.54,0.40170,71.069
5796,05/25/2026 18:32:30,3.799,74.838,11.54,0.40233,71.039
5797,05/25/2026 18:42:30,3.811,74.826,11.54,0.40353,71.015
5798,05/25/2026 18:52:30,3.804,74.805,11.54,0.40290,71.001
5799,05/25/2026 19:02:30,3.800,74.801,11.54,0.40247,71.001
5800,05/25/2026 19:12:30,3.798,74.794,11.44,0.40219,70.996
5801,05/25/2026 19:22:30,3.808,74.798,11.44,0.40324,70.990
5802,05/25/2026 19:32:30,3.787,74.766,11.44,0.40106,70.979
5803,05/25/2026 19:42:30,3.800,74.786,11.35,0.40247,70.986
5804,05/25/2026 19:52:30,3.811,74.802,11.35,0.40359,70.991
5805,05/25/2026 20:02:30,3.797,74.787,11.25,0.40211,70.990
5806,05/25/2026 20:12:30,3.812,74.808,11.15,0.40358,70.996
5807,05/25/2026 20:22:30,3.804,74.796,11.15,0.40281,70.992
5808,05/25/2026 20:32:30,3.790,74.784,11.05,0.40140,70.994
5809,05/25/2026 20:42:30,3.815,74.805,10.96,0.40393,70.990
5810,05/25/2026 20:52:30,3.805,74.793,10.96,0.40287,70.988
5811,05/25/2026 21:02:30,3.799,74.793,10.86,0.40230,70.994
5812,05/25/2026 21:12:30,3.798,74.806,10.76,0.40216,71.008
5813,05/25/2026 21:22:30,3.789,74.810,10.76,0.40124,71.021
5814,05/25/2026 21:32:30,3.784,74.798,10.66,0.40082,71.014
5815,05/25/2026 21:42:30,3.801,74.810,10.66,0.40251,71.009
5816,05/25/2026 21:52:30,3.785,74.803,10.57,0.40088,71.018
5817,05/25/2026 22:02:30,3.789,74.808,10.47,0.40123,71.019
5818,05/25/2026 22:12:30,3.788,74.804,10.47,0.40109,71.016
5819,05/25/2026 22:22:30,3.786,74.804,10.37,0.40095,71.018
5820,05/25/2026 22:32:30,3.779,74.796,10.37,0.40024,71.017
5821,05/25/2026 22:42:30,3.785,74.805,10.27,0.40080,71.020
5822,05/25/2026 22:52:30,3.787,74.801,10.27,0.40101,71.014
5823,05/25/2026 23:02:30,3.780,74.801,10.17,0.40038,71.021
5824,05/25/2026 23:12:30,3.794,74.801,10.17,0.40178,71.007
5825,05/25/2026 23:22:30,3.802,74.798,10.08,0.40255,70.996
5826,05/25/2026 23:32:30,3.802,74.798,10.08,0.40255,70.996
5827,05/25/2026 23:42:30,3.806,74.790,9.98,0.40304,70.984
5828,05/25/2026 23:52:30,3.807,74.790,9.98,0.40311,70.983
5829,05/26/2026 00:02:30,3.806,74.775,9.88,0.40297,70.969
5830,05/26/2026 00:12:30,3.820,74.771,9.88,0.40437,70.951
5831,05/26/2026 00:22:30,3.829,74.767,9.78,0.40535,70.938
5832,05/26/2026 00:32:30,3.828,74.755,9.78,0.40521,70.927
5833,05/26/2026 00:42:30,3.824,74.740,9.68,0.40479,70.916
5834,05/26/2026 00:52:30,3.828,74.736,9.58,0.40528,70.908
5835,05/26/2026 01:02:30,3.838,74.744,9.58,0.40626,70.906
5836,05/26/2026 01:12:30,3.841,74.745,9.48,0.40654,70.904
5837,05/26/2026 01:22:30,3.804,74.709,9.39,0.40281,70.905
5838,05/26/2026 01:32:30,3.779,74.685,9.39,0.40020,70.906
5839,05/26/2026 01:42:30,3.783,74.674,9.29,0.40055,70.891
5840,05/26/2026 01:52:30,3.805,74.690,9.29,0.40280,70.885
5841,05/26/2026 02:02:30,3.817,74.690,9.19,0.40414,70.873
5842,05/26/2026 02:12:30,3.843,74.703,9.19,0.40667,70.860
5843,05/26/2026 02:22:30,3.862,74.735,9.19,0.40864,70.873
5844,05/26/2026 02:32:30,3.835,74.691,9.09,0.40589,70.856
5845,05/26/2026 02:42:30,3.807,74.635,9.09,0.40301,70.828
5846,05/26/2026 02:52:30,3.806,74.631,8.99,0.40293,70.825
5847,05/26/2026 03:02:30,3.804,74.619,8.99,0.40272,70.815
5848,05/26/2026 03:12:30,3.827,74.640,8.89,0.40511,70.813
5849,05/26/2026 03:22:30,3.834,74.636,8.89,0.40581,70.802
5850,05/26/2026 03:32:30,3.848,74.637,8.79,0.40715,70.789
5851,05/26/2026 03:42:30,3.838,74.629,8.79,0.40616,70.791
5852,05/26/2026 03:52:30,3.848,74.629,8.69,0.40721,70.781
5853,05/26/2026 04:02:30,3.862,74.629,8.69,0.40869,70.767
5854,05/26/2026 04:12:30,3.870,74.641,8.69,0.40946,70.771
5855,05/26/2026 04:22:30,3.869,74.642,8.59,0.40932,70.773
5856,05/26/2026 04:32:30,3.861,74.626,8.59,0.40855,70.765
5857,05/26/2026 04:42:30,3.869,74.647,8.49,0.40932,70.778
5858,05/26/2026 04:52:30,3.871,74.643,8.49,0.40953,70.772
5859,05/26/2026 05:02:30,3.876,74.651,8.39,0.41009,70.775
5860,05/26/2026 05:12:30,3.871,74.639,8.39,0.40960,70.768
5861,05/26/2026 05:22:30,3.873,74.644,8.29,0.40973,70.771
5862,05/26/2026 05:32:30,3.870,74.636,8.29,0.40945,70.766
5863,05/26/2026 05:42:30,3.871,74.641,8.19,0.40952,70.770
5864,05/26/2026 05:52:30,3.878,74.657,8.19,0.41022,70.779
5865,05/26/2026 06:02:30,3.878,74.645,8.09,0.41029,70.767
5866,05/26/2026 06:12:30,3.884,74.653,8.09,0.41092,70.769
5867,05/26/2026 06:22:30,3.878,74.649,8.09,0.41029,70.771
5868,05/26/2026 06:32:30,3.871,74.654,7.99,0.40951,70.783
5869,05/26/2026 06:42:30,3.882,74.670,7.99,0.41064,70.788
5870,05/26/2026 06:52:30,3.874,74.667,7.89,0.40979,70.793
5871,05/26/2026 07:02:30,3.871,74.675,7.89,0.40951,70.804
5872,05/26/2026 07:12:30,3.879,74.683,7.89,0.41035,70.804
5873,05/26/2026 07:22:30,3.863,74.659,7.79,0.40873,70.796
5874,05/26/2026 07:32:30,3.862,74.667,7.79,0.40866,70.805
5875,05/26/2026 07:42:30,3.855,74.659,7.79,0.40796,70.804
5876,05/26/2026 07:52:30,3.859,74.659,7.79,0.40838,70.800
5877,05/26/2026 08:02:30,3.864,74.659,7.79,0.40887,70.795
5878,05/26/2026 08:12:30,3.875,74.659,7.79,0.41000,70.784
5879,05/26/2026 08:22:30,3.875,74.663,7.79,0.41000,70.788
5880,05/26/2026 08:32:30,3.860,74.643,7.89,0.40838,70.783
5881,05/26/2026 08:42:30,3.860,74.643,7.89,0.40838,70.783
5882,05/26/2026 08:52:30,3.862,74.647,7.89,0.40860,70.785
5883,05/26/2026 09:02:30,3.864,74.643,7.89,0.40881,70.779
5884,05/26/2026 09:12:30,3.872,74.646,7.99,0.40965,70.774
5885,05/26/2026 09:22:30,3.867,74.638,7.99,0.40909,70.771
5886,05/26/2026 09:32:30,3.872,74.637,8.09,0.40966,70.765
5887,05/26/2026 09:42:30,3.877,74.628,8.19,0.41022,70.751
5888,05/26/2026 09:52:30,3.874,74.616,8.19,0.40987,70.742
5889,05/26/2026 10:02:30,3.871,74.616,8.29,0.40952,70.745
5890,05/26/2026 10:12:30,3.867,74.604,8.29,0.40910,70.737
5891,05/26/2026 10:22:30,3.867,74.603,8.39,0.40910,70.736
5892,05/26/2026 10:32:30,3.864,74.595,8.39,0.40882,70.731
5893,05/26/2026 10:42:30,3.870,74.599,8.39,0.40945,70.729
5894,05/26/2026 10:52:30,3.868,74.587,8.39,0.40924,70.719
5895,05/26/2026 11:02:30,3.875,74.590,8.49,0.40995,70.715
5896,05/26/2026 11:12:30,3.864,74.573,8.59,0.40890,70.709
5897,05/26/2026 11:22:30,3.875,74.565,8.59,0.41002,70.690
5898,05/26/2026 11:32:30,3.866,74.536,8.69,0.40911,70.670
5899,05/26/2026 11:42:30,3.866,74.540,8.79,0.40905,70.674
5900,05/26/2026 11:52:30,3.865,74.539,8.89,0.40898,70.674
5901,05/26/2026 12:02:30,3.859,74.518,8.99,0.40842,70.659
5902,05/26/2026 12:12:30,3.860,74.514,9.09,0.40842,70.654
5903,05/26/2026 12:22:30,3.857,74.501,9.19,0.40814,70.644
5904,05/26/2026 12:32:30,3.870,74.513,9.19,0.40948,70.643
5905,05/26/2026 12:42:30,3.855,74.505,9.19,0.40793,70.650
5906,05/26/2026 12:52:30,3.869,74.517,9.19,0.40941,70.648
5907,05/26/2026 13:02:30,3.866,74.516,9.29,0.40913,70.650
5908,05/26/2026 13:12:30,3.877,74.537,9.29,0.41019,70.660
5909,05/26/2026 13:22:30,3.862,74.529,9.29,0.40864,70.667
5910,05/26/2026 13:32:30,3.869,74.537,9.29,0.40934,70.668
5911,05/26/2026 13:42:30,3.865,74.537,9.29,0.40892,70.672
5912,05/26/2026 13:52:30,3.860,74.529,9.29,0.40843,70.669
5913,05/26/2026 14:02:30,3.850,74.512,9.39,0.40745,70.662
5914,05/26/2026 14:12:30,3.842,74.500,9.39,0.40661,70.658
5915,05/26/2026 14:22:30,3.858,74.512,9.39,0.40822,70.654
5916,05/26/2026 14:32:30,3.857,74.507,9.48,0.40816,70.650
5917,05/26/2026 14:42:30,3.881,74.531,9.48,0.41062,70.650
5918,05/26/2026 14:52:30,3.860,74.519,9.48,0.40851,70.659
5919,05/26/2026 15:02:30,3.874,74.543,9.58,0.40985,70.669
5920,05/26/2026 15:12:30,3.871,74.555,9.58,0.40957,70.684
5921,05/26/2026 15:22:30,3.870,74.547,9.58,0.40950,70.677
5922,05/26/2026 15:32:30,3.882,74.551,9.58,0.41069,70.669
5923,05/26/2026 15:42:30,3.872,74.555,9.58,0.40971,70.683
5924,05/26/2026 15:52:30,3.881,74.563,9.58,0.41062,70.682
5925,05/26/2026 16:02:30,3.883,74.559,9.58,0.41083,70.676
5926,05/26/2026 16:12:30,3.893,74.566,9.68,0.41189,70.673
5927,05/26/2026 16:22:30,3.879,74.542,9.68,0.41041,70.663
5928,05/26/2026 16:32:30,3.887,74.550,9.68,0.41126,70.663
5929,05/26/2026 16:42:30,3.904,74.570,9.68,0.41302,70.666
5930,05/26/2026 16:52:30,3.903,74.566,9.68,0.41288,70.663
5931,05/26/2026 17:02:30,3.908,74.562,9.68,0.41344,70.654
5932,05/26/2026 17:12:30,3.905,74.558,9.68,0.41309,70.653
5933,05/26/2026 17:22:30,3.915,74.562,9.68,0.41414,70.647
5934,05/26/2026 17:32:30,3.935,74.578,9.78,0.41612,70.643
5935,05/26/2026 17:42:30,3.939,74.570,9.78,0.41654,70.631
5936,05/26/2026 17:52:30,3.941,74.570,9.78,0.41675,70.629
5937,05/26/2026 18:02:30,3.950,74.570,9.78,0.41766,70.620
5938,05/26/2026 18:12:30,3.941,74.554,9.78,0.41668,70.613
5939,05/26/2026 18:22:30,3.938,74.554,9.78,0.41640,70.616
5940,05/26/2026 18:32:30,3.934,74.554,9.78,0.41597,70.620
5941,05/26/2026 18:42:30,3.935,74.550,9.78,0.41612,70.615
5942,05/26/2026 18:52:30,3.928,74.542,9.68,0.41541,70.614
5943,05/26/2026 19:02:30,3.920,74.546,9.68,0.41463,70.626
5944,05/26/2026 19:12:30,3.917,74.542,9.68,0.41428,70.625
5945,05/26/2026 19:22:30,3.914,74.542,9.68,0.41400,70.628
5946,05/26/2026 19:32:30,3.906,74.550,9.68,0.41323,70.644
5947,05/26/2026 19:42:30,3.912,74.559,9.58,0.41379,70.647
5948,05/26/2026 19:52:30,3.908,74.551,9.58,0.41336,70.643
5949,05/26/2026 20:02:30,3.898,74.551,9.58,0.41231,70.653
5950,05/26/2026 20:12:30,3.907,74.564,9.48,0.41322,70.657
5951,05/26/2026 20:22:30,3.911,74.568,9.48,0.41364,70.657
5952,05/26/2026 20:32:30,3.903,74.568,9.39,0.41286,70.665
5953,05/26/2026 20:42:30,3.905,74.572,9.39,0.41308,70.667
5954,05/26/2026 20:52:30,3.887,74.560,9.39,0.41125,70.673
5955,05/26/2026 21:02:30,3.883,74.565,9.29,0.41082,70.682
5956,05/26/2026 21:12:30,3.884,74.573,9.29,0.41089,70.689
5957,05/26/2026 21:22:30,3.888,74.590,9.19,0.41131,70.702
5958,05/26/2026 21:32:30,3.890,74.602,9.19,0.41152,70.712
5959,05/26/2026 21:42:30,3.916,74.627,9.09,0.41412,70.711
5960,05/26/2026 21:52:30,3.913,74.619,9.09,0.41384,70.706
5961,05/26/2026 22:02:30,3.912,74.627,9.09,0.41370,70.715
5962,05/26/2026 22:12:30,3.917,74.643,8.99,0.41433,70.726
5963,05/26/2026 22:22:30,3.919,74.651,8.99,0.41454,70.732
5964,05/26/2026 22:32:30,3.929,74.663,8.99,0.41545,70.735
5965,05/26/2026 22:42:30,3.934,74.668,8.89,0.41601,70.734
5966,05/26/2026 22:52:30,3.958,74.692,8.89,0.41847,70.734
5967,05/26/2026 23:02:30,3.943,74.673,8.79,0.41692,70.730
5968,05/26/2026 23:12:30,3.954,74.697,8.79,0.41805,70.743
5969,05/26/2026 23:22:30,3.950,74.693,8.79,0.41763,70.743
5970,05/26/2026 23:32:30,3.937,74.678,8.69,0.41622,70.741
5971,05/26/2026 23:42:30,3.946,74.682,8.69,0.41720,70.736
5972,05/26/2026 23:52:30,3.939,74.673,8.69,0.41657,70.734
5973,05/27/2026 00:02:30,3.958,74.698,8.59,0.41846,70.740
5974,05/27/2026 00:12:30,3.964,74.702,8.59,0.41910,70.738
5975,05/27/2026 00:22:30,3.959,74.687,8.49,0.41853,70.728
5976,05/27/2026 00:32:30,3.964,74.687,8.49,0.41902,70.723
5977,05/27/2026 00:42:30,3.964,74.691,8.49,0.41902,70.727
5978,05/27/2026 00:52:30,3.981,74.704,8.39,0.42071,70.723
5979,05/27/2026 01:02:30,3.977,74.696,8.39,0.42036,70.719
5980,05/27/2026 01:12:30,3.982,74.708,8.39,0.42085,70.726
5981,05/27/2026 01:22:30,3.987,74.712,8.29,0.42141,70.725
5982,05/27/2026 01:32:30,4.001,74.729,8.29,0.42274,70.728
5983,05/27/2026 01:42:30,4.005,74.737,8.29,0.42317,70.732
5984,05/27/2026 01:52:30,4.031,74.770,8.19,0.42583,70.739
5985,05/27/2026 02:02:30,4.012,74.749,8.19,0.42394,70.737
5986,05/27/2026 02:12:30,4.027,74.762,8.09,0.42548,70.735
5987,05/27/2026 02:22:30,4.043,74.778,8.09,0.42710,70.735
5988,05/27/2026 02:32:30,4.036,74.774,8.09,0.42639,70.738
5989,05/27/2026 02:42:30,4.043,74.779,7.99,0.42709,70.736
5990,05/27/2026 02:52:30,4.039,74.763,7.99,0.42667,70.724
5991,05/27/2026 03:02:30,4.043,74.763,7.99,0.42709,70.720
5992,05/27/2026 03:12:30,4.042,74.763,7.99,0.42695,70.721
5993,05/27/2026 03:22:30,4.054,74.784,7.89,0.42815,70.730
5994,05/27/2026 03:32:30,4.047,74.784,7.89,0.42744,70.737
5995,05/27/2026 03:42:30,4.054,74.792,7.79,0.42821,70.738
5996,05/27/2026 03:52:30,4.047,74.784,7.79,0.42751,70.737
5997,05/27/2026 04:02:30,4.052,74.781,7.69,0.42800,70.729
5998,05/27/2026 04:12:30,4.048,74.793,7.69,0.42758,70.745
5999,05/27/2026 04:22:30,4.063,74.821,7.69,0.42912,70.758
6000,05/27/2026 04:32:30,4.046,74.798,7.59,0.42736,70.752
6001,05/27/2026 04:42:30,4.049,74.810,7.59,0.42765,70.761
6002,05/27/2026 04:52:30,4.044,74.807,7.49,0.42715,70.763
6003,05/27/2026 05:02:30,4.053,74.827,7.49,0.42806,70.774
6004,05/27/2026 05:12:30,4.039,74.819,7.49,0.42666,70.780
6005,05/27/2026 05:22:30,4.042,74.823,7.39,0.42701,70.781
6006,05/27/2026 05:32:30,4.046,74.831,7.39,0.42743,70.785
6007,05/27/2026 05:42:30,4.039,74.820,7.29,0.42665,70.781
6008,05/27/2026 05:52:30,4.043,74.832,7.29,0.42707,70.789
6009,05/27/2026 06:02:30,4.044,74.844,7.29,0.42722,70.800
6010,05/27/2026 06:12:30,4.041,74.849,7.19,0.42686,70.808
6011,05/27/2026 06:22:30,4.052,74.866,7.09,0.42798,70.814
6012,05/27/2026 06:32:30,4.047,74.874,7.09,0.42742,70.827
6013,05/27/2026 06:42:30,4.050,74.894,7.09,0.42777,70.844
6014,05/27/2026 06:52:30,4.046,74.899,6.99,0.42735,70.853
6015,05/27/2026 07:02:30,4.031,74.899,6.99,0.42580,70.868
6016,05/27/2026 07:12:30,4.007,74.879,6.99,0.42334,70.872
6017,05/27/2026 07:22:30,4.004,74.883,6.99,0.42306,70.879
6018,05/27/2026 07:32:30,4.001,74.875,6.99,0.42271,70.874
6019,05/27/2026 07:42:30,3.982,74.862,6.99,0.42088,70.880
6020,05/27/2026 07:52:30,3.983,74.871,6.99,0.42088,70.888
6021,05/27/2026 08:02:30,4.002,74.891,6.99,0.42285,70.889
6022,05/27/2026 08:12:30,3.996,74.890,7.09,0.42229,70.894
6023,05/27/2026 08:22:30,3.998,74.890,7.09,0.42250,70.892
6024,05/27/2026 08:32:30,4.011,74.906,7.09,0.42383,70.895
6025,05/27/2026 08:42:30,4.021,74.926,7.09,0.42482,70.905
6026,05/27/2026 08:52:30,4.027,74.930,7.19,0.42538,70.903
6027,05/27/2026 09:02:30,4.019,74.925,7.29,0.42461,70.906
6028,05/27/2026 09:12:30,4.010,74.917,7.29,0.42370,70.907
6029,05/27/2026 09:22:30,4.011,74.924,7.39,0.42384,70.913
6030,05/27/2026 09:32:30,4.003,74.919,7.49,0.42300,70.916
6031,05/27/2026 09:42:30,4.013,74.931,7.59,0.42399,70.918
6032,05/27/2026 09:52:30,4.014,74.929,7.79,0.42414,70.915
6033,05/27/2026 10:02:30,4.011,74.921,7.89,0.42379,70.910
6034,05/27/2026 10:12:30,4.014,74.927,8.09,0.42414,70.913
6035,05/27/2026 10:22:30,4.011,74.923,8.19,0.42380,70.912
6036,05/27/2026 10:32:30,4.018,74.930,8.29,0.42457,70.912
6037,05/27/2026 10:42:30,4.002,74.909,8.49,0.42289,70.907
6038,05/27/2026 10:52:30,4.007,74.924,8.59,0.42346,70.917
6039,05/27/2026 11:02:30,3.995,74.908,8.59,0.42219,70.913
6040,05/27/2026 11:12:30,3.987,74.907,8.69,0.42142,70.920
6041,05/27/2026 11:22:30,3.999,74.919,8.79,0.42262,70.920
6042,05/27/2026 11:32:30,3.994,74.919,8.79,0.42206,70.925
6043,05/27/2026 11:42:30,3.987,74.910,8.89,0.42143,70.923
6044,05/27/2026 11:52:30,3.980,74.897,8.99,0.42073,70.917
6045,05/27/2026 12:02:30,3.980,74.897,9.09,0.42066,70.917
6046,05/27/2026 12:12:30,3.994,74.908,9.19,0.42214,70.914
6047,05/27/2026 12:22:30,3.985,74.903,9.29,0.42123,70.918
6048,05/27/2026 12:32:30,3.987,74.906,9.48,0.42145,70.919
6049,05/27/2026 12:42:30,3.962,74.881,9.68,0.41885,70.919
6050,05/27/2026 12:52:30,3.965,74.876,9.78,0.41921,70.911
6051,05/27/2026 13:02:30,3.968,74.880,9.88,0.41950,70.912
6052,05/27/2026 13:12:30,3.961,74.871,9.98,0.41880,70.910
6053,05/27/2026 13:22:30,3.959,74.866,10.08,0.41866,70.907
6054,05/27/2026 13:32:30,3.953,74.862,10.17,0.41796,70.909
6055,05/27/2026 13:42:30,3.958,74.869,10.27,0.41853,70.911
6056,05/27/2026 13:52:30,3.948,74.861,10.37,0.41741,70.913
6057,05/27/2026 14:02:30,3.950,74.872,10.47,0.41769,70.922
6058,05/27/2026 14:12:30,3.944,74.867,10.57,0.41713,70.923
6059,05/27/2026 14:22:30,3.941,74.863,10.57,0.41685,70.922
6060,05/27/2026 14:32:30,3.940,74.847,10.66,0.41664,70.907
6061,05/27/2026 14:42:30,3.942,74.850,10.86,0.41686,70.908
6062,05/27/2026 14:52:30,3.932,74.841,10.96,0.41588,70.909
6063,05/27/2026 15:02:30,3.948,74.848,11.15,0.41751,70.900
6064,05/27/2026 15:12:30,3.932,74.831,11.35,0.41583,70.899
6065,05/27/2026 15:22:30,3.934,74.826,11.54,0.41605,70.892
6066,05/27/2026 15:32:30,3.914,74.800,11.74,0.41409,70.886
6067,05/27/2026 15:42:30,3.920,74.796,11.83,0.41466,70.876
6068,05/27/2026 15:52:30,3.926,74.795,12.03,0.41530,70.869
6069,05/27/2026 16:02:30,3.931,74.794,12.22,0.41580,70.863
6070,05/27/2026 16:12:30,3.914,74.765,12.32,0.41412,70.851
6071,05/27/2026 16:22:30,3.921,74.760,12.42,0.41483,70.839
6072,05/27/2026 16:32:30,3.896,74.747,12.61,0.41231,70.851
6073,05/27/2026 16:42:30,3.913,74.755,12.71,0.41400,70.842
6074,05/27/2026 16:52:30,3.897,74.730,12.90,0.41239,70.833
6075,05/27/2026 17:02:30,3.906,74.745,13.00,0.41338,70.839
6076,05/27/2026 17:12:30,3.900,74.741,13.09,0.41269,70.841
6077,05/27/2026 17:22:30,3.893,74.728,13.19,0.41206,70.835
6078,05/27/2026 17:32:30,3.906,74.752,13.28,0.41333,70.846
6079,05/27/2026 17:42:30,3.890,74.740,13.28,0.41171,70.850
6080,05/27/2026 17:52:30,3.884,74.744,13.28,0.41108,70.860
6081,05/27/2026 18:02:30,3.881,74.748,13.28,0.41080,70.867
6082,05/27/2026 18:12:30,3.870,74.744,13.28,0.40967,70.874
6083,05/27/2026 18:22:30,3.869,74.760,13.28,0.40953,70.891
6084,05/27/2026 18:32:30,3.861,74.764,13.19,0.40882,70.903
6085,05/27/2026 18:42:30,3.876,74.777,13.19,0.41023,70.901
6086,05/27/2026 18:52:30,3.851,74.764,13.19,0.40776,70.913
6087,05/27/2026 19:02:30,3.861,74.777,13.19,0.40868,70.916
6088,05/27/2026 19:12:30,3.860,74.785,13.19,0.40861,70.925
6089,05/27/2026 19:22:30,3.840,74.777,13.09,0.40656,70.937
6090,05/27/2026 19:32:30,3.836,74.785,13.09,0.40621,70.949
6091,05/27/2026 19:42:30,3.848,74.814,13.00,0.40740,70.966
6092,05/27/2026 19:52:30,3.841,74.826,12.90,0.40676,70.985
6093,05/27/2026 20:02:30,3.842,74.830,12.90,0.40683,70.988
6094,05/27/2026 20:12:30,3.824,74.827,12.80,0.40493,71.003
6095,05/27/2026 20:22:30,3.823,74.839,12.80,0.40486,71.016
6096,05/27/2026 20:32:30,3.823,74.848,12.71,0.40478,71.025
6097,05/27/2026 20:42:30,3.834,74.876,12.61,0.40598,71.042
6098,05/27/2026 20:52:30,3.825,74.868,12.61,0.40506,71.043
6099,05/27/2026 21:02:30,3.818,74.869,12.51,0.40428,71.051
6100,05/27/2026 21:12:30,3.817,74.877,12.42,0.40428,71.060
6101,05/27/2026 21:22:30,3.823,74.898,12.42,0.40491,71.074
6102,05/27/2026 21:32:30,3.817,74.902,12.32,0.40420,71.085
6103,05/27/2026 21:42:30,3.819,74.910,12.32,0.40441,71.091
6104,05/27/2026 21:52:30,3.807,74.911,12.22,0.40314,71.104
6105,05/27/2026 22:02:30,3.803,74.911,12.12,0.40278,71.108
6106,05/27/2026 22:12:30,3.808,74.923,12.12,0.40328,71.115
6107,05/27/2026 22:22:30,3.811,74.936,12.03,0.40355,71.125
6108,05/27/2026 22:32:30,3.807,74.936,12.03,0.40313,71.129
6109,05/27/2026 22:42:30,3.805,74.928,11.93,0.40299,71.123
6110,05/27/2026 22:52:30,3.794,74.917,11.83,0.40178,71.123
6111,05/27/2026 23:02:30,3.787,74.909,11.83,0.40108,71.122
6112,05/27/2026 23:12:30,3.805,74.917,11.74,0.40298,71.112
6113,05/27/2026 23:22:30,3.798,74.910,11.64,0.40220,71.112
6114,05/27/2026 23:32:30,3.803,74.918,11.54,0.40276,71.115
6115,05/27/2026 23:42:30,3.803,74.927,11.44,0.40275,71.124
6116,05/27/2026 23:52:30,3.800,74.923,11.44,0.40240,71.123
6117,05/28/2026 00:02:30,3.800,74.919,11.35,0.40247,71.119
6118,05/28/2026 00:12:30,3.807,74.928,11.25,0.40316,71.121
6119,05/28/2026 00:22:30,3.806,74.925,11.15,0.40302,71.119
6120,05/28/2026 00:32:30,3.802,74.925,11.05,0.40266,71.123
6121,05/28/2026 00:42:30,3.810,74.930,10.96,0.40343,71.120
6122,05/28/2026 00:52:30,3.815,74.938,10.86,0.40399,71.123
6123,05/28/2026 01:02:30,3.821,74.950,10.86,0.40462,71.129
6124,05/28/2026 01:12:30,3.815,74.935,10.76,0.40392,71.120
6125,05/28/2026 01:22:30,3.816,74.939,10.66,0.40405,71.123
6126,05/28/2026 01:32:30,3.811,74.928,10.57,0.40349,71.117
6127,05/28/2026 01:42:30,3.827,74.937,10.47,0.40510,71.110
6128,05/28/2026 01:52:30,3.824,74.929,10.47,0.40482,71.105
6129,05/28/2026 02:02:30,3.828,74.929,10.37,0.40524,71.101
6130,05/28/2026 02:12:30,3.827,74.929,10.37,0.40517,71.102
6131,05/28/2026 02:22:30,3.832,74.926,10.27,0.40558,71.094
6132,05/28/2026 02:32:30,3.838,74.934,10.17,0.40628,71.096
6133,05/28/2026 02:42:30,3.840,74.938,10.17,0.40649,71.098
6134,05/28/2026 02:52:30,3.850,74.955,10.08,0.40748,71.105
6135,05/28/2026 03:02:30,3.858,74.975,10.08,0.40832,71.117
6136,05/28/2026 03:12:30,3.850,74.972,9.98,0.40747,71.122
6137,05/28/2026 03:22:30,3.839,74.964,9.98,0.40635,71.125
6138,05/28/2026 03:32:30,3.835,74.960,9.88,0.40599,71.125
6139,05/28/2026 03:42:30,3.849,74.973,9.78,0.40732,71.124
6140,05/28/2026 03:52:30,3.853,74.973,9.78,0.40775,71.120
6141,05/28/2026 04:02:30,3.857,74.986,9.68,0.40816,71.129
6142,05/28/2026 04:12:30,3.866,74.998,9.58,0.40914,71.132
6143,05/28/2026 04:22:30,3.866,75.006,9.58,0.40914,71.140
6144,05/28/2026 04:32:30,3.870,75.011,9.48,0.40949,71.141
6145,05/28/2026 04:42:30,3.880,75.020,9.39,0.41047,71.140
6146,05/28/2026 04:52:30,3.859,75.000,9.39,0.40829,71.141
6147,05/28/2026 05:02:30,3.865,75.012,9.29,0.40899,71.147
6148,05/28/2026 05:12:30,3.864,75.020,9.29,0.40892,71.156
6149,05/28/2026 05:22:30,3.860,75.029,9.19,0.40850,71.169
6150,05/28/2026 05:32:30,3.871,75.046,9.09,0.40955,71.175
6151,05/28/2026 05:42:30,3.858,75.034,9.09,0.40821,71.176
6152,05/28/2026 05:52:30,3.867,75.051,8.99,0.40912,71.184
6153,05/28/2026 06:02:30,3.865,75.047,8.89,0.40898,71.182
6154,05/28/2026 06:12:30,3.850,75.035,8.89,0.40743,71.185
6155,05/28/2026 06:22:30,3.848,75.040,8.79,0.40722,71.192
6156,05/28/2026 06:32:30,3.841,75.048,8.69,0.40651,71.207
6157,05/28/2026 06:42:30,3.829,75.048,8.69,0.40531,71.219
6158,05/28/2026 06:52:30,3.819,75.049,8.59,0.40426,71.230
6159,05/28/2026 07:02:30,3.798,75.041,8.59,0.40208,71.243
6160,05/28/2026 07:12:30,3.815,75.069,8.59,0.40383,71.254
6161,05/28/2026 07:22:30,3.801,75.066,8.49,0.40242,71.265
6162,05/28/2026 07:32:30,3.820,75.086,8.49,0.40432,71.266
6163,05/28/2026 07:42:30,3.817,75.086,8.49,0.40404,71.269
6164,05/28/2026 07:52:30,3.820,75.074,8.49,0.40432,71.254
6165,05/28/2026 08:02:30,3.801,75.066,8.49,0.40242,71.265
6166,05/28/2026 08:12:30,3.824,75.086,8.49,0.40475,71.262
6167,05/28/2026 08:22:30,3.842,75.101,8.59,0.40665,71.259
6168,05/28/2026 08:32:30,3.836,75.097,8.59,0.40601,71.261
6169,05/28/2026 08:42:30,3.854,75.101,8.69,0.40778,71.247
6170,05/28/2026 08:52:30,3.850,75.101,8.69,0.40742,71.251
6171,05/28/2026 09:02:30,3.850,75.100,8.79,0.40743,71.250
6172,05/28/2026 09:12:30,3.849,75.104,8.89,0.40729,71.255
6173,05/28/2026 09:22:30,3.852,75.099,8.99,0.40765,71.247
6174,05/28/2026 09:32:30,3.854,75.094,9.09,0.40786,71.240
6175,05/28/2026 09:42:30,3.854,75.082,9.19,0.40786,71.227
6176,05/28/2026 09:52:30,3.855,75.077,9.29,0.40794,71.222
6177,05/28/2026 10:02:30,3.856,75.068,9.39,0.40808,71.212
6178,05/28/2026 10:12:30,3.859,75.063,9.58,0.40837,71.204
6179,05/28/2026 10:22:30,3.847,75.046,9.68,0.40718,71.199
6180,05/28/2026 10:32:30,3.859,75.049,9.88,0.40838,71.190
6181,05/28/2026 10:42:30,3.867,75.056,9.98,0.40923,71.189
6182,05/28/2026 10:52:30,3.859,75.047,10.17,0.40839,71.188
6183,05/28/2026 11:02:30,3.866,75.042,10.37,0.40911,71.176
6184,05/28/2026 11:12:30,3.851,75.013,10.47,0.40763,71.162
6185,05/28/2026 11:22:30,3.843,75.012,10.66,0.40680,71.169
6186,05/28/2026 11:32:30,3.836,75.000,10.66,0.40609,71.164
6187,05/28/2026 11:42:30,3.844,74.999,10.76,0.40694,71.155
6188,05/28/2026 11:52:30,3.843,74.991,10.86,0.40673,71.148
6189,05/28/2026 12:02:30,3.838,74.978,11.05,0.40625,71.140
6190,05/28/2026 12:12:30,3.857,74.985,11.25,0.40816,71.128
6191,05/28/2026 12:22:30,3.849,74.979,11.44,0.40747,71.130
6192,05/28/2026 12:32:30,3.849,74.970,11.74,0.40741,71.121
6193,05/28/2026 12:42:30,3.843,74.961,11.93,0.40678,71.118
6194,05/28/2026 12:52:30,3.854,74.960,12.12,0.40792,71.106
6195,05/28/2026 13:02:30,3.852,74.959,12.32,0.40772,71.107
6196,05/28/2026 13:12:30,3.860,74.937,12.61,0.40858,71.077
6197,05/28/2026 13:22:30,3.847,74.924,12.80,0.40725,71.077
6198,05/28/2026 13:32:30,3.842,74.907,13.00,0.40677,71.065
6199,05/28/2026 13:42:30,3.840,74.898,13.19,0.40657,71.058
6200,05/28/2026 13:52:30,3.831,74.893,13.28,0.40566,71.062
6201,05/28/2026 14:02:30,3.824,74.864,13.38,0.40503,71.040
6202,05/28/2026 14:12:30,3.849,74.868,13.48,0.40750,71.019
6203,05/28/2026 14:22:30,3.829,74.843,13.67,0.40547,71.014
6204,05/28/2026 14:32:30,3.830,74.826,13.77,0.40562,70.996
6205,05/28/2026 14:42:30,3.820,74.822,13.86,0.40457,71.002
6206,05/28/2026 14:52:30,3.821,74.813,13.96,0.40471,70.992
6207,05/28/2026 15:02:30,3.821,74.796,14.15,0.40472,70.975
6208,05/28/2026 15:12:30,3.814,74.800,14.25,0.40396,70.986
6209,05/28/2026 15:22:30,3.800,74.784,14.25,0.40255,70.984
6210,05/28/2026 15:32:30,3.811,74.779,14.34,0.40368,70.968
6211,05/28/2026 15:42:30,3.793,74.771,14.44,0.40186,70.978
6212,05/28/2026 15:52:30,3.786,74.767,14.34,0.40115,70.981
6213,05/28/2026 16:02:30,3.792,74.758,14.44,0.40179,70.966
6214,05/28/2026 16:12:30,3.793,74.742,14.53,0.40186,70.949
6215,05/28/2026 16:22:30,3.778,74.725,14.63,0.40039,70.947
6216,05/28/2026 16:32:30,3.772,74.721,14.63,0.39976,70.949
6217,05/28/2026 16:42:30,3.762,74.710,14.53,0.39869,70.948
6218,05/28/2026 16:52:30,3.773,74.722,14.53,0.39982,70.949
6219,05/28/2026 17:02:30,3.766,74.750,14.53,0.39912,70.984
6220,05/28/2026 17:12:30,3.749,74.710,14.44,0.39735,70.961
6221,05/28/2026 17:22:30,3.758,74.722,14.44,0.39834,70.964
6222,05/28/2026 17:32:30,3.746,74.722,14.44,0.39707,70.976
6223,05/28/2026 17:42:30,3.744,74.702,14.34,0.39692,70.958
6224,05/28/2026 17:52:30,3.738,74.694,14.34,0.39629,70.956
6225,05/28/2026 18:02:30,3.750,74.706,14.34,0.39756,70.956
6226,05/28/2026 18:12:30,3.744,74.698,14.34,0.39692,70.954
6227,05/28/2026 18:22:30,3.736,74.719,14.34,0.39601,70.983
6228,05/28/2026 18:32:30,3.730,74.691,14.25,0.39544,70.961
6229,05/28/2026 18:42:30,3.722,74.671,14.25,0.39460,70.949
6230,05/28/2026 18:52:30,3.733,74.679,14.15,0.39572,70.946
6231,05/28/2026 19:02:30,3.733,74.723,14.15,0.39579,70.990
6232,05/28/2026 19:12:30,3.726,74.716,14.05,0.39501,70.990
6233,05/28/2026 19:22:30,3.725,74.692,14.05,0.39487,70.967
6234,05/28/2026 19:32:30,3.727,74.704,13.96,0.39514,70.977
6235,05/28/2026 19:42:30,3.713,74.721,13.86,0.39366,71.008
6236,05/28/2026 19:52:30,3.713,74.701,13.86,0.39366,70.988
6237,05/28/2026 20:02:30,3.714,74.689,13.77,0.39379,70.975
6238,05/28/2026 20:12:30,3.721,74.710,13.67,0.39442,70.989
6239,05/28/2026 20:22:30,3.712,74.689,13.67,0.39358,70.977
6240,05/28/2026 20:32:30,3.719,74.710,13.57,0.39428,70.991
6241,05/28/2026 20:42:30,3.716,74.718,13.57,0.39399,71.002
6242,05/28/2026 20:52:30,3.712,74.711,13.48,0.39350,70.999
6243,05/28/2026 21:02:30,3.712,74.715,13.38,0.39356,71.003
6244,05/28/2026 21:12:30,3.720,74.732,13.28,0.39433,71.012
6245,05/28/2026 21:22:30,3.708,74.732,13.28,0.39313,71.024
6246,05/28/2026 21:32:30,3.723,74.760,13.19,0.39468,71.037
6247,05/28/2026 21:42:30,3.725,74.781,13.09,0.39488,71.056
6248,05/28/2026 21:52:30,3.725,74.782,13.00,0.39481,71.057
6249,05/28/2026 22:02:30,3.710,74.766,12.90,0.39332,71.056
6250,05/28/2026 22:12:30,3.730,74.791,12.80,0.39529,71.061
6251,05/28/2026 22:22:30,3.729,74.791,12.80,0.39522,71.062
6252,05/28/2026 22:32:30,3.732,74.803,12.71,0.39557,71.071
6253,05/28/2026 22:42:30,3.722,74.788,12.61,0.39451,71.066
6254,05/28/2026 22:52:30,3.720,74.780,12.51,0.39429,71.060
6255,05/28/2026 23:02:30,3.722,74.785,12.42,0.39450,71.063
6256,05/28/2026 23:12:30,3.723,74.793,12.32,0.39463,71.070
6257,05/28/2026 23:22:30,3.723,74.794,12.22,0.39456,71.071
6258,05/28/2026 23:32:30,3.724,74.798,12.12,0.39469,71.074
6259,05/28/2026 23:42:30,3.718,74.791,12.03,0.39405,71.073
6260,05/28/2026 23:52:30,3.729,74.799,11.93,0.39525,71.070
6261,05/29/2026 00:02:30,3.739,74.800,11.83,0.39623,71.061
6262,05/29/2026 00:12:30,3.732,74.796,11.74,0.39552,71.064
6263,05/29/2026 00:22:30,3.746,74.809,11.64,0.39692,71.063
6264,05/29/2026 00:32:30,3.740,74.813,11.54,0.39635,71.073
6265,05/29/2026 00:42:30,3.742,74.810,11.44,0.39649,71.068
6266,05/29/2026 00:52:30,3.750,74.823,11.35,0.39726,71.073
6267,05/29/2026 01:02:30,3.751,74.819,11.35,0.39740,71.068
6268,05/29/2026 01:12:30,3.753,74.811,11.25,0.39761,71.058
6269,05/29/2026 01:22:30,3.757,74.804,11.15,0.39795,71.047
6270,05/29/2026 01:32:30,3.767,74.808,11.05,0.39908,71.041
6271,05/29/2026 01:42:30,3.745,74.780,11.05,0.39682,71.035
6272,05/29/2026 01:52:30,3.726,74.756,10.96,0.39492,71.030
6273,05/29/2026 02:02:30,3.735,74.741,10.86,0.39576,71.006
6274,05/29/2026 02:12:30,3.731,74.729,10.86,0.39534,70.998
6275,05/29/2026 02:22:30,3.767,74.782,10.76,0.39899,71.015
6276,05/29/2026 02:32:30,3.787,74.798,10.66,0.40110,71.011
6277,05/29/2026 02:42:30,3.793,74.802,10.66,0.40173,71.009
6278,05/29/2026 02:52:30,3.806,74.843,10.57,0.40306,71.037
6279,05/29/2026 03:02:30,3.803,74.835,10.57,0.40271,71.032
6280,05/29/2026 03:12:30,3.811,74.836,10.47,0.40348,71.025
6281,05/29/2026 03:22:30,3.816,74.840,10.37,0.40404,71.024
6282,05/29/2026 03:32:30,3.821,74.840,10.37,0.40453,71.019
6283,05/29/2026 03:42:30,3.814,74.853,10.27,0.40383,71.039
6284,05/29/2026 03:52:30,3.806,74.846,10.17,0.40298,71.040
6285,05/29/2026 04:02:30,3.818,74.850,10.17,0.40417,71.032
6286,05/29/2026 04:12:30,3.822,74.862,10.08,0.40466,71.040
6287,05/29/2026 04:22:30,3.810,74.850,10.08,0.40340,71.040
6288,05/29/2026 04:32:30,3.815,74.846,10.08,0.40389,71.031
6289,05/29/2026 04:42:30,3.817,74.831,9.98,0.40410,71.014
6290,05/29/2026 04:52:30,3.802,74.815,9.98,0.40255,71.013
6291,05/29/2026 05:02:30,3.819,74.827,9.88,0.40430,71.008
6292,05/29/2026 05:12:30,3.807,74.819,9.88,0.40311,71.012
6293,05/29/2026 05:22:30,3.816,74.828,9.78,0.40395,71.012
6294,05/29/2026 05:32:30,3.828,74.840,9.78,0.40521,71.012
6295,05/29/2026 05:42:30,3.831,74.841,9.68,0.40549,71.010
6296,05/29/2026 05:52:30,3.828,74.837,9.68,0.40528,71.008
6297,05/29/2026 06:02:30,3.822,74.829,9.58,0.40457,71.007
6298,05/29/2026 06:12:30,3.826,74.841,9.58,0.40499,71.015
6299,05/29/2026 06:22:30,3.819,74.846,9.48,0.40429,71.027
6300,05/29/2026 06:32:30,3.821,74.846,9.48,0.40450,71.025
6301,05/29/2026 06:42:30,3.834,74.859,9.39,0.40576,71.025
6302,05/29/2026 06:52:30,3.824,74.850,9.39,0.40485,71.026
6303,05/29/2026 07:02:30,3.809,74.826,9.39,0.40330,71.017
6304,05/29/2026 07:12:30,3.813,74.827,9.29,0.40365,71.014
6305,05/29/2026 07:22:30,3.811,74.827,9.29,0.40344,71.016
6306,05/29/2026 07:32:30,3.795,74.807,9.29,0.40182,71.012
6307,05/29/2026 07:42:30,3.805,74.811,9.29,0.40280,71.006
6308,05/29/2026 07:52:30,3.803,74.811,9.29,0.40259,71.008
6309,05/29/2026 08:02:30,3.796,74.803,9.29,0.40189,71.007
6310,05/29/2026 08:12:30,3.798,74.795,9.29,0.40210,70.997
6311,05/29/2026 08:22:30,3.814,74.811,9.29,0.40372,70.997
6312,05/29/2026 08:32:30,3.801,74.798,9.39,0.40246,70.997
6313,05/29/2026 08:42:30,3.809,74.794,9.39,0.40323,70.985
6314,05/29/2026 08:52:30,3.815,74.789,9.48,0.40394,70.974
6315,05/29/2026 09:02:30,3.815,74.785,9.58,0.40387,70.970
6316,05/29/2026 09:12:30,3.829,74.780,9.68,0.40535,70.951
6317,05/29/2026 09:22:30,3.822,74.759,9.78,0.40465,70.937
6318,05/29/2026 09:32:30,3.826,74.755,9.88,0.40501,70.929
6319,05/29/2026 09:42:30,3.841,74.762,9.98,0.40656,70.921
6320,05/29/2026 09:52:30,3.820,74.745,10.08,0.40445,70.925
6321,05/29/2026 10:02:30,3.822,74.741,10.08,0.40466,70.919
6322,05/29/2026 10:12:30,3.833,74.741,10.08,0.40579,70.908
6323,05/29/2026 10:22:30,3.825,74.717,10.08,0.40494,70.892
6324,05/29/2026 10:32:30,3.819,74.696,10.17,0.40438,70.877
6325,05/29/2026 10:42:30,3.814,74.684,10.27,0.40376,70.870
6326,05/29/2026 10:52:30,3.818,74.687,10.37,0.40425,70.869
6327,05/29/2026 11:02:30,3.826,74.687,10.37,0.40503,70.861
6328,05/29/2026 11:12:30,3.812,74.658,10.47,0.40362,70.846
6329,05/29/2026 11:22:30,3.833,74.670,10.47,0.40580,70.837
6330,05/29/2026 11:32:30,3.820,74.650,10.57,0.40440,70.830
6331,05/29/2026 11:42:30,3.807,74.634,10.57,0.40306,70.827
6332,05/29/2026 11:52:30,3.820,74.636,10.76,0.40448,70.816
6333,05/29/2026 12:02:30,3.813,74.628,10.86,0.40371,70.815
6334,05/29/2026 12:12:30,3.816,74.628,10.86,0.40399,70.812
6335,05/29/2026 12:22:30,3.812,74.607,11.05,0.40358,70.795
6336,05/29/2026 12:32:30,3.809,74.594,11.15,0.40330,70.785
6337,05/29/2026 12:42:30,3.802,74.585,11.25,0.40267,70.783
6338,05/29/2026 12:52:30,3.813,74.581,11.35,0.40373,70.768
6339,05/29/2026 13:02:30,3.800,74.564,11.44,0.40240,70.764
6340,05/29/2026 13:12:30,3.815,74.563,11.54,0.40402,70.748
6341,05/29/2026 13:22:30,3.820,74.547,11.54,0.40451,70.727
6342,05/29/2026 13:32:30,3.818,74.539,11.64,0.40424,70.721
6343,05/29/2026 13:42:30,3.809,74.510,11.64,0.40339,70.701
6344,05/29/2026 13:52:30,3.811,74.506,11.64,0.40360,70.695
6345,05/29/2026 14:02:30,3.806,74.502,11.74,0.40305,70.696
6346,05/29/2026 14:12:30,3.806,74.490,11.74,0.40305,70.684
6347,05/29/2026 14:22:30,3.794,74.485,11.83,0.40186,70.691
6348,05/29/2026 14:32:30,3.795,74.485,11.93,0.40193,70.690
6349,05/29/2026 14:42:30,3.789,74.473,11.93,0.40130,70.684
6350,05/29/2026 14:52:30,3.810,74.476,12.03,0.40348,70.666
6351,05/29/2026 15:02:30,3.803,74.468,12.03,0.40278,70.665
6352,05/29/2026 15:12:30,3.804,74.472,12.03,0.40285,70.668
6353,05/29/2026 15:22:30,3.799,74.436,12.03,0.40236,70.637
6354,05/29/2026 15:32:30,3.782,74.407,12.12,0.40060,70.625
6355,05/29/2026 15:42:30,3.782,74.378,12.22,0.40068,70.596
6356,05/29/2026 15:52:30,3.786,74.370,12.22,0.40103,70.584
6357,05/29/2026 16:02:30,3.784,74.349,12.32,0.40089,70.565
6358,05/29/2026 16:12:30,3.769,74.341,12.32,0.39935,70.572
6359,05/29/2026 16:22:30,3.784,74.341,12.42,0.40083,70.557
6360,05/29/2026 16:32:30,3.777,74.329,12.42,0.40013,70.552
6361,05/29/2026 16:42:30,3.769,74.312,12.51,0.39936,70.543
6362,05/29/2026 16:52:30,3.783,74.312,12.61,0.40070,70.529
6363,05/29/2026 17:02:30,3.761,74.299,12.71,0.39852,70.538
6364,05/29/2026 17:12:30,3.761,74.291,12.71,0.39852,70.530
6365,05/29/2026 17:22:30,3.756,74.286,12.80,0.39803,70.530
6366,05/29/2026 17:32:30,3.753,74.286,12.80,0.39775,70.533
6367,05/29/2026 17:42:30,3.765,74.295,12.71,0.39894,70.530
6368,05/29/2026 17:52:30,3.764,74.291,12.71,0.39880,70.527
6369,05/29/2026 18:02:30,3.745,74.279,12.61,0.39690,70.534
6370,05/29/2026 18:12:30,3.736,74.283,12.61,0.39598,70.547
6371,05/29/2026 18:22:30,3.738,74.276,12.51,0.39612,70.538
6372,05/29/2026 18:32:30,3.740,74.284,12.51,0.39633,70.544
6373,05/29/2026 18:42:30,3.731,74.268,12.51,0.39542,70.537
6374,05/29/2026 18:52:30,3.732,74.268,12.51,0.39549,70.536
6375,05/29/2026 19:02:30,3.733,74.248,12.51,0.39563,70.515
6376,05/29/2026 19:12:30,3.737,74.223,12.51,0.39612,70.486
6377,05/29/2026 19:22:30,3.728,74.231,12.51,0.39521,70.503
6378,05/29/2026 19:32:30,3.732,74.252,12.42,0.39555,70.520
6379,05/29/2026 19:42:30,3.716,74.252,12.42,0.39393,70.536
6380,05/29/2026 19:52:30,3.727,74.273,12.32,0.39498,70.546
6381,05/29/2026 20:02:30,3.716,74.269,12.22,0.39392,70.553
6382,05/29/2026 20:12:30,3.706,74.262,12.12,0.39286,70.556
6383,05/29/2026 20:22:30,3.713,74.270,12.12,0.39357,70.557
6384,05/29/2026 20:32:30,3.695,74.262,12.03,0.39180,70.567
6385,05/29/2026 20:42:30,3.710,74.283,11.93,0.39328,70.573
6386,05/29/2026 20:52:30,3.706,74.279,11.83,0.39292,70.573
6387,05/29/2026 21:02:30,3.693,74.280,11.74,0.39151,70.587
6388,05/29/2026 21:12:30,3.692,74.281,11.64,0.39136,70.589
6389,05/29/2026 21:22:30,3.686,74.293,11.54,0.39080,70.607
6390,05/29/2026 21:32:30,3.695,74.318,11.44,0.39171,70.623
6391,05/29/2026 21:42:30,3.692,74.330,11.44,0.39143,70.638
6392,05/29/2026 21:52:30,3.685,74.323,11.35,0.39065,70.638
6393,05/29/2026 22:02:30,3.690,74.351,11.25,0.39121,70.661
6394,05/29/2026 22:12:30,3.697,74.368,11.15,0.39190,70.671
6395,05/29/2026 22:22:30,3.692,74.372,11.15,0.39141,70.680
6396,05/29/2026 22:32:30,3.683,74.369,11.05,0.39042,70.686
6397,05/29/2026 22:42:30,3.687,74.369,10.96,0.39091,70.682
6398,05/29/2026 22:52:30,3.683,74.370,10.86,0.39041,70.687
6399,05/29/2026 23:02:30,3.685,74.354,10.76,0.39069,70.669
6400,05/29/2026 23:12:30,3.688,74.354,10.76,0.39097,70.666
6401,05/29/2026 23:22:30,3.684,74.347,10.66,0.39055,70.663
6402,05/29/2026 23:32:30,3.683,74.339,10.57,0.39047,70.656
6403,05/29/2026 23:42:30,3.680,74.340,10.47,0.39012,70.660
6404,05/29/2026 23:52:30,3.670,74.324,10.37,0.38913,70.654
6405,05/30/2026 00:02:30,3.681,74.329,10.27,0.39025,70.648
6406,05/30/2026 00:12:30,3.667,74.297,10.17,0.38884,70.630
6407,05/30/2026 00:22:30,3.675,74.293,10.17,0.38961,70.618
6408,05/30/2026 00:32:30,3.677,74.306,10.08,0.38982,70.629
6409,05/30/2026 00:42:30,3.687,74.327,9.98,0.39080,70.640
6410,05/30/2026 00:52:30,3.676,74.319,9.88,0.38974,70.643
6411,05/30/2026 01:02:30,3.680,74.312,9.78,0.39009,70.632
6412,05/30/2026 01:12:30,3.679,74.316,9.68,0.39009,70.637
6413,05/30/2026 01:22:30,3.682,74.320,9.68,0.39037,70.638
6414,05/30/2026 01:32:30,3.692,74.329,9.58,0.39135,70.637
6415,05/30/2026 01:42:30,3.689,74.318,9.48,0.39099,70.629
6416,05/30/2026 01:52:30,3.678,74.310,9.39,0.38994,70.632
6417,05/30/2026 02:02:30,3.690,74.335,9.29,0.39113,70.645
6418,05/30/2026 02:12:30,3.687,74.328,9.19,0.39077,70.641
6419,05/30/2026 02:22:30,3.682,74.307,9.19,0.39035,70.625
6420,05/30/2026 02:32:30,3.684,74.304,9.09,0.39049,70.620
6421,05/30/2026 02:42:30,3.698,74.329,8.99,0.39189,70.631
6422,05/30/2026 02:52:30,3.699,74.338,8.89,0.39196,70.639
6423,05/30/2026 03:02:30,3.692,74.346,8.79,0.39132,70.654
6424,05/30/2026 03:12:30,3.708,74.354,8.79,0.39301,70.646
6425,05/30/2026 03:22:30,3.696,74.343,8.69,0.39174,70.647
6426,05/30/2026 03:32:30,3.711,74.356,8.59,0.39321,70.645
6427,05/30/2026 03:42:30,3.711,74.364,8.49,0.39328,70.653
6428,05/30/2026 03:52:30,3.709,74.368,8.49,0.39307,70.659
6429,05/30/2026 04:02:30,3.716,74.377,8.39,0.39377,70.661
6430,05/30/2026 04:12:30,3.717,74.374,8.29,0.39384,70.657
6431,05/30/2026 04:22:30,3.711,74.366,8.29,0.39321,70.655
6432,05/30/2026 04:32:30,3.717,74.375,8.19,0.39377,70.658
6433,05/30/2026 04:42:30,3.710,74.371,8.09,0.39313,70.661
6434,05/30/2026 04:52:30,3.711,74.368,7.99,0.39320,70.657
6435,05/30/2026 05:02:30,3.716,74.373,7.89,0.39369,70.657
6436,05/30/2026 05:12:30,3.716,74.373,7.89,0.39369,70.657
6437,05/30/2026 05:22:30,3.725,74.381,7.79,0.39467,70.656
6438,05/30/2026 05:32:30,3.716,74.382,7.69,0.39375,70.666
6439,05/30/2026 05:42:30,3.710,74.374,7.69,0.39312,70.664
6440,05/30/2026 05:52:30,3.723,74.395,7.59,0.39438,70.672
6441,05/30/2026 06:02:30,3.721,74.400,7.49,0.39417,70.679
6442,05/30/2026 06:12:30,3.705,74.388,7.39,0.39262,70.683
6443,05/30/2026 06:22:30,3.702,74.392,7.39,0.39234,70.690
6444,05/30/2026 06:32:30,3.701,74.397,7.29,0.39219,70.696
6445,05/30/2026 06:42:30,3.703,74.414,7.19,0.39233,70.711
6446,05/30/2026 06:52:30,3.698,74.426,7.19,0.39184,70.728
6447,05/30/2026 07:02:30,3.711,74.455,7.09,0.39317,70.744
6448,05/30/2026 07:12:30,3.711,74.459,7.09,0.39317,70.748
6449,05/30/2026 07:22:30,3.703,74.464,6.99,0.39233,70.761
6450,05/30/2026 07:32:30,3.688,74.455,6.99,0.39092,70.767
6451,05/30/2026 07:42:30,3.702,74.464,6.99,0.39226,70.762
6452,05/30/2026 07:52:30,3.688,74.451,6.99,0.39092,70.763
6453,05/30/2026 08:02:30,3.701,74.459,6.99,0.39226,70.758
6454,05/30/2026 08:12:30,3.694,74.439,6.99,0.39148,70.745
6455,05/30/2026 08:22:30,3.699,74.443,7.09,0.39191,70.744
6456,05/30/2026 08:32:30,3.697,74.443,7.09,0.39177,70.746
6457,05/30/2026 08:42:30,3.709,74.447,7.09,0.39296,70.738
6458,05/30/2026 08:52:30,3.702,74.450,7.19,0.39226,70.748
6459,05/30/2026 09:02:30,3.706,74.458,7.19,0.39268,70.752
6460,05/30/2026 09:12:30,3.708,74.465,7.29,0.39297,70.757
6461,05/30/2026 09:22:30,3.710,74.465,7.29,0.39311,70.755
6462,05/30/2026 09:32:30,3.707,74.461,7.29,0.39283,70.754
6463,05/30/2026 09:42:30,3.705,74.473,7.39,0.39255,70.768
6464,05/30/2026 09:52:30,3.715,74.484,7.49,0.39361,70.769
6465,05/30/2026 10:02:30,3.707,74.475,7.59,0.39283,70.768
6466,05/30/2026 10:12:30,3.705,74.475,7.59,0.39262,70.770
6467,05/30/2026 10:22:30,3.719,74.499,7.69,0.39403,70.780
6468,05/30/2026 10:32:30,3.702,74.482,7.79,0.39228,70.780
6469,05/30/2026 10:42:30,3.705,74.498,7.79,0.39263,70.793
6470,05/30/2026 10:52:30,3.710,74.510,7.89,0.39305,70.800
6471,05/30/2026 11:02:30,3.712,74.506,7.89,0.39326,70.794
6472,05/30/2026 11:12:30,3.699,74.493,7.89,0.39207,70.794
6473,05/30/2026 11:22:30,3.705,74.505,7.99,0.39256,70.800
6474,05/30/2026 11:32:30,3.714,74.505,7.99,0.39348,70.791
6475,05/30/2026 11:42:30,3.713,74.512,8.19,0.39341,70.799
6476,05/30/2026 11:52:30,3.717,74.519,8.29,0.39384,70.802
6477,05/30/2026 12:02:30,3.720,74.518,8.39,0.39419,70.798
6478,05/30/2026 12:12:30,3.725,74.526,8.49,0.39462,70.801
6479,05/30/2026 12:22:30,3.722,74.522,8.49,0.39434,70.800
6480,05/30/2026 12:32:30,3.711,74.509,8.59,0.39321,70.798
6481,05/30/2026 12:42:30,3.725,74.537,8.59,0.39469,70.812
6482,05/30/2026 12:52:30,3.690,74.520,8.69,0.39111,70.830
6483,05/30/2026 13:02:30,3.715,74.540,8.69,0.39371,70.825
6484,05/30/2026 13:12:30,3.705,74.556,8.79,0.39266,70.851
6485,05/30/2026 13:22:30,3.716,74.592,8.79,0.39378,70.876
6486,05/30/2026 13:32:30,3.695,74.596,8.89,0.39161,70.901
6487,05/30/2026 13:42:30,3.701,74.612,8.89,0.39217,70.911
6488,05/30/2026 13:52:30,3.690,74.615,8.99,0.39112,70.925
6489,05/30/2026 14:02:30,3.711,74.626,9.19,0.39323,70.915
6490,05/30/2026 14:12:30,3.687,74.588,9.39,0.39085,70.901
6491,05/30/2026 14:22:30,3.690,74.562,9.68,0.39114,70.872
6492,05/30/2026 14:32:30,3.697,74.557,9.88,0.39185,70.860
6493,05/30/2026 14:42:30,3.689,74.539,10.17,0.39109,70.850
6494,05/30/2026 14:52:30,3.702,74.566,10.37,0.39243,70.864
6495,05/30/2026 15:02:30,3.704,74.565,10.57,0.39258,70.861
6496,05/30/2026 15:12:30,3.699,74.565,10.57,0.39209,70.866
6497,05/30/2026 15:22:30,3.700,74.568,10.66,0.39224,70.868
6498,05/30/2026 15:32:30,3.678,74.556,10.66,0.38998,70.878
6499,05/30/2026 15:42:30,3.696,74.572,10.76,0.39175,70.876
6500,05/30/2026 15:52:30,3.692,74.571,10.86,0.39140,70.879
6501,05/30/2026 16:02:30,3.669,74.547,10.86,0.38908,70.878
6502,05/30/2026 16:12:30,3.677,74.559,10.86,0.38985,70.882
6503,05/30/2026 16:22:30,3.681,74.555,10.86,0.39027,70.874
6504,05/30/2026 16:32:30,3.666,74.559,10.86,0.38873,70.893
6505,05/30/2026 16:42:30,3.676,74.567,10.96,0.38972,70.891
6506,05/30/2026 16:52:30,3.669,74.559,10.96,0.38901,70.890
6507,05/30/2026 17:02:30,3.668,74.559,10.96,0.38894,70.891
6508,05/30/2026 17:12:30,3.663,74.555,10.96,0.38838,70.892
6509,05/30/2026 17:22:30,3.649,74.555,10.96,0.38697,70.906
6510,05/30/2026 17:32:30,3.657,74.563,10.96,0.38782,70.906
6511,05/30/2026 17:42:30,3.637,74.559,10.96,0.38578,70.922
6512,05/30/2026 17:52:30,3.639,74.558,11.05,0.38599,70.919
6513,05/30/2026 18:02:30,3.645,74.566,11.05,0.38662,70.921
6514,05/30/2026 18:12:30,3.647,74.545,11.15,0.38684,70.898
6515,05/30/2026 18:22:30,3.633,74.533,11.25,0.38537,70.900
6516,05/30/2026 18:32:30,3.630,74.528,11.35,0.38509,70.898
6517,05/30/2026 18:42:30,3.634,74.544,11.35,0.38551,70.910
6518,05/30/2026 18:52:30,3.621,74.552,11.35,0.38417,70.931
6519,05/30/2026 19:02:30,3.622,74.565,11.25,0.38424,70.943
6520,05/30/2026 19:12:30,3.633,74.585,11.25,0.38544,70.952
6521,05/30/2026 19:22:30,3.635,74.590,11.15,0.38557,70.955
6522,05/30/2026 19:32:30,3.626,74.578,11.15,0.38466,70.952
6523,05/30/2026 19:42:30,3.633,74.606,11.15,0.38536,70.973
6524,05/30/2026 19:52:30,3.618,74.590,11.05,0.38388,70.972
6525,05/30/2026 20:02:30,3.607,74.590,11.05,0.38276,70.983
6526,05/30/2026 20:12:30,3.619,74.603,10.96,0.38395,70.984
6527,05/30/2026 20:22:30,3.610,74.583,10.96,0.38303,70.973
6528,05/30/2026 20:32:30,3.601,74.575,10.86,0.38211,70.974
6529,05/30/2026 20:42:30,3.612,74.592,10.86,0.38317,70.980
6530,05/30/2026 20:52:30,3.618,74.600,10.76,0.38387,70.982
6531,05/30/2026 21:02:30,3.599,74.592,10.76,0.38190,70.993
6532,05/30/2026 21:12:30,3.596,74.617,10.66,0.38154,71.021
6533,05/30/2026 21:22:30,3.599,74.637,10.66,0.38190,71.038
6534,05/30/2026 21:32:30,3.603,74.646,10.57,0.38224,71.043
6535,05/30/2026 21:42:30,3.601,74.650,10.47,0.38210,71.049
6536,05/30/2026 21:52:30,3.599,74.662,10.47,0.38189,71.063
6537,05/30/2026 22:02:30,3.609,74.675,10.37,0.38294,71.066
6538,05/30/2026 22:12:30,3.601,74.684,10.27,0.38202,71.083
6539,05/30/2026 22:22:30,3.606,74.692,10.27,0.38258,71.086
6540,05/30/2026 22:32:30,3.610,74.704,10.17,0.38307,71.094
6541,05/30/2026 22:42:30,3.602,74.705,10.08,0.38215,71.103
6542,05/30/2026 22:52:30,3.600,74.694,9.98,0.38194,71.094
6543,05/30/2026 23:02:30,3.601,74.686,9.98,0.38201,71.085
6544,05/30/2026 23:12:30,3.583,74.678,9.88,0.38025,71.095
6545,05/30/2026 23:22:30,3.587,74.687,9.78,0.38059,71.100
6546,05/30/2026 23:32:30,3.583,74.687,9.78,0.38017,71.104
6547,05/30/2026 23:42:30,3.585,74.683,9.68,0.38045,71.098
6548,05/30/2026 23:52:30,3.576,74.680,9.58,0.37946,71.104
6549,05/31/2026 00:02:30,3.589,74.688,9.58,0.38080,71.099
6550,05/31/2026 00:12:30,3.602,74.693,9.48,0.38213,71.091
6551,05/31/2026 00:22:30,3.597,74.689,9.39,0.38164,71.092
6552,05/31/2026 00:32:30,3.598,74.682,9.29,0.38170,71.084
6553,05/31/2026 00:42:30,3.589,74.678,9.29,0.38079,71.089
6554,05/31/2026 00:52:30,3.590,74.686,9.19,0.38093,71.096
6555,05/31/2026 01:02:30,3.602,74.695,9.09,0.38212,71.093
6556,05/31/2026 01:12:30,3.589,74.676,8.99,0.38078,71.087
6557,05/31/2026 01:22:30,3.600,74.684,8.99,0.38190,71.084
6558,05/31/2026 01:32:30,3.603,74.688,8.89,0.38225,71.085
6559,05/31/2026 01:42:30,3.597,74.685,8.79,0.38162,71.088
6560,05/31/2026 01:52:30,3.597,74.685,8.79,0.38162,71.088
6561,05/31/2026 02:02:30,3.605,74.682,8.69,0.38239,71.077
6562,05/31/2026 02:12:30,3.604,74.678,8.59,0.38231,71.074
6563,05/31/2026 02:22:30,3.599,74.682,8.59,0.38182,71.083
6564,05/31/2026 02:32:30,3.597,74.663,8.49,0.38161,71.066
6565,05/31/2026 02:42:30,3.611,74.691,8.49,0.38301,71.080
6566,05/31/2026 02:52:30,3.626,74.704,8.39,0.38456,71.078
6567,05/31/2026 03:02:30,3.624,74.692,8.29,0.38441,71.068
6568,05/31/2026 03:12:30,3.624,74.692,8.29,0.38441,71.068
6569,05/31/2026 03:22:30,3.623,74.685,8.19,0.38427,71.062
6570,05/31/2026 03:32:30,3.629,74.702,8.09,0.38483,71.073
6571,05/31/2026 03:42:30,3.642,74.714,8.09,0.38617,71.072
6572,05/31/2026 03:52:30,3.636,74.714,7.99,0.38560,71.078
6573,05/31/2026 04:02:30,3.654,74.727,7.89,0.38743,71.073
6574,05/31/2026 04:12:30,3.644,74.707,7.89,0.38637,71.063
6575,05/31/2026 04:22:30,3.645,74.712,7.79,0.38644,71.067
6576,05/31/2026 04:32:30,3.631,74.704,7.69,0.38510,71.073
6577,05/31/2026 04:42:30,3.636,74.704,7.69,0.38559,71.068
6578,05/31/2026 04:52:30,3.628,74.697,7.59,0.38475,71.069
6579,05/31/2026 05:02:30,3.634,74.706,7.49,0.38531,71.072
6580,05/31/2026 05:12:30,3.636,74.714,7.49,0.38552,71.078
6581,05/31/2026 05:22:30,3.627,74.706,7.39,0.38467,71.079
6582,05/31/2026 05:32:30,3.646,74.723,7.29,0.38664,71.077
6583,05/31/2026 05:42:30,3.637,74.727,7.29,0.38572,71.090
6584,05/31/2026 05:52:30,3.635,74.728,7.19,0.38544,71.093
6585,05/31/2026 06:02:30,3.639,74.741,7.09,0.38586,71.102
6586,05/31/2026 06:12:30,3.650,74.753,7.09,0.38699,71.103
6587,05/31/2026 06:22:30,3.648,74.758,6.99,0.38677,71.110
6588,05/31/2026 06:32:30,3.633,74.746,6.99,0.38523,71.113
6589,05/31/2026 06:42:30,3.631,74.758,6.89,0.38508,71.127
6590,05/31/2026 06:52:30,3.637,74.766,6.89,0.38572,71.129
6591,05/31/2026 07:02:30,3.639,74.783,6.79,0.38585,71.144
6592,05/31/2026 07:12:30,3.640,74.803,6.79,0.38599,71.163
6593,05/31/2026 07:22:30,3.640,74.812,6.79,0.38592,71.172
6594,05/31/2026 07:32:30,3.640,74.812,6.79,0.38592,71.172
6595,05/31/2026 07:42:30,3.635,74.812,6.79,0.38536,71.177
6596,05/31/2026 07:52:30,3.641,74.816,6.79,0.38599,71.175
6597,05/31/2026 08:02:30,3.652,74.828,6.79,0.38712,71.176
6598,05/31/2026 08:12:30,3.636,74.824,6.79,0.38550,71.188
6599,05/31/2026 08:22:30,3.642,74.831,6.89,0.38614,71.189
6600,05/31/2026 08:32:30,3.640,74.831,6.89,0.38593,71.191
6601,05/31/2026 08:42:30,3.642,74.834,6.99,0.38621,71.192
6602,05/31/2026 08:52:30,3.641,74.846,7.09,0.38600,71.205
6603,05/31/2026 09:02:30,3.648,74.853,7.19,0.38678,71.205
6604,05/31/2026 09:12:30,3.632,74.832,7.29,0.38516,71.200
6605,05/31/2026 09:22:30,3.644,74.824,7.29,0.38636,71.180
6606,05/31/2026 09:32:30,3.651,74.835,7.39,0.38713,71.184
6607,05/31/2026 09:42:30,3.644,74.839,7.49,0.38636,71.195
6608,05/31/2026 09:52:30,3.651,74.838,7.59,0.38707,71.187
6609,05/31/2026 10:02:30,3.644,74.829,7.69,0.38644,71.185
6610,05/31/2026 10:12:30,3.656,74.849,7.69,0.38763,71.193
6611,05/31/2026 10:22:30,3.643,74.829,7.79,0.38623,71.186
6612,05/31/2026 10:32:30,3.651,74.840,7.89,0.38708,71.189
6613,05/31/2026 10:42:30,3.641,74.827,7.99,0.38609,71.186
6614,05/31/2026 10:52:30,3.646,74.846,8.19,0.38659,71.200
6615,05/31/2026 11:02:30,3.655,74.845,8.29,0.38758,71.190
6616,05/31/2026 11:12:30,3.655,74.852,8.49,0.38752,71.197
6617,05/31/2026 11:22:30,3.650,74.843,8.69,0.38703,71.193
6618,05/31/2026 11:32:30,3.652,74.850,8.89,0.38718,71.198
6619,05/31/2026 11:42:30,3.646,74.832,9.09,0.38662,71.186
6620,05/31/2026 11:52:30,3.635,74.831,9.29,0.38550,71.196
6621,05/31/2026 12:02:30,3.645,74.834,9.48,0.38649,71.189
6622,05/31/2026 12:12:30,3.626,74.808,9.68,0.38460,71.182
6623,05/31/2026 12:22:30,3.635,74.811,9.88,0.38552,71.176
6624,05/31/2026 12:32:30,3.644,74.822,10.08,0.38644,71.178
6625,05/31/2026 12:42:30,3.636,74.821,10.27,0.38561,71.185
6626,05/31/2026 12:52:30,3.645,74.820,10.47,0.38653,71.175
6627,05/31/2026 13:02:30,3.649,74.811,10.57,0.38696,71.162
6628,05/31/2026 13:12:30,3.642,74.790,10.66,0.38633,71.148
6629,05/31/2026 13:22:30,3.634,74.794,10.76,0.38542,71.160
6630,05/31/2026 13:32:30,3.635,74.793,10.96,0.38556,71.158
6631,05/31/2026 13:42:30,3.644,74.799,11.25,0.38649,71.155
6632,05/31/2026 13:52:30,3.614,74.766,11.44,0.38341,71.152
6633,05/31/2026 14:02:30,3.621,74.781,11.64,0.38412,71.160
6634,05/31/2026 14:12:30,3.617,74.787,11.93,0.38378,71.170
6635,05/31/2026 14:22:30,3.621,74.774,12.12,0.38421,71.153
6636,05/31/2026 14:32:30,3.618,74.777,12.32,0.38387,71.159
6637,05/31/2026 14:42:30,3.612,74.772,12.51,0.38331,71.160
6638,05/31/2026 14:52:30,3.599,74.759,12.61,0.38198,71.160
6639,05/31/2026 15:02:30,3.619,74.779,12.80,0.38396,71.160
6640,05/31/2026 15:12:30,3.612,74.769,13.00,0.38334,71.157
6641,05/31/2026 15:22:30,3.607,74.749,13.09,0.38278,71.142
6642,05/31/2026 15:32:30,3.603,74.744,13.28,0.38237,71.141
6643,05/31/2026 15:42:30,3.603,74.747,13.48,0.38245,71.144
6644,05/31/2026 15:52:30,3.584,74.722,13.57,0.38048,71.138
6645,05/31/2026 16:02:30,3.602,74.741,13.77,0.38239,71.139
6646,05/31/2026 16:12:30,3.590,74.733,13.86,0.38113,71.143
6647,05/31/2026 16:22:30,3.580,74.728,14.05,0.38009,71.148
6648,05/31/2026 16:32:30,3.572,74.711,14.15,0.37932,71.139
6649,05/31/2026 16:42:30,3.567,74.707,14.15,0.37883,71.140
6650,05/31/2026 16:52:30,3.552,74.695,14.25,0.37721,71.143
6651,05/31/2026 17:02:30,3.555,74.699,14.25,0.37756,71.144
6652,05/31/2026 17:12:30,3.544,74.682,14.34,0.37644,71.138
6653,05/31/2026 17:22:30,3.534,74.666,14.34,0.37546,71.132
6654,05/31/2026 17:32:30,3.539,74.674,14.44,0.37589,71.135
6655,05/31/2026 17:42:30,3.525,74.661,14.53,0.37455,71.136
6656,05/31/2026 17:52:30,3.525,74.669,14.53,0.37455,71.144
6657,05/31/2026 18:02:30,3.537,74.673,14.53,0.37575,71.136
6658,05/31/2026 18:12:30,3.511,74.661,14.53,0.37315,71.150
6659,05/31/2026 18:22:30,3.512,74.674,14.44,0.37314,71.162
6660,05/31/2026 18:32:30,3.495,74.666,14.34,0.37145,71.171
6661,05/31/2026 18:42:30,3.498,74.662,14.34,0.37173,71.164
6662,05/31/2026 18:52:30,3.487,74.658,14.25,0.37067,71.171
6663,05/31/2026 19:02:30,3.463,74.638,14.25,0.36820,71.175
6664,05/31/2026 19:12:30,3.487,74.675,14.25,0.37060,71.188
6665,05/31/2026 19:22:30,3.465,74.658,14.25,0.36842,71.193
6666,05/31/2026 19:32:30,3.465,74.662,14.25,0.36842,71.197
6667,05/31/2026 19:42:30,3.470,74.675,14.15,0.36890,71.205
6668,05/31/2026 19:52:30,3.476,74.683,14.15,0.36954,71.207
6669,05/31/2026 20:02:30,3.460,74.671,14.15,0.36785,71.211
6670,05/31/2026 20:12:30,3.458,74.688,14.05,0.36763,71.230
6671,05/31/2026 20:22:30,3.463,74.700,13.96,0.36819,71.237
6672,05/31/2026 20:32:30,3.464,74.704,13.96,0.36826,71.240
6673,05/31/2026 20:42:30,3.475,74.729,13.86,0.36938,71.254
6674,05/31/2026 20:52:30,3.473,74.729,13.77,0.36923,71.256
6675,05/31/2026 21:02:30,3.458,74.730,13.67,0.36761,71.272
6676,05/31/2026 21:12:30,3.481,74.754,13.57,0.37000,71.273
6677,05/31/2026 21:22:30,3.475,74.759,13.48,0.36936,71.284
6678,05/31/2026 21:32:30,3.467,74.771,13.48,0.36859,71.304
6679,05/31/2026 21:42:30,3.475,74.784,13.38,0.36935,71.309
6680,05/31/2026 21:52:30,3.474,74.792,13.28,0.36928,71.318
6681,05/31/2026 22:02:30,3.463,74.789,13.19,0.36808,71.326
6682,05/31/2026 22:12:30,3.460,74.793,13.09,0.36786,71.333
6683,05/31/2026 22:22:30,3.457,74.794,13.00,0.36744,71.337
6684,05/31/2026 22:32:30,3.455,74.802,12.90,0.36729,71.347
6685,05/31/2026 22:42:30,3.462,74.815,12.80,0.36799,71.353
6686,05/31/2026 22:52:30,3.445,74.799,12.71,0.36630,71.354
6687,05/31/2026 23:02:30,3.455,74.804,12.61,0.36728,71.349
6688,05/31/2026 23:12:30,3.453,74.804,12.51,0.36706,71.351
6689,05/31/2026 23:22:30,3.460,74.813,12.42,0.36776,71.353
6690,05/31/2026 23:32:30,3.446,74.805,12.32,0.36635,71.359
6691,05/31/2026 23:42:30,3.449,74.810,12.22,0.36663,71.361
6692,05/31/2026 23:52:30,3.437,74.798,12.12,0.36542,71.361
6693,06/01/2026 00:02:30,3.443,74.795,12.03,0.36598,71.352
6694,06/01/2026 00:12:30,3.420,74.763,11.93,0.36366,71.343
6695,06/01/2026 00:22:30,3.429,74.755,11.83,0.36464,71.326
6696,06/01/2026 00:32:30,3.417,74.740,11.74,0.36337,71.323
6697,06/01/2026 00:42:30,3.427,74.740,11.64,0.36442,71.313
6698,06/01/2026 00:52:30,3.440,74.749,11.54,0.36568,71.309
6699,06/01/2026 01:02:30,3.447,74.758,11.44,0.36638,71.311
6700,06/01/2026 01:12:30,3.474,74.782,11.35,0.36919,71.308
6701,06/01/2026 01:22:30,3.485,74.799,11.25,0.37031,71.314
6702,06/01/2026 01:32:30,3.495,74.804,11.15,0.37122,71.309
6703,06/01/2026 01:42:30,3.500,74.804,11.05,0.37185,71.304
6704,06/01/2026 01:52:30,3.510,74.817,10.96,0.37283,71.307
6705,06/01/2026 02:02:30,3.494,74.789,10.86,0.37121,71.295
6706,06/01/2026 02:12:30,3.510,74.810,10.76,0.37282,71.300
6707,06/01/2026 02:22:30,3.511,74.802,10.66,0.37296,71.291
6708,06/01/2026 02:32:30,3.532,74.815,10.57,0.37507,71.283
6709,06/01/2026 02:42:30,3.530,74.808,10.47,0.37478,71.278
6710,06/01/2026 02:52:30,3.520,74.792,10.37,0.37379,71.272
6711,06/01/2026 03:02:30,3.546,74.817,10.27,0.37646,71.271
6712,06/01/2026 03:12:30,3.528,74.805,10.17,0.37463,71.277
6713,06/01/2026 03:22:30,3.542,74.822,10.08,0.37603,71.280
6714,06/01/2026 03:32:30,3.544,74.819,9.98,0.37617,71.275
6715,06/01/2026 03:42:30,3.527,74.811,9.88,0.37455,71.284
6716,06/01/2026 03:52:30,3.529,74.812,9.78,0.37469,71.283
6717,06/01/2026 04:02:30,3.523,74.804,9.68,0.37412,71.281
6718,06/01/2026 04:12:30,3.540,74.829,9.58,0.37580,71.289
6719,06/01/2026 04:22:30,3.537,74.833,9.58,0.37552,71.296
6720,06/01/2026 04:32:30,3.544,74.838,9.48,0.37622,71.294
6721,06/01/2026 04:42:30,3.533,74.822,9.39,0.37517,71.289
6722,06/01/2026 04:52:30,3.550,74.847,9.29,0.37685,71.297
6723,06/01/2026 05:02:30,3.551,74.852,9.19,0.37692,71.301
6724,06/01/2026 05:12:30,3.539,74.836,9.09,0.37572,71.297
6725,06/01/2026 05:22:30,3.538,74.836,9.09,0.37565,71.298
6726,06/01/2026 05:32:30,3.535,74.837,8.99,0.37529,71.302
6727,06/01/2026 05:42:30,3.537,74.846,8.89,0.37543,71.309
6728,06/01/2026 05:52:30,3.543,74.862,8.79,0.37613,71.319
6729,06/01/2026 06:02:30,3.530,74.859,8.69,0.37479,71.329
6730,06/01/2026 06:12:30,3.526,74.863,8.69,0.37437,71.337
6731,06/01/2026 06:22:30,3.531,74.880,8.59,0.37486,71.349
6732,06/01/2026 06:32:30,3.513,74.868,8.49,0.37310,71.355
6733,06/01/2026 06:42:30,3.503,74.868,8.49,0.37204,71.365
6734,06/01/2026 06:52:30,3.515,74.885,8.39,0.37324,71.370
6735,06/01/2026 07:02:30,3.500,74.874,8.29,0.37169,71.374
6736,06/01/2026 07:12:30,3.500,74.878,8.29,0.37169,71.378
6737,06/01/2026 07:22:30,3.494,74.874,8.29,0.37105,71.380
6738,06/01/2026 07:32:30,3.493,74.874,8.19,0.37105,71.381
6739,06/01/2026 07:42:30,3.485,74.866,8.19,0.37021,71.381
6740,06/01/2026 07:52:30,3.486,74.862,8.19,0.37028,71.376
6741,06/01/2026 08:02:30,3.483,74.870,8.19,0.36999,71.387
6742,06/01/2026 08:12:30,3.507,74.890,8.19,0.37246,71.383
6743,06/01/2026 08:22:30,3.500,74.890,8.19,0.37175,71.390
6744,06/01/2026 08:32:30,3.513,74.898,8.29,0.37302,71.385
6745,06/01/2026 08:42:30,3.519,74.902,8.29,0.37365,71.383
6746,06/01/2026 08:52:30,3.510,74.893,8.39,0.37274,71.383
6747,06/01/2026 09:02:30,3.538,74.913,8.39,0.37563,71.375
6748,06/01/2026 09:12:30,3.526,74.901,8.49,0.37429,71.375
6749,06/01/2026 09:22:30,3.519,74.892,8.59,0.37366,71.373
6750,06/01/2026 09:32:30,3.528,74.891,8.69,0.37458,71.363
6751,06/01/2026 09:42:30,3.536,74.891,8.79,0.37536,71.355
6752,06/01/2026 09:52:30,3.540,74.885,8.99,0.37586,71.345
6753,06/01/2026 10:02:30,3.544,74.889,9.09,0.37621,71.345
6754,06/01/2026 10:12:30,3.560,74.899,9.29,0.37791,71.339
6755,06/01/2026 10:22:30,3.553,74.883,9.39,0.37713,71.330
6756,06/01/2026 10:32:30,3.548,74.893,9.68,0.37665,71.345
6757,06/01/2026 10:42:30,3.551,74.896,9.88,0.37694,71.345
6758,06/01/2026 10:52:30,3.555,74.903,9.98,0.37737,71.348
6759,06/01/2026 11:02:30,3.549,74.905,10.27,0.37681,71.356
6760,06/01/2026 11:12:30,3.556,74.912,10.47,0.37753,71.356
6761,06/01/2026 11:22:30,3.556,74.903,10.66,0.37753,71.347
6762,06/01/2026 11:32:30,3.566,74.914,10.86,0.37853,71.348
6763,06/01/2026 11:42:30,3.558,74.917,11.05,0.37776,71.359
6764,06/01/2026 11:52:30,3.560,74.920,11.25,0.37791,71.360
6765,06/01/2026 12:02:30,3.544,74.899,11.44,0.37630,71.355
6766,06/01/2026 12:12:30,3.551,74.882,11.64,0.37701,71.331
6767,06/01/2026 12:22:30,3.552,74.897,11.83,0.37709,71.345
6768,06/01/2026 12:32:30,3.548,74.891,12.03,0.37668,71.344
6769,06/01/2026 12:42:30,3.544,74.874,12.22,0.37641,71.330
6770,06/01/2026 12:52:30,3.548,74.869,12.42,0.37677,71.321
6771,06/01/2026 13:02:30,3.540,74.860,12.61,0.37600,71.320
6772,06/01/2026 13:12:30,3.543,74.855,12.90,0.37623,71.312
6773,06/01/2026 13:22:30,3.543,74.850,13.09,0.37624,71.307
6774,06/01/2026 13:32:30,3.538,74.837,13.28,0.37575,71.299
6775,06/01/2026 13:42:30,3.533,74.828,13.48,0.37527,71.295
6776,06/01/2026 13:52:30,3.532,74.815,13.67,0.37514,71.283
6777,06/01/2026 14:02:30,3.541,74.822,13.86,0.37607,71.281
6778,06/01/2026 14:12:30,3.531,74.801,14.05,0.37509,71.270
6779,06/01/2026 14:22:30,3.529,74.800,14.25,0.37489,71.271
6780,06/01/2026 14:32:30,3.520,74.787,14.44,0.37399,71.267
6781,06/01/2026 14:42:30,3.535,74.806,14.53,0.37561,71.271
6782,06/01/2026 14:52:30,3.531,74.802,14.53,0.37519,71.271
6783,06/01/2026 15:02:30,3.514,74.798,14.63,0.37343,71.284
6784,06/01/2026 15:12:30,3.520,74.793,14.73,0.37407,71.273
6785,06/01/2026 15:22:30,3.512,74.773,14.73,0.37323,71.261
6786,06/01/2026 15:32:30,3.507,74.764,14.92,0.37275,71.257
6787,06/01/2026 15:42:30,3.493,74.744,15.01,0.37127,71.251
6788,06/01/2026 15:52:30,3.516,74.751,15.11,0.37367,71.235
6789,06/01/2026 16:02:30,3.493,74.739,15.20,0.37128,71.246
6790,06/01/2026 16:12:30,3.497,74.755,15.20,0.37171,71.258
6791,06/01/2026 16:22:30,3.480,74.731,15.20,0.36995,71.251
6792,06/01/2026 16:32:30,3.496,74.751,15.20,0.37164,71.255
6793,06/01/2026 16:42:30,3.482,74.723,15.20,0.37016,71.241
6794,06/01/2026 16:52:30,3.483,74.722,15.30,0.37030,71.239
6795,06/01/2026 17:02:30,3.471,74.722,15.40,0.36904,71.251
6796,06/01/2026 17:12:30,3.461,74.710,15.40,0.36799,71.249
6797,06/01/2026 17:22:30,3.449,74.706,15.40,0.36679,71.257
6798,06/01/2026 17:32:30,3.448,74.706,15.40,0.36672,71.258
6799,06/01/2026 17:42:30,3.434,74.698,15.40,0.36524,71.264
6800,06/01/2026 17:52:30,3.445,74.714,15.40,0.36637,71.269
6801,06/01/2026 18:02:30,3.433,74.705,15.49,0.36525,71.272
6802,06/01/2026 18:12:30,3.435,74.713,15.49,0.36546,71.278
6803,06/01/2026 18:22:30,3.435,74.741,15.59,0.36539,71.306
6804,06/01/2026 18:32:30,3.420,74.734,15.49,0.36384,71.314
6805,06/01/2026 18:42:30,3.416,74.717,15.49,0.36349,71.301
6806,06/01/2026 18:52:30,3.418,74.722,15.40,0.36362,71.304
6807,06/01/2026 19:02:30,3.416,74.730,15.40,0.36341,71.314
6808,06/01/2026 19:12:30,3.424,74.730,15.40,0.36426,71.306
6809,06/01/2026 19:22:30,3.420,74.726,15.30,0.36390,71.306
6810,06/01/2026 19:32:30,3.402,74.710,15.30,0.36207,71.308
6811,06/01/2026 19:42:30,3.401,74.718,15.30,0.36193,71.317
6812,06/01/2026 19:52:30,3.408,74.735,15.20,0.36263,71.327
6813,06/01/2026 20:02:30,3.396,74.731,15.11,0.36143,71.335
6814,06/01/2026 20:12:30,3.393,74.743,15.11,0.36114,71.350
6815,06/01/2026 20:22:30,3.392,74.748,15.01,0.36093,71.356
6816,06/01/2026 20:32:30,3.406,74.776,14.92,0.36247,71.370
6817,06/01/2026 20:42:30,3.387,74.756,14.92,0.36050,71.369
6818,06/01/2026 20:52:30,3.384,74.757,14.82,0.36014,71.373
6819,06/01/2026 21:02:30,3.394,74.773,14.73,0.36119,71.379
6820,06/01/2026 21:12:30,3.371,74.758,14.63,0.35879,71.387
6821,06/01/2026 21:22:30,3.383,74.774,14.53,0.36006,71.391
6822,06/01/2026 21:32:30,3.362,74.771,14.44,0.35787,71.409
6823,06/01/2026 21:42:30,3.383,74.795,14.34,0.36005,71.412
6824,06/01/2026 21:52:30,3.368,74.788,14.25,0.35842,71.420
6825,06/01/2026 22:02:30,3.356,74.792,14.15,0.35729,71.436
6826,06/01/2026 22:12:30,3.360,74.801,14.05,0.35764,71.441
6827,06/01/2026 22:22:30,3.350,74.797,13.96,0.35665,71.447
6828,06/01/2026 22:32:30,3.356,74.806,13.86,0.35721,71.450
6829,06/01/2026 22:42:30,3.345,74.806,13.77,0.35614,71.461
6830,06/01/2026 22:52:30,3.336,74.802,13.67,0.35523,71.466
6831,06/01/2026 23:02:30,3.344,74.807,13.57,0.35599,71.463
6832,06/01/2026 23:12:30,3.324,74.787,13.48,0.35395,71.463
6833,06/01/2026 23:22:30,3.340,74.800,13.38,0.35556,71.460
6834,06/01/2026 23:32:30,3.339,74.797,13.19,0.35541,71.458
6835,06/01/2026 23:42:30,3.329,74.805,13.09,0.35449,71.476
6836,06/01/2026 23:52:30,3.328,74.810,13.00,0.35435,71.482
6837,06/02/2026 00:02:30,3.331,74.814,12.90,0.35470,71.483
6838,06/02/2026 00:12:30,3.325,74.803,12.80,0.35399,71.478
6839,06/02/2026 00:22:30,3.327,74.799,12.71,0.35426,71.472
6840,06/02/2026 00:32:30,3.340,74.812,12.61,0.35553,71.472
6841,06/02/2026 00:42:30,3.326,74.800,12.51,0.35411,71.474
6842,06/02/2026 00:52:30,3.350,74.825,12.42,0.35657,71.475
6843,06/02/2026 01:02:30,3.345,74.813,12.32,0.35608,71.468
6844,06/02/2026 01:12:30,3.341,74.810,12.22,0.35558,71.469
6845,06/02/2026 01:22:30,3.347,74.810,12.12,0.35628,71.463
6846,06/02/2026 01:32:30,3.330,74.791,12.03,0.35445,71.461
6847,06/02/2026 01:42:30,3.340,74.787,11.93,0.35550,71.447
6848,06/02/2026 01:52:30,3.341,74.780,11.83,0.35556,71.439
6849,06/02/2026 02:02:30,3.341,74.780,11.74,0.35563,71.439
6850,06/02/2026 02:12:30,3.334,74.769,11.64,0.35485,71.435
6851,06/02/2026 02:22:30,3.326,74.753,11.54,0.35407,71.427
6852,06/02/2026 02:32:30,3.340,74.762,11.44,0.35548,71.422
6853,06/02/2026 02:42:30,3.357,74.771,11.25,0.35723,71.414
6854,06/02/2026 02:52:30,3.352,74.767,11.25,0.35666,71.415
6855,06/02/2026 03:02:30,3.357,74.780,11.05,0.35722,71.423
6856,06/02/2026 03:12:30,3.355,74.780,11.05,0.35701,71.425
6857,06/02/2026 03:22:30,3.347,74.780,10.96,0.35623,71.433
6858,06/02/2026 03:32:30,3.358,74.801,10.86,0.35735,71.443
6859,06/02/2026 03:42:30,3.366,74.810,10.76,0.35812,71.444
6860,06/02/2026 03:52:30,3.361,74.798,10.66,0.35763,71.437
6861,06/02/2026 04:02:30,3.369,74.811,10.57,0.35840,71.442
6862,06/02/2026 04:12:30,3.374,74.820,10.47,0.35888,71.446
6863,06/02/2026 04:22:30,3.374,74.832,10.37,0.35895,71.458
6864,06/02/2026 04:32:30,3.370,74.837,10.27,0.35853,71.467
6865,06/02/2026 04:42:30,3.359,74.838,10.17,0.35733,71.479
6866,06/02/2026 04:52:30,3.360,74.838,10.08,0.35746,71.478
6867,06/02/2026 05:02:30,3.349,74.827,9.98,0.35634,71.478
6868,06/02/2026 05:12:30,3.356,74.835,9.88,0.35711,71.479
6869,06/02/2026 05:22:30,3.343,74.828,9.78,0.35570,71.485
6870,06/02/2026 05:32:30,3.338,74.828,9.68,0.35527,71.490
6871,06/02/2026 05:42:30,3.335,74.837,9.68,0.35499,71.501
6872,06/02/2026 05:52:30,3.326,74.837,9.58,0.35400,71.511
6873,06/02/2026 06:02:30,3.335,74.850,9.48,0.35491,71.515
6874,06/02/2026 06:12:30,3.336,74.850,9.39,0.35505,71.514
6875,06/02/2026 06:22:30,3.350,74.867,9.29,0.35645,71.517
6876,06/02/2026 06:32:30,3.364,74.892,9.19,0.35786,71.528
6877,06/02/2026 06:42:30,3.362,74.904,9.19,0.35765,71.542
6878,06/02/2026 06:52:30,3.380,74.925,9.09,0.35947,71.545
6879,06/02/2026 07:02:30,3.387,74.942,8.99,0.36017,71.555
6880,06/02/2026 07:12:30,3.387,74.942,8.99,0.36017,71.555
6881,06/02/2026 07:22:30,3.405,74.954,8.89,0.36207,71.549
6882,06/02/2026 07:32:30,3.397,74.954,8.89,0.36122,71.557
6883,06/02/2026 07:42:30,3.405,74.971,8.89,0.36200,71.566
6884,06/02/2026 07:52:30,3.405,74.979,8.89,0.36200,71.574
6885,06/02/2026 08:02:30,3.412,74.995,8.89,0.36270,71.583
6886,06/02/2026 08:12:30,3.413,74.995,8.79,0.36291,71.582
6887,06/02/2026 08:22:30,3.418,75.007,8.79,0.36340,71.589
6888,06/02/2026 08:32:30,3.424,75.015,8.79,0.36403,71.591
6889,06/02/2026 08:42:30,3.437,75.032,8.79,0.36523,71.595
6890,06/02/2026 08:52:30,3.426,75.024,8.79,0.36410,71.598
6891,06/02/2026 09:02:30,3.434,75.028,8.79,0.36495,71.594
6892,06/02/2026 09:12:30,3.431,75.023,8.89,0.36467,71.592
6893,06/02/2026 09:22:30,3.435,75.026,8.99,0.36517,71.591
6894,06/02/2026 09:32:30,3.459,75.022,9.09,0.36749,71.563
6895,06/02/2026 09:42:30,3.454,75.017,9.19,0.36707,71.563
6896,06/02/2026 09:52:30,3.443,75.000,9.29,0.36595,71.557
6897,06/02/2026 10:02:30,3.444,74.992,9.29,0.36602,71.548
6898,06/02/2026 10:12:30,3.448,74.975,9.39,0.36651,71.527
6899,06/02/2026 10:22:30,3.462,74.990,9.58,0.36793,71.528
6900,06/02/2026 10:32:30,3.465,74.994,9.68,0.36814,71.529
6901,06/02/2026 10:42:30,3.480,75.005,9.78,0.36976,71.525
6902,06/02/2026 10:52:30,3.469,74.997,9.88,0.36857,71.528
6903,06/02/2026 11:02:30,3.477,75.024,10.08,0.36935,71.547
6904,06/02/2026 11:12:30,3.472,75.019,10.17,0.36893,71.547
6905,06/02/2026 11:22:30,3.473,75.018,10.27,0.36908,71.545
6906,06/02/2026 11:32:30,3.464,75.013,10.47,0.36810,71.549
6907,06/02/2026 11:42:30,3.478,75.012,10.66,0.36951,71.534
6908,06/02/2026 11:52:30,3.465,75.007,10.86,0.36819,71.542
6909,06/02/2026 12:02:30,3.458,74.998,10.96,0.36756,71.540
6910,06/02/2026 12:12:30,3.467,75.017,11.15,0.36848,71.550
6911,06/02/2026 12:22:30,3.461,75.004,11.35,0.36785,71.543
6912,06/02/2026 12:32:30,3.451,74.983,11.54,0.36681,71.532
6913,06/02/2026 12:42:30,3.468,74.986,11.74,0.36857,71.518
6914,06/02/2026 12:52:30,3.455,74.961,11.83,0.36724,71.506
6915,06/02/2026 13:02:30,3.454,74.965,11.93,0.36710,71.511
6916,06/02/2026 13:12:30,3.454,74.956,12.12,0.36711,71.502
6917,06/02/2026 13:22:30,3.463,74.959,12.32,0.36804,71.496
6918,06/02/2026 13:32:30,3.461,74.958,12.51,0.36784,71.497
6919,06/02/2026 13:42:30,3.448,74.945,12.61,0.36657,71.497
6920,06/02/2026 13:52:30,3.441,74.948,12.80,0.36588,71.507
6921,06/02/2026 14:02:30,3.456,74.951,12.90,0.36743,71.495
6922,06/02/2026 14:12:30,3.458,74.967,13.00,0.36765,71.509
6923,06/02/2026 14:22:30,3.440,74.959,13.09,0.36575,71.519
6924,06/02/2026 14:32:30,3.440,74.959,13.09,0.36575,71.519
6925,06/02/2026 14:42:30,3.424,74.942,13.19,0.36414,71.518
6926,06/02/2026 14:52:30,3.434,74.937,13.38,0.36520,71.503
6927,06/02/2026 15:02:30,3.440,74.957,13.38,0.36584,71.517
6928,06/02/2026 15:12:30,3.416,74.981,13.48,0.36331,71.565
6929,06/02/2026 15:22:30,3.410,74.985,13.38,0.36274,71.575
6930,06/02/2026 15:32:30,3.413,74.993,13.38,0.36309,71.580
6931,06/02/2026 15:42:30,3.409,74.973,13.48,0.36260,71.564
6932,06/02/2026 15:52:30,3.398,74.932,13.67,0.36149,71.534
6933,06/02/2026 16:02:30,3.398,74.902,13.86,0.36157,71.504
6934,06/02/2026 16:12:30,3.404,74.881,14.05,0.36221,71.477
6935,06/02/2026 16:22:30,3.400,74.876,14.25,0.36180,71.476
6936,06/02/2026 16:32:30,3.392,74.856,14.34,0.36089,71.464
6937,06/02/2026 16:42:30,3.417,74.855,14.53,0.36350,71.438
6938,06/02/2026 16:52:30,3.407,74.838,14.63,0.36252,71.431
6939,06/02/2026 17:02:30,3.404,74.826,14.73,0.36218,71.422
6940,06/02/2026 17:12:30,3.383,74.793,14.82,0.36007,71.410
6941,06/02/2026 17:22:30,3.385,74.797,14.82,0.36028,71.412
6942,06/02/2026 17:32:30,3.370,74.789,14.92,0.35867,71.419
6943,06/02/2026 17:42:30,3.369,74.780,15.01,0.35860,71.411
6944,06/02/2026 17:52:30,3.362,74.776,15.01,0.35790,71.414
6945,06/02/2026 18:02:30,3.365,74.768,15.11,0.35819,71.403
6946,06/02/2026 18:12:30,3.353,74.755,15.11,0.35706,71.402
6947,06/02/2026 18:22:30,3.368,74.759,15.11,0.35861,71.391
6948,06/02/2026 18:32:30,3.334,74.740,15.01,0.35501,71.406
6949,06/02/2026 18:42:30,3.349,74.756,15.01,0.35656,71.407
6950,06/02/2026 18:52:30,3.334,74.740,14.92,0.35508,71.406
6951,06/02/2026 19:02:30,3.330,74.740,14.92,0.35466,71.410
6952,06/02/2026 19:12:30,3.322,74.737,14.82,0.35374,71.415
6953,06/02/2026 19:22:30,3.330,74.749,14.82,0.35458,71.419
6954,06/02/2026 19:32:30,3.316,74.733,14.73,0.35317,71.417
6955,06/02/2026 19:42:30,3.322,74.749,14.73,0.35380,71.427
6956,06/02/2026 19:52:30,3.303,74.733,14.63,0.35190,71.430
6957,06/02/2026 20:02:30,3.291,74.733,14.63,0.35070,71.442
6958,06/02/2026 20:12:30,3.285,74.734,14.53,0.34999,71.449
6959,06/02/2026 20:22:30,3.278,74.734,14.44,0.34935,71.456
6960,06/02/2026 20:32:30,3.286,74.742,14.44,0.35013,71.456
6961,06/02/2026 20:42:30,3.279,74.743,14.34,0.34935,71.464
6962,06/02/2026 20:52:30,3.278,74.743,14.34,0.34928,71.465
6963,06/02/2026 21:02:30,3.261,74.731,14.25,0.34758,71.470
6964,06/02/2026 21:12:30,3.278,74.756,14.15,0.34927,71.478
6965,06/02/2026 21:22:30,3.261,74.752,14.05,0.34757,71.491
6966,06/02/2026 21:32:30,3.266,74.764,14.05,0.34807,71.498
6967,06/02/2026 21:42:30,3.265,74.769,13.96,0.34792,71.504
6968,06/02/2026 21:52:30,3.275,74.797,13.86,0.34904,71.522
6969,06/02/2026 22:02:30,3.254,74.789,13.86,0.34686,71.535
6970,06/02/2026 22:12:30,3.262,74.794,13.77,0.34763,71.532
6971,06/02/2026 22:22:30,3.265,74.782,13.67,0.34798,71.517
6972,06/02/2026 22:32:30,3.256,74.782,13.67,0.34706,71.526
6973,06/02/2026 22:42:30,3.263,74.795,13.57,0.34769,71.532
6974,06/02/2026 22:52:30,3.256,74.799,13.48,0.34705,71.543
6975,06/02/2026 23:02:30,3.263,74.800,13.38,0.34768,71.537
6976,06/02/2026 23:12:30,3.265,74.808,13.28,0.34796,71.543
6977,06/02/2026 23:22:30,3.249,74.796,13.28,0.34634,71.547
6978,06/02/2026 23:32:30,3.254,74.805,13.19,0.34676,71.551
6979,06/02/2026 23:42:30,3.257,74.813,13.09,0.34711,71.556
6980,06/02/2026 23:52:30,3.254,74.805,13.09,0.34682,71.551
6981,06/03/2026 00:02:30,3.241,74.786,13.00,0.34541,71.545
6982,06/03/2026 00:12:30,3.253,74.798,12.90,0.34667,71.545
6983,06/03/2026 00:22:30,3.240,74.787,12.80,0.34533,71.547
6984,06/03/2026 00:32:30,3.244,74.791,12.80,0.34568,71.547
6985,06/03/2026 00:42:30,3.232,74.783,12.71,0.34455,71.551
6986,06/03/2026 00:52:30,3.244,74.796,12.61,0.34568,71.552
6987,06/03/2026 01:02:30,3.233,74.788,12.51,0.34462,71.555
6988,06/03/2026 01:12:30,3.230,74.797,12.42,0.34426,71.567
6989,06/03/2026 01:22:30,3.244,74.817,12.32,0.34580,71.573
6990,06/03/2026 01:32:30,3.253,74.817,12.32,0.34672,71.564
6991,06/03/2026 01:42:30,3.244,74.818,12.22,0.34573,71.574
6992,06/03/2026 01:52:30,3.249,74.814,12.12,0.34629,71.565
6993,06/03/2026 02:02:30,3.243,74.807,12.03,0.34558,71.564
6994,06/03/2026 02:12:30,3.245,74.815,11.93,0.34586,71.570
6995,06/03/2026 02:22:30,3.240,74.816,11.83,0.34529,71.576
6996,06/03/2026 02:32:30,3.227,74.800,11.74,0.34402,71.573
6997,06/03/2026 02:42:30,3.240,74.805,11.64,0.34528,71.565
6998,06/03/2026 02:52:30,3.250,74.813,11.54,0.34633,71.563
6999,06/03/2026 03:02:30,3.225,74.785,11.54,0.34380,71.560
7000,06/03/2026 03:12:30,3.232,74.790,11.44,0.34443,71.558
7001,06/03/2026 03:22:30,3.240,74.798,11.35,0.34534,71.558
7002,06/03/2026 03:32:30,3.230,74.783,11.25,0.34428,71.553
7003,06/03/2026 03:42:30,3.240,74.787,11.15,0.34533,71.547
7004,06/03/2026 03:52:30,3.242,74.780,11.05,0.34547,71.538
7005,06/03/2026 04:02:30,3.235,74.784,11.05,0.34477,71.549
7006,06/03/2026 04:12:30,3.249,74.793,10.96,0.34617,71.544
7007,06/03/2026 04:22:30,3.247,74.793,10.86,0.34603,71.546
7008,06/03/2026 04:32:30,3.239,74.778,10.76,0.34511,71.539
7009,06/03/2026 04:42:30,3.251,74.790,10.66,0.34644,71.539
7010,06/03/2026 04:52:30,3.241,74.782,10.66,0.34539,71.541
7011,06/03/2026 05:02:30,3.257,74.803,10.57,0.34700,71.546
7012,06/03/2026 05:12:30,3.269,74.812,10.47,0.34819,71.543
7013,06/03/2026 05:22:30,3.266,74.804,10.37,0.34791,71.538
7014,06/03/2026 05:32:30,3.269,74.813,10.27,0.34819,71.544
7015,06/03/2026 05:42:30,3.275,74.833,10.27,0.34882,71.558
7016,06/03/2026 05:52:30,3.275,74.838,10.17,0.34875,71.563
7017,06/03/2026 06:02:30,3.289,74.854,10.08,0.35029,71.565
7018,06/03/2026 06:12:30,3.308,74.883,9.98,0.35219,71.575
7019,06/03/2026 06:22:30,3.306,74.883,9.98,0.35197,71.577
7020,06/03/2026 06:32:30,3.314,74.896,9.88,0.35274,71.582
7021,06/03/2026 06:42:30,3.316,74.908,9.88,0.35296,71.592
7022,06/03/2026 06:52:30,3.314,74.913,9.78,0.35274,71.599
7023,06/03/2026 07:02:30,3.317,74.917,9.78,0.35302,71.600
7024,06/03/2026 07:12:30,3.324,74.921,9.68,0.35379,71.597
7025,06/03/2026 07:22:30,3.333,74.933,9.68,0.35471,71.600
7026,06/03/2026 07:32:30,3.332,74.937,9.68,0.35464,71.605
7027,06/03/2026 07:42:30,3.340,74.941,9.68,0.35548,71.601
7028,06/03/2026 07:52:30,3.332,74.933,9.68,0.35464,71.601
7029,06/03/2026 08:02:30,3.342,74.949,9.68,0.35569,71.607
7030,06/03/2026 08:12:30,3.347,74.949,9.68,0.35618,71.602
7031,06/03/2026 08:22:30,3.347,74.937,9.68,0.35618,71.590
7032,06/03/2026 08:32:30,3.356,74.945,9.78,0.35703,71.589
7033,06/03/2026 08:42:30,3.351,74.929,9.78,0.35654,71.578
7034,06/03/2026 08:52:30,3.342,74.920,9.88,0.35563,71.578
7035,06/03/2026 09:02:30,3.357,74.928,9.88,0.35718,71.571
7036,06/03/2026 09:12:30,3.358,74.935,9.98,0.35725,71.578
7037,06/03/2026 09:22:30,3.360,74.931,10.08,0.35746,71.571
7038,06/03/2026 09:32:30,3.378,74.943,10.08,0.35929,71.565
7039,06/03/2026 09:42:30,3.384,74.950,10.17,0.36000,71.566
7040,06/03/2026 09:52:30,3.385,74.950,10.27,0.36000,71.565
7041,06/03/2026 10:02:30,3.372,74.929,10.37,0.35874,71.557
7042,06/03/2026 10:12:30,3.397,74.944,10.57,0.36128,71.547
7043,06/03/2026 10:22:30,3.381,74.915,10.66,0.35967,71.534
7044,06/03/2026 10:32:30,3.373,74.902,10.86,0.35883,71.529
7045,06/03/2026 10:42:30,3.378,74.906,10.96,0.35933,71.528
7046,06/03/2026 10:52:30,3.365,74.897,11.05,0.35799,71.532
7047,06/03/2026 11:02:30,3.383,74.908,11.15,0.35990,71.525
7048,06/03/2026 11:12:30,3.388,74.904,11.15,0.36039,71.516
7049,06/03/2026 11:22:30,3.391,74.908,11.25,0.36067,71.517
7050,06/03/2026 11:32:30,3.392,74.911,11.35,0.36082,71.519
7051,06/03/2026 11:42:30,3.382,74.887,11.44,0.35977,71.505
7052,06/03/2026 11:52:30,3.382,74.870,11.44,0.35984,71.488
7053,06/03/2026 12:02:30,3.386,74.894,11.54,0.36019,71.508
7054,06/03/2026 12:12:30,3.380,74.873,11.64,0.35963,71.493
7055,06/03/2026 12:22:30,3.375,74.853,11.74,0.35908,71.478
7056,06/03/2026 12:32:30,3.383,74.836,11.93,0.35986,71.453
7057,06/03/2026 12:42:30,3.385,74.839,12.12,0.36008,71.454
7058,06/03/2026 12:52:30,3.372,74.813,12.32,0.35882,71.441
7059,06/03/2026 13:02:30,3.375,74.825,12.42,0.35911,71.450
7060,06/03/2026 13:12:30,3.365,74.808,12.51,0.35813,71.443
7061,06/03/2026 13:22:30,3.381,74.820,12.51,0.35974,71.439
7062,06/03/2026 13:32:30,3.383,74.812,12.51,0.35995,71.429
7063,06/03/2026 13:42:30,3.376,74.792,12.61,0.35919,71.416
7064,06/03/2026 13:52:30,3.390,74.787,12.71,0.36067,71.397
7065,06/03/2026 14:02:30,3.370,74.770,12.80,0.35863,71.400
7066,06/03/2026 14:12:30,3.373,74.753,13.00,0.35899,71.380
7067,06/03/2026 14:22:30,3.375,74.757,13.09,0.35914,71.382
7068,06/03/2026 14:32:30,3.360,74.752,13.19,0.35766,71.392
7069,06/03/2026 14:42:30,3.365,74.764,13.28,0.35809,71.399
7070,06/03/2026 14:52:30,3.363,74.748,13.28,0.35788,71.385
7071,06/03/2026 15:02:30,3.348,74.712,13.28,0.35633,71.364
7072,06/03/2026 15:12:30,3.350,74.699,13.38,0.35662,71.349
7073,06/03/2026 15:22:30,3.367,74.694,13.48,0.35838,71.327
7074,06/03/2026 15:32:30,3.362,74.674,13.57,0.35782,71.312
7075,06/03/2026 15:42:30,3.353,74.653,13.67,0.35691,71.300
7076,06/03/2026 15:52:30,3.342,74.641,13.77,0.35579,71.299
7077,06/03/2026 16:02:30,3.349,74.640,13.86,0.35650,71.291
7078,06/03/2026 16:12:30,3.341,74.632,13.96,0.35566,71.291
7079,06/03/2026 16:22:30,3.320,74.615,14.05,0.35356,71.295
7080,06/03/2026 16:32:30,3.324,74.623,14.15,0.35391,71.299
7081,06/03/2026 16:42:30,3.338,74.627,14.15,0.35539,71.289
7082,06/03/2026 16:52:30,3.318,74.598,14.15,0.35342,71.280
7083,06/03/2026 17:02:30,3.313,74.570,14.15,0.35286,71.257
7084,06/03/2026 17:12:30,3.294,74.554,14.15,0.35096,71.260
7085,06/03/2026 17:22:30,3.304,74.554,14.15,0.35194,71.250
7086,06/03/2026 17:32:30,3.301,74.561,14.34,0.35167,71.260
7087,06/03/2026 17:42:30,3.319,74.573,14.44,0.35351,71.254
7088,06/03/2026 17:52:30,3.320,74.597,14.53,0.35358,71.277
7089,06/03/2026 18:02:30,3.314,74.580,14.63,0.35302,71.266
7090,06/03/2026 18:12:30,3.295,74.564,14.63,0.35105,71.269
7091,06/03/2026 18:22:30,3.305,74.572,14.73,0.35204,71.267
7092,06/03/2026 18:32:30,3.284,74.543,14.73,0.34993,71.259
7093,06/03/2026 18:42:30,3.276,74.523,14.73,0.34916,71.247
7094,06/03/2026 18:52:30,3.285,74.535,14.73,0.35007,71.250
7095,06/03/2026 19:02:30,3.279,74.527,14.73,0.34944,71.248
7096,06/03/2026 19:12:30,3.266,74.524,14.63,0.34803,71.258
7097,06/03/2026 19:22:30,3.260,74.532,14.63,0.34746,71.272
7098,06/03/2026 19:32:30,3.265,74.536,14.53,0.34802,71.271
7099,06/03/2026 19:42:30,3.243,74.524,14.44,0.34576,71.281
7100,06/03/2026 19:52:30,3.245,74.532,14.44,0.34597,71.287
7101,06/03/2026 20:02:30,3.228,74.529,14.34,0.34421,71.301
7102,06/03/2026 20:12:30,3.234,74.533,14.25,0.34484,71.299
7103,06/03/2026 20:22:30,3.235,74.538,14.15,0.34490,71.303
7104,06/03/2026 20:32:30,3.235,74.554,14.15,0.34490,71.319
7105,06/03/2026 20:42:30,3.230,74.567,14.05,0.34434,71.337
7106,06/03/2026 20:52:30,3.223,74.575,13.96,0.34370,71.352
7107,06/03/2026 21:02:30,3.219,74.588,13.86,0.34320,71.369
7108,06/03/2026 21:12:30,3.215,74.596,13.77,0.34284,71.381
7109,06/03/2026 21:22:30,3.224,74.613,13.67,0.34376,71.389
7110,06/03/2026 21:32:30,3.227,74.625,13.67,0.34404,71.398
7111,06/03/2026 21:42:30,3.215,74.625,13.57,0.34284,71.410
7112,06/03/2026 21:52:30,3.211,74.630,13.48,0.34241,71.419
7113,06/03/2026 22:02:30,3.215,74.642,13.38,0.34290,71.427
7114,06/03/2026 22:12:30,3.218,74.651,13.28,0.34310,71.433
7115,06/03/2026 22:22:30,3.200,74.647,13.19,0.34134,71.447
7116,06/03/2026 22:32:30,3.207,74.648,13.09,0.34197,71.441
7117,06/03/2026 22:42:30,3.196,74.640,13.00,0.34091,71.444
7118,06/03/2026 22:52:30,3.199,74.629,12.90,0.34112,71.430
7119,06/03/2026 23:02:30,3.195,74.621,12.90,0.34069,71.426
7120,06/03/2026 23:12:30,3.191,74.617,12.80,0.34034,71.426
7121,06/03/2026 23:22:30,3.198,74.614,12.71,0.34104,71.416
7122,06/03/2026 23:32:30,3.189,74.606,12.61,0.34012,71.417
7123,06/03/2026 23:42:30,3.198,74.603,12.51,0.34103,71.405
7124,06/03/2026 23:52:30,3.198,74.603,12.42,0.34102,71.405
7125,06/04/2026 00:02:30,3.185,74.595,12.32,0.33975,71.410
7126,06/04/2026 00:12:30,3.192,74.608,12.22,0.34045,71.416
7127,06/04/2026 00:22:30,3.195,74.612,12.22,0.34073,71.417
7128,06/04/2026 00:32:30,3.199,74.621,12.12,0.34108,71.422
7129,06/04/2026 00:42:30,3.186,74.609,12.03,0.33981,71.423
7130,06/04/2026 00:52:30,3.202,74.618,11.93,0.34143,71.416
7131,06/04/2026 01:02:30,3.198,74.610,11.83,0.34107,71.412
7132,06/04/2026 01:12:30,3.202,74.607,11.74,0.34142,71.405
7133,06/04/2026 01:22:30,3.197,74.607,11.64,0.34092,71.410
7134,06/04/2026 01:32:30,3.183,74.595,11.64,0.33951,71.412
7135,06/04/2026 01:42:30,3.194,74.596,11.54,0.34057,71.402
7136,06/04/2026 01:52:30,3.200,74.596,11.44,0.34127,71.396
7137,06/04/2026 02:02:30,3.202,74.589,11.35,0.34140,71.387
7138,06/04/2026 02:12:30,3.199,74.581,11.25,0.34112,71.382
7139,06/04/2026 02:22:30,3.210,74.586,11.15,0.34217,71.376
7140,06/04/2026 02:32:30,3.203,74.574,11.05,0.34153,71.371
7141,06/04/2026 02:42:30,3.192,74.562,11.05,0.34041,71.370
7142,06/04/2026 02:52:30,3.200,74.559,10.96,0.34118,71.359
7143,06/04/2026 03:02:30,3.201,74.551,10.86,0.34131,71.350
7144,06/04/2026 03:12:30,3.191,74.540,10.76,0.34025,71.349
7145,06/04/2026 03:22:30,3.210,74.564,10.66,0.34222,71.354
7146,06/04/2026 03:32:30,3.193,74.556,10.66,0.34053,71.363
7147,06/04/2026 03:42:30,3.201,74.557,10.57,0.34130,71.356
7148,06/04/2026 03:52:30,3.193,74.549,10.47,0.34053,71.356
7149,06/04/2026 04:02:30,3.200,74.558,10.37,0.34116,71.358
7150,06/04/2026 04:12:30,3.197,74.555,10.27,0.34080,71.358
7151,06/04/2026 04:22:30,3.216,74.575,10.27,0.34277,71.359
7152,06/04/2026 04:32:30,3.210,74.567,10.17,0.34220,71.357
7153,06/04/2026 04:42:30,3.212,74.568,10.08,0.34241,71.356
7154,06/04/2026 04:52:30,3.205,74.565,9.98,0.34163,71.360
7155,06/04/2026 05:02:30,3.218,74.577,9.88,0.34304,71.359
7156,06/04/2026 05:12:30,3.222,74.574,9.78,0.34339,71.352
7157,06/04/2026 05:22:30,3.214,74.562,9.78,0.34254,71.348
7158,06/04/2026 05:32:30,3.231,74.583,9.68,0.34423,71.352
7159,06/04/2026 05:42:30,3.230,74.579,9.58,0.34422,71.349
7160,06/04/2026 05:52:30,3.226,74.580,9.48,0.34380,71.354
7161,06/04/2026 06:02:30,3.222,74.576,9.39,0.34344,71.354
7162,06/04/2026 06:12:30,3.223,74.584,9.39,0.34351,71.361
7163,06/04/2026 06:22:30,3.245,74.609,9.29,0.34576,71.364
7164,06/04/2026 06:32:30,3.253,74.622,9.19,0.34653,71.369
7165,06/04/2026 06:42:30,3.238,74.610,9.19,0.34499,71.372
7166,06/04/2026 06:52:30,3.233,74.606,9.09,0.34456,71.373
7167,06/04/2026 07:02:30,3.232,74.623,9.09,0.34435,71.391
7168,06/04/2026 07:12:30,3.249,74.639,8.99,0.34618,71.390
7169,06/04/2026 07:22:30,3.234,74.627,8.99,0.34463,71.393
7170,06/04/2026 07:32:30,3.237,74.624,8.89,0.34491,71.387
7171,06/04/2026 07:42:30,3.252,74.636,8.89,0.34645,71.384
7172,06/04/2026 07:52:30,3.247,74.624,8.89,0.34589,71.377
7173,06/04/2026 08:02:30,3.249,74.628,8.89,0.34610,71.379
7174,06/04/2026 08:12:30,3.253,74.628,8.89,0.34652,71.375
7175,06/04/2026 08:22:30,3.266,74.632,8.89,0.34786,71.366
7176,06/04/2026 08:32:30,3.267,74.635,8.99,0.34800,71.368
7177,06/04/2026 08:42:30,3.257,74.623,8.99,0.34695,71.366
7178,06/04/2026 08:52:30,3.266,74.627,9.09,0.34780,71.361
7179,06/04/2026 09:02:30,3.262,74.618,9.19,0.34745,71.356
7180,06/04/2026 09:12:30,3.255,74.609,9.29,0.34675,71.354
7181,06/04/2026 09:22:30,3.247,74.596,9.39,0.34598,71.349
7182,06/04/2026 09:32:30,3.256,74.600,9.48,0.34682,71.344
7183,06/04/2026 09:42:30,3.261,74.595,9.58,0.34739,71.334
7184,06/04/2026 09:52:30,3.265,74.595,9.68,0.34774,71.330
7185,06/04/2026 10:02:30,3.275,74.589,9.88,0.34881,71.314
7186,06/04/2026 10:12:30,3.283,74.581,9.98,0.34958,71.298
7187,06/04/2026 10:22:30,3.285,74.579,10.17,0.34987,71.294
7188,06/04/2026 10:32:30,3.274,74.567,10.27,0.34868,71.293
7189,06/04/2026 10:42:30,3.292,74.566,10.47,0.35051,71.274
7190,06/04/2026 10:52:30,3.283,74.564,10.66,0.34968,71.281
7191,06/04/2026 11:02:30,3.288,74.576,10.76,0.35017,71.288
7192,06/04/2026 11:12:30,3.298,74.580,10.76,0.35116,71.282
7193,06/04/2026 11:22:30,3.294,74.572,10.76,0.35074,71.278
7194,06/04/2026 11:32:30,3.301,74.584,10.76,0.35151,71.283
7195,06/04/2026 11:42:30,3.298,74.587,10.86,0.35123,71.289
7196,06/04/2026 11:52:30,3.301,74.583,10.86,0.35151,71.282
7197,06/04/2026 12:02:30,3.283,74.587,10.86,0.34968,71.304
7198,06/04/2026 12:12:30,3.299,74.583,10.96,0.35131,71.284
7199,06/04/2026 12:22:30,3.285,74.567,10.96,0.34983,71.282
7200,06/04/2026 12:32:30,3.292,74.566,11.15,0.35054,71.274
7201,06/04/2026 12:42:30,3.289,74.548,11.35,0.35034,71.259
7202,06/04/2026 12:52:30,3.291,74.556,11.44,0.35048,71.265
7203,06/04/2026 13:02:30,3.297,74.543,11.64,0.35105,71.246
7204,06/04/2026 13:12:30,3.299,74.542,11.83,0.35127,71.243
7205,06/04/2026 13:22:30,3.291,74.533,12.03,0.35043,71.242
7206,06/04/2026 13:32:30,3.291,74.540,12.22,0.35051,71.249
7207,06/04/2026 13:42:30,3.297,74.535,12.32,0.35115,71.238
7208,06/04/2026 13:52:30,3.300,74.518,12.51,0.35144,71.218
7209,06/04/2026 14:02:30,3.283,74.501,12.71,0.34969,71.218
7210,06/04/2026 14:12:30,3.294,74.508,12.90,0.35083,71.214
7211,06/04/2026 14:22:30,3.285,74.491,13.09,0.34992,71.206
7212,06/04/2026 14:32:30,3.276,74.461,13.28,0.34908,71.185
7213,06/04/2026 14:42:30,3.265,74.468,13.48,0.34797,71.203
7214,06/04/2026 14:52:30,3.260,74.459,13.67,0.34748,71.199
7215,06/04/2026 15:02:30,3.270,74.472,13.67,0.34840,71.202
7216,06/04/2026 15:12:30,3.271,74.459,13.77,0.34854,71.188
7217,06/04/2026 15:22:30,3.266,74.471,13.86,0.34799,71.205
7218,06/04/2026 15:32:30,3.264,74.482,14.05,0.34786,71.218
7219,06/04/2026 15:42:30,3.266,74.465,14.15,0.34807,71.199
7220,06/04/2026 15:52:30,3.256,74.448,14.34,0.34710,71.192
7221,06/04/2026 16:02:30,3.259,74.456,14.44,0.34731,71.197
7222,06/04/2026 16:12:30,3.261,74.435,14.63,0.34753,71.174
7223,06/04/2026 16:22:30,3.266,74.438,14.73,0.34810,71.172
7224,06/04/2026 16:32:30,3.260,74.417,14.92,0.34755,71.157
7225,06/04/2026 16:42:30,3.244,74.392,15.11,0.34587,71.148
7226,06/04/2026 16:52:30,3.256,74.392,15.20,0.34707,71.136
7227,06/04/2026 17:02:30,3.249,74.387,15.30,0.34644,71.138
7228,06/04/2026 17:12:30,3.250,74.379,15.40,0.34652,71.129
7229,06/04/2026 17:22:30,3.246,74.366,15.49,0.34610,71.120
7230,06/04/2026 17:32:30,3.231,74.362,15.59,0.34456,71.131
7231,06/04/2026 17:42:30,3.229,74.357,15.68,0.34442,71.128
7232,06/04/2026 17:52:30,3.215,74.341,15.68,0.34294,71.126
7233,06/04/2026 18:02:30,3.222,74.341,15.68,0.34372,71.119
7234,06/04/2026 18:12:30,3.200,74.309,15.68,0.34140,71.109
7235,06/04/2026 18:22:30,3.201,74.305,15.68,0.34154,71.104
7236,06/04/2026 18:32:30,3.194,74.309,15.59,0.34083,71.115
7237,06/04/2026 18:42:30,3.197,74.322,15.59,0.34104,71.125
7238,06/04/2026 18:52:30,3.179,74.302,15.49,0.33920,71.123
7239,06/04/2026 19:02:30,3.182,74.302,15.40,0.33955,71.120
7240,06/04/2026 19:12:30,3.154,74.278,15.40,0.33666,71.124
7241,06/04/2026 19:22:30,3.165,74.295,15.30,0.33778,71.130
7242,06/04/2026 19:32:30,3.161,74.295,15.30,0.33736,71.134
7243,06/04/2026 19:42:30,3.166,74.311,15.20,0.33792,71.145
7244,06/04/2026 19:52:30,3.159,74.307,15.20,0.33722,71.148
7245,06/04/2026 20:02:30,3.130,74.295,15.11,0.33426,71.165
7246,06/04/2026 20:12:30,3.130,74.300,15.01,0.33418,71.170
7247,06/04/2026 20:22:30,3.123,74.296,15.01,0.33348,71.173
7248,06/04/2026 20:32:30,3.110,74.288,14.92,0.33220,71.178
7249,06/04/2026 20:42:30,3.102,74.285,14.82,0.33128,71.183
7250,06/04/2026 20:52:30,3.107,74.293,14.73,0.33184,71.186
7251,06/04/2026 21:02:30,3.103,74.302,14.63,0.33142,71.199
7252,06/04/2026 21:12:30,3.103,74.310,14.63,0.33142,71.207
7253,06/04/2026 21:22:30,3.099,74.318,14.53,0.33106,71.219
7254,06/04/2026 21:32:30,3.091,74.315,14.44,0.33014,71.224
7255,06/04/2026 21:42:30,3.098,74.323,14.44,0.33091,71.225
7256,06/04/2026 21:52:30,3.093,74.327,14.34,0.33042,71.234
7257,06/04/2026 22:02:30,3.084,74.324,14.25,0.32943,71.240
7258,06/04/2026 22:12:30,3.083,74.328,14.15,0.32942,71.245
7259,06/04/2026 22:22:30,3.093,74.337,14.05,0.33033,71.244
7260,06/04/2026 22:32:30,3.081,74.329,13.96,0.32920,71.248
7261,06/04/2026 22:42:30,3.079,74.321,13.86,0.32899,71.242
7262,06/04/2026 22:52:30,3.080,74.322,13.77,0.32905,71.242
7263,06/04/2026 23:02:30,3.077,74.326,13.67,0.32877,71.249
7264,06/04/2026 23:12:30,3.073,74.318,13.67,0.32834,71.245
7265,06/04/2026 23:22:30,3.064,74.311,13.57,0.32735,71.247
7266,06/04/2026 23:32:30,3.057,74.307,13.48,0.32672,71.250
7267,06/04/2026 23:42:30,3.060,74.300,13.38,0.32692,71.240
7268,06/04/2026 23:52:30,3.063,74.316,13.28,0.32734,71.253
7269,06/05/2026 00:02:30,3.046,74.292,13.19,0.32558,71.246
7270,06/05/2026 00:12:30,3.047,74.293,13.09,0.32564,71.246
7271,06/05/2026 00:22:30,3.054,74.306,13.00,0.32634,71.252
7272,06/05/2026 00:32:30,3.041,74.290,12.90,0.32500,71.249
7273,06/05/2026 00:42:30,3.049,74.294,12.80,0.32591,71.245
7274,06/05/2026 00:52:30,3.052,74.299,12.71,0.32619,71.247
7275,06/05/2026 01:02:30,3.041,74.287,12.61,0.32506,71.246
7276,06/05/2026 01:12:30,3.029,74.272,12.51,0.32379,71.243
7277,06/05/2026 01:22:30,3.037,74.272,12.42,0.32463,71.235
7278,06/05/2026 01:32:30,3.038,74.289,12.32,0.32470,71.251
7279,06/05/2026 01:42:30,3.017,74.265,12.22,0.32258,71.248
7280,06/05/2026 01:52:30,3.034,74.282,12.12,0.32427,71.248
7281,06/05/2026 02:02:30,3.028,74.262,12.03,0.32370,71.234
7282,06/05/2026 02:12:30,3.019,74.271,11.93,0.32278,71.252
7283,06/05/2026 02:22:30,3.024,74.263,11.83,0.32327,71.239
7284,06/05/2026 02:32:30,3.014,74.260,11.74,0.32221,71.246
7285,06/05/2026 02:42:30,3.018,74.264,11.64,0.32270,71.246
7286,06/05/2026 02:52:30,3.019,74.269,11.54,0.32277,71.250
7287,06/05/2026 03:02:30,3.028,74.277,11.54,0.32368,71.249
7288,06/05/2026 03:12:30,3.033,74.278,11.44,0.32410,71.245
7289,06/05/2026 03:22:30,3.039,74.278,11.35,0.32480,71.239
7290,06/05/2026 03:32:30,3.026,74.275,11.25,0.32339,71.249
7291,06/05/2026 03:42:30,3.030,74.275,11.15,0.32388,71.245
7292,06/05/2026 03:52:30,3.045,74.284,11.05,0.32535,71.239
7293,06/05/2026 04:02:30,3.048,74.293,10.96,0.32563,71.245
7294,06/05/2026 04:12:30,3.062,74.309,10.86,0.32710,71.247
7295,06/05/2026 04:22:30,3.066,74.326,10.76,0.32752,71.260
7296,06/05/2026 04:32:30,3.077,74.327,10.66,0.32857,71.250
7297,06/05/2026 04:42:30,3.064,74.323,10.57,0.32730,71.259
7298,06/05/2026 04:52:30,3.074,74.332,10.47,0.32829,71.258
7299,06/05/2026 05:02:30,3.066,74.328,10.37,0.32751,71.262
7300,06/05/2026 05:12:30,3.084,74.337,10.27,0.32933,71.253
7301,06/05/2026 05:22:30,3.070,74.330,10.17,0.32792,71.259
7302,06/05/2026 05:32:30,3.075,74.334,10.08,0.32841,71.259
7303,06/05/2026 05:42:30,3.073,74.339,9.98,0.32820,71.266
7304,06/05/2026 05:52:30,3.081,74.347,9.98,0.32897,71.266
7305,06/05/2026 06:02:30,3.093,74.356,9.88,0.33017,71.263
7306,06/05/2026 06:12:30,3.085,74.364,9.78,0.32946,71.279
7307,06/05/2026 06:22:30,3.093,74.373,9.68,0.33023,71.280
7308,06/05/2026 06:32:30,3.094,74.378,9.58,0.33030,71.284
7309,06/05/2026 06:42:30,3.096,74.390,9.48,0.33058,71.294
7310,06/05/2026 06:52:30,3.097,74.394,9.48,0.33065,71.297
7311,06/05/2026 07:02:30,3.091,74.395,9.39,0.33001,71.304
7312,06/05/2026 07:12:30,3.094,74.407,9.39,0.33029,71.313
7313,06/05/2026 07:22:30,3.094,74.412,9.29,0.33029,71.318
7314,06/05/2026 07:32:30,3.111,74.432,9.29,0.33205,71.321
7315,06/05/2026 07:42:30,3.105,74.432,9.19,0.33148,71.327
7316,06/05/2026 07:52:30,3.109,74.432,9.19,0.33190,71.323
7317,06/05/2026 08:02:30,3.115,74.436,9.19,0.33254,71.321
7318,06/05/2026 08:12:30,3.114,74.436,9.19,0.33240,71.322
7319,06/05/2026 08:22:30,3.107,74.428,9.29,0.33163,71.321
7320,06/05/2026 08:32:30,3.114,74.428,9.29,0.33233,71.314
7321,06/05/2026 08:42:30,3.119,74.432,9.29,0.33282,71.313
7322,06/05/2026 08:52:30,3.123,74.435,9.39,0.33332,71.312
7323,06/05/2026 09:02:30,3.120,74.427,9.48,0.33290,71.307
7324,06/05/2026 09:12:30,3.119,74.422,9.58,0.33290,71.303
7325,06/05/2026 09:22:30,3.119,74.417,9.68,0.33290,71.298
7326,06/05/2026 09:32:30,3.120,74.421,9.78,0.33298,71.301
7327,06/05/2026 09:42:30,3.120,74.408,9.88,0.33298,71.288
7328,06/05/2026 09:52:30,3.133,74.419,9.98,0.33439,71.286
7329,06/05/2026 10:02:30,3.127,74.406,10.17,0.33369,71.279
7330,06/05/2026 10:12:30,3.145,74.410,10.27,0.33552,71.265
7331,06/05/2026 10:22:30,3.160,74.429,10.47,0.33701,71.269
7332,06/05/2026 10:32:30,3.158,74.432,10.57,0.33687,71.274
7333,06/05/2026 10:42:30,3.156,74.419,10.66,0.33673,71.263
7334,06/05/2026 10:52:30,3.155,74.431,10.76,0.33660,71.276
7335,06/05/2026 11:02:30,3.172,74.426,10.86,0.33836,71.254
7336,06/05/2026 11:12:30,3.171,74.453,11.05,0.33830,71.282
7337,06/05/2026 11:22:30,3.168,74.432,11.25,0.33795,71.264
7338,06/05/2026 11:32:30,3.164,74.427,11.44,0.33754,71.263
7339,06/05/2026 11:42:30,3.161,74.418,11.64,0.33719,71.257
7340,06/05/2026 11:52:30,3.174,74.417,11.83,0.33854,71.243
7341,06/05/2026 12:02:30,3.166,74.436,12.03,0.33770,71.270
7342,06/05/2026 12:12:30,3.172,74.427,12.12,0.33841,71.255
7343,06/05/2026 12:22:30,3.188,74.438,12.32,0.34003,71.250
7344,06/05/2026 12:32:30,3.166,74.418,12.32,0.33778,71.252
7345,06/05/2026 12:42:30,3.176,74.409,12.42,0.33884,71.233
7346,06/05/2026 12:52:30,3.170,74.388,12.61,0.33822,71.218
7347,06/05/2026 13:02:30,3.177,74.391,12.80,0.33893,71.214
7348,06/05/2026 13:12:30,3.177,74.370,13.09,0.33887,71.193
7349,06/05/2026 13:22:30,3.178,74.360,13.38,0.33903,71.182
7350,06/05/2026 13:32:30,3.178,74.355,13.57,0.33904,71.177
7351,06/05/2026 13:42:30,3.171,74.337,13.86,0.33842,71.166
7352,06/05/2026 13:52:30,3.182,74.340,14.15,0.33949,71.158
7353,06/05/2026 14:02:30,3.168,74.298,14.44,0.33809,71.130
7354,06/05/2026 14:12:30,3.186,74.318,14.63,0.33993,71.132
7355,06/05/2026 14:22:30,3.185,74.313,14.82,0.33980,71.128
7356,06/05/2026 14:32:30,3.185,74.312,14.92,0.33988,71.127
7357,06/05/2026 14:42:30,3.193,74.299,15.11,0.34073,71.106
7358,06/05/2026 14:52:30,3.178,74.290,15.40,0.33913,71.112
7359,06/05/2026 15:02:30,3.166,74.269,15.59,0.33794,71.103
7360,06/05/2026 15:12:30,3.162,74.252,15.78,0.33753,71.090
7361,06/05/2026 15:22:30,3.153,74.256,15.87,0.33662,71.103
7362,06/05/2026 15:32:30,3.162,74.239,16.06,0.33755,71.077
7363,06/05/2026 15:42:30,3.170,74.254,16.35,0.33834,71.084
7364,06/05/2026 15:52:30,3.141,74.229,16.45,0.33546,71.088
7365,06/05/2026 16:02:30,3.138,74.233,16.54,0.33511,71.095
7366,06/05/2026 16:12:30,3.137,74.225,16.54,0.33497,71.088
7367,06/05/2026 16:22:30,3.132,74.225,16.45,0.33454,71.093
7368,06/05/2026 16:32:30,3.122,74.217,16.35,0.33355,71.095
7369,06/05/2026 16:42:30,3.107,74.197,16.35,0.33200,71.090
7370,06/05/2026 16:52:30,3.120,74.202,16.25,0.33326,71.082
7371,06/05/2026 17:02:30,3.116,74.198,16.25,0.33284,71.082
7372,06/05/2026 17:12:30,3.095,74.182,16.16,0.33072,71.087
7373,06/05/2026 17:22:30,3.106,74.186,16.25,0.33178,71.080
7374,06/05/2026 17:32:30,3.101,74.177,16.25,0.33136,71.076
7375,06/05/2026 17:42:30,3.093,74.161,16.35,0.33052,71.068
7376,06/05/2026 17:52:30,3.080,74.148,16.45,0.32926,71.068
7377,06/05/2026 18:02:30,3.073,74.145,16.35,0.32848,71.072
7378,06/05/2026 18:12:30,3.063,74.125,16.35,0.32742,71.062
7379,06/05/2026 18:22:30,3.059,74.121,16.35,0.32700,71.062
7380,06/05/2026 18:32:30,3.063,74.125,16.25,0.32749,71.062
7381,06/05/2026 18:42:30,3.059,74.113,16.25,0.32707,71.054
7382,06/05/2026 18:52:30,3.054,74.105,16.25,0.32650,71.051
7383,06/05/2026 19:02:30,3.039,74.081,16.25,0.32495,71.042
7384,06/05/2026 19:12:30,3.042,74.109,16.25,0.32531,71.067
7385,06/05/2026 19:22:30,3.027,74.109,16.16,0.32382,71.082
7386,06/05/2026 19:32:30,3.024,74.121,16.16,0.32347,71.097
7387,06/05/2026 19:42:30,3.025,74.125,16.16,0.32361,71.100
7388,06/05/2026 19:52:30,3.024,74.134,16.06,0.32347,71.110
7389,06/05/2026 20:02:30,3.018,74.150,16.06,0.32283,71.132
7390,06/05/2026 20:12:30,2.999,74.146,16.06,0.32093,71.147
7391,06/05/2026 20:22:30,2.976,74.126,15.97,0.31860,71.150
7392,06/05/2026 20:32:30,2.977,74.127,15.87,0.31860,71.150
7393,06/05/2026 20:42:30,2.978,74.127,15.87,0.31874,71.149
7394,06/05/2026 20:52:30,2.972,74.123,15.78,0.31810,71.151
7395,06/05/2026 21:02:30,2.977,74.123,15.78,0.31866,71.146
7396,06/05/2026 21:12:30,2.977,74.127,15.68,0.31866,71.150
7397,06/05/2026 21:22:30,2.957,74.112,15.59,0.31654,71.155
7398,06/05/2026 21:32:30,2.947,74.120,15.49,0.31562,71.173
7399,06/05/2026 21:42:30,2.963,74.137,15.40,0.31717,71.174
7400,06/05/2026 21:52:30,2.945,74.129,15.30,0.31533,71.184
7401,06/05/2026 22:02:30,2.939,74.125,15.20,0.31476,71.186
7402,06/05/2026 22:12:30,2.943,74.134,15.20,0.31512,71.191
7403,06/05/2026 22:22:30,2.933,74.138,15.11,0.31413,71.205
7404,06/05/2026 22:32:30,2.942,74.146,15.01,0.31511,71.204
7405,06/05/2026 22:42:30,2.932,74.135,14.92,0.31397,71.203
7406,06/05/2026 22:52:30,2.937,74.139,14.92,0.31454,71.202
7407,06/05/2026 23:02:30,2.937,74.135,14.82,0.31453,71.198
7408,06/05/2026 23:12:30,2.937,74.132,14.73,0.31446,71.195
7409,06/05/2026 23:22:30,2.935,74.120,14.63,0.31431,71.185
7410,06/05/2026 23:32:30,2.930,74.108,14.53,0.31382,71.178
7411,06/05/2026 23:42:30,2.945,74.113,14.44,0.31529,71.168
7412,06/05/2026 23:52:30,2.931,74.097,14.34,0.31388,71.166
7413,06/06/2026 00:02:30,2.939,74.110,14.25,0.31465,71.171
7414,06/06/2026 00:12:30,2.939,74.110,14.15,0.31471,71.171
7415,06/06/2026 00:22:30,2.928,74.103,14.05,0.31351,71.175
7416,06/06/2026 00:32:30,2.934,74.115,13.96,0.31421,71.181
7417,06/06/2026 00:42:30,2.932,74.108,13.86,0.31393,71.176
7418,06/06/2026 00:52:30,2.940,74.108,13.77,0.31477,71.168
7419,06/06/2026 01:02:30,2.929,74.100,13.67,0.31371,71.171
7420,06/06/2026 01:12:30,2.934,74.097,13.57,0.31412,71.163
7421,06/06/2026 01:22:30,2.944,74.109,13.48,0.31525,71.165
7422,06/06/2026 01:32:30,2.928,74.090,13.38,0.31348,71.162
7423,06/06/2026 01:42:30,2.931,74.094,13.28,0.31383,71.163
7424,06/06/2026 01:52:30,2.938,74.103,13.19,0.31453,71.165
7425,06/06/2026 02:02:30,2.921,74.087,13.09,0.31284,71.166
7426,06/06/2026 02:12:30,2.934,74.096,13.00,0.31410,71.162
7427,06/06/2026 02:22:30,2.947,74.108,12.90,0.31550,71.161
7428,06/06/2026 02:32:30,2.928,74.085,12.80,0.31346,71.157
7429,06/06/2026 02:42:30,2.926,74.085,12.71,0.31331,71.159
7430,06/06/2026 02:52:30,2.930,74.090,12.61,0.31366,71.160
7431,06/06/2026 03:02:30,2.929,74.082,12.51,0.31359,71.153
7432,06/06/2026 03:12:30,2.942,74.091,12.42,0.31492,71.149
7433,06/06/2026 03:22:30,2.945,74.095,12.32,0.31527,71.150
7434,06/06/2026 03:32:30,2.932,74.076,12.22,0.31386,71.144
7435,06/06/2026 03:42:30,2.938,74.080,12.12,0.31456,71.142
7436,06/06/2026 03:52:30,2.946,74.093,12.03,0.31533,71.147
7437,06/06/2026 04:02:30,2.938,74.089,11.93,0.31455,71.151
7438,06/06/2026 04:12:30,2.939,74.078,11.83,0.31455,71.139
7439,06/06/2026 04:22:30,2.939,74.090,11.74,0.31461,71.151
7440,06/06/2026 04:32:30,2.947,74.091,11.64,0.31538,71.144
7441,06/06/2026 04:42:30,2.941,74.092,11.54,0.31475,71.151
7442,06/06/2026 04:52:30,2.942,74.088,11.44,0.31488,71.146
7443,06/06/2026 05:02:30,2.936,74.097,11.35,0.31425,71.161
7444,06/06/2026 05:12:30,2.951,74.101,11.25,0.31586,71.150
7445,06/06/2026 05:22:30,2.947,74.097,11.25,0.31544,71.150
7446,06/06/2026 05:32:30,2.961,74.114,11.15,0.31684,71.153
7447,06/06/2026 05:42:30,2.963,74.123,11.05,0.31698,71.160
7448,06/06/2026 05:52:30,2.955,74.115,10.96,0.31620,71.160
7449,06/06/2026 06:02:30,2.976,74.144,10.86,0.31831,71.168
7450,06/06/2026 06:12:30,2.971,74.149,10.76,0.31774,71.178
7451,06/06/2026 06:22:30,2.971,74.157,10.66,0.31781,71.186
7452,06/06/2026 06:32:30,2.960,74.146,10.57,0.31668,71.186
7453,06/06/2026 06:42:30,2.985,74.170,10.57,0.31922,71.185
7454,06/06/2026 06:52:30,2.980,74.170,10.47,0.31879,71.190
7455,06/06/2026 07:02:30,2.993,74.195,10.37,0.32005,71.202
7456,06/06/2026 07:12:30,2.978,74.187,10.37,0.31858,71.209
7457,06/06/2026 07:22:30,2.991,74.196,10.27,0.31984,71.205
7458,06/06/2026 07:32:30,3.009,74.220,10.27,0.32167,71.211
7459,06/06/2026 07:42:30,2.998,74.204,10.27,0.32054,71.206
7460,06/06/2026 07:52:30,2.992,74.196,10.27,0.31991,71.204
7461,06/06/2026 08:02:30,3.011,74.208,10.27,0.32188,71.197
7462,06/06/2026 08:12:30,3.001,74.192,10.27,0.32082,71.191
7463,06/06/2026 08:22:30,3.008,74.188,10.27,0.32153,71.180
7464,06/06/2026 08:32:30,3.001,74.175,10.37,0.32090,71.174
7465,06/06/2026 08:42:30,3.015,74.183,10.37,0.32230,71.168
7466,06/06/2026 08:52:30,3.021,74.191,10.47,0.32287,71.170
7467,06/06/2026 09:02:30,3.024,74.191,10.47,0.32315,71.167
7468,06/06/2026 09:12:30,3.030,74.186,10.57,0.32386,71.156
7469,06/06/2026 09:22:30,3.020,74.181,10.66,0.32288,71.161
7470,06/06/2026 09:32:30,3.034,74.180,10.86,0.32429,71.146
7471,06/06/2026 09:42:30,3.037,74.176,10.96,0.32450,71.139
7472,06/06/2026 09:52:30,3.038,74.171,11.05,0.32465,71.133
7473,06/06/2026 10:02:30,3.051,74.174,11.25,0.32599,71.123
7474,06/06/2026 10:12:30,3.049,74.161,11.35,0.32585,71.112
7475,06/06/2026 10:22:30,3.038,74.152,11.54,0.32467,71.114
7476,06/06/2026 10:32:30,3.034,74.143,11.64,0.32432,71.109
7477,06/06/2026 10:42:30,3.036,74.131,11.64,0.32453,71.095
7478,06/06/2026 10:52:30,3.038,74.131,11.74,0.32467,71.093
7479,06/06/2026 11:02:30,3.051,74.130,11.83,0.32601,71.079
7480,06/06/2026 11:12:30,3.067,74.142,11.93,0.32764,71.075
7481,06/06/2026 11:22:30,3.055,74.133,12.03,0.32644,71.078
7482,06/06/2026 11:32:30,3.052,74.121,12.03,0.32616,71.069
7483,06/06/2026 11:42:30,3.053,74.121,12.03,0.32623,71.068
7484,06/06/2026 11:52:30,3.077,74.134,11.93,0.32862,71.057
7485,06/06/2026 12:02:30,3.074,74.125,12.03,0.32841,71.051
7486,06/06/2026 12:12:30,3.075,74.113,12.03,0.32848,71.038
7487,06/06/2026 12:22:30,3.068,74.084,12.12,0.32778,71.016
7488,06/06/2026 12:32:30,3.063,74.068,12.22,0.32723,71.005
7489,06/06/2026 12:42:30,3.088,74.067,12.42,0.32977,70.979
7490,06/06/2026 12:52:30,3.074,74.053,12.71,0.32837,70.979
7491,06/06/2026 13:02:30,3.073,74.028,12.90,0.32831,70.955
7492,06/06/2026 13:12:30,3.067,74.018,13.19,0.32769,70.951
7493,06/06/2026 13:22:30,3.061,74.009,13.38,0.32713,70.948
7494,06/06/2026 13:32:30,3.077,74.008,13.57,0.32876,70.931
7495,06/06/2026 13:42:30,3.069,74.011,13.77,0.32793,70.942
7496,06/06/2026 13:52:30,3.064,73.999,13.77,0.32743,70.935
7497,06/06/2026 14:02:30,3.080,74.006,13.96,0.32906,70.926
7498,06/06/2026 14:12:30,3.095,74.010,14.05,0.33061,70.915
7499,06/06/2026 14:22:30,3.082,73.994,14.05,0.32928,70.912
7500,06/06/2026 14:32:30,3.084,73.981,14.15,0.32949,70.897
7501,06/06/2026 14:42:30,3.078,73.965,14.15,0.32886,70.887
7502,06/06/2026 14:52:30,3.074,73.949,14.15,0.32844,70.875
7503,06/06/2026 15:02:30,3.072,73.948,14.25,0.32830,70.876
7504,06/06/2026 15:12:30,3.079,73.948,14.34,0.32901,70.869
7505,06/06/2026 15:22:30,3.066,73.926,14.63,0.32769,70.860
7506,06/06/2026 15:32:30,3.065,73.917,14.82,0.32762,70.852
7507,06/06/2026 15:42:30,3.052,73.905,14.92,0.32622,70.853
7508,06/06/2026 15:52:30,3.066,73.904,15.01,0.32770,70.838
7509,06/06/2026 16:02:30,3.043,73.879,15.20,0.32539,70.836
7510,06/06/2026 16:12:30,3.047,73.867,15.30,0.32575,70.820
7511,06/06/2026 16:22:30,3.046,73.861,15.59,0.32576,70.815
7512,06/06/2026 16:32:30,3.045,73.853,15.78,0.32556,70.808
7513,06/06/2026 16:42:30,3.047,73.848,15.97,0.32578,70.801
7514,06/06/2026 16:52:30,3.037,73.835,16.16,0.32481,70.798
7515,06/06/2026 17:02:30,3.035,73.830,16.25,0.32460,70.795
7516,06/06/2026 17:12:30,3.022,73.818,16.35,0.32327,70.796
7517,06/06/2026 17:22:30,3.017,73.793,16.45,0.32278,70.776
7518,06/06/2026 17:32:30,3.016,73.789,16.45,0.32271,70.773
7519,06/06/2026 17:42:30,3.019,73.797,16.54,0.32300,70.778
7520,06/06/2026 17:52:30,3.013,73.789,16.54,0.32237,70.776
7521,06/06/2026 18:02:30,3.001,73.777,16.54,0.32110,70.776
7522,06/06/2026 18:12:30,2.993,73.765,16.54,0.32025,70.772
7523,06/06/2026 18:22:30,2.984,73.740,16.54,0.31948,70.756
7524,06/06/2026 18:32:30,2.984,73.744,16.54,0.31948,70.760
7525,06/06/2026 18:42:30,2.975,73.737,16.45,0.31849,70.762
7526,06/06/2026 18:52:30,2.963,73.725,16.35,0.31729,70.762
7527,06/06/2026 19:02:30,2.951,73.717,16.35,0.31602,70.766
7528,06/06/2026 19:12:30,2.964,73.734,16.25,0.31728,70.770
7529,06/06/2026 19:22:30,2.939,73.709,16.25,0.31482,70.770
7530,06/06/2026 19:32:30,2.945,73.714,16.16,0.31538,70.769
7531,06/06/2026 19:42:30,2.931,73.702,16.16,0.31397,70.771
7532,06/06/2026 19:52:30,2.934,73.710,16.06,0.31431,70.776
7533,06/06/2026 20:02:30,2.922,73.702,15.97,0.31311,70.780
7534,06/06/2026 20:12:30,2.926,73.715,15.97,0.31339,70.789
7535,06/06/2026 20:22:30,2.920,73.711,15.87,0.31283,70.791
7536,06/06/2026 20:32:30,2.904,73.691,15.78,0.31120,70.787
7537,06/06/2026 20:42:30,2.897,73.692,15.68,0.31042,70.795
7538,06/06/2026 20:52:30,2.904,73.700,15.59,0.31119,70.796
7539,06/06/2026 21:02:30,2.907,73.696,15.59,0.31147,70.789
7540,06/06/2026 21:12:30,2.888,73.684,15.49,0.30957,70.796
7541,06/06/2026 21:22:30,2.896,73.697,15.40,0.31034,70.801
7542,06/06/2026 21:32:30,2.889,73.713,15.30,0.30970,70.824
7543,06/06/2026 21:42:30,2.888,73.726,15.20,0.30955,70.838
7544,06/06/2026 21:52:30,2.876,73.726,15.11,0.30835,70.850
7545,06/06/2026 22:02:30,2.884,73.747,15.11,0.30906,70.863
7546,06/06/2026 22:12:30,2.878,73.755,15.01,0.30849,70.877
7547,06/06/2026 22:22:30,2.876,73.760,14.92,0.30827,70.884
7548,06/06/2026 22:32:30,2.873,73.764,14.92,0.30792,70.891
7549,06/06/2026 22:42:30,2.860,73.764,14.82,0.30665,70.904
7550,06/06/2026 22:52:30,2.862,73.764,14.73,0.30693,70.902
7551,06/06/2026 23:02:30,2.869,73.761,14.63,0.30756,70.892
7552,06/06/2026 23:12:30,2.856,73.745,14.63,0.30622,70.889
7553,06/06/2026 23:22:30,2.850,73.737,14.53,0.30565,70.887
7554,06/06/2026 23:32:30,2.849,73.742,14.44,0.30551,70.893
7555,06/06/2026 23:42:30,2.852,73.742,14.34,0.30585,70.890
7556,06/06/2026 23:52:30,2.841,73.735,14.25,0.30472,70.893
7557,06/07/2026 00:02:30,2.849,73.743,14.15,0.30549,70.894
7558,06/07/2026 00:12:30,2.851,73.731,14.15,0.30570,70.880
7559,06/07/2026 00:22:30,2.846,73.723,14.05,0.30521,70.877
7560,06/07/2026 00:32:30,2.831,73.712,13.96,0.30366,70.881
7561,06/07/2026 00:42:30,2.825,73.700,13.86,0.30302,70.875
7562,06/07/2026 00:52:30,2.829,73.701,13.77,0.30337,70.872
7563,06/07/2026 01:02:30,2.825,73.689,13.67,0.30301,70.864
7564,06/07/2026 01:12:30,2.820,73.677,13.57,0.30258,70.857
7565,06/07/2026 01:22:30,2.831,73.686,13.48,0.30364,70.855
7566,06/07/2026 01:32:30,2.820,73.666,13.38,0.30251,70.846
7567,06/07/2026 01:42:30,2.815,73.663,13.28,0.30194,70.848
7568,06/07/2026 01:52:30,2.817,73.667,13.28,0.30215,70.850
7569,06/07/2026 02:02:30,2.821,73.667,13.19,0.30264,70.846
7570,06/07/2026 02:12:30,2.819,73.668,13.09,0.30235,70.849
7571,06/07/2026 02:22:30,2.806,73.656,13.00,0.30108,70.850
7572,06/07/2026 02:32:30,2.821,73.673,12.90,0.30256,70.852
7573,06/07/2026 02:42:30,2.825,73.673,12.80,0.30304,70.848
7574,06/07/2026 02:52:30,2.811,73.662,12.71,0.30156,70.851
7575,06/07/2026 03:02:30,2.811,73.666,12.61,0.30156,70.855
7576,06/07/2026 03:12:30,2.800,73.651,12.51,0.30043,70.851
7577,06/07/2026 03:22:30,2.792,73.639,12.42,0.29965,70.847
7578,06/07/2026 03:32:30,2.810,73.652,12.32,0.30141,70.842
7579,06/07/2026 03:42:30,2.808,73.644,12.22,0.30126,70.836
7580,06/07/2026 03:52:30,2.803,73.645,12.12,0.30070,70.842
7581,06/07/2026 04:02:30,2.800,73.653,12.03,0.30048,70.853
7582,06/07/2026 04:12:30,2.812,73.662,11.93,0.30161,70.850
7583,06/07/2026 04:22:30,2.810,73.667,11.83,0.30139,70.857
7584,06/07/2026 04:32:30,2.816,73.675,11.74,0.30202,70.859
7585,06/07/2026 04:42:30,2.819,73.672,11.64,0.30230,70.853
7586,06/07/2026 04:52:30,2.810,73.664,11.54,0.30145,70.854
7587,06/07/2026 05:02:30,2.829,73.689,11.44,0.30335,70.860
7588,06/07/2026 05:12:30,2.833,73.694,11.35,0.30369,70.861
7589,06/07/2026 05:22:30,2.838,73.706,11.25,0.30425,70.868
7590,06/07/2026 05:32:30,2.827,73.694,11.25,0.30313,70.867
7591,06/07/2026 05:42:30,2.838,73.699,11.15,0.30425,70.861
7592,06/07/2026 05:52:30,2.829,73.703,11.05,0.30340,70.874
7593,06/07/2026 06:02:30,2.833,73.708,10.96,0.30375,70.875
7594,06/07/2026 06:12:30,2.834,73.713,10.86,0.30382,70.879
7595,06/07/2026 06:22:30,2.819,73.701,10.76,0.30234,70.882
7596,06/07/2026 06:32:30,2.837,73.726,10.66,0.30409,70.889
7597,06/07/2026 06:42:30,2.841,73.739,10.57,0.30458,70.897
7598,06/07/2026 06:52:30,2.841,73.747,10.57,0.30451,70.906
7599,06/07/2026 07:02:30,2.848,73.755,10.47,0.30528,70.907
7600,06/07/2026 07:12:30,2.867,73.776,10.37,0.30718,70.909
7601,06/07/2026 07:22:30,2.859,73.776,10.37,0.30641,70.917
7602,06/07/2026 07:32:30,2.873,73.788,10.37,0.30781,70.915
7603,06/07/2026 07:42:30,2.887,73.797,10.27,0.30922,70.910
7604,06/07/2026 07:52:30,2.906,73.805,10.27,0.31119,70.899
7605,06/07/2026 08:02:30,2.916,73.813,10.27,0.31217,70.897
7606,06/07/2026 08:12:30,2.923,73.805,10.27,0.31287,70.882
7607,06/07/2026 08:22:30,2.935,73.816,10.37,0.31414,70.881
7608,06/07/2026 08:32:30,2.932,73.808,10.37,0.31386,70.876
7609,06/07/2026 08:42:30,2.930,73.808,10.37,0.31365,70.878
7610,06/07/2026 08:52:30,2.941,73.800,10.47,0.31471,70.859
7611,06/07/2026 09:02:30,2.947,73.819,10.57,0.31535,70.872
7612,06/07/2026 09:12:30,2.922,73.799,10.57,0.31281,70.877
7613,06/07/2026 09:22:30,2.941,73.810,10.66,0.31479,70.869
7614,06/07/2026 09:32:30,2.937,73.806,10.76,0.31437,70.869
7615,06/07/2026 09:42:30,2.942,73.809,10.86,0.31486,70.867
7616,06/07/2026 09:52:30,2.941,73.796,11.05,0.31480,70.855
7617,06/07/2026 10:02:30,2.946,73.787,11.15,0.31530,70.841
7618,06/07/2026 10:12:30,2.941,73.775,11.25,0.31474,70.834
7619,06/07/2026 10:22:30,2.942,73.770,11.44,0.31481,70.828
7620,06/07/2026 10:32:30,2.946,73.781,11.64,0.31524,70.835
7621,06/07/2026 10:42:30,2.953,73.784,11.74,0.31602,70.831
7622,06/07/2026 10:52:30,2.944,73.787,11.93,0.31511,70.843
7623,06/07/2026 11:02:30,2.938,73.782,12.12,0.31449,70.844
7624,06/07/2026 11:12:30,2.947,73.789,12.22,0.31548,70.842
7625,06/07/2026 11:22:30,2.937,73.780,12.42,0.31443,70.843
7626,06/07/2026 11:32:30,2.949,73.799,12.61,0.31570,70.850
7627,06/07/2026 11:42:30,2.945,73.790,12.80,0.31529,70.845
7628,06/07/2026 11:52:30,2.954,73.797,13.00,0.31621,70.843
7629,06/07/2026 12:02:30,2.947,73.788,13.19,0.31552,70.841
7630,06/07/2026 12:12:30,2.954,73.796,13.28,0.31615,70.842
7631,06/07/2026 12:22:30,2.960,73.795,13.38,0.31686,70.835
7632,06/07/2026 12:32:30,2.948,73.787,13.38,0.31559,70.839
7633,06/07/2026 12:42:30,2.953,73.795,13.48,0.31609,70.842
7634,06/07/2026 12:52:30,2.962,73.803,13.48,0.31701,70.841
7635,06/07/2026 13:02:30,2.959,73.786,13.57,0.31673,70.827
7636,06/07/2026 13:12:30,2.950,73.773,13.77,0.31582,70.823
7637,06/07/2026 13:22:30,2.964,73.768,14.05,0.31717,70.804
7638,06/07/2026 13:32:30,2.960,73.774,14.34,0.31690,70.814
7639,06/07/2026 13:42:30,2.961,73.773,14.53,0.31698,70.812
7640,06/07/2026 13:52:30,2.968,73.760,14.82,0.31770,70.792
7641,06/07/2026 14:02:30,2.959,73.779,15.11,0.31673,70.820
7642,06/07/2026 14:12:30,2.960,73.786,15.30,0.31688,70.826
7643,06/07/2026 14:22:30,2.965,73.781,15.49,0.31745,70.816
7644,06/07/2026 14:32:30,2.954,73.776,15.68,0.31634,70.822
7645,06/07/2026 14:42:30,2.963,73.788,15.87,0.31719,70.825
7646,06/07/2026 14:52:30,2.945,73.771,15.97,0.31537,70.826
7647,06/07/2026 15:02:30,2.951,73.778,16.16,0.31608,70.827
7648,06/07/2026 15:12:30,2.943,73.757,16.35,0.31524,70.814
7649,06/07/2026 15:22:30,2.941,73.769,16.54,0.31497,70.828
7650,06/07/2026 15:32:30,2.947,73.764,16.73,0.31562,70.817
7651,06/07/2026 15:42:30,2.932,73.751,16.83,0.31414,70.819
7652,06/07/2026 15:52:30,2.932,73.751,16.92,0.31415,70.819
7653,06/07/2026 16:02:30,2.938,73.755,17.02,0.31472,70.817
7654,06/07/2026 16:12:30,2.923,73.734,17.02,0.31324,70.811
7655,06/07/2026 16:22:30,2.916,73.726,17.11,0.31247,70.810
7656,06/07/2026 16:32:30,2.913,73.726,17.11,0.31219,70.813
7657,06/07/2026 16:42:30,2.906,73.718,17.21,0.31142,70.812
7658,06/07/2026 16:52:30,2.919,73.742,17.21,0.31276,70.823
7659,06/07/2026 17:02:30,2.887,73.714,17.21,0.30952,70.827
7660,06/07/2026 17:12:30,2.896,73.722,17.11,0.31043,70.826
7661,06/07/2026 17:22:30,2.892,73.718,17.11,0.31001,70.826
7662,06/07/2026 17:32:30,2.880,73.698,17.11,0.30881,70.818
7663,06/07/2026 17:42:30,2.881,73.702,17.11,0.30888,70.821
7664,06/07/2026 17:52:30,2.877,73.686,17.02,0.30852,70.809
7665,06/07/2026 18:02:30,2.855,73.661,17.11,0.30627,70.806
7666,06/07/2026 18:12:30,2.865,73.665,17.11,0.30733,70.800
7667,06/07/2026 18:22:30,2.851,73.653,17.11,0.30592,70.802
7668,06/07/2026 18:32:30,2.854,73.661,17.11,0.30620,70.807
7669,06/07/2026 18:42:30,2.831,73.662,17.02,0.30380,70.831
7670,06/07/2026 18:52:30,2.835,73.670,16.92,0.30422,70.835
7671,06/07/2026 19:02:30,2.837,73.679,16.83,0.30436,70.842
7672,06/07/2026 19:12:30,2.819,73.675,16.73,0.30259,70.856
7673,06/07/2026 19:22:30,2.813,73.671,16.73,0.30196,70.858
7674,06/07/2026 19:32:30,2.804,73.659,16.64,0.30104,70.855
7675,06/07/2026 19:42:30,2.799,73.672,16.54,0.30047,70.873
7676,06/07/2026 19:52:30,2.795,73.684,16.45,0.30011,70.889
7677,06/07/2026 20:02:30,2.797,73.700,16.45,0.30032,70.903
7678,06/07/2026 20:12:30,2.766,73.685,16.35,0.29708,70.919
7679,06/07/2026 20:22:30,2.769,73.701,16.25,0.29743,70.932
7680,06/07/2026 20:32:30,2.774,73.698,16.16,0.29792,70.924
7681,06/07/2026 20:42:30,2.768,73.690,16.06,0.29735,70.922
7682,06/07/2026 20:52:30,2.765,73.694,16.06,0.29700,70.929
7683,06/07/2026 21:02:30,2.749,73.694,15.97,0.29544,70.945
7684,06/07/2026 21:12:30,2.755,73.703,15.87,0.29600,70.948
7685,06/07/2026 21:22:30,2.744,73.691,15.78,0.29487,70.947
7686,06/07/2026 21:32:30,2.753,73.708,15.68,0.29571,70.955
7687,06/07/2026 21:42:30,2.755,73.724,15.59,0.29599,70.969
7688,06/07/2026 21:52:30,2.743,73.741,15.49,0.29472,70.998
7689,06/07/2026 22:02:30,2.733,73.745,15.49,0.29373,71.012
7690,06/07/2026 22:12:30,2.734,73.778,15.40,0.29380,71.044
7691,06/07/2026 22:22:30,2.737,73.786,15.30,0.29414,71.049
7692,06/07/2026 22:32:30,2.725,73.791,15.20,0.29287,71.066
7693,06/07/2026 22:42:30,2.722,73.791,15.11,0.29259,71.069
7694,06/07/2026 22:52:30,2.723,73.783,15.11,0.29266,71.060
7695,06/07/2026 23:02:30,2.701,73.759,15.01,0.29047,71.058
7696,06/07/2026 23:12:30,2.705,73.764,14.92,0.29082,71.059
7697,06/07/2026 23:22:30,2.701,73.772,14.82,0.29046,71.071
7698,06/07/2026 23:32:30,2.700,73.769,14.73,0.29025,71.069
7699,06/07/2026 23:42:30,2.696,73.765,14.63,0.28989,71.069
7700,06/07/2026 23:52:30,2.698,73.773,14.53,0.29017,71.075
7701,06/08/2026 00:02:30,2.696,73.774,14.44,0.28988,71.078
7702,06/08/2026 00:12:30,2.692,73.778,14.34,0.28953,71.086
7703,06/08/2026 00:22:30,2.687,73.783,14.25,0.28896,71.096
7704,06/08/2026 00:32:30,2.697,73.787,14.15,0.29001,71.090
7705,06/08/2026 00:42:30,2.689,73.760,14.05,0.28916,71.071
7706,06/08/2026 00:52:30,2.681,73.748,13.96,0.28831,71.067
7707,06/08/2026 01:02:30,2.672,73.732,13.86,0.28747,71.060
7708,06/08/2026 01:12:30,2.679,73.733,13.77,0.28810,71.054
7709,06/08/2026 01:22:30,2.668,73.725,13.67,0.28704,71.057
7710,06/08/2026 01:32:30,2.673,73.730,13.57,0.28752,71.057
7711,06/08/2026 01:42:30,2.669,73.730,13.57,0.28710,71.061
7712,06/08/2026 01:52:30,2.672,73.734,13.48,0.28745,71.062
7713,06/08/2026 02:02:30,2.679,73.735,13.38,0.28808,71.056
7714,06/08/2026 02:12:30,2.675,73.731,13.28,0.28772,71.056
7715,06/08/2026 02:22:30,2.678,73.748,13.19,0.28800,71.070
7716,06/08/2026 02:32:30,2.686,73.756,13.19,0.28885,71.070
7717,06/08/2026 02:42:30,2.673,73.748,13.09,0.28751,71.075
7718,06/08/2026 02:52:30,2.669,73.737,13.00,0.28708,71.068
7719,06/08/2026 03:02:30,2.679,73.749,12.90,0.28813,71.070
7720,06/08/2026 03:12:30,2.678,73.746,12.80,0.28799,71.068
7721,06/08/2026 03:22:30,2.677,73.750,12.71,0.28791,71.073
7722,06/08/2026 03:32:30,2.685,73.767,12.61,0.28868,71.082
7723,06/08/2026 03:42:30,2.683,73.764,12.51,0.28847,71.081
7724,06/08/2026 03:52:30,2.684,73.776,12.42,0.28861,71.092
7725,06/08/2026 04:02:30,2.698,73.789,12.32,0.29001,71.091
7726,06/08/2026 04:12:30,2.690,73.789,12.22,0.28923,71.099
7727,06/08/2026 04:22:30,2.695,73.801,12.22,0.28973,71.106
7728,06/08/2026 04:32:30,2.703,73.814,12.12,0.29057,71.111
7729,06/08/2026 04:42:30,2.704,73.815,12.03,0.29056,71.111
7730,06/08/2026 04:52:30,2.703,73.827,11.93,0.29056,71.124
7731,06/08/2026 05:02:30,2.712,73.844,11.83,0.29140,71.132
7732,06/08/2026 05:12:30,2.722,73.861,11.74,0.29238,71.139
7733,06/08/2026 05:22:30,2.724,73.865,11.64,0.29266,71.141
7734,06/08/2026 05:32:30,2.718,73.858,11.54,0.29202,71.140
7735,06/08/2026 05:42:30,2.717,73.866,11.44,0.29195,71.149
7736,06/08/2026 05:52:30,2.743,73.899,11.35,0.29462,71.156
7737,06/08/2026 06:02:30,2.729,73.896,11.25,0.29314,71.167
7738,06/08/2026 06:12:30,2.737,73.916,11.15,0.29398,71.179
7739,06/08/2026 06:22:30,2.740,73.929,11.05,0.29426,71.189
7740,06/08/2026 06:32:30,2.739,73.929,11.05,0.29419,71.190
7741,06/08/2026 06:42:30,2.737,73.934,10.96,0.29390,71.197
7742,06/08/2026 06:52:30,2.725,73.922,10.86,0.29278,71.197
7743,06/08/2026 07:02:30,2.738,73.934,10.86,0.29411,71.196
7744,06/08/2026 07:12:30,2.732,73.922,10.86,0.29348,71.190
7745,06/08/2026 07:22:30,2.737,73.930,10.86,0.29397,71.193
7746,06/08/2026 07:32:30,2.747,73.959,10.76,0.29495,71.212
7747,06/08/2026 07:42:30,2.741,73.967,10.76,0.29439,71.226
7748,06/08/2026 07:52:30,2.751,73.979,10.76,0.29537,71.228
7749,06/08/2026 08:02:30,2.746,73.979,10.76,0.29488,71.233
7750,06/08/2026 08:12:30,2.767,73.999,10.76,0.29706,71.232
7751,06/08/2026 08:22:30,2.769,73.999,10.76,0.29727,71.230
7752,06/08/2026 08:32:30,2.779,73.999,10.76,0.29826,71.220
7753,06/08/2026 08:42:30,2.780,74.003,10.86,0.29833,71.223
7754,06/08/2026 08:52:30,2.783,74.010,10.96,0.29869,71.227
7755,06/08/2026 09:02:30,2.795,74.026,10.96,0.29988,71.231
7756,06/08/2026 09:12:30,2.802,74.022,11.05,0.30059,71.220
7757,06/08/2026 09:22:30,2.790,74.021,11.15,0.29940,71.231
7758,06/08/2026 09:32:30,2.810,74.037,11.25,0.30137,71.227
7759,06/08/2026 09:42:30,2.818,74.052,11.35,0.30229,71.234
7760,06/08/2026 09:52:30,2.813,74.039,11.54,0.30173,71.226
7761,06/08/2026 10:02:30,2.825,74.055,11.64,0.30293,71.230
7762,06/08/2026 10:12:30,2.814,74.033,11.83,0.30188,71.219
7763,06/08/2026 10:22:30,2.817,74.037,11.93,0.30217,71.220
7764,06/08/2026 10:32:30,2.809,74.036,12.12,0.30133,71.227
7765,06/08/2026 10:42:30,2.824,74.059,12.32,0.30289,71.235
7766,06/08/2026 10:52:30,2.833,74.050,12.51,0.30381,71.217
7767,06/08/2026 11:02:30,2.845,74.069,12.71,0.30501,71.224
7768,06/08/2026 11:12:30,2.840,74.064,12.90,0.30453,71.224
7769,06/08/2026 11:22:30,2.832,74.055,13.09,0.30369,71.223
7770,06/08/2026 11:32:30,2.843,74.074,13.28,0.30489,71.231
7771,06/08/2026 11:42:30,2.841,74.077,13.48,0.30469,71.236
7772,06/08/2026 11:52:30,2.844,74.080,13.67,0.30498,71.236
7773,06/08/2026 12:02:30,2.840,74.067,13.86,0.30457,71.227
7774,06/08/2026 12:12:30,2.837,74.055,13.96,0.30422,71.218
7775,06/08/2026 12:22:30,2.830,74.042,14.05,0.30359,71.212
7776,06/08/2026 12:32:30,2.846,74.038,14.15,0.30514,71.192
7777,06/08/2026 12:42:30,2.842,74.029,14.34,0.30473,71.187
7778,06/08/2026 12:52:30,2.838,74.024,14.53,0.30438,71.186
7779,06/08/2026 13:02:30,2.831,74.015,14.73,0.30369,71.184
7780,06/08/2026 13:12:30,2.839,74.014,14.92,0.30447,71.175
7781,06/08/2026 13:22:30,2.841,74.017,15.01,0.30476,71.176
7782,06/08/2026 13:32:30,2.854,74.017,15.01,0.30610,71.163
7783,06/08/2026 13:42:30,2.839,73.993,15.11,0.30448,71.154
7784,06/08/2026 13:52:30,2.843,73.972,15.30,0.30491,71.129
7785,06/08/2026 14:02:30,2.853,73.991,15.40,0.30604,71.138
7786,06/08/2026 14:12:30,2.828,73.971,15.40,0.30344,71.143
7787,06/08/2026 14:22:30,2.839,74.000,15.40,0.30450,71.161
7788,06/08/2026 14:32:30,2.829,74.008,15.20,0.30357,71.179
7789,06/08/2026 14:42:30,2.837,74.004,15.20,0.30435,71.167
7790,06/08/2026 14:52:30,2.848,74.004,15.20,0.30547,71.156
7791,06/08/2026 15:02:30,2.844,73.988,15.30,0.30505,71.144
7792,06/08/2026 15:12:30,2.840,74.000,15.30,0.30463,71.160
7793,06/08/2026 15:22:30,2.833,73.988,15.20,0.30392,71.155
7794,06/08/2026 15:32:30,2.852,73.996,15.20,0.30589,71.144
7795,06/08/2026 15:42:30,2.840,73.972,15.30,0.30463,71.132
7796,06/08/2026 15:52:30,2.849,73.988,15.30,0.30555,71.139
7797,06/08/2026 16:02:30,2.831,73.960,15.30,0.30365,71.129
7798,06/08/2026 16:12:30,2.824,73.935,15.30,0.30301,71.111
7799,06/08/2026 16:22:30,2.832,73.939,15.40,0.30379,71.107
7800,06/08/2026 16:32:30,2.819,73.923,15.30,0.30252,71.104
7801,06/08/2026 16:42:30,2.831,73.915,15.40,0.30372,71.084
7802,06/08/2026 16:52:30,2.828,73.914,15.49,0.30344,71.086
7803,06/08/2026 17:02:30,2.825,73.894,15.59,0.30310,71.069
7804,06/08/2026 17:12:30,2.819,73.901,15.68,0.30254,71.082
7805,06/08/2026 17:22:30,2.815,73.881,15.68,0.30212,71.066
7806,06/08/2026 17:32:30,2.797,73.852,15.87,0.30030,71.055
7807,06/08/2026 17:42:30,2.818,73.848,15.97,0.30241,71.030
7808,06/08/2026 17:52:30,2.803,73.855,16.06,0.30094,71.052
7809,06/08/2026 18:02:30,2.796,73.839,16.06,0.30023,71.043
7810,06/08/2026 18:12:30,2.806,73.847,16.06,0.30122,71.041
7811,06/08/2026 18:22:30,2.812,73.851,16.06,0.30185,71.039
7812,06/08/2026 18:32:30,2.796,73.848,15.97,0.30016,71.052
7813,06/08/2026 18:42:30,2.790,73.856,15.97,0.29953,71.066
7814,06/08/2026 18:52:30,2.785,73.856,15.87,0.29910,71.071
7815,06/08/2026 19:02:30,2.771,73.853,15.78,0.29755,71.082
7816,06/08/2026 19:12:30,2.781,73.869,15.68,0.29867,71.088
7817,06/08/2026 19:22:30,2.788,73.894,15.59,0.29930,71.106
7818,06/08/2026 19:32:30,2.801,73.910,15.49,0.30070,71.109
7819,06/08/2026 19:42:30,2.792,73.914,15.49,0.29978,71.122
7820,06/08/2026 19:52:30,2.788,73.927,15.40,0.29929,71.139
7821,06/08/2026 20:02:30,2.773,73.919,15.30,0.29780,71.146
7822,06/08/2026 20:12:30,2.769,73.923,15.30,0.29738,71.154
7823,06/08/2026 20:22:30,2.766,73.924,15.20,0.29703,71.158
7824,06/08/2026 20:32:30,2.737,73.904,15.11,0.29414,71.167
7825,06/08/2026 20:42:30,2.752,73.920,15.11,0.29568,71.168
7826,06/08/2026 20:52:30,2.728,73.904,15.01,0.29322,71.176
7827,06/08/2026 21:02:30,2.735,73.917,14.92,0.29392,71.182
7828,06/08/2026 21:12:30,2.726,73.909,14.82,0.29300,71.183
7829,06/08/2026 21:22:30,2.734,73.926,14.73,0.29377,71.192
7830,06/08/2026 21:32:30,2.715,73.918,14.63,0.29186,71.203
7831,06/08/2026 21:42:30,2.704,73.915,14.53,0.29066,71.211
7832,06/08/2026 21:52:30,2.704,73.935,14.44,0.29073,71.231
7833,06/08/2026 22:02:30,2.691,73.928,14.34,0.28939,71.237
7834,06/08/2026 22:12:30,2.696,73.940,14.25,0.28995,71.244
7835,06/08/2026 22:22:30,2.684,73.937,14.15,0.28860,71.253
7836,06/08/2026 22:32:30,2.683,73.945,14.05,0.28860,71.262
7837,06/08/2026 22:42:30,2.685,73.950,13.96,0.28874,71.265
7838,06/08/2026 22:52:30,2.686,73.958,13.86,0.28887,71.272
7839,06/08/2026 23:02:30,2.705,73.971,13.77,0.29077,71.266
7840,06/08/2026 23:12:30,2.677,73.943,13.67,0.28795,71.266
7841,06/08/2026 23:22:30,2.675,73.944,13.57,0.28767,71.269
7842,06/08/2026 23:32:30,2.681,73.948,13.48,0.28837,71.267
7843,06/08/2026 23:42:30,2.683,73.953,13.38,0.28850,71.270
7844,06/08/2026 23:52:30,2.673,73.937,13.28,0.28751,71.264
7845,06/09/2026 00:02:30,2.669,73.933,13.19,0.28716,71.264
7846,06/09/2026 00:12:30,2.671,73.930,13.09,0.28729,71.259
7847,06/09/2026 00:22:30,2.651,73.910,13.00,0.28525,71.259
7848,06/09/2026 00:32:30,2.651,73.907,12.90,0.28525,71.256
7849,06/09/2026 00:42:30,2.646,73.903,12.80,0.28475,71.257
7850,06/09/2026 00:52:30,2.642,73.908,12.71,0.28433,71.266
7851,06/09/2026 01:02:30,2.648,73.920,12.71,0.28489,71.272
7852,06/09/2026 01:12:30,2.633,73.900,12.61,0.28341,71.267
7853,06/09/2026 01:22:30,2.645,73.913,12.51,0.28460,71.268
7854,06/09/2026 01:32:30,2.633,73.897,12.42,0.28340,71.264
7855,06/09/2026 01:42:30,2.633,73.906,12.32,0.28340,71.273
7856,06/09/2026 01:52:30,2.638,73.918,12.22,0.28396,71.280
7857,06/09/2026 02:02:30,2.635,73.915,12.12,0.28360,71.280
7858,06/09/2026 02:12:30,2.637,73.911,12.03,0.28381,71.274
7859,06/09/2026 02:22:30,2.628,73.896,11.93,0.28282,71.268
7860,06/09/2026 02:32:30,2.639,73.900,11.83,0.28401,71.261
7861,06/09/2026 02:42:30,2.638,73.888,11.83,0.28394,71.250
7862,06/09/2026 02:52:30,2.649,73.885,11.74,0.28499,71.236
7863,06/09/2026 03:02:30,2.654,73.885,11.64,0.28555,71.231
7864,06/09/2026 03:12:30,2.644,73.886,11.54,0.28450,71.242
7865,06/09/2026 03:22:30,2.642,73.882,11.44,0.28435,71.240
7866,06/09/2026 03:32:30,2.661,73.903,11.35,0.28625,71.242
7867,06/09/2026 03:42:30,2.674,73.916,11.25,0.28751,71.242
7868,06/09/2026 03:52:30,2.664,73.908,11.25,0.28653,71.244
7869,06/09/2026 04:02:30,2.660,73.900,11.15,0.28610,71.240
7870,06/09/2026 04:12:30,2.666,73.889,11.05,0.28666,71.223
7871,06/09/2026 04:22:30,2.670,73.901,10.96,0.28715,71.231
7872,06/09/2026 04:32:30,2.663,73.894,10.86,0.28637,71.231
7873,06/09/2026 04:42:30,2.671,73.899,10.76,0.28714,71.228
7874,06/09/2026 04:52:30,2.661,73.887,10.66,0.28623,71.226
7875,06/09/2026 05:02:30,2.679,73.896,10.57,0.28798,71.217
7876,06/09/2026 05:12:30,2.677,73.896,10.47,0.28784,71.219
7877,06/09/2026 05:22:30,2.668,73.888,10.47,0.28692,71.220
7878,06/09/2026 05:32:30,2.673,73.885,10.37,0.28741,71.212
7879,06/09/2026 05:42:30,2.677,73.881,10.27,0.28783,71.204
7880,06/09/2026 05:52:30,2.696,73.902,10.17,0.28973,71.206
7881,06/09/2026 06:02:30,2.682,73.887,10.08,0.28825,71.205
7882,06/09/2026 06:12:30,2.685,73.887,9.98,0.28867,71.202
7883,06/09/2026 06:22:30,2.699,73.907,9.98,0.29008,71.208
7884,06/09/2026 06:32:30,2.707,73.920,9.88,0.29085,71.213
7885,06/09/2026 06:42:30,2.698,73.905,9.78,0.28993,71.207
7886,06/09/2026 06:52:30,2.698,73.905,9.78,0.28993,71.207
7887,06/09/2026 07:02:30,2.711,73.921,9.68,0.29133,71.210
7888,06/09/2026 07:12:30,2.694,73.906,9.58,0.28950,71.212
7889,06/09/2026 07:22:30,2.694,73.898,9.58,0.28950,71.204
7890,06/09/2026 07:32:30,2.689,73.878,9.48,0.28901,71.189
7891,06/09/2026 07:42:30,2.695,73.874,9.58,0.28957,71.179
7892,06/09/2026 07:52:30,2.711,73.894,9.48,0.29133,71.183
7893,06/09/2026 08:02:30,2.718,73.886,9.58,0.29196,71.168
7894,06/09/2026 08:12:30,2.738,73.910,9.58,0.29400,71.172
7895,06/09/2026 08:22:30,2.722,73.890,9.58,0.29239,71.168
7896,06/09/2026 08:32:30,2.726,73.882,9.58,0.29274,71.156
7897,06/09/2026 08:42:30,2.729,73.893,9.68,0.29309,71.164
7898,06/09/2026 08:52:30,2.735,73.901,9.68,0.29373,71.166
7899,06/09/2026 09:02:30,2.743,73.901,9.78,0.29450,71.158
7900,06/09/2026 09:12:30,2.744,73.884,9.88,0.29465,71.140
7901,06/09/2026 09:22:30,2.741,73.888,9.88,0.29429,71.147
7902,06/09/2026 09:32:30,2.744,73.891,9.98,0.29465,71.147
7903,06/09/2026 09:42:30,2.753,73.891,9.98,0.29556,71.138
7904,06/09/2026 09:52:30,2.751,73.887,10.08,0.29528,71.136
7905,06/09/2026 10:02:30,2.748,73.882,10.17,0.29508,71.134
7906,06/09/2026 10:12:30,2.764,73.885,10.27,0.29670,71.121
7907,06/09/2026 10:22:30,2.767,73.888,10.47,0.29705,71.121
7908,06/09/2026 10:32:30,2.771,73.888,10.57,0.29741,71.117
7909,06/09/2026 10:42:30,2.781,73.899,10.76,0.29840,71.118
7910,06/09/2026 10:52:30,2.780,73.894,10.86,0.29833,71.114
7911,06/09/2026 11:02:30,2.784,73.877,10.96,0.29876,71.093
7912,06/09/2026 11:12:30,2.779,73.856,11.15,0.29827,71.077
7913,06/09/2026 11:22:30,2.789,73.863,11.35,0.29926,71.074
7914,06/09/2026 11:32:30,2.775,73.826,11.44,0.29786,71.051
7915,06/09/2026 11:42:30,2.782,73.858,11.54,0.29857,71.076
7916,06/09/2026 11:52:30,2.780,73.821,11.64,0.29836,71.041
7917,06/09/2026 12:02:30,2.793,73.833,11.64,0.29969,71.040
7918,06/09/2026 12:12:30,2.802,73.866,11.54,0.30061,71.064
7919,06/09/2026 12:22:30,2.797,73.858,11.54,0.30004,71.061
7920,06/09/2026 12:32:30,2.788,73.829,11.54,0.29920,71.041
7921,06/09/2026 12:42:30,2.801,73.825,11.54,0.30054,71.024
7922,06/09/2026 12:52:30,2.804,73.796,11.74,0.30082,70.992
7923,06/09/2026 13:02:30,2.813,73.815,11.93,0.30175,71.002
7924,06/09/2026 13:12:30,2.803,73.811,12.03,0.30069,71.008
7925,06/09/2026 13:22:30,2.800,73.782,12.12,0.30042,70.982
7926,06/09/2026 13:32:30,2.813,73.769,12.22,0.30176,70.956
7927,06/09/2026 13:42:30,2.826,73.772,12.42,0.30310,70.946
7928,06/09/2026 13:52:30,2.821,73.754,12.71,0.30262,70.933
7929,06/09/2026 14:02:30,2.818,73.745,13.00,0.30228,70.927
7930,06/09/2026 14:12:30,2.812,73.740,13.19,0.30165,70.928
7931,06/09/2026 14:22:30,2.818,73.759,13.28,0.30236,70.941
7932,06/09/2026 14:32:30,2.829,73.743,13.38,0.30342,70.914
7933,06/09/2026 14:42:30,2.827,73.746,13.57,0.30322,70.919
7934,06/09/2026 14:52:30,2.820,73.737,13.77,0.30252,70.917
7935,06/09/2026 15:02:30,2.806,73.712,13.86,0.30112,70.906
7936,06/09/2026 15:12:30,2.818,73.731,14.05,0.30239,70.913
7937,06/09/2026 15:22:30,2.812,73.711,14.15,0.30169,70.899
7938,06/09/2026 15:32:30,2.819,73.726,14.25,0.30247,70.907
7939,06/09/2026 15:42:30,2.823,73.734,14.34,0.30283,70.911
7940,06/09/2026 15:52:30,2.821,73.685,14.44,0.30269,70.864
7941,06/09/2026 16:02:30,2.816,73.701,14.53,0.30213,70.885
7942,06/09/2026 16:12:30,2.814,73.677,14.53,0.30192,70.863
7943,06/09/2026 16:22:30,2.801,73.669,14.53,0.30058,70.868
7944,06/09/2026 16:32:30,2.791,73.632,14.53,0.29960,70.841
7945,06/09/2026 16:42:30,2.787,73.616,14.63,0.29918,70.829
7946,06/09/2026 16:52:30,2.794,73.612,14.63,0.29989,70.818
7947,06/09/2026 17:02:30,2.781,73.603,14.73,0.29862,70.822
7948,06/09/2026 17:12:30,2.781,73.603,14.73,0.29862,70.822
7949,06/09/2026 17:22:30,2.757,73.571,14.73,0.29609,70.814
7950,06/09/2026 17:32:30,2.769,73.591,14.82,0.29729,70.822
7951,06/09/2026 17:42:30,2.756,73.562,14.82,0.29609,70.806
7952,06/09/2026 17:52:30,2.746,73.562,14.82,0.29504,70.816
7953,06/09/2026 18:02:30,2.756,73.574,14.82,0.29609,70.818
7954,06/09/2026 18:12:30,2.744,73.547,14.73,0.29475,70.803
7955,06/09/2026 18:22:30,2.744,73.539,14.73,0.29475,70.795
7956,06/09/2026 18:32:30,2.742,73.543,14.63,0.29461,70.801
7957,06/09/2026 18:42:30,2.739,73.535,14.63,0.29432,70.796
7958,06/09/2026 18:52:30,2.732,73.548,14.53,0.29355,70.816
7959,06/09/2026 19:02:30,2.757,73.568,14.53,0.29608,70.811
7960,06/09/2026 19:12:30,2.733,73.556,14.44,0.29368,70.823
7961,06/09/2026 19:22:30,2.723,73.548,14.34,0.29269,70.825
7962,06/09/2026 19:32:30,2.728,73.545,14.25,0.29311,70.817
7963,06/09/2026 19:42:30,2.722,73.545,14.15,0.29254,70.823
7964,06/09/2026 19:52:30,2.724,73.549,14.15,0.29276,70.825
7965,06/09/2026 20:02:30,2.723,73.554,14.05,0.29261,70.831
7966,06/09/2026 20:12:30,2.709,73.534,14.05,0.29120,70.825
7967,06/09/2026 20:22:30,2.697,73.534,13.96,0.29000,70.837
7968,06/09/2026 20:32:30,2.695,73.510,13.96,0.28979,70.815
7969,06/09/2026 20:42:30,2.681,73.502,13.86,0.28838,70.821
7970,06/09/2026 20:52:30,2.667,73.487,13.77,0.28690,70.820
7971,06/09/2026 21:02:30,2.662,73.491,13.77,0.28641,70.829
7972,06/09/2026 21:12:30,2.683,73.515,13.67,0.28851,70.833
7973,06/09/2026 21:22:30,2.672,73.515,13.67,0.28746,70.843
7974,06/09/2026 21:32:30,2.660,73.508,13.57,0.28619,70.848
7975,06/09/2026 21:42:30,2.661,73.516,13.57,0.28626,70.855
7976,06/09/2026 21:52:30,2.653,73.508,13.48,0.28548,70.855
7977,06/09/2026 22:02:30,2.658,73.521,13.38,0.28597,70.863
7978,06/09/2026 22:12:30,2.638,73.513,13.38,0.28393,70.875
7979,06/09/2026 22:22:30,2.644,73.517,13.28,0.28456,70.873
7980,06/09/2026 22:32:30,2.645,73.522,13.28,0.28463,70.877
7981,06/09/2026 22:42:30,2.649,73.542,13.19,0.28505,70.893
7982,06/09/2026 22:52:30,2.640,73.543,13.09,0.28413,70.903
7983,06/09/2026 23:02:30,2.631,73.547,13.09,0.28321,70.916
7984,06/09/2026 23:12:30,2.628,73.588,13.00,0.28286,70.960
7985,06/09/2026 23:22:30,2.628,73.584,13.00,0.28286,70.956
7986,06/09/2026 23:32:30,2.624,73.555,13.00,0.28251,70.931
7987,06/09/2026 23:42:30,2.616,73.520,12.90,0.28159,70.904
7988,06/09/2026 23:52:30,2.623,73.540,12.90,0.28236,70.917
7989,06/10/2026 00:02:30,2.617,73.552,12.80,0.28180,70.935
7990,06/10/2026 00:12:30,2.604,73.565,12.71,0.28046,70.961
7991,06/10/2026 00:22:30,2.606,73.569,12.71,0.28067,70.963
7992,06/10/2026 00:32:30,2.592,73.525,12.61,0.27926,70.933
7993,06/10/2026 00:42:30,2.589,73.505,12.51,0.27897,70.916
7994,06/10/2026 00:52:30,2.589,73.485,12.51,0.27890,70.896
7995,06/10/2026 01:02:30,2.592,73.502,12.42,0.27918,70.910
7996,06/10/2026 01:12:30,2.593,73.510,12.42,0.27932,70.917
7997,06/10/2026 01:22:30,2.596,73.502,12.42,0.27960,70.906
7998,06/10/2026 01:32:30,2.580,73.478,12.32,0.27798,70.898
7999,06/10/2026 01:42:30,2.584,73.483,12.22,0.27840,70.899
8000,06/10/2026 01:52:30,2.562,73.459,12.22,0.27608,70.897
8001,06/10/2026 02:02:30,2.571,73.463,12.12,0.27706,70.892
8002,06/10/2026 02:12:30,2.567,73.448,12.03,0.27663,70.881
8003,06/10/2026 02:22:30,2.546,73.428,11.93,0.27452,70.882
8004,06/10/2026 02:32:30,2.558,73.440,11.93,0.27571,70.882
8005,06/10/2026 02:42:30,2.544,73.421,11.83,0.27423,70.877
8006,06/10/2026 02:52:30,2.543,73.425,11.74,0.27423,70.882
8007,06/10/2026 03:02:30,2.545,73.417,11.74,0.27437,70.872
8008,06/10/2026 03:12:30,2.544,73.418,11.64,0.27423,70.874
8009,06/10/2026 03:22:30,2.555,73.438,11.54,0.27542,70.883
8010,06/10/2026 03:32:30,2.550,73.438,11.54,0.27493,70.888
8011,06/10/2026 03:42:30,2.541,73.427,11.44,0.27394,70.886
8012,06/10/2026 03:52:30,2.563,73.431,11.44,0.27619,70.868
8013,06/10/2026 04:02:30,2.555,73.427,11.35,0.27541,70.872
8014,06/10/2026 04:12:30,2.558,73.435,11.35,0.27577,70.877
8015,06/10/2026 04:22:30,2.561,73.432,11.25,0.27597,70.871
8016,06/10/2026 04:32:30,2.562,73.433,11.15,0.27604,70.871
8017,06/10/2026 04:42:30,2.566,73.449,11.05,0.27653,70.883
8018,06/10/2026 04:52:30,2.572,73.446,10.96,0.27709,70.874
8019,06/10/2026 05:02:30,2.560,73.434,10.96,0.27590,70.874
8020,06/10/2026 05:12:30,2.564,73.446,10.86,0.27631,70.882
8021,06/10/2026 05:22:30,2.575,73.459,10.76,0.27744,70.884
8022,06/10/2026 05:32:30,2.570,73.460,10.66,0.27687,70.890
8023,06/10/2026 05:42:30,2.565,73.456,10.57,0.27645,70.891
8024,06/10/2026 05:52:30,2.581,73.473,10.47,0.27799,70.892
8025,06/10/2026 06:02:30,2.601,73.509,10.47,0.28010,70.908
8026,06/10/2026 06:12:30,2.630,73.534,10.37,0.28305,70.904
8027,06/10/2026 06:22:30,2.616,73.535,10.27,0.28157,70.919
8028,06/10/2026 06:32:30,2.622,73.551,10.17,0.28227,70.929
8029,06/10/2026 06:42:30,2.621,73.564,10.08,0.28213,70.943
8030,06/10/2026 06:52:30,2.617,73.568,10.08,0.28171,70.951
8031,06/10/2026 07:02:30,2.614,73.569,9.98,0.28135,70.955
8032,06/10/2026 07:12:30,2.596,73.557,9.88,0.27959,70.961
8033,06/10/2026 07:22:30,2.600,73.569,9.88,0.28001,70.969
8034,06/10/2026 07:32:30,2.611,73.578,9.88,0.28114,70.966
8035,06/10/2026 07:42:30,2.616,73.578,9.88,0.28163,70.961
8036,06/10/2026 07:52:30,2.613,73.578,9.88,0.28135,70.964
8037,06/10/2026 08:02:30,2.619,73.569,9.88,0.28191,70.950
8038,06/10/2026 08:12:30,2.613,73.569,9.88,0.28128,70.956
8039,06/10/2026 08:22:30,2.622,73.586,9.88,0.28213,70.964
8040,06/10/2026 08:32:30,2.611,73.573,9.98,0.28107,70.962
8041,06/10/2026 08:42:30,2.629,73.593,9.98,0.28290,70.964
8042,06/10/2026 08:52:30,2.639,73.613,10.08,0.28389,70.974
8043,06/10/2026 09:02:30,2.653,73.628,10.17,0.28537,70.975
8044,06/10/2026 09:12:30,2.647,73.631,10.27,0.28481,70.984
8045,06/10/2026 09:22:30,2.658,73.651,10.37,0.28587,70.993
8046,06/10/2026 09:32:30,2.688,73.667,10.47,0.28889,70.979
8047,06/10/2026 09:42:30,2.674,73.678,10.57,0.28749,71.004
8048,06/10/2026 09:52:30,2.663,73.681,10.66,0.28644,71.018
8049,06/10/2026 10:02:30,2.691,73.714,10.66,0.28925,71.023
8050,06/10/2026 10:12:30,2.699,73.717,10.86,0.29003,71.018
8051,06/10/2026 10:22:30,2.691,73.704,10.96,0.28926,71.013
8052,06/10/2026 10:32:30,2.680,73.675,11.05,0.28814,70.995
8053,06/10/2026 10:42:30,2.701,73.698,11.25,0.29033,70.997
8054,06/10/2026 10:52:30,2.689,73.689,11.35,0.28913,71.000
8055,06/10/2026 11:02:30,2.699,73.700,11.54,0.29012,71.001
8056,06/10/2026 11:12:30,2.708,73.716,11.64,0.29104,71.008
8057,06/10/2026 11:22:30,2.708,73.707,11.83,0.29098,70.999
8058,06/10/2026 11:32:30,2.700,73.686,12.03,0.29014,70.986
8059,06/10/2026 11:42:30,2.704,73.713,12.22,0.29057,71.009
8060,06/10/2026 11:52:30,2.706,73.692,12.42,0.29079,70.986
8061,06/10/2026 12:02:30,2.706,73.699,12.61,0.29079,70.993
8062,06/10/2026 12:12:30,2.702,73.697,12.80,0.29052,70.995
8063,06/10/2026 12:22:30,2.704,73.696,13.00,0.29074,70.992
8064,06/10/2026 12:32:30,2.711,73.732,13.19,0.29138,71.021
8065,06/10/2026 12:42:30,2.717,73.747,13.38,0.29202,71.030
8066,06/10/2026 12:52:30,2.708,73.718,13.57,0.29104,71.010
8067,06/10/2026 13:02:30,2.718,73.741,13.77,0.29211,71.023
8068,06/10/2026 13:12:30,2.703,73.712,13.96,0.29057,71.009
8069,06/10/2026 13:22:30,2.713,73.703,14.15,0.29156,70.990
8070,06/10/2026 13:32:30,2.714,73.698,14.34,0.29171,70.984
8071,06/10/2026 13:42:30,2.713,73.681,14.53,0.29158,70.968
8072,06/10/2026 13:52:30,2.713,73.668,14.73,0.29158,70.955
8073,06/10/2026 14:02:30,2.715,73.663,14.92,0.29180,70.948
8074,06/10/2026 14:12:30,2.710,73.642,15.11,0.29132,70.932
8075,06/10/2026 14:22:30,2.710,73.633,15.30,0.29133,70.923
8076,06/10/2026 14:32:30,2.712,73.632,15.49,0.29155,70.920
8077,06/10/2026 14:42:30,2.720,73.631,15.68,0.29240,70.911
8078,06/10/2026 14:52:30,2.718,73.630,15.87,0.29220,70.912
8079,06/10/2026 15:02:30,2.719,73.625,16.06,0.29235,70.906
8080,06/10/2026 15:12:30,2.706,73.617,16.16,0.29102,70.911
8081,06/10/2026 15:22:30,2.679,73.564,16.35,0.28821,70.885
8082,06/10/2026 15:32:30,2.699,73.587,16.45,0.29033,70.888
8083,06/10/2026 15:42:30,2.675,73.571,16.54,0.28787,70.896
8084,06/10/2026 15:52:30,2.686,73.566,16.64,0.28900,70.880
8085,06/10/2026 16:02:30,2.667,73.522,16.73,0.28703,70.855
8086,06/10/2026 16:12:30,2.668,73.521,16.83,0.28718,70.853
8087,06/10/2026 16:22:30,2.669,73.517,16.92,0.28725,70.848
8088,06/10/2026 16:32:30,2.639,73.500,17.02,0.28423,70.861
8089,06/10/2026 16:42:30,2.657,73.488,17.02,0.28606,70.831
8090,06/10/2026 16:52:30,2.636,73.468,17.11,0.28388,70.832
8091,06/10/2026 17:02:30,2.648,73.456,17.11,0.28508,70.808
8092,06/10/2026 17:12:30,2.654,73.435,17.21,0.28572,70.781
8093,06/10/2026 17:22:30,2.632,73.419,17.21,0.28347,70.787
8094,06/10/2026 17:32:30,2.620,73.411,17.21,0.28227,70.791
8095,06/10/2026 17:42:30,2.612,73.419,17.21,0.28142,70.807
8096,06/10/2026 17:52:30,2.610,73.407,17.21,0.28121,70.797
8097,06/10/2026 18:02:30,2.592,73.375,17.11,0.27938,70.783
8098,06/10/2026 18:12:30,2.581,73.371,17.02,0.27832,70.790
8099,06/10/2026 18:22:30,2.594,73.383,17.02,0.27965,70.789
8100,06/10/2026 18:32:30,2.578,73.359,17.02,0.27796,70.781
8101,06/10/2026 18:42:30,2.566,73.355,16.92,0.27676,70.789
8102,06/10/2026 18:52:30,2.561,73.360,16.73,0.27626,70.799
8103,06/10/2026 19:02:30,2.543,73.344,16.73,0.27436,70.801
8104,06/10/2026 19:12:30,2.535,73.340,16.64,0.27358,70.805
8105,06/10/2026 19:22:30,2.530,73.353,16.54,0.27301,70.823
8106,06/10/2026 19:32:30,2.526,73.341,16.45,0.27266,70.815
8107,06/10/2026 19:42:30,2.530,73.362,16.35,0.27300,70.832
8108,06/10/2026 19:52:30,2.515,73.338,16.25,0.27152,70.823
8109,06/10/2026 20:02:30,2.516,73.338,16.16,0.27166,70.822
8110,06/10/2026 20:12:30,2.517,73.359,16.16,0.27166,70.842
8111,06/10/2026 20:22:30,2.486,73.331,16.06,0.26849,70.845
8112,06/10/2026 20:32:30,2.474,73.323,15.97,0.26728,70.849
8113,06/10/2026 20:42:30,2.483,73.336,15.87,0.26820,70.853
8114,06/10/2026 20:52:30,2.476,73.332,15.78,0.26749,70.856
8115,06/10/2026 21:02:30,2.472,73.324,15.78,0.26706,70.852
8116,06/10/2026 21:12:30,2.480,73.336,15.68,0.26798,70.856
8117,06/10/2026 21:22:30,2.464,73.325,15.59,0.26621,70.861
8118,06/10/2026 21:32:30,2.466,73.337,15.49,0.26649,70.871
8119,06/10/2026 21:42:30,2.470,73.342,15.40,0.26684,70.872
8120,06/10/2026 21:52:30,2.469,73.338,15.40,0.26677,70.869
8121,06/10/2026 22:02:30,2.461,73.330,15.30,0.26599,70.869
8122,06/10/2026 22:12:30,2.446,73.318,15.20,0.26444,70.872
8123,06/10/2026 22:22:30,2.441,73.323,15.11,0.26387,70.882
8124,06/10/2026 22:32:30,2.438,73.319,15.01,0.26365,70.881
8125,06/10/2026 22:42:30,2.432,73.316,14.92,0.26295,70.884
8126,06/10/2026 22:52:30,2.420,73.296,14.82,0.26175,70.876
8127,06/10/2026 23:02:30,2.424,73.301,14.73,0.26209,70.877
8128,06/10/2026 23:12:30,2.417,73.297,14.63,0.26146,70.880
8129,06/10/2026 23:22:30,2.410,73.277,14.63,0.26068,70.867
8130,06/10/2026 23:32:30,2.392,73.257,14.53,0.25885,70.865
8131,06/10/2026 23:42:30,2.378,73.249,14.44,0.25751,70.871
8132,06/10/2026 23:52:30,2.382,73.238,14.34,0.25786,70.856
8133,06/11/2026 00:02:30,2.356,73.214,14.25,0.25518,70.858
8134,06/11/2026 00:12:30,2.374,73.239,14.15,0.25700,70.865
8135,06/11/2026 00:22:30,2.362,73.223,14.05,0.25580,70.861
8136,06/11/2026 00:32:30,2.365,73.220,13.96,0.25608,70.855
8137,06/11/2026 00:42:30,2.345,73.196,13.86,0.25404,70.851
8138,06/11/2026 00:52:30,2.344,73.192,13.77,0.25396,70.848
8139,06/11/2026 01:02:30,2.352,73.192,13.77,0.25481,70.840
8140,06/11/2026 01:12:30,2.345,73.193,13.67,0.25403,70.848
8141,06/11/2026 01:22:30,2.342,73.189,13.57,0.25375,70.847
8142,06/11/2026 01:32:30,2.337,73.186,13.48,0.25318,70.849
8143,06/11/2026 01:42:30,2.329,73.174,13.38,0.25240,70.845
8144,06/11/2026 01:52:30,2.342,73.175,13.28,0.25367,70.833
8145,06/11/2026 02:02:30,2.335,73.179,13.19,0.25303,70.844
8146,06/11/2026 02:12:30,2.327,73.180,13.09,0.25218,70.853
8147,06/11/2026 02:22:30,2.323,73.184,13.00,0.25183,70.861
8148,06/11/2026 02:32:30,2.328,73.189,12.90,0.25225,70.861
8149,06/11/2026 02:42:30,2.325,73.197,12.80,0.25203,70.872
8150,06/11/2026 02:52:30,2.315,73.190,12.71,0.25090,70.875
8151,06/11/2026 03:02:30,2.317,73.198,12.61,0.25118,70.881
8152,06/11/2026 03:12:30,2.328,73.215,12.61,0.25224,70.887
8153,06/11/2026 03:22:30,2.309,73.203,12.51,0.25033,70.894
8154,06/11/2026 03:32:30,2.312,73.212,12.42,0.25061,70.900
8155,06/11/2026 03:42:30,2.312,73.216,12.32,0.25068,70.904
8156,06/11/2026 03:52:30,2.318,73.233,12.22,0.25124,70.915
8157,06/11/2026 04:02:30,2.324,73.258,12.12,0.25180,70.934
8158,06/11/2026 04:12:30,2.327,73.250,12.03,0.25215,70.923
8159,06/11/2026 04:22:30,2.315,73.262,12.03,0.25095,70.947
8160,06/11/2026 04:32:30,2.320,73.271,11.93,0.25144,70.951
8161,06/11/2026 04:42:30,2.320,73.271,11.83,0.25144,70.951
8162,06/11/2026 04:52:30,2.322,73.276,11.74,0.25165,70.954
8163,06/11/2026 05:02:30,2.314,73.264,11.64,0.25087,70.950
8164,06/11/2026 05:12:30,2.318,73.277,11.64,0.25115,70.959
8165,06/11/2026 05:22:30,2.329,73.309,11.54,0.25235,70.980
8166,06/11/2026 05:32:30,2.326,73.294,11.44,0.25199,70.968
8167,06/11/2026 05:42:30,2.337,73.327,11.35,0.25311,70.990
8168,06/11/2026 05:52:30,2.338,73.347,11.25,0.25332,71.009
8169,06/11/2026 06:02:30,2.343,73.363,11.25,0.25381,71.020
8170,06/11/2026 06:12:30,2.348,73.392,11.15,0.25430,71.044
8171,06/11/2026 06:22:30,2.354,73.393,11.05,0.25486,71.039
8172,06/11/2026 06:32:30,2.360,73.410,10.96,0.25542,71.050
8173,06/11/2026 06:42:30,2.365,73.426,10.86,0.25605,71.061
8174,06/11/2026 06:52:30,2.369,73.435,10.76,0.25640,71.066
8175,06/11/2026 07:02:30,2.360,73.440,10.66,0.25542,71.080
8176,06/11/2026 07:12:30,2.382,73.460,10.66,0.25767,71.078
8177,06/11/2026 07:22:30,2.376,73.464,10.57,0.25717,71.088
8178,06/11/2026 07:32:30,2.368,73.456,10.57,0.25633,71.088
8179,06/11/2026 07:42:30,2.400,73.497,10.47,0.25956,71.097
8180,06/11/2026 07:52:30,2.406,73.497,10.47,0.26019,71.091
8181,06/11/2026 08:02:30,2.401,73.485,10.57,0.25963,71.084
8182,06/11/2026 08:12:30,2.420,73.509,10.57,0.26160,71.089
8183,06/11/2026 08:22:30,2.421,73.505,10.57,0.26167,71.084
8184,06/11/2026 08:32:30,2.409,73.489,10.57,0.26041,71.080
8185,06/11/2026 08:42:30,2.437,73.520,10.66,0.26337,71.083
8186,06/11/2026 08:52:30,2.437,73.516,10.76,0.26330,71.079
8187,06/11/2026 09:02:30,2.433,73.524,10.76,0.26288,71.091
8188,06/11/2026 09:12:30,2.495,73.571,10.86,0.26928,71.076
8189,06/11/2026 09:22:30,2.515,73.615,10.96,0.27132,71.100
8190,06/11/2026 09:32:30,2.535,73.631,11.05,0.27330,71.096
8191,06/11/2026 09:42:30,2.527,73.642,11.15,0.27252,71.115
8192,06/11/2026 09:52:30,2.534,73.634,11.25,0.27323,71.100
8193,06/11/2026 10:02:30,2.534,73.633,11.35,0.27323,71.099
8194,06/11/2026 10:12:30,2.528,73.632,11.54,0.27261,71.104
8195,06/11/2026 10:22:30,2.534,73.635,11.64,0.27331,71.101
8196,06/11/2026 10:32:30,2.556,73.667,11.74,0.27550,71.111
8197,06/11/2026 10:42:30,2.553,73.670,11.93,0.27522,71.117
8198,06/11/2026 10:52:30,2.572,73.698,12.03,0.27712,71.126
8199,06/11/2026 11:02:30,2.569,73.697,12.12,0.27685,71.128
8200,06/11/2026 11:12:30,2.567,73.700,12.32,0.27664,71.133
8201,06/11/2026 11:22:30,2.582,73.727,12.51,0.27820,71.145
8202,06/11/2026 11:32:30,2.586,73.723,12.61,0.27855,71.137
8203,06/11/2026 11:42:30,2.586,73.726,12.80,0.27856,71.140
8204,06/11/2026 11:52:30,2.585,73.737,13.00,0.27850,71.152
8205,06/11/2026 12:02:30,2.591,73.736,13.19,0.27914,71.145
8206,06/11/2026 12:12:30,2.580,73.731,13.38,0.27802,71.151
8207,06/11/2026 12:22:30,2.585,73.726,13.57,0.27852,71.141
8208,06/11/2026 12:32:30,2.599,73.745,13.77,0.27993,71.146
8209,06/11/2026 12:42:30,2.577,73.732,13.96,0.27769,71.155
8210,06/11/2026 12:52:30,2.587,73.739,14.25,0.27868,71.152
8211,06/11/2026 13:02:30,2.582,73.734,14.44,0.27820,71.152
8212,06/11/2026 13:12:30,2.611,73.749,14.63,0.28123,71.138
8213,06/11/2026 13:22:30,2.594,73.748,14.73,0.27955,71.154
8214,06/11/2026 13:32:30,2.595,73.764,14.92,0.27956,71.169
8215,06/11/2026 13:42:30,2.619,73.787,15.11,0.28203,71.168
8216,06/11/2026 13:52:30,2.594,73.758,15.30,0.27950,71.164
8217,06/11/2026 14:02:30,2.593,73.773,15.49,0.27944,71.180
8218,06/11/2026 14:12:30,2.604,73.784,15.68,0.28058,71.180
8219,06/11/2026 14:22:30,2.598,73.776,15.78,0.27995,71.178
8220,06/11/2026 14:32:30,2.603,73.791,15.97,0.28052,71.188
8221,06/11/2026 14:42:30,2.588,73.770,16.16,0.27898,71.182
8222,06/11/2026 14:52:30,2.596,73.786,16.25,0.27976,71.190
8223,06/11/2026 15:02:30,2.595,73.777,16.45,0.27970,71.182
8224,06/11/2026 15:12:30,2.590,73.784,16.64,0.27921,71.194
8225,06/11/2026 15:22:30,2.596,73.776,16.73,0.27978,71.180
8226,06/11/2026 15:32:30,2.599,73.784,16.83,0.28007,71.185
8227,06/11/2026 15:42:30,2.589,73.791,17.02,0.27909,71.202
8228,06/11/2026 15:52:30,2.573,73.770,17.11,0.27748,71.197
8229,06/11/2026 16:02:30,2.579,73.770,17.21,0.27811,71.191
8230,06/11/2026 16:12:30,2.582,73.774,17.30,0.27840,71.192
8231,06/11/2026 16:22:30,2.576,73.766,17.21,0.27776,71.190
8232,06/11/2026 16:32:30,2.550,73.745,17.40,0.27517,71.195
8233,06/11/2026 16:42:30,2.561,73.753,17.40,0.27629,71.192
8234,06/11/2026 16:52:30,2.550,73.733,17.40,0.27510,71.183
8235,06/11/2026 17:02:30,2.558,73.745,17.49,0.27594,71.187
8236,06/11/2026 17:12:30,2.551,73.741,17.49,0.27524,71.190
8237,06/11/2026 17:22:30,2.546,73.745,17.49,0.27468,71.199
8238,06/11/2026 17:32:30,2.553,73.753,17.40,0.27545,71.200
8239,06/11/2026 17:42:30,2.552,73.745,17.40,0.27538,71.193
8240,06/11/2026 17:52:30,2.526,73.729,17.40,0.27270,71.203
8241,06/11/2026 18:02:30,2.523,73.709,17.30,0.27242,71.186
8242,06/11/2026 18:12:30,2.509,73.701,17.30,0.27094,71.192
8243,06/11/2026 18:22:30,2.519,73.714,17.21,0.27192,71.195
8244,06/11/2026 18:32:30,2.512,73.706,17.11,0.27121,71.194
8245,06/11/2026 18:42:30,2.494,73.702,17.02,0.26944,71.208
8246,06/11/2026 18:52:30,2.496,73.707,16.92,0.26958,71.211
8247,06/11/2026 19:02:30,2.494,73.703,16.73,0.26943,71.209
8248,06/11/2026 19:12:30,2.482,73.704,16.64,0.26809,71.222
8249,06/11/2026 19:22:30,2.461,73.688,16.54,0.26597,71.227
8250,06/11/2026 19:32:30,2.474,73.700,16.45,0.26738,71.226
8251,06/11/2026 19:42:30,2.460,73.697,16.35,0.26589,71.237
8252,06/11/2026 19:52:30,2.440,73.689,16.25,0.26385,71.249
8253,06/11/2026 20:02:30,2.449,73.714,16.16,0.26476,71.265
8254,06/11/2026 20:12:30,2.433,73.710,16.06,0.26314,71.277
8255,06/11/2026 20:22:30,2.432,73.719,15.97,0.26299,71.287
8256,06/11/2026 20:32:30,2.422,73.727,15.87,0.26200,71.305
8257,06/11/2026 20:42:30,2.419,73.736,15.78,0.26164,71.317
8258,06/11/2026 20:52:30,2.447,73.764,15.68,0.26453,71.317
8259,06/11/2026 21:02:30,2.407,73.744,15.68,0.26044,71.337
8260,06/11/2026 21:12:30,2.416,73.765,15.59,0.26135,71.349
8261,06/11/2026 21:22:30,2.413,73.769,15.49,0.26107,71.356
8262,06/11/2026 21:32:30,2.408,73.770,15.40,0.26050,71.362
8263,06/11/2026 21:42:30,2.415,73.782,15.30,0.26127,71.367
8264,06/11/2026 21:52:30,2.412,73.787,15.20,0.26092,71.375
8265,06/11/2026 22:02:30,2.397,73.779,15.11,0.25936,71.382
8266,06/11/2026 22:12:30,2.403,73.783,15.01,0.26006,71.380
8267,06/11/2026 22:22:30,2.398,73.780,14.92,0.25950,71.382
8268,06/11/2026 22:32:30,2.397,73.788,14.82,0.25942,71.391
8269,06/11/2026 22:42:30,2.369,73.760,14.82,0.25654,71.391
8270,06/11/2026 22:52:30,2.376,73.764,14.73,0.25731,71.388
8271,06/11/2026 23:02:30,2.376,73.761,14.63,0.25723,71.385
8272,06/11/2026 23:12:30,2.362,73.749,14.53,0.25582,71.387
8273,06/11/2026 23:22:30,2.370,73.762,14.44,0.25659,71.392
8274,06/11/2026 23:32:30,2.350,73.742,14.34,0.25462,71.392
8275,06/11/2026 23:42:30,2.352,73.747,14.25,0.25476,71.395
8276,06/11/2026 23:52:30,2.334,73.739,14.15,0.25292,71.405
8277,06/12/2026 00:02:30,2.332,73.739,14.05,0.25278,71.407
8278,06/12/2026 00:12:30,2.339,73.744,13.96,0.25341,71.405
8279,06/12/2026 00:22:30,2.317,73.728,13.86,0.25122,71.411
8280,06/12/2026 00:32:30,2.319,73.729,13.77,0.25136,71.410
8281,06/12/2026 00:42:30,2.318,73.729,13.67,0.25129,71.411
8282,06/12/2026 00:52:30,2.308,73.718,13.57,0.25023,71.410
8283,06/12/2026 01:02:30,2.309,73.718,13.48,0.25037,71.409
8284,06/12/2026 01:12:30,2.300,73.723,13.38,0.24938,71.423
8285,06/12/2026 01:22:30,2.299,73.719,13.28,0.24937,71.420
8286,06/12/2026 01:32:30,2.297,73.724,13.19,0.24909,71.427
8287,06/12/2026 01:42:30,2.297,73.716,13.09,0.24916,71.419
8288,06/12/2026 01:52:30,2.294,73.713,13.00,0.24880,71.419
8289,06/12/2026 02:02:30,2.286,73.701,12.90,0.24802,71.415
8290,06/12/2026 02:12:30,2.286,73.702,12.80,0.24795,71.416
8291,06/12/2026 02:22:30,2.271,73.682,12.71,0.24647,71.411
8292,06/12/2026 02:32:30,2.285,73.695,12.51,0.24787,71.410
8293,06/12/2026 02:42:30,2.283,73.699,12.51,0.24766,71.416
8294,06/12/2026 02:52:30,2.270,73.684,12.32,0.24632,71.414
8295,06/12/2026 03:02:30,2.279,73.693,12.22,0.24723,71.414
8296,06/12/2026 03:12:30,2.264,73.673,12.12,0.24575,71.409
8297,06/12/2026 03:22:30,2.273,73.682,12.03,0.24659,71.409
8298,06/12/2026 03:32:30,2.268,73.666,11.93,0.24610,71.398
8299,06/12/2026 03:42:30,2.272,73.662,11.83,0.24658,71.390
8300,06/12/2026 03:52:30,2.266,73.651,11.74,0.24588,71.385
8301,06/12/2026 04:02:30,2.255,73.643,11.64,0.24482,71.388
8302,06/12/2026 04:12:30,2.269,73.648,11.54,0.24623,71.379
8303,06/12/2026 04:22:30,2.265,73.641,11.44,0.24573,71.376
8304,06/12/2026 04:32:30,2.256,73.637,11.35,0.24488,71.381
8305,06/12/2026 04:42:30,2.271,73.646,11.25,0.24636,71.375
8306,06/12/2026 04:52:30,2.256,73.634,11.15,0.24488,71.378
8307,06/12/2026 05:02:30,2.266,73.639,11.05,0.24586,71.373
8308,06/12/2026 05:12:30,2.261,73.627,10.96,0.24544,71.366
8309,06/12/2026 05:22:30,2.264,73.632,10.86,0.24571,71.368
8310,06/12/2026 05:32:30,2.279,73.637,10.76,0.24719,71.358
8311,06/12/2026 05:42:30,2.270,73.637,10.66,0.24634,71.367
8312,06/12/2026 05:52:30,2.289,73.665,10.66,0.24824,71.376
8313,06/12/2026 06:02:30,2.281,73.666,10.57,0.24739,71.385
8314,06/12/2026 06:12:30,2.278,73.667,10.47,0.24704,71.389
8315,06/12/2026 06:22:30,2.285,73.679,10.37,0.24781,71.394
8316,06/12/2026 06:32:30,2.290,73.692,10.27,0.24830,71.402
8317,06/12/2026 06:42:30,2.286,73.705,10.17,0.24788,71.419
8318,06/12/2026 06:52:30,2.284,73.713,10.17,0.24767,71.429
8319,06/12/2026 07:02:30,2.282,73.721,10.08,0.24752,71.439
8320,06/12/2026 07:12:30,2.276,73.709,10.08,0.24689,71.433
8321,06/12/2026 07:22:30,2.279,73.714,9.98,0.24717,71.435
8322,06/12/2026 07:32:30,2.276,73.714,9.98,0.24689,71.438
8323,06/12/2026 07:42:30,2.290,73.735,9.88,0.24829,71.445
8324,06/12/2026 07:52:30,2.291,73.739,9.88,0.24836,71.448
8325,06/12/2026 08:02:30,2.313,73.759,9.88,0.25068,71.446
8326,06/12/2026 08:12:30,2.306,73.755,9.88,0.24991,71.449
8327,06/12/2026 08:22:30,2.323,73.770,9.98,0.25174,71.447
8328,06/12/2026 08:32:30,2.323,73.774,9.98,0.25174,71.451
8329,06/12/2026 08:42:30,2.350,73.782,9.98,0.25448,71.432
8330,06/12/2026 08:52:30,2.348,73.778,10.08,0.25421,71.430
8331,06/12/2026 09:02:30,2.359,73.777,10.17,0.25540,71.418
8332,06/12/2026 09:12:30,2.355,73.764,10.27,0.25498,71.409
8333,06/12/2026 09:22:30,2.375,73.760,10.37,0.25696,71.385
8334,06/12/2026 09:32:30,2.372,73.755,10.47,0.25675,71.383
8335,06/12/2026 09:42:30,2.385,73.767,10.57,0.25802,71.382
8336,06/12/2026 09:52:30,2.398,73.770,10.76,0.25929,71.372
8337,06/12/2026 10:02:30,2.396,73.761,10.86,0.25915,71.365
8338,06/12/2026 10:12:30,2.398,73.752,11.05,0.25937,71.354
8339,06/12/2026 10:22:30,2.414,73.779,11.15,0.26106,71.365
8340,06/12/2026 10:32:30,2.417,73.770,11.35,0.26134,71.353
8341,06/12/2026 10:42:30,2.420,73.765,11.54,0.26163,71.345
8342,06/12/2026 10:52:30,2.435,73.780,11.74,0.26319,71.345
8343,06/12/2026 11:02:30,2.440,73.787,11.83,0.26361,71.348
8344,06/12/2026 11:12:30,2.429,73.782,12.03,0.26263,71.353
8345,06/12/2026 11:22:30,2.449,73.797,12.22,0.26468,71.348
8346,06/12/2026 11:32:30,2.460,73.817,12.42,0.26567,71.357
8347,06/12/2026 11:42:30,2.458,73.820,12.61,0.26547,71.362
8348,06/12/2026 11:52:30,2.447,73.827,12.80,0.26435,71.380
8349,06/12/2026 12:02:30,2.464,73.817,13.00,0.26618,71.353
8350,06/12/2026 12:12:30,2.446,73.816,13.19,0.26436,71.370
8351,06/12/2026 12:22:30,2.450,73.840,13.38,0.26472,71.390
8352,06/12/2026 12:32:30,2.469,73.847,13.57,0.26670,71.378
8353,06/12/2026 12:42:30,2.472,73.850,13.77,0.26698,71.378
8354,06/12/2026 12:52:30,2.457,73.853,13.96,0.26544,71.396
8355,06/12/2026 13:02:30,2.465,73.860,14.25,0.26630,71.395
8356,06/12/2026 13:12:30,2.472,73.843,14.44,0.26701,71.371
8357,06/12/2026 13:22:30,2.468,73.850,14.53,0.26666,71.382
8358,06/12/2026 13:32:30,2.479,73.869,14.73,0.26779,71.390
8359,06/12/2026 13:42:30,2.457,73.836,14.92,0.26555,71.379
8360,06/12/2026 13:52:30,2.456,73.803,15.11,0.26542,71.347
8361,06/12/2026 14:02:30,2.448,73.818,15.30,0.26465,71.370
8362,06/12/2026 14:12:30,2.473,73.801,15.49,0.26719,71.328
8363,06/12/2026 14:22:30,2.473,73.809,15.68,0.26713,71.336
8364,06/12/2026 14:32:30,2.468,73.792,15.78,0.26671,71.324
8365,06/12/2026 14:42:30,2.453,73.807,15.97,0.26517,71.354
8366,06/12/2026 14:52:30,2.451,73.795,16.06,0.26497,71.344
8367,06/12/2026 15:02:30,2.449,73.807,16.16,0.26469,71.358
8368,06/12/2026 15:12:30,2.450,73.794,16.25,0.26490,71.344
8369,06/12/2026 15:22:30,2.445,73.789,16.45,0.26442,71.344
8370,06/12/2026 15:32:30,2.454,73.785,16.54,0.26527,71.331
8371,06/12/2026 15:42:30,2.462,73.805,16.64,0.26605,71.343
8372,06/12/2026 15:52:30,2.462,73.792,16.73,0.26612,71.330
8373,06/12/2026 16:02:30,2.453,73.776,16.83,0.26514,71.323
8374,06/12/2026 16:12:30,2.461,73.788,16.83,0.26599,71.327
8375,06/12/2026 16:22:30,2.447,73.759,16.83,0.26465,71.312
8376,06/12/2026 16:32:30,2.440,73.763,16.92,0.26388,71.323
8377,06/12/2026 16:42:30,2.446,73.755,16.83,0.26451,71.309
8378,06/12/2026 16:52:30,2.438,73.743,16.92,0.26367,71.305
8379,06/12/2026 17:02:30,2.442,73.747,16.92,0.26409,71.305
8380,06/12/2026 17:12:30,2.445,73.751,16.83,0.26444,71.306
8381,06/12/2026 17:22:30,2.422,73.723,16.83,0.26204,71.301
8382,06/12/2026 17:32:30,2.412,73.719,16.83,0.26099,71.307
8383,06/12/2026 17:42:30,2.409,73.703,16.73,0.26070,71.294
8384,06/12/2026 17:52:30,2.403,73.695,16.73,0.26014,71.292
8385,06/12/2026 18:02:30,2.398,73.691,16.83,0.25958,71.293
8386,06/12/2026 18:12:30,2.396,73.667,16.83,0.25937,71.271
8387,06/12/2026 18:22:30,2.389,73.662,16.92,0.25867,71.273
8388,06/12/2026 18:32:30,2.389,73.675,16.83,0.25859,71.286
8389,06/12/2026 18:42:30,2.370,73.651,16.73,0.25669,71.281
8390,06/12/2026 18:52:30,2.372,73.651,16.64,0.25696,71.279
8391,06/12/2026 19:02:30,2.374,73.651,16.64,0.25718,71.277
8392,06/12/2026 19:12:30,2.350,73.627,16.54,0.25471,71.277
8393,06/12/2026 19:22:30,2.335,73.616,16.45,0.25308,71.281
8394,06/12/2026 19:32:30,2.361,73.640,16.35,0.25583,71.279
8395,06/12/2026 19:42:30,2.327,73.604,16.25,0.25237,71.277
8396,06/12/2026 19:52:30,2.338,73.616,16.25,0.25350,71.278
8397,06/12/2026 20:02:30,2.324,73.601,16.16,0.25195,71.277
8398,06/12/2026 20:12:30,2.317,73.597,16.06,0.25131,71.280
8399,06/12/2026 20:22:30,2.325,73.610,15.97,0.25208,71.285
8400,06/12/2026 20:32:30,2.310,73.594,15.87,0.25053,71.284
8401,06/12/2026 20:42:30,2.319,73.610,15.87,0.25144,71.291
8402,06/12/2026 20:52:30,2.317,73.614,15.78,0.25130,71.297
8403,06/12/2026 21:02:30,2.305,73.603,15.68,0.25003,71.298
8404,06/12/2026 21:12:30,2.310,73.603,15.59,0.25058,71.293
8405,06/12/2026 21:22:30,2.294,73.599,15.59,0.24890,71.305
8406,06/12/2026 21:32:30,2.294,73.608,15.49,0.24889,71.314
8407,06/12/2026 21:42:30,2.298,73.612,15.40,0.24931,71.314
8408,06/12/2026 21:52:30,2.289,73.613,15.30,0.24832,71.324
8409,06/12/2026 22:02:30,2.285,73.613,15.30,0.24790,71.328
8410,06/12/2026 22:12:30,2.282,73.613,15.20,0.24768,71.331
8411,06/12/2026 22:22:30,2.273,73.613,15.11,0.24677,71.340
8412,06/12/2026 22:32:30,2.273,73.630,15.01,0.24676,71.357
8413,06/12/2026 22:42:30,2.275,73.622,14.92,0.24697,71.347
8414,06/12/2026 22:52:30,2.278,73.631,14.82,0.24725,71.353
8415,06/12/2026 23:02:30,2.272,73.623,14.73,0.24668,71.351
8416,06/12/2026 23:12:30,2.274,73.623,14.73,0.24689,71.349
8417,06/12/2026 23:22:30,2.277,73.612,14.63,0.24710,71.335
8418,06/12/2026 23:32:30,2.254,73.592,14.53,0.24477,71.338
8419,06/12/2026 23:42:30,2.261,73.596,14.44,0.24554,71.335
8420,06/12/2026 23:52:30,2.261,73.593,14.34,0.24547,71.332
8421,06/13/2026 00:02:30,2.256,73.593,14.25,0.24497,71.337
8422,06/13/2026 00:12:30,2.255,73.586,14.15,0.24483,71.331
8423,06/13/2026 00:22:30,2.243,73.578,14.05,0.24363,71.335
8424,06/13/2026 00:32:30,2.256,73.583,13.96,0.24489,71.327
8425,06/13/2026 00:42:30,2.239,73.559,13.86,0.24320,71.320
8426,06/13/2026 00:52:30,2.243,73.559,13.86,0.24362,71.316
8427,06/13/2026 01:02:30,2.254,73.559,13.77,0.24482,71.305
8428,06/13/2026 01:12:30,2.250,73.556,13.67,0.24432,71.306
8429,06/13/2026 01:22:30,2.232,73.528,13.57,0.24249,71.296
8430,06/13/2026 01:32:30,2.236,73.525,13.48,0.24284,71.289
8431,06/13/2026 01:42:30,2.230,73.517,13.38,0.24227,71.287
8432,06/13/2026 01:52:30,2.242,73.530,13.28,0.24346,71.288
8433,06/13/2026 02:02:30,2.232,73.514,13.19,0.24248,71.282
8434,06/13/2026 02:12:30,2.231,73.514,13.09,0.24240,71.283
8435,06/13/2026 02:22:30,2.226,73.507,13.00,0.24184,71.281
8436,06/13/2026 02:32:30,2.216,73.495,12.90,0.24085,71.279
8437,06/13/2026 02:42:30,2.231,73.512,12.80,0.24239,71.281
8438,06/13/2026 02:52:30,2.226,73.500,12.80,0.24183,71.274
8439,06/13/2026 03:02:30,2.224,73.500,12.71,0.24169,71.276
8440,06/13/2026 03:12:30,2.221,73.501,12.61,0.24133,71.280
8441,06/13/2026 03:22:30,2.228,73.510,12.51,0.24203,71.282
8442,06/13/2026 03:32:30,2.224,73.514,12.42,0.24168,71.290
8443,06/13/2026 03:42:30,2.233,73.519,12.32,0.24252,71.286
8444,06/13/2026 03:52:30,2.230,73.523,12.22,0.24230,71.293
8445,06/13/2026 04:02:30,2.223,73.528,12.12,0.24153,71.305
8446,06/13/2026 04:12:30,2.226,73.536,12.03,0.24188,71.310
8447,06/13/2026 04:22:30,2.226,73.541,11.93,0.24180,71.315
8448,06/13/2026 04:32:30,2.230,73.542,11.83,0.24222,71.312
8449,06/13/2026 04:42:30,2.226,73.538,11.74,0.24187,71.312
8450,06/13/2026 04:52:30,2.222,73.535,11.64,0.24137,71.313
8451,06/13/2026 05:02:30,2.223,73.531,11.64,0.24151,71.308
8452,06/13/2026 05:12:30,2.217,73.527,11.54,0.24095,71.310
8453,06/13/2026 05:22:30,2.203,73.503,11.44,0.23954,71.300
8454,06/13/2026 05:32:30,2.216,73.524,11.35,0.24080,71.308
8455,06/13/2026 05:42:30,2.221,73.529,11.25,0.24129,71.308
8456,06/13/2026 05:52:30,2.219,73.541,11.15,0.24115,71.322
8457,06/13/2026 06:02:30,2.215,73.550,11.05,0.24072,71.335
8458,06/13/2026 06:12:30,2.210,73.551,10.96,0.24016,71.341
8459,06/13/2026 06:22:30,2.208,73.555,10.96,0.23995,71.347
8460,06/13/2026 06:32:30,2.210,73.571,10.86,0.24023,71.361
8461,06/13/2026 06:42:30,2.205,73.575,10.86,0.23973,71.370
8462,06/13/2026 06:52:30,2.217,73.600,10.76,0.24093,71.383
8463,06/13/2026 07:02:30,2.205,73.600,10.76,0.23966,71.395
8464,06/13/2026 07:12:30,2.202,73.592,10.76,0.23938,71.390
8465,06/13/2026 07:22:30,2.202,73.585,10.66,0.23931,71.383
8466,06/13/2026 07:32:30,2.212,73.597,10.66,0.24036,71.385
8467,06/13/2026 07:42:30,2.212,73.601,10.66,0.24036,71.389
8468,06/13/2026 07:52:30,2.239,73.633,10.66,0.24311,71.394
8469,06/13/2026 08:02:30,2.225,73.617,10.66,0.24170,71.392
8470,06/13/2026 08:12:30,2.223,73.613,10.66,0.24149,71.390
8471,06/13/2026 08:22:30,2.232,73.617,10.66,0.24240,71.385
8472,06/13/2026 08:32:30,2.242,73.620,10.76,0.24346,71.378
8473,06/13/2026 08:42:30,2.248,73.632,10.76,0.24409,71.384
8474,06/13/2026 08:52:30,2.240,73.620,10.86,0.24325,71.380
8475,06/13/2026 09:02:30,2.243,73.627,10.96,0.24361,71.384
8476,06/13/2026 09:12:30,2.240,73.627,11.05,0.24319,71.387
8477,06/13/2026 09:22:30,2.244,73.630,11.15,0.24368,71.386
8478,06/13/2026 09:32:30,2.255,73.634,11.25,0.24474,71.379
8479,06/13/2026 09:42:30,2.263,73.628,11.44,0.24566,71.365
8480,06/13/2026 09:52:30,2.268,73.620,11.54,0.24608,71.352
8481,06/13/2026 10:02:30,2.266,73.611,11.74,0.24588,71.345
8482,06/13/2026 10:12:30,2.279,73.614,11.83,0.24729,71.335
8483,06/13/2026 10:22:30,2.300,73.629,12.03,0.24940,71.329
8484,06/13/2026 10:32:30,2.306,73.644,12.22,0.25004,71.338
8485,06/13/2026 10:42:30,2.303,73.636,12.32,0.24970,71.333
8486,06/13/2026 10:52:30,2.296,73.643,12.51,0.24893,71.347
8487,06/13/2026 11:02:30,2.301,73.670,12.71,0.24950,71.369
8488,06/13/2026 11:12:30,2.300,73.657,12.80,0.24943,71.357
8489,06/13/2026 11:22:30,2.319,73.688,13.00,0.25141,71.369
8490,06/13/2026 11:32:30,2.312,73.696,13.09,0.25063,71.384
8491,06/13/2026 11:42:30,2.287,73.675,13.19,0.24810,71.388
8492,06/13/2026 11:52:30,2.328,73.695,13.19,0.25233,71.367
8493,06/13/2026 12:02:30,2.337,73.715,13.38,0.25318,71.378
8494,06/13/2026 12:12:30,2.324,73.702,13.57,0.25185,71.378
8495,06/13/2026 12:22:30,2.326,73.709,13.77,0.25206,71.383
8496,06/13/2026 12:32:30,2.336,73.712,13.86,0.25312,71.376
8497,06/13/2026 12:42:30,2.353,73.699,14.05,0.25489,71.346
8498,06/13/2026 12:52:30,2.340,73.695,14.15,0.25349,71.355
8499,06/13/2026 13:02:30,2.344,73.690,14.25,0.25398,71.346
8500,06/13/2026 13:12:30,2.360,73.701,14.44,0.25561,71.341
8501,06/13/2026 13:22:30,2.360,73.705,14.53,0.25561,71.345
8502,06/13/2026 13:32:30,2.345,73.688,14.73,0.25407,71.343
8503,06/13/2026 13:42:30,2.360,73.711,14.92,0.25563,71.351
8504,06/13/2026 13:52:30,2.363,73.702,15.11,0.25599,71.339
8505,06/13/2026 14:02:30,2.373,73.705,15.30,0.25698,71.332
8506,06/13/2026 14:12:30,2.369,73.697,15.40,0.25656,71.328
8507,06/13/2026 14:22:30,2.383,73.708,15.68,0.25798,71.325
8508,06/13/2026 14:32:30,2.365,73.687,15.78,0.25615,71.322
8509,06/13/2026 14:42:30,2.349,73.683,15.87,0.25447,71.334
8510,06/13/2026 14:52:30,2.364,73.707,15.87,0.25609,71.343
8511,06/13/2026 15:02:30,2.354,73.743,15.87,0.25503,71.389
8512,06/13/2026 15:12:30,2.368,73.740,15.78,0.25644,71.372
8513,06/13/2026 15:22:30,2.347,73.727,15.78,0.25439,71.380
8514,06/13/2026 15:32:30,2.363,73.723,15.87,0.25595,71.360
8515,06/13/2026 15:42:30,2.357,73.706,16.06,0.25539,71.349
8516,06/13/2026 15:52:30,2.366,73.697,16.25,0.25631,71.331
8517,06/13/2026 16:02:30,2.370,73.684,16.45,0.25675,71.314
8518,06/13/2026 16:12:30,2.372,73.671,16.64,0.25696,71.299
8519,06/13/2026 16:22:30,2.369,73.655,16.83,0.25655,71.286
8520,06/13/2026 16:32:30,2.362,73.662,16.92,0.25592,71.300
8521,06/13/2026 16:42:30,2.372,73.666,17.02,0.25691,71.294
8522,06/13/2026 16:52:30,2.353,73.641,17.11,0.25501,71.288
8523,06/13/2026 17:02:30,2.336,73.633,17.11,0.25325,71.297
8524,06/13/2026 17:12:30,2.345,73.625,17.11,0.25417,71.280
8525,06/13/2026 17:22:30,2.341,73.625,17.21,0.25375,71.284
8526,06/13/2026 17:32:30,2.335,73.609,17.21,0.25312,71.274
8527,06/13/2026 17:42:30,2.333,73.609,17.21,0.25291,71.276
8528,06/13/2026 17:52:30,2.336,73.609,17.21,0.25326,71.273
8529,06/13/2026 18:02:30,2.331,73.601,17.21,0.25269,71.270
8530,06/13/2026 18:12:30,2.309,73.581,17.11,0.25051,71.272
8531,06/13/2026 18:22:30,2.333,73.597,17.02,0.25297,71.264
8532,06/13/2026 18:32:30,2.322,73.585,17.02,0.25184,71.263
8533,06/13/2026 18:42:30,2.302,73.561,16.92,0.24980,71.259
8534,06/13/2026 18:52:30,2.308,73.570,16.83,0.25035,71.262
8535,06/13/2026 19:02:30,2.306,73.570,16.83,0.25014,71.264
8536,06/13/2026 19:12:30,2.298,73.570,16.73,0.24936,71.272
8537,06/13/2026 19:22:30,2.298,73.571,16.64,0.24929,71.273
8538,06/13/2026 19:32:30,2.282,73.558,16.64,0.24774,71.276
8539,06/13/2026 19:42:30,2.284,73.571,16.54,0.24795,71.287
8540,06/13/2026 19:52:30,2.285,73.575,16.54,0.24802,71.290
8541,06/13/2026 20:02:30,2.283,73.583,16.45,0.24787,71.300
8542,06/13/2026 20:12:30,2.271,73.584,16.35,0.24660,71.313
8543,06/13/2026 20:22:30,2.265,73.592,16.25,0.24597,71.327
8544,06/13/2026 20:32:30,2.260,73.604,16.25,0.24547,71.344
8545,06/13/2026 20:42:30,2.245,73.621,16.16,0.24392,71.376
8546,06/13/2026 20:52:30,2.241,73.625,16.06,0.24356,71.384
8547,06/13/2026 21:02:30,2.230,73.622,15.97,0.24236,71.392
8548,06/13/2026 21:12:30,2.236,73.638,15.97,0.24300,71.402
8549,06/13/2026 21:22:30,2.238,73.646,15.87,0.24320,71.408
8550,06/13/2026 21:32:30,2.218,73.638,15.87,0.24116,71.420
8551,06/13/2026 21:42:30,2.229,73.667,15.78,0.24229,71.438
8552,06/13/2026 21:52:30,2.219,73.675,15.78,0.24123,71.456
8553,06/13/2026 22:02:30,2.215,73.679,15.68,0.24087,71.464
8554,06/13/2026 22:12:30,2.217,73.684,15.59,0.24101,71.467
8555,06/13/2026 22:22:30,2.204,73.680,15.59,0.23967,71.476
8556,06/13/2026 22:32:30,2.202,73.680,15.49,0.23953,71.478
8557,06/13/2026 22:42:30,2.216,73.697,15.40,0.24093,71.481
8558,06/13/2026 22:52:30,2.195,73.681,15.40,0.23875,71.486
8559,06/13/2026 23:02:30,2.207,73.685,15.30,0.24001,71.478
8560,06/13/2026 23:12:30,2.202,73.678,15.20,0.23945,71.476
8561,06/13/2026 23:22:30,2.197,73.674,15.20,0.23896,71.477
8562,06/13/2026 23:32:30,2.202,73.674,15.11,0.23952,71.472
8563,06/13/2026 23:42:30,2.192,73.662,15.01,0.23853,71.470
8564,06/13/2026 23:52:30,2.187,73.658,15.01,0.23796,71.471
8565,06/14/2026 00:02:30,2.176,73.643,14.92,0.23676,71.467
8566,06/14/2026 00:12:30,2.186,73.651,14.82,0.23789,71.465
8567,06/14/2026 00:22:30,2.183,73.655,14.82,0.23753,71.472
8568,06/14/2026 00:32:30,2.184,73.656,14.73,0.23760,71.472
8569,06/14/2026 00:42:30,2.165,73.640,14.63,0.23570,71.475
8570,06/14/2026 00:52:30,2.178,73.656,14.53,0.23710,71.478
8571,06/14/2026 01:02:30,2.162,73.649,14.44,0.23541,71.487
8572,06/14/2026 01:12:30,2.178,73.669,14.34,0.23709,71.491
8573,06/14/2026 01:22:30,2.167,73.650,14.25,0.23590,71.483
8574,06/14/2026 01:32:30,2.168,73.650,14.25,0.23597,71.482
8575,06/14/2026 01:42:30,2.168,73.654,14.15,0.23603,71.486
8576,06/14/2026 01:52:30,2.158,73.647,14.05,0.23490,71.489
8577,06/14/2026 02:02:30,2.175,73.663,13.96,0.23673,71.488
8578,06/14/2026 02:12:30,2.161,73.636,13.86,0.23525,71.475
8579,06/14/2026 02:22:30,2.163,73.640,13.77,0.23546,71.477
8580,06/14/2026 02:32:30,2.167,73.649,13.67,0.23581,71.482
8581,06/14/2026 02:42:30,2.169,73.653,13.67,0.23602,71.484
8582,06/14/2026 02:52:30,2.157,73.637,13.57,0.23482,71.480
8583,06/14/2026 03:02:30,2.160,73.625,13.48,0.23517,71.465
8584,06/14/2026 03:12:30,2.169,73.626,13.38,0.23608,71.457
8585,06/14/2026 03:22:30,2.157,73.610,13.28,0.23488,71.453
8586,06/14/2026 03:32:30,2.169,73.615,13.19,0.23607,71.446
8587,06/14/2026 03:42:30,2.153,73.599,13.19,0.23438,71.446
8588,06/14/2026 03:52:30,2.143,73.599,13.09,0.23339,71.456
8589,06/14/2026 04:02:30,2.147,73.592,13.00,0.23374,71.445
8590,06/14/2026 04:12:30,2.149,73.592,12.90,0.23402,71.443
8591,06/14/2026 04:22:30,2.152,73.621,12.80,0.23430,71.469
8592,06/14/2026 04:32:30,2.148,73.609,12.80,0.23388,71.461
8593,06/14/2026 04:42:30,2.147,73.621,12.71,0.23388,71.474
8594,06/14/2026 04:52:30,2.156,73.634,12.61,0.23472,71.478
8595,06/14/2026 05:02:30,2.145,73.622,12.51,0.23366,71.477
8596,06/14/2026 05:12:30,2.143,73.630,12.51,0.23345,71.487
8597,06/14/2026 05:22:30,2.143,73.631,12.42,0.23338,71.488
8598,06/14/2026 05:32:30,2.151,73.652,12.32,0.23415,71.501
8599,06/14/2026 05:42:30,2.133,73.636,12.32,0.23232,71.503
8600,06/14/2026 05:52:30,2.150,73.648,12.22,0.23414,71.498
8601,06/14/2026 06:02:30,2.154,73.672,12.22,0.23457,71.518
8602,06/14/2026 06:12:30,2.147,73.661,12.12,0.23379,71.514
8603,06/14/2026 06:22:30,2.160,73.689,12.12,0.23513,71.529
8604,06/14/2026 06:32:30,2.161,73.690,12.03,0.23519,71.529
8605,06/14/2026 06:42:30,2.151,73.686,12.03,0.23414,71.535
8606,06/14/2026 06:52:30,2.152,73.714,11.93,0.23435,71.562
8607,06/14/2026 07:02:30,2.159,73.718,11.93,0.23505,71.559
8608,06/14/2026 07:12:30,2.156,73.726,11.93,0.23477,71.570
8609,06/14/2026 07:22:30,2.158,73.726,11.93,0.23498,71.568
8610,06/14/2026 07:32:30,2.156,73.722,11.93,0.23477,71.566
8611,06/14/2026 07:42:30,2.153,73.726,11.93,0.23442,71.573
8612,06/14/2026 07:52:30,2.168,73.726,11.93,0.23596,71.558
8613,06/14/2026 08:02:30,2.167,73.710,11.93,0.23582,71.543
8614,06/14/2026 08:12:30,2.181,73.710,11.93,0.23730,71.529
8615,06/14/2026 08:22:30,2.177,73.694,11.93,0.23688,71.517
8616,06/14/2026 08:32:30,2.177,73.722,12.03,0.23681,71.545
8617,06/14/2026 08:42:30,2.175,73.714,12.03,0.23660,71.539
8618,06/14/2026 08:52:30,2.175,73.701,12.12,0.23667,71.526
8619,06/14/2026 09:02:30,2.174,73.697,12.22,0.23654,71.523
8620,06/14/2026 09:12:30,2.188,73.704,12.32,0.23802,71.516
8621,06/14/2026 09:22:30,2.190,73.700,12.42,0.23816,71.510
8622,06/14/2026 09:32:30,2.203,73.699,12.51,0.23950,71.496
8623,06/14/2026 09:42:30,2.185,73.670,12.61,0.23774,71.485
8624,06/14/2026 09:52:30,2.201,73.665,12.80,0.23937,71.464
8625,06/14/2026 10:02:30,2.201,73.660,13.00,0.23937,71.459
8626,06/14/2026 10:12:30,2.206,73.656,13.09,0.23980,71.450
8627,06/14/2026 10:22:30,2.207,73.647,13.28,0.23987,71.440
8628,06/14/2026 10:32:30,2.211,73.650,13.38,0.24037,71.439
8629,06/14/2026 10:42:30,2.213,73.645,13.57,0.24059,71.432
8630,06/14/2026 10:52:30,2.198,73.628,13.67,0.23911,71.430
8631,06/14/2026 11:02:30,2.214,73.648,13.86,0.24067,71.434
8632,06/14/2026 11:12:30,2.234,73.675,14.05,0.24272,71.441
8633,06/14/2026 11:22:30,2.238,73.690,14.25,0.24314,71.452
8634,06/14/2026 11:32:30,2.250,73.677,14.44,0.24435,71.427
8635,06/14/2026 11:42:30,2.244,73.708,14.73,0.24379,71.464
8636,06/14/2026 11:52:30,2.242,73.728,14.73,0.24358,71.486
8637,06/14/2026 12:02:30,2.272,73.744,14.73,0.24668,71.472
8638,06/14/2026 12:12:30,2.255,73.741,14.63,0.24485,71.486
8639,06/14/2026 12:22:30,2.256,73.741,14.53,0.24498,71.485
8640,06/14/2026 12:32:30,2.271,73.761,14.53,0.24653,71.490
8641,06/14/2026 12:42:30,2.279,73.778,14.53,0.24731,71.499
8642,06/14/2026 12:52:30,2.279,73.782,14.53,0.24731,71.503
8643,06/14/2026 13:02:30,2.283,73.794,14.53,0.24773,71.511
8644,06/14/2026 13:12:30,2.281,73.809,14.63,0.24759,71.528
8645,06/14/2026 13:22:30,2.278,73.833,14.82,0.24718,71.555
8646,06/14/2026 13:32:30,2.291,73.853,14.82,0.24858,71.562
8647,06/14/2026 13:42:30,2.296,73.840,14.92,0.24908,71.544
8648,06/14/2026 13:52:30,2.303,73.864,15.11,0.24979,71.561
8649,06/14/2026 14:02:30,2.285,73.858,15.40,0.24804,71.573
8650,06/14/2026 14:12:30,2.305,73.886,15.59,0.25002,71.581
8651,06/14/2026 14:22:30,2.303,73.885,15.78,0.24982,71.582
8652,06/14/2026 14:32:30,2.295,73.847,16.06,0.24906,71.552
8653,06/14/2026 14:42:30,2.298,73.842,16.25,0.24941,71.544
8654,06/14/2026 14:52:30,2.311,73.826,16.35,0.25069,71.515
8655,06/14/2026 15:02:30,2.307,73.794,16.35,0.25026,71.487
8656,06/14/2026 15:12:30,2.311,73.793,16.54,0.25069,71.482
8657,06/14/2026 15:22:30,2.296,73.813,16.64,0.24915,71.517
8658,06/14/2026 15:32:30,2.321,73.816,16.73,0.25176,71.495
8659,06/14/2026 15:42:30,2.325,73.799,16.92,0.25219,71.474
8660,06/14/2026 15:52:30,2.286,73.774,17.11,0.24818,71.488
8661,06/14/2026 16:02:30,2.303,73.734,17.21,0.24988,71.431
8662,06/14/2026 16:12:30,2.301,73.721,17.40,0.24968,71.420
8663,06/14/2026 16:22:30,2.294,73.721,17.49,0.24898,71.427
8664,06/14/2026 16:32:30,2.309,73.728,17.59,0.25053,71.419
8665,06/14/2026 16:42:30,2.311,73.733,17.49,0.25067,71.422
8666,06/14/2026 16:52:30,2.302,73.717,17.40,0.24982,71.415
8667,06/14/2026 17:02:30,2.304,73.717,17.30,0.25002,71.413
8668,06/14/2026 17:12:30,2.274,73.669,17.21,0.24692,71.395
8669,06/14/2026 17:22:30,2.288,73.677,17.21,0.24840,71.389
8670,06/14/2026 17:32:30,2.290,73.665,17.30,0.24854,71.375
8671,06/14/2026 17:42:30,2.287,73.657,17.30,0.24826,71.370
8672,06/14/2026 17:52:30,2.272,73.641,17.30,0.24671,71.369
8673,06/14/2026 18:02:30,2.272,73.624,17.30,0.24678,71.352
8674,06/14/2026 18:12:30,2.269,73.625,17.21,0.24643,71.356
8675,06/14/2026 18:22:30,2.281,73.617,17.21,0.24763,71.336
8676,06/14/2026 18:32:30,2.294,73.613,17.11,0.24896,71.319
8677,06/14/2026 18:42:30,2.280,73.613,17.11,0.24755,71.333
8678,06/14/2026 18:52:30,2.272,73.609,17.02,0.24677,71.337
8679,06/14/2026 19:02:30,2.269,73.618,16.92,0.24642,71.349
8680,06/14/2026 19:12:30,2.262,73.622,16.83,0.24571,71.360
8681,06/14/2026 19:22:30,2.255,73.626,16.83,0.24500,71.371
8682,06/14/2026 19:32:30,2.244,73.615,16.73,0.24380,71.371
8683,06/14/2026 19:42:30,2.268,73.639,16.64,0.24633,71.371
8684,06/14/2026 19:52:30,2.257,73.648,16.54,0.24513,71.391
8685,06/14/2026 20:02:30,2.239,73.656,16.54,0.24330,71.417
8686,06/14/2026 20:12:30,2.228,73.668,16.45,0.24224,71.440
8687,06/14/2026 20:22:30,2.237,73.701,16.25,0.24315,71.464
8688,06/14/2026 20:32:30,2.241,73.710,16.16,0.24350,71.469
8689,06/14/2026 20:42:30,2.232,73.706,16.06,0.24258,71.474
8690,06/14/2026 20:52:30,2.220,73.694,15.97,0.24138,71.474
8691,06/14/2026 21:02:30,2.225,73.698,15.97,0.24194,71.473
8692,06/14/2026 21:12:30,2.226,73.703,15.87,0.24194,71.477
8693,06/14/2026 21:22:30,2.215,73.699,15.78,0.24088,71.484
8694,06/14/2026 21:32:30,2.215,73.695,15.78,0.24088,71.480
8695,06/14/2026 21:42:30,2.216,73.700,15.68,0.24094,71.484
8696,06/14/2026 21:52:30,2.208,73.696,15.68,0.24010,71.488
8697,06/14/2026 22:02:30,2.214,73.720,15.59,0.24073,71.506
8698,06/14/2026 22:12:30,2.211,73.729,15.49,0.24037,71.518
8699,06/14/2026 22:22:30,2.213,73.741,15.49,0.24059,71.528
8700,06/14/2026 22:32:30,2.204,73.729,15.40,0.23974,71.525
8701,06/14/2026 22:42:30,2.216,73.749,15.40,0.24100,71.533
8702,06/14/2026 22:52:30,2.209,73.754,15.30,0.24023,71.545
8703,06/14/2026 23:02:30,2.209,73.758,15.30,0.24023,71.549
8704,06/14/2026 23:12:30,2.218,73.766,15.20,0.24114,71.548
8705,06/14/2026 23:22:30,2.208,73.755,15.11,0.24008,71.547
8706,06/14/2026 23:32:30,2.204,73.747,15.11,0.23966,71.543
8707,06/14/2026 23:42:30,2.197,73.743,15.01,0.23895,71.546
8708,06/14/2026 23:52:30,2.203,73.747,15.01,0.23958,71.544
8709,06/15/2026 00:02:30,2.193,73.731,14.92,0.23859,71.538
8710,06/15/2026 00:12:30,2.200,73.739,14.92,0.23930,71.539
8711,06/15/2026 00:22:30,2.211,73.732,14.82,0.24035,71.521
8712,06/15/2026 00:32:30,2.196,73.720,14.73,0.23887,71.524
8713,06/15/2026 00:42:30,2.209,73.744,14.73,0.24021,71.535
8714,06/15/2026 00:52:30,2.205,73.745,14.63,0.23978,71.540
8715,06/15/2026 01:02:30,2.191,73.733,14.63,0.23830,71.542
8716,06/15/2026 01:12:30,2.195,73.721,14.53,0.23879,71.526
8717,06/15/2026 01:22:30,2.190,73.717,14.53,0.23823,71.527
8718,06/15/2026 01:32:30,2.194,73.701,14.44,0.23872,71.507
8719,06/15/2026 01:42:30,2.179,73.689,14.44,0.23717,71.510
8720,06/15/2026 01:52:30,2.193,73.694,14.34,0.23850,71.501
8721,06/15/2026 02:02:30,2.183,73.686,14.34,0.23752,71.503
8722,06/15/2026 02:12:30,2.199,73.682,14.25,0.23913,71.483
8723,06/15/2026 02:22:30,2.184,73.670,14.25,0.23765,71.486
8724,06/15/2026 02:32:30,2.196,73.674,14.15,0.23892,71.478
8725,06/15/2026 02:42:30,2.188,73.667,14.05,0.23800,71.479
8726,06/15/2026 02:52:30,2.166,73.643,14.05,0.23575,71.477
8727,06/15/2026 03:02:30,2.171,73.635,13.96,0.23631,71.464
8728,06/15/2026 03:12:30,2.169,73.639,13.96,0.23610,71.470
8729,06/15/2026 03:22:30,2.166,73.632,13.86,0.23581,71.465
8730,06/15/2026 03:32:30,2.154,73.624,13.77,0.23454,71.470
8731,06/15/2026 03:42:30,2.161,73.624,13.77,0.23525,71.463
8732,06/15/2026 03:52:30,2.163,73.620,13.67,0.23552,71.457
8733,06/15/2026 04:02:30,2.158,73.617,13.57,0.23496,71.459
8734,06/15/2026 04:12:30,2.151,73.609,13.57,0.23418,71.458
8735,06/15/2026 04:22:30,2.163,73.621,13.48,0.23552,71.458
8736,06/15/2026 04:32:30,2.165,73.622,13.38,0.23566,71.457
8737,06/15/2026 04:42:30,2.164,73.626,13.28,0.23558,71.462
8738,06/15/2026 04:52:30,2.174,73.631,13.19,0.23656,71.457
8739,06/15/2026 05:02:30,2.162,73.627,13.19,0.23537,71.465
8740,06/15/2026 05:12:30,2.158,73.619,13.09,0.23494,71.461
8741,06/15/2026 05:22:30,2.171,73.636,13.00,0.23628,71.465
8742,06/15/2026 05:32:30,2.185,73.649,12.90,0.23761,71.464
8743,06/15/2026 05:42:30,2.175,73.645,12.80,0.23669,71.470
8744,06/15/2026 05:52:30,2.179,73.658,12.71,0.23704,71.479
8745,06/15/2026 06:02:30,2.182,73.662,12.71,0.23732,71.480
8746,06/15/2026 06:12:30,2.166,73.650,12.61,0.23577,71.484
8747,06/15/2026 06:22:30,2.172,73.659,12.51,0.23633,71.487
8748,06/15/2026 06:32:30,2.176,73.663,12.42,0.23675,71.487
8749,06/15/2026 06:42:30,2.174,73.664,12.32,0.23654,71.490
8750,06/15/2026 06:52:30,2.174,73.664,12.32,0.23654,71.490
8751,06/15/2026 07:02:30,2.168,73.656,12.22,0.23597,71.488
8752,06/15/2026 07:12:30,2.163,73.660,12.22,0.23548,71.497
8753,06/15/2026 07:22:30,2.166,73.661,12.12,0.23569,71.495
8754,06/15/2026 07:32:30,2.179,73.673,12.12,0.23703,71.494
8755,06/15/2026 07:42:30,2.177,73.661,12.12,0.23681,71.484
8756,06/15/2026 07:52:30,2.183,73.665,12.12,0.23745,71.482
8757,06/15/2026 08:02:30,2.179,73.649,12.12,0.23703,71.470
8758,06/15/2026 08:12:30,2.200,73.665,12.12,0.23921,71.465
8759,06/15/2026 08:22:30,2.188,73.649,12.12,0.23794,71.461
8760,06/15/2026 08:32:30,2.179,73.636,12.22,0.23710,71.457
8761,06/15/2026 08:42:30,2.192,73.644,12.22,0.23836,71.452
8762,06/15/2026 08:52:30,2.181,73.628,12.32,0.23724,71.447
8763,06/15/2026 09:02:30,2.184,73.623,12.42,0.23760,71.439
8764,06/15/2026 09:12:30,2.192,73.639,12.51,0.23837,71.447
8765,06/15/2026 09:22:30,2.200,73.638,12.61,0.23922,71.438
8766,06/15/2026 09:32:30,2.204,73.646,12.71,0.23958,71.442
8767,06/15/2026 09:42:30,2.206,73.653,12.90,0.23979,71.447
8768,06/15/2026 09:52:30,2.212,73.656,13.00,0.24043,71.444
8769,06/15/2026 10:02:30,2.224,73.656,13.09,0.24163,71.432
8770,06/15/2026 10:12:30,2.222,73.663,13.28,0.24142,71.441
8771,06/15/2026 10:22:30,2.232,73.646,13.38,0.24248,71.414
8772,06/15/2026 10:32:30,2.239,73.653,13.57,0.24326,71.414
8773,06/15/2026 10:42:30,2.245,73.677,13.67,0.24383,71.432
8774,06/15/2026 10:52:30,2.244,73.676,13.86,0.24369,71.432
8775,06/15/2026 11:02:30,2.245,73.679,14.05,0.24384,71.434
8776,06/15/2026 11:12:30,2.247,73.678,14.25,0.24406,71.431
8777,06/15/2026 11:22:30,2.244,73.673,14.44,0.24378,71.429
8778,06/15/2026 11:32:30,2.248,73.668,14.63,0.24421,71.420
8779,06/15/2026 11:42:30,2.245,73.679,14.82,0.24394,71.434
8780,06/15/2026 11:52:30,2.237,73.670,15.01,0.24310,71.433
8781,06/15/2026 12:02:30,2.257,73.674,15.20,0.24508,71.417
8782,06/15/2026 12:12:30,2.248,73.673,15.40,0.24417,71.425
8783,06/15/2026 12:22:30,2.255,73.680,15.59,0.24488,71.425
8784,06/15/2026 12:32:30,2.269,73.679,15.78,0.24637,71.410
8785,06/15/2026 12:42:30,2.256,73.671,15.87,0.24496,71.415
8786,06/15/2026 12:52:30,2.258,73.658,16.06,0.24518,71.400
8787,06/15/2026 13:02:30,2.283,73.673,16.25,0.24780,71.390
8788,06/15/2026 13:12:30,2.279,73.672,16.45,0.24745,71.393
8789,06/15/2026 13:22:30,2.280,73.684,16.54,0.24753,71.404
8790,06/15/2026 13:32:30,2.262,73.659,16.64,0.24570,71.397
8791,06/15/2026 13:42:30,2.282,73.671,16.64,0.24774,71.389
8792,06/15/2026 13:52:30,2.278,73.659,16.73,0.24732,71.381
8793,06/15/2026 14:02:30,2.269,73.650,16.92,0.24642,71.381
8794,06/15/2026 14:12:30,2.272,73.654,17.02,0.24670,71.382
8795,06/15/2026 14:22:30,2.261,73.637,17.21,0.24558,71.376
8796,06/15/2026 14:32:30,2.274,73.653,17.30,0.24693,71.379
8797,06/15/2026 14:42:30,2.263,73.640,17.40,0.24580,71.377
8798,06/15/2026 14:52:30,2.283,73.648,17.49,0.24785,71.365
8799,06/15/2026 15:02:30,2.279,73.648,17.59,0.24743,71.369
8800,06/15/2026 15:12:30,2.277,73.639,17.59,0.24729,71.362
8801,06/15/2026 15:22:30,2.283,73.648,17.59,0.24785,71.365
8802,06/15/2026 15:32:30,2.290,73.639,17.59,0.24863,71.349
8803,06/15/2026 15:42:30,2.282,73.623,17.59,0.24778,71.341
8804,06/15/2026 15:52:30,2.277,73.619,17.78,0.24723,71.342
8805,06/15/2026 16:02:30,2.282,73.618,17.88,0.24780,71.336
8806,06/15/2026 16:12:30,2.272,73.602,17.97,0.24674,71.330
8807,06/15/2026 16:22:30,2.274,73.614,18.07,0.24689,71.340
8808,06/15/2026 16:32:30,2.282,73.625,18.16,0.24781,71.343
8809,06/15/2026 16:42:30,2.279,73.625,18.16,0.24753,71.346
8810,06/15/2026 16:52:30,2.278,73.625,18.26,0.24739,71.347
8811,06/15/2026 17:02:30,2.266,73.605,18.26,0.24612,71.339
8812,06/15/2026 17:12:30,2.255,73.601,18.26,0.24500,71.346
8813,06/15/2026 17:22:30,2.268,73.609,18.26,0.24633,71.341
8814,06/15/2026 17:32:30,2.250,73.597,18.26,0.24450,71.347
8815,06/15/2026 17:42:30,2.257,73.604,18.35,0.24528,71.347
8816,06/15/2026 17:52:30,2.243,73.601,18.26,0.24380,71.358
8817,06/15/2026 18:02:30,2.246,73.601,18.26,0.24408,71.355
8818,06/15/2026 18:12:30,2.235,73.585,18.16,0.24295,71.350
8819,06/15/2026 18:22:30,2.233,73.593,18.07,0.24280,71.360
8820,06/15/2026 18:32:30,2.233,73.598,17.97,0.24273,71.365
8821,06/15/2026 18:42:30,2.222,73.598,17.88,0.24167,71.376
8822,06/15/2026 18:52:30,2.224,73.599,17.68,0.24180,71.375
8823,06/15/2026 19:02:30,2.220,73.603,17.59,0.24144,71.383
8824,06/15/2026 19:12:30,2.217,73.603,17.49,0.24116,71.386
8825,06/15/2026 19:22:30,2.222,73.612,17.40,0.24165,71.390
8826,06/15/2026 19:32:30,2.220,73.621,17.21,0.24136,71.401
8827,06/15/2026 19:42:30,2.192,73.605,17.11,0.23854,71.413
8828,06/15/2026 19:52:30,2.190,73.613,17.02,0.23839,71.423
8829,06/15/2026 20:02:30,2.190,73.618,16.92,0.23832,71.428
8830,06/15/2026 20:12:30,2.195,73.630,16.83,0.23888,71.435
8831,06/15/2026 20:22:30,2.185,73.627,16.73,0.23782,71.442
8832,06/15/2026 20:32:30,2.183,73.635,16.64,0.23760,71.452
8833,06/15/2026 20:42:30,2.184,73.640,16.54,0.23767,71.456
8834,06/15/2026 20:52:30,2.174,73.640,16.45,0.23668,71.466
8835,06/15/2026 21:02:30,2.160,73.632,16.35,0.23527,71.472
8836,06/15/2026 21:12:30,2.170,73.653,16.25,0.23625,71.483
8837,06/15/2026 21:22:30,2.163,73.653,16.16,0.23554,71.490
8838,06/15/2026 21:32:30,2.159,73.646,16.06,0.23512,71.487
8839,06/15/2026 21:42:30,2.171,73.654,15.97,0.23638,71.483
8840,06/15/2026 21:52:30,2.158,73.646,15.87,0.23504,71.488
8841,06/15/2026 22:02:30,2.158,73.651,15.78,0.23504,71.493
8842,06/15/2026 22:12:30,2.155,73.655,15.68,0.23475,71.500
8843,06/15/2026 22:22:30,2.157,73.664,15.59,0.23489,71.507
8844,06/15/2026 22:32:30,2.144,73.652,15.49,0.23362,71.508
8845,06/15/2026 22:42:30,2.151,73.652,15.40,0.23432,71.501
8846,06/15/2026 22:52:30,2.155,73.653,15.30,0.23467,71.498
8847,06/15/2026 23:02:30,2.143,73.633,15.20,0.23347,71.490
8848,06/15/2026 23:12:30,2.146,73.630,15.11,0.23374,71.484
8849,06/15/2026 23:22:30,2.133,73.614,15.01,0.23240,71.481
8850,06/15/2026 23:32:30,2.132,73.610,14.92,0.23240,71.478
8851,06/15/2026 23:42:30,2.121,73.595,14.82,0.23120,71.474
8852,06/15/2026 23:52:30,2.123,73.591,14.73,0.23141,71.468
8853,06/16/2026 00:02:30,2.132,73.600,14.63,0.23232,71.468
8854,06/16/2026 00:12:30,2.122,73.584,14.44,0.23133,71.462
8855,06/16/2026 00:22:30,2.119,73.581,14.34,0.23097,71.462
8856,06/16/2026 00:32:30,2.118,73.573,14.25,0.23090,71.455
8857,06/16/2026 00:42:30,2.118,73.566,14.15,0.23082,71.448
8858,06/16/2026 00:52:30,2.110,73.558,14.05,0.23005,71.448
8859,06/16/2026 01:02:30,2.111,73.550,13.96,0.23019,71.439
8860,06/16/2026 01:12:30,2.108,73.535,13.86,0.22983,71.427
8861,06/16/2026 01:22:30,2.097,73.519,13.77,0.22877,71.422
8862,06/16/2026 01:32:30,2.091,73.520,13.67,0.22807,71.429
8863,06/16/2026 01:42:30,2.098,73.516,13.57,0.22884,71.418
8864,06/16/2026 01:52:30,2.090,73.492,13.48,0.22806,71.402
8865,06/16/2026 02:02:30,2.092,73.493,13.28,0.22826,71.401
8866,06/16/2026 02:12:30,2.096,73.494,13.19,0.22861,71.398
8867,06/16/2026 02:22:30,2.102,73.483,13.00,0.22917,71.381
8868,06/16/2026 02:32:30,2.108,73.491,12.90,0.22987,71.383
8869,06/16/2026 02:42:30,2.101,73.484,12.80,0.22909,71.383
8870,06/16/2026 02:52:30,2.102,73.468,12.71,0.22923,71.366
8871,06/16/2026 03:02:30,2.096,73.465,12.61,0.22853,71.369
8872,06/16/2026 03:12:30,2.094,73.457,12.51,0.22838,71.363
8873,06/16/2026 03:22:30,2.095,73.446,12.42,0.22845,71.351
8874,06/16/2026 03:32:30,2.097,73.438,12.32,0.22866,71.341
8875,06/16/2026 03:42:30,2.097,73.439,12.22,0.22866,71.342
8876,06/16/2026 03:52:30,2.091,73.439,12.12,0.22809,71.348
8877,06/16/2026 04:02:30,2.099,73.436,12.03,0.22886,71.337
8878,06/16/2026 04:12:30,2.096,73.440,11.93,0.22858,71.344
8879,06/16/2026 04:22:30,2.092,73.449,11.83,0.22815,71.357
8880,06/16/2026 04:32:30,2.095,73.445,11.74,0.22850,71.350
8881,06/16/2026 04:42:30,2.091,73.442,11.64,0.22808,71.351
8882,06/16/2026 04:52:30,2.092,73.438,11.54,0.22822,71.346
8883,06/16/2026 05:02:30,2.099,73.451,11.44,0.22885,71.352
8884,06/16/2026 05:12:30,2.094,73.440,11.35,0.22828,71.346
8885,06/16/2026 05:22:30,2.098,73.432,11.25,0.22877,71.334
8886,06/16/2026 05:32:30,2.085,73.428,11.25,0.22743,71.343
8887,06/16/2026 05:42:30,2.092,73.429,11.15,0.22813,71.337
8888,06/16/2026 05:52:30,2.101,73.441,11.05,0.22912,71.340
8889,06/16/2026 06:02:30,2.102,73.446,10.96,0.22911,71.344
8890,06/16/2026 06:12:30,2.096,73.450,10.86,0.22862,71.354
8891,06/16/2026 06:22:30,2.092,73.459,10.76,0.22813,71.367
8892,06/16/2026 06:32:30,2.092,73.460,10.66,0.22812,71.368
8893,06/16/2026 06:42:30,2.080,73.452,10.66,0.22686,71.372
8894,06/16/2026 06:52:30,2.074,73.452,10.57,0.22629,71.378
8895,06/16/2026 07:02:30,2.080,73.465,10.47,0.22692,71.385
8896,06/16/2026 07:12:30,2.077,73.461,10.47,0.22657,71.384
8897,06/16/2026 07:22:30,2.086,73.457,10.47,0.22749,71.371
8898,06/16/2026 07:32:30,2.085,73.453,10.47,0.22742,71.368
8899,06/16/2026 07:42:30,2.094,73.457,10.47,0.22833,71.363
8900,06/16/2026 07:52:30,2.081,73.453,10.47,0.22699,71.372
8901,06/16/2026 08:02:30,2.094,73.465,10.47,0.22833,71.371
8902,06/16/2026 08:12:30,2.100,73.465,10.47,0.22896,71.365
8903,06/16/2026 08:22:30,2.084,73.440,10.57,0.22735,71.356
8904,06/16/2026 08:32:30,2.082,73.436,10.57,0.22714,71.354
8905,06/16/2026 08:42:30,2.102,73.456,10.66,0.22911,71.354
8906,06/16/2026 08:52:30,2.105,73.459,10.76,0.22946,71.354
8907,06/16/2026 09:02:30,2.104,73.455,10.86,0.22932,71.351
8908,06/16/2026 09:12:30,2.114,73.454,10.96,0.23038,71.340
8909,06/16/2026 09:22:30,2.093,73.433,11.15,0.22821,71.340
8910,06/16/2026 09:32:30,2.103,73.436,11.25,0.22926,71.333
8911,06/16/2026 09:42:30,2.115,73.435,11.35,0.23053,71.320
8912,06/16/2026 09:52:30,2.124,73.430,11.54,0.23145,71.306
8913,06/16/2026 10:02:30,2.129,73.421,11.74,0.23195,71.292
8914,06/16/2026 10:12:30,2.132,73.421,11.83,0.23223,71.289
8915,06/16/2026 10:22:30,2.153,73.423,12.03,0.23442,71.270
8916,06/16/2026 10:32:30,2.145,73.430,12.22,0.23365,71.285
8917,06/16/2026 10:42:30,2.154,73.437,12.42,0.23457,71.283
8918,06/16/2026 10:52:30,2.157,73.432,12.71,0.23479,71.275
8919,06/16/2026 11:02:30,2.158,73.423,12.90,0.23494,71.265
8920,06/16/2026 11:12:30,2.161,73.422,13.09,0.23522,71.261
8921,06/16/2026 11:22:30,2.155,73.413,13.28,0.23460,71.258
8922,06/16/2026 11:32:30,2.162,73.432,13.48,0.23531,71.270
8923,06/16/2026 11:42:30,2.182,73.431,13.67,0.23735,71.249
8924,06/16/2026 11:52:30,2.175,73.433,13.96,0.23673,71.258
8925,06/16/2026 12:02:30,2.187,73.445,14.15,0.23786,71.258
8926,06/16/2026 12:12:30,2.185,73.431,14.34,0.23780,71.246
8927,06/16/2026 12:22:30,2.197,73.442,14.63,0.23901,71.245
8928,06/16/2026 12:32:30,2.195,73.417,14.82,0.23880,71.222
8929,06/16/2026 12:42:30,2.193,73.412,15.11,0.23853,71.219
8930,06/16/2026 12:52:30,2.195,73.415,15.30,0.23875,71.220
8931,06/16/2026 13:02:30,2.209,73.422,15.49,0.24023,71.213
8932,06/16/2026 13:12:30,2.205,73.413,15.78,0.23982,71.208
8933,06/16/2026 13:22:30,2.211,73.412,15.97,0.24046,71.201
8934,06/16/2026 13:32:30,2.212,73.411,16.16,0.24054,71.199
8935,06/16/2026 13:42:30,2.198,73.399,16.25,0.23907,71.201
8936,06/16/2026 13:52:30,2.211,73.407,16.25,0.24040,71.196
8937,06/16/2026 14:02:30,2.214,73.410,16.45,0.24076,71.196
8938,06/16/2026 14:12:30,2.222,73.397,16.54,0.24161,71.175
8939,06/16/2026 14:22:30,2.216,73.380,16.73,0.24106,71.164
8940,06/16/2026 14:32:30,2.207,73.392,16.83,0.24008,71.185
8941,06/16/2026 14:42:30,2.233,73.408,16.83,0.24275,71.175
8942,06/16/2026 14:52:30,2.226,73.368,16.92,0.24198,71.142
8943,06/16/2026 15:02:30,2.230,73.371,17.02,0.24248,71.141
8944,06/16/2026 15:12:30,2.232,73.362,17.21,0.24270,71.130
8945,06/16/2026 15:22:30,2.240,73.350,17.40,0.24341,71.110
8946,06/16/2026 15:32:30,2.225,73.337,17.49,0.24193,71.112
8947,06/16/2026 15:42:30,2.219,73.320,17.68,0.24138,71.101
8948,06/16/2026 15:52:30,2.237,73.324,17.88,0.24315,71.087
8949,06/16/2026 16:02:30,2.231,73.323,17.97,0.24259,71.092
8950,06/16/2026 16:12:30,2.231,73.311,18.07,0.24252,71.080
8951,06/16/2026 16:22:30,2.226,73.310,18.16,0.24210,71.084
8952,06/16/2026 16:32:30,2.221,73.310,18.16,0.24161,71.089
8953,06/16/2026 16:42:30,2.219,73.314,18.16,0.24140,71.095
8954,06/16/2026 16:52:30,2.213,73.331,17.97,0.24076,71.118
8955,06/16/2026 17:02:30,2.213,73.332,17.88,0.24068,71.119
8956,06/16/2026 17:12:30,2.202,73.320,17.78,0.23962,71.118
8957,06/16/2026 17:22:30,2.199,73.312,17.68,0.23934,71.113
8958,06/16/2026 17:32:30,2.201,73.312,17.68,0.23948,71.111
8959,06/16/2026 17:42:30,2.198,73.300,17.68,0.23920,71.102
8960,06/16/2026 17:52:30,2.200,73.296,17.68,0.23941,71.096
8961,06/16/2026 18:02:30,2.207,73.292,17.59,0.24011,71.085
8962,06/16/2026 18:12:30,2.204,73.284,17.59,0.23983,71.080
8963,06/16/2026 18:22:30,2.202,73.288,17.59,0.23961,71.086
8964,06/16/2026 18:32:30,2.197,73.285,17.49,0.23905,71.088
8965,06/16/2026 18:42:30,2.199,73.285,17.40,0.23925,71.086
8966,06/16/2026 18:52:30,2.188,73.269,17.30,0.23819,71.081
8967,06/16/2026 19:02:30,2.183,73.261,17.21,0.23770,71.078
8968,06/16/2026 19:12:30,2.185,73.262,17.02,0.23783,71.077
8969,06/16/2026 19:22:30,2.171,73.251,16.92,0.23635,71.080
8970,06/16/2026 19:32:30,2.178,73.255,16.83,0.23712,71.077
8971,06/16/2026 19:42:30,2.178,73.255,16.73,0.23711,71.077
8972,06/16/2026 19:52:30,2.164,73.252,16.54,0.23570,71.088
8973,06/16/2026 20:02:30,2.168,73.265,16.45,0.23605,71.097
8974,06/16/2026 20:12:30,2.154,73.257,16.35,0.23463,71.103
8975,06/16/2026 20:22:30,2.149,73.257,16.25,0.23414,71.108
8976,06/16/2026 20:32:30,2.143,73.246,16.16,0.23350,71.103
8977,06/16/2026 20:42:30,2.152,73.254,16.06,0.23441,71.102
8978,06/16/2026 20:52:30,2.150,73.250,15.97,0.23427,71.100
8979,06/16/2026 21:02:30,2.150,73.263,15.87,0.23419,71.113
8980,06/16/2026 21:12:30,2.143,73.263,15.78,0.23356,71.120
8981,06/16/2026 21:22:30,2.147,73.268,15.68,0.23391,71.121
8982,06/16/2026 21:32:30,2.139,73.264,15.68,0.23306,71.125
8983,06/16/2026 21:42:30,2.133,73.264,15.59,0.23249,71.131
8984,06/16/2026 21:52:30,2.137,73.277,15.49,0.23284,71.140
8985,06/16/2026 22:02:30,2.135,73.281,15.49,0.23263,71.146
8986,06/16/2026 22:12:30,2.136,73.277,15.40,0.23277,71.141
8987,06/16/2026 22:22:30,2.143,73.278,15.30,0.23347,71.135
8988,06/16/2026 22:32:30,2.121,73.253,15.30,0.23129,71.132
8989,06/16/2026 22:42:30,2.135,73.266,15.20,0.23269,71.131
8990,06/16/2026 22:52:30,2.139,73.270,15.11,0.23311,71.131
8991,06/16/2026 23:02:30,2.142,73.270,15.11,0.23339,71.128
8992,06/16/2026 23:12:30,2.130,73.255,15.01,0.23212,71.125
8993,06/16/2026 23:22:30,2.120,73.235,14.92,0.23113,71.115
8994,06/16/2026 23:32:30,2.114,73.227,14.82,0.23057,71.113
8995,06/16/2026 23:42:30,2.117,73.228,14.73,0.23077,71.111
8996,06/16/2026 23:52:30,2.105,73.208,14.73,0.22958,71.103
8997,06/17/2026 00:02:30,2.107,73.200,14.63,0.22979,71.093
8998,06/17/2026 00:12:30,2.116,73.201,14.53,0.23063,71.085
8999,06/17/2026 00:22:30,2.107,73.185,14.44,0.22978,71.078
9000,06/17/2026 00:32:30,2.104,73.185,14.34,0.22949,71.081
9001,06/17/2026 00:42:30,2.099,73.162,14.25,0.22893,71.063
9002,06/17/2026 00:52:30,2.116,73.170,14.25,0.23069,71.054
9003,06/17/2026 01:02:30,2.111,73.158,14.15,0.23019,71.047
9004,06/17/2026 01:12:30,2.099,73.138,14.05,0.22899,71.039
9005,06/17/2026 01:22:30,2.093,73.127,13.96,0.22829,71.034
9006,06/17/2026 01:32:30,2.090,73.107,13.86,0.22800,71.017
9007,06/17/2026 01:42:30,2.086,73.104,13.77,0.22758,71.018
9008,06/17/2026 01:52:30,2.095,73.104,13.77,0.22849,71.009
9009,06/17/2026 02:02:30,2.089,73.100,13.67,0.22792,71.011
9010,06/17/2026 02:12:30,2.082,73.084,13.57,0.22722,71.002
9011,06/17/2026 02:22:30,2.087,73.081,13.48,0.22771,70.994
9012,06/17/2026 02:32:30,2.087,73.077,13.38,0.22770,70.990
9013,06/17/2026 02:42:30,2.090,73.074,13.28,0.22798,70.984
9014,06/17/2026 02:52:30,2.087,73.070,13.19,0.22770,70.983
9015,06/17/2026 03:02:30,2.069,73.050,13.19,0.22587,70.981
9016,06/17/2026 03:12:30,2.075,73.043,13.09,0.22643,70.968
9017,06/17/2026 03:22:30,2.073,73.035,13.00,0.22629,70.962
9018,06/17/2026 03:32:30,2.058,73.023,13.00,0.22474,70.965
9019,06/17/2026 03:42:30,2.074,73.044,12.90,0.22635,70.970
9020,06/17/2026 03:52:30,2.058,73.028,12.80,0.22473,70.970
9021,06/17/2026 04:02:30,2.073,73.032,12.80,0.22628,70.959
9022,06/17/2026 04:12:30,2.063,73.029,12.71,0.22522,70.966
9023,06/17/2026 04:22:30,2.069,73.033,12.61,0.22585,70.964
9024,06/17/2026 04:32:30,2.059,73.029,12.61,0.22480,70.970
9025,06/17/2026 04:42:30,2.063,73.026,12.51,0.22522,70.963
9026,06/17/2026 04:52:30,2.066,73.034,12.42,0.22557,70.968
9027,06/17/2026 05:02:30,2.068,73.038,12.42,0.22578,70.970
9028,06/17/2026 05:12:30,2.075,73.039,12.32,0.22641,70.964
9029,06/17/2026 05:22:30,2.079,73.043,12.22,0.22690,70.964
9030,06/17/2026 05:32:30,2.061,73.032,12.12,0.22499,70.971
9031,06/17/2026 05:42:30,2.073,73.040,12.03,0.22626,70.967
9032,06/17/2026 05:52:30,2.062,73.036,12.03,0.22513,70.974
9033,06/17/2026 06:02:30,2.079,73.049,11.93,0.22682,70.970
9034,06/17/2026 06:12:30,2.076,73.054,11.83,0.22646,70.978
9035,06/17/2026 06:22:30,2.069,73.042,11.74,0.22583,70.973
9036,06/17/2026 06:32:30,2.072,73.055,11.64,0.22611,70.983
9037,06/17/2026 06:42:30,2.056,73.051,11.64,0.22449,70.995
9038,06/17/2026 06:52:30,2.061,73.063,11.54,0.22505,71.002
9039,06/17/2026 07:02:30,2.057,73.060,11.44,0.22455,71.003
9040,06/17/2026 07:12:30,2.066,73.072,11.44,0.22554,71.006
9041,06/17/2026 07:22:30,2.059,73.072,11.44,0.22477,71.013
9042,06/17/2026 07:32:30,2.066,73.080,11.44,0.22554,71.014
9043,06/17/2026 07:42:30,2.066,73.077,11.35,0.22547,71.011
9044,06/17/2026 07:52:30,2.089,73.089,11.35,0.22779,71.000
9045,06/17/2026 08:02:30,2.074,73.065,11.35,0.22624,70.991
9046,06/17/2026 08:12:30,2.070,73.056,11.44,0.22589,70.986
9047,06/17/2026 08:22:30,2.083,73.056,11.44,0.22723,70.973
9048,06/17/2026 08:32:30,2.099,73.067,11.54,0.22892,70.968
9049,06/17/2026 08:42:30,2.096,73.059,11.54,0.22864,70.963
9050,06/17/2026 08:52:30,2.113,73.071,11.64,0.23033,70.958
9051,06/17/2026 09:02:30,2.114,73.062,11.74,0.23047,70.948
9052,06/17/2026 09:12:30,2.094,73.041,11.93,0.22837,70.947
9053,06/17/2026 09:22:30,2.110,73.057,12.03,0.22999,70.947
9054,06/17/2026 09:32:30,2.096,73.048,12.12,0.22858,70.952
9055,06/17/2026 09:42:30,2.092,73.047,12.32,0.22817,70.955
9056,06/17/2026 09:52:30,2.106,73.050,12.42,0.22965,70.944
9057,06/17/2026 10:02:30,2.110,73.049,12.61,0.23007,70.939
9058,06/17/2026 10:12:30,2.106,73.040,12.80,0.22966,70.934
9059,06/17/2026 10:22:30,2.111,73.036,12.90,0.23008,70.925
9060,06/17/2026 10:32:30,2.116,73.043,13.09,0.23058,70.927
9061,06/17/2026 10:42:30,2.112,73.029,13.28,0.23030,70.917
9062,06/17/2026 10:52:30,2.141,73.063,13.77,0.23328,70.922
9063,06/17/2026 11:02:30,2.134,73.046,13.96,0.23251,70.912
9064,06/17/2026 11:12:30,2.142,73.069,14.25,0.23336,70.927
9065,06/17/2026 11:22:30,2.162,73.092,14.53,0.23534,70.930
9066,06/17/2026 11:32:30,2.154,73.098,14.82,0.23465,70.944
9067,06/17/2026 11:42:30,2.154,73.081,15.01,0.23466,70.927
9068,06/17/2026 11:52:30,2.153,73.092,15.30,0.23452,70.939
9069,06/17/2026 12:02:30,2.158,73.091,15.49,0.23502,70.933
9070,06/17/2026 12:12:30,2.163,73.082,15.68,0.23559,70.919
9071,06/17/2026 12:22:30,2.168,73.077,15.87,0.23609,70.909
9072,06/17/2026 12:32:30,2.165,73.076,16.16,0.23575,70.911
9073,06/17/2026 12:42:30,2.179,73.091,16.35,0.23724,70.912
9074,06/17/2026 12:52:30,2.176,73.083,16.54,0.23682,70.907
9075,06/17/2026 13:02:30,2.190,73.090,16.73,0.23831,70.900
9076,06/17/2026 13:12:30,2.173,73.097,17.02,0.23656,70.924
9077,06/17/2026 13:22:30,2.189,73.104,17.21,0.23826,70.915
9078,06/17/2026 13:32:30,2.184,73.103,17.40,0.23778,70.919
9079,06/17/2026 13:42:30,2.201,73.098,17.68,0.23955,70.897
9080,06/17/2026 13:52:30,2.187,73.089,17.88,0.23815,70.902
9081,06/17/2026 14:02:30,2.202,73.093,18.07,0.23956,70.891
9082,06/17/2026 14:12:30,2.205,73.092,18.26,0.23993,70.887
9083,06/17/2026 14:22:30,2.201,73.095,18.45,0.23958,70.894
9084,06/17/2026 14:32:30,2.204,73.091,18.64,0.23980,70.887
9085,06/17/2026 14:42:30,2.207,73.090,18.83,0.24016,70.883
9086,06/17/2026 14:52:30,2.202,73.086,18.92,0.23960,70.884
9087,06/17/2026 15:02:30,2.197,73.105,19.11,0.23919,70.908
9088,06/17/2026 15:12:30,2.209,73.093,19.21,0.24039,70.884
9089,06/17/2026 15:22:30,2.203,73.097,19.30,0.23976,70.894
9090,06/17/2026 15:32:30,2.210,73.108,19.49,0.24048,70.898
9091,06/17/2026 15:42:30,2.194,73.079,19.59,0.23893,70.885
9092,06/17/2026 15:52:30,2.191,73.067,19.68,0.23858,70.876
9093,06/17/2026 16:02:30,2.199,73.067,19.68,0.23936,70.868
9094,06/17/2026 16:12:30,2.205,73.067,19.78,0.24000,70.862
9095,06/17/2026 16:22:30,2.191,73.047,19.78,0.23852,70.856
9096,06/17/2026 16:32:30,2.199,73.051,19.78,0.23936,70.852
9097,06/17/2026 16:42:30,2.190,73.026,19.88,0.23845,70.836
9098,06/17/2026 16:52:30,2.194,73.039,19.78,0.23894,70.844
9099,06/17/2026 17:02:30,2.183,73.026,19.78,0.23781,70.843
9100,06/17/2026 17:12:30,2.184,73.030,19.78,0.23788,70.846
9101,06/17/2026 17:22:30,2.166,73.014,19.78,0.23605,70.848
9102,06/17/2026 17:32:30,2.166,73.007,19.68,0.23605,70.840
9103,06/17/2026 17:42:30,2.159,73.003,19.59,0.23527,70.844
9104,06/17/2026 17:52:30,2.157,73.003,19.59,0.23506,70.846
9105,06/17/2026 18:02:30,2.144,72.987,19.49,0.23371,70.843
9106,06/17/2026 18:12:30,2.156,72.987,19.40,0.23498,70.831
9107,06/17/2026 18:22:30,2.144,72.975,19.30,0.23377,70.831
9108,06/17/2026 18:32:30,2.145,72.972,19.21,0.23384,70.827
9109,06/17/2026 18:42:30,2.141,72.976,19.11,0.23341,70.835
9110,06/17/2026 18:52:30,2.144,72.988,19.02,0.23376,70.844
9111,06/17/2026 19:02:30,2.123,72.969,18.83,0.23157,70.846
9112,06/17/2026 19:12:30,2.125,72.973,18.73,0.23178,70.848
9113,06/17/2026 19:22:30,2.132,72.986,18.64,0.23248,70.854
9114,06/17/2026 19:32:30,2.123,72.990,18.54,0.23156,70.867
9115,06/17/2026 19:42:30,2.113,72.986,18.45,0.23057,70.873
9116,06/17/2026 19:52:30,2.116,72.999,18.26,0.23084,70.883
9117,06/17/2026 20:02:30,2.121,73.016,18.16,0.23133,70.895
9118,06/17/2026 20:12:30,2.099,73.008,18.07,0.22907,70.909
9119,06/17/2026 20:22:30,2.096,73.016,17.97,0.22886,70.920
9120,06/17/2026 20:32:30,2.092,73.021,17.88,0.22836,70.929
9121,06/17/2026 20:42:30,2.090,73.029,17.78,0.22821,70.939
9122,06/17/2026 20:52:30,2.099,73.034,17.59,0.22905,70.935
9123,06/17/2026 21:02:30,2.086,73.026,17.49,0.22778,70.940
9124,06/17/2026 21:12:30,2.074,73.027,17.40,0.22651,70.953
9125,06/17/2026 21:22:30,2.086,73.047,17.30,0.22777,70.961
9126,06/17/2026 21:32:30,2.078,73.048,17.21,0.22685,70.970
9127,06/17/2026 21:42:30,2.070,73.044,17.11,0.22607,70.974
9128,06/17/2026 21:52:30,2.063,73.052,17.02,0.22544,70.989
9129,06/17/2026 22:02:30,2.074,73.073,16.92,0.22649,70.999
9130,06/17/2026 22:12:30,2.070,73.077,16.83,0.22613,71.007
9131,06/17/2026 22:22:30,2.070,73.078,16.73,0.22606,71.008
9132,06/17/2026 22:32:30,2.055,73.074,16.64,0.22458,71.019
9133,06/17/2026 22:42:30,2.067,73.095,16.54,0.22577,71.028
9134,06/17/2026 22:52:30,2.054,73.079,16.45,0.22443,71.025
9135,06/17/2026 23:02:30,2.047,73.071,16.35,0.22372,71.024
9136,06/17/2026 23:12:30,2.044,73.068,16.25,0.22337,71.024
9137,06/17/2026 23:22:30,2.048,73.073,16.06,0.22378,71.025
9138,06/17/2026 23:32:30,2.056,73.081,15.97,0.22462,71.025
9139,06/17/2026 23:42:30,2.045,73.073,15.87,0.22356,71.028
9140,06/17/2026 23:52:30,2.044,73.078,15.78,0.22335,71.034
9141,06/18/2026 00:02:30,2.036,73.078,15.68,0.22257,71.042
9142,06/18/2026 00:12:30,2.049,73.087,15.59,0.22384,71.038
9143,06/18/2026 00:22:30,2.033,73.079,15.49,0.22228,71.046
9144,06/18/2026 00:32:30,2.053,73.096,15.40,0.22425,71.043
9145,06/18/2026 00:42:30,2.046,73.100,15.30,0.22361,71.054
9146,06/18/2026 00:52:30,2.037,73.084,15.20,0.22270,71.047
9147,06/18/2026 01:02:30,2.035,73.081,15.11,0.22241,71.046
9148,06/18/2026 01:12:30,2.025,73.077,15.01,0.22142,71.052
9149,06/18/2026 01:22:30,2.032,73.078,14.92,0.22212,71.046
9150,06/18/2026 01:32:30,2.031,73.082,14.82,0.22205,71.051
9151,06/18/2026 01:42:30,2.031,73.087,14.73,0.22198,71.056
9152,06/18/2026 01:52:30,2.015,73.075,14.63,0.22042,71.060
9153,06/18/2026 02:02:30,2.021,73.076,14.53,0.22098,71.055
9154,06/18/2026 02:12:30,2.008,73.056,14.44,0.21964,71.048
9155,06/18/2026 02:22:30,2.015,73.057,14.25,0.22034,71.042
9156,06/18/2026 02:32:30,2.012,73.045,14.15,0.22006,71.033
9157,06/18/2026 02:42:30,2.007,73.034,14.05,0.21949,71.027
9158,06/18/2026 02:52:30,1.991,73.018,13.96,0.21794,71.027
9159,06/18/2026 03:02:30,1.995,73.022,13.86,0.21836,71.027
9160,06/18/2026 03:12:30,1.993,73.023,13.77,0.21815,71.030
9161,06/18/2026 03:22:30,2.000,73.027,13.67,0.21885,71.027
9162,06/18/2026 03:32:30,2.006,73.028,13.57,0.21941,71.022
9163,06/18/2026 03:42:30,2.004,73.032,13.48,0.21926,71.028
9164,06/18/2026 03:52:30,1.999,73.025,13.38,0.21870,71.026
9165,06/18/2026 04:02:30,1.983,73.029,13.28,0.21715,71.046
9166,06/18/2026 04:12:30,1.994,73.030,13.19,0.21820,71.036
9167,06/18/2026 04:22:30,1.987,73.015,13.00,0.21749,71.028
9168,06/18/2026 04:32:30,1.990,73.019,12.90,0.21784,71.029
9169,06/18/2026 04:42:30,1.994,73.032,12.80,0.21819,71.038
9170,06/18/2026 04:52:30,1.989,73.045,12.71,0.21762,71.056
9171,06/18/2026 05:02:30,1.974,73.029,12.61,0.21614,71.055
9172,06/18/2026 05:12:30,1.983,73.042,12.51,0.21705,71.059
9173,06/18/2026 05:22:30,1.988,73.062,12.42,0.21761,71.074
9174,06/18/2026 05:32:30,1.985,73.067,12.32,0.21726,71.082
9175,06/18/2026 05:42:30,1.974,73.064,12.22,0.21606,71.090
9176,06/18/2026 05:52:30,1.987,73.088,12.12,0.21747,71.101
9177,06/18/2026 06:02:30,1.967,73.061,12.03,0.21535,71.094
9178,06/18/2026 06:12:30,1.982,73.081,11.93,0.21697,71.099
9179,06/18/2026 06:22:30,1.975,73.094,11.83,0.21619,71.119
9180,06/18/2026 06:32:30,1.964,73.086,11.74,0.21513,71.122
9181,06/18/2026 06:42:30,1.965,73.103,11.74,0.21513,71.138
9182,06/18/2026 06:52:30,1.965,73.107,11.64,0.21520,71.142
9183,06/18/2026 07:02:30,1.970,73.119,11.64,0.21577,71.149
9184,06/18/2026 07:12:30,1.970,73.120,11.54,0.21569,71.150
9185,06/18/2026 07:22:30,1.970,73.120,11.54,0.21569,71.150
9186,06/18/2026 07:32:30,1.962,73.116,11.54,0.21485,71.154
9187,06/18/2026 07:42:30,1.966,73.112,11.54,0.21527,71.146
9188,06/18/2026 07:52:30,1.972,73.115,11.64,0.21598,71.143
9189,06/18/2026 08:02:30,1.965,73.103,11.64,0.21520,71.138
9190,06/18/2026 08:12:30,1.976,73.119,11.64,0.21633,71.143
9191,06/18/2026 08:22:30,1.981,73.119,11.74,0.21682,71.138
9192,06/18/2026 08:32:30,1.977,73.118,11.83,0.21647,71.141
9193,06/18/2026 08:42:30,1.977,73.118,11.93,0.21641,71.141
9194,06/18/2026 08:52:30,1.979,73.117,12.03,0.21662,71.138
9195,06/18/2026 09:02:30,1.976,73.108,12.22,0.21634,71.132
9196,06/18/2026 09:12:30,1.981,73.115,12.32,0.21691,71.134
9197,06/18/2026 09:22:30,1.985,73.114,12.51,0.21727,71.129
9198,06/18/2026 09:32:30,1.987,73.125,12.71,0.21748,71.138
9199,06/18/2026 09:42:30,1.979,73.108,12.90,0.21671,71.129
9200,06/18/2026 09:52:30,1.981,73.107,13.09,0.21686,71.126
9201,06/18/2026 10:02:30,1.983,73.110,13.28,0.21708,71.127
9202,06/18/2026 10:12:30,1.980,73.101,13.48,0.21680,71.121
9203,06/18/2026 10:22:30,1.983,73.096,13.67,0.21709,71.113
9204,06/18/2026 10:32:30,1.991,73.103,13.96,0.21787,71.112
9205,06/18/2026 10:42:30,1.980,73.098,14.15,0.21675,71.118
9206,06/18/2026 10:52:30,1.967,73.068,14.44,0.21549,71.101
9207,06/18/2026 11:02:30,1.971,73.091,14.63,0.21592,71.120
9208,06/18/2026 11:12:30,1.975,73.094,14.92,0.21628,71.119
9209,06/18/2026 11:22:30,1.971,73.093,15.11,0.21594,71.122
9210,06/18/2026 11:32:30,1.967,73.080,15.30,0.21552,71.113
9211,06/18/2026 11:42:30,1.970,73.091,15.59,0.21581,71.121
9212,06/18/2026 11:52:30,1.985,73.106,15.78,0.21737,71.121
9213,06/18/2026 12:02:30,1.988,73.113,16.06,0.21766,71.125
9214,06/18/2026 12:12:30,1.984,73.112,16.25,0.21731,71.128
9215,06/18/2026 12:22:30,2.007,73.148,16.45,0.21957,71.141
9216,06/18/2026 12:32:30,2.025,73.163,16.73,0.22141,71.138
9217,06/18/2026 12:42:30,2.020,73.129,17.02,0.22100,71.109
9218,06/18/2026 12:52:30,2.053,73.165,17.21,0.22432,71.112
9219,06/18/2026 13:02:30,2.060,73.172,17.49,0.22503,71.112
9220,06/18/2026 13:12:30,2.071,73.187,17.68,0.22624,71.116
9221,06/18/2026 13:22:30,2.074,73.190,17.88,0.22660,71.116
9222,06/18/2026 13:32:30,2.087,73.206,18.07,0.22787,71.119
9223,06/18/2026 13:42:30,2.085,73.197,18.35,0.22767,71.112
9224,06/18/2026 13:52:30,2.107,73.220,18.54,0.22994,71.113
9225,06/18/2026 14:02:30,2.104,73.224,18.73,0.22959,71.120
9226,06/18/2026 14:12:30,2.109,73.235,18.92,0.23016,71.126
9227,06/18/2026 14:22:30,2.118,73.243,19.02,0.23108,71.125
9228,06/18/2026 14:32:30,2.125,73.238,19.21,0.23180,71.113
9229,06/18/2026 14:42:30,2.120,73.250,19.40,0.23124,71.130
9230,06/18/2026 14:52:30,2.123,73.253,19.49,0.23167,71.130
9231,06/18/2026 15:02:30,2.116,73.237,19.68,0.23083,71.121
9232,06/18/2026 15:12:30,2.117,73.240,19.88,0.23105,71.123
9233,06/18/2026 15:22:30,2.118,73.228,19.97,0.23106,71.110
9234,06/18/2026 15:32:30,2.128,73.251,20.16,0.23219,71.123
9235,06/18/2026 15:42:30,2.119,73.251,20.26,0.23121,71.132
9236,06/18/2026 15:52:30,2.120,73.235,20.26,0.23135,71.115
9237,06/18/2026 16:02:30,2.130,73.243,20.35,0.23234,71.113
9238,06/18/2026 16:12:30,2.121,73.255,20.45,0.23143,71.134
9239,06/18/2026 16:22:30,2.118,73.247,20.45,0.23108,71.129
9240,06/18/2026 16:32:30,2.126,73.255,20.45,0.23193,71.129
9241,06/18/2026 16:42:30,2.127,73.255,20.35,0.23206,71.128
9242,06/18/2026 16:52:30,2.130,73.251,20.26,0.23234,71.121
9243,06/18/2026 17:02:30,2.126,73.251,20.26,0.23199,71.125
9244,06/18/2026 17:12:30,2.117,73.231,20.26,0.23100,71.114
9245,06/18/2026 17:22:30,2.121,73.235,20.16,0.23149,71.114
9246,06/18/2026 17:32:30,2.123,73.240,20.07,0.23156,71.117
9247,06/18/2026 17:42:30,2.115,73.223,20.07,0.23085,71.108
9248,06/18/2026 17:52:30,2.098,73.211,20.07,0.22909,71.113
9249,06/18/2026 18:02:30,2.122,73.232,19.97,0.23148,71.110
9250,06/18/2026 18:12:30,2.095,73.204,19.88,0.22873,71.109
9251,06/18/2026 18:22:30,2.104,73.212,19.78,0.22971,71.108
9252,06/18/2026 18:32:30,2.098,73.216,19.68,0.22914,71.118
9253,06/18/2026 18:42:30,2.084,73.205,19.49,0.22765,71.121
9254,06/18/2026 18:52:30,2.094,73.217,19.40,0.22871,71.123
9255,06/18/2026 19:02:30,2.075,73.206,19.21,0.22666,71.131
9256,06/18/2026 19:12:30,2.068,73.206,19.11,0.22602,71.138
9257,06/18/2026 19:22:30,2.060,73.206,19.02,0.22517,71.146
9258,06/18/2026 19:32:30,2.075,73.231,18.83,0.22671,71.156
9259,06/18/2026 19:42:30,2.061,73.224,18.64,0.22522,71.163
9260,06/18/2026 19:52:30,2.055,73.232,18.54,0.22465,71.177
9261,06/18/2026 20:02:30,2.065,73.249,18.35,0.22563,71.184
9262,06/18/2026 20:12:30,2.057,73.254,18.26,0.22478,71.197
9263,06/18/2026 20:22:30,2.032,73.242,18.07,0.22224,71.210
9264,06/18/2026 20:32:30,2.038,73.255,17.88,0.22287,71.217
9265,06/18/2026 20:42:30,2.031,73.255,17.78,0.22216,71.224
9266,06/18/2026 20:52:30,2.036,73.264,17.59,0.22264,71.228
9267,06/18/2026 21:02:30,2.044,73.272,17.49,0.22341,71.229
9268,06/18/2026 21:12:30,2.028,73.261,17.30,0.22186,71.233
9269,06/18/2026 21:22:30,2.027,73.266,17.21,0.22164,71.239
9270,06/18/2026 21:32:30,2.028,73.278,17.02,0.22185,71.250
9271,06/18/2026 21:42:30,2.038,73.295,16.92,0.22283,71.257
9272,06/18/2026 21:52:30,2.027,73.295,16.83,0.22170,71.268
9273,06/18/2026 22:02:30,2.026,73.296,16.73,0.22155,71.270
9274,06/18/2026 22:12:30,2.014,73.292,16.64,0.22035,71.278
9275,06/18/2026 22:22:30,2.024,73.305,16.54,0.22134,71.281
9276,06/18/2026 22:32:30,2.028,73.309,16.45,0.22175,71.281
9277,06/18/2026 22:42:30,2.026,73.306,16.25,0.22154,71.280
9278,06/18/2026 22:52:30,2.021,73.302,16.16,0.22104,71.281
9279,06/18/2026 23:02:30,2.025,73.311,16.06,0.22139,71.286
9280,06/18/2026 23:12:30,2.015,73.291,15.87,0.22047,71.276
9281,06/18/2026 23:22:30,2.012,73.296,15.78,0.22011,71.284
9282,06/18/2026 23:32:30,2.007,73.293,15.59,0.21954,71.286
9283,06/18/2026 23:42:30,1.998,73.281,15.49,0.21869,71.283
9284,06/18/2026 23:52:30,2.010,73.293,15.40,0.21996,71.283
9285,06/19/2026 00:02:30,2.004,73.298,15.30,0.21925,71.294
9286,06/19/2026 00:12:30,2.005,73.294,15.20,0.21939,71.289
9287,06/19/2026 00:22:30,2.006,73.295,15.01,0.21952,71.289
9288,06/19/2026 00:32:30,2.001,73.296,14.92,0.21896,71.295
9289,06/19/2026 00:42:30,1.993,73.288,14.82,0.21818,71.295
9290,06/19/2026 00:52:30,1.981,73.276,14.73,0.21698,71.295
9291,06/19/2026 01:02:30,1.994,73.293,14.63,0.21824,71.299
9292,06/19/2026 01:12:30,2.004,73.305,14.53,0.21930,71.301
9293,06/19/2026 01:22:30,1.988,73.290,14.44,0.21760,71.302
9294,06/19/2026 01:32:30,1.989,73.282,14.34,0.21774,71.293
9295,06/19/2026 01:42:30,1.987,73.275,14.15,0.21752,71.288
9296,06/19/2026 01:52:30,1.981,73.284,14.05,0.21689,71.303
9297,06/19/2026 02:02:30,1.973,73.272,13.96,0.21611,71.299
9298,06/19/2026 02:12:30,1.978,73.281,13.86,0.21653,71.303
9299,06/19/2026 02:22:30,1.971,73.269,13.77,0.21589,71.298
9300,06/19/2026 02:32:30,1.971,73.261,13.67,0.21589,71.290
9301,06/19/2026 02:42:30,1.971,73.262,13.48,0.21589,71.291
9302,06/19/2026 02:52:30,1.973,73.267,13.38,0.21602,71.294
9303,06/19/2026 03:02:30,1.975,73.259,13.28,0.21630,71.284
9304,06/19/2026 03:12:30,1.983,73.264,13.19,0.21707,71.281
9305,06/19/2026 03:22:30,1.969,73.256,13.09,0.21566,71.287
9306,06/19/2026 03:32:30,1.950,73.245,12.90,0.21376,71.295
9307,06/19/2026 03:42:30,1.953,73.262,12.80,0.21397,71.309
9308,06/19/2026 03:52:30,1.973,73.299,12.71,0.21600,71.326
9309,06/19/2026 04:02:30,1.949,73.283,12.61,0.21361,71.334
9310,06/19/2026 04:12:30,1.958,73.304,12.51,0.21452,71.346
9311,06/19/2026 04:22:30,1.938,73.276,12.42,0.21248,71.338
9312,06/19/2026 04:32:30,1.960,73.301,12.32,0.21473,71.341
9313,06/19/2026 04:42:30,1.959,73.302,12.12,0.21458,71.343
9314,06/19/2026 04:52:30,1.950,73.294,12.03,0.21373,71.344
9315,06/19/2026 05:02:30,1.955,73.299,11.93,0.21422,71.344
9316,06/19/2026 05:12:30,1.961,73.304,11.83,0.21479,71.343
9317,06/19/2026 05:22:30,1.946,73.296,11.74,0.21331,71.350
9318,06/19/2026 05:32:30,1.955,73.313,11.64,0.21415,71.358
9319,06/19/2026 05:42:30,1.952,73.309,11.54,0.21393,71.357
9320,06/19/2026 05:52:30,1.944,73.314,11.44,0.21302,71.370
9321,06/19/2026 06:02:30,1.944,73.323,11.35,0.21301,71.379
9322,06/19/2026 06:12:30,1.965,73.351,11.25,0.21526,71.386
9323,06/19/2026 06:22:30,1.948,73.348,11.15,0.21343,71.400
9324,06/19/2026 06:32:30,1.930,73.344,11.05,0.21167,71.414
9325,06/19/2026 06:42:30,1.937,73.357,11.05,0.21230,71.420
9326,06/19/2026 06:52:30,1.933,73.361,10.96,0.21195,71.428
9327,06/19/2026 07:02:30,1.932,73.358,10.86,0.21181,71.426
9328,06/19/2026 07:12:30,1.929,73.358,10.86,0.21146,71.429
9329,06/19/2026 07:22:30,1.921,73.362,10.86,0.21068,71.441
9330,06/19/2026 07:32:30,1.919,73.358,10.86,0.21047,71.439
9331,06/19/2026 07:42:30,1.924,73.362,10.86,0.21096,71.438
9332,06/19/2026 07:52:30,1.927,73.362,10.86,0.21132,71.435
9333,06/19/2026 08:02:30,1.927,73.365,10.96,0.21132,71.438
9334,06/19/2026 08:12:30,1.932,73.373,10.96,0.21188,71.441
9335,06/19/2026 08:22:30,1.921,73.361,11.05,0.21069,71.440
9336,06/19/2026 08:32:30,1.936,73.376,11.15,0.21224,71.440
9337,06/19/2026 08:42:30,1.945,73.380,11.25,0.21308,71.435
9338,06/19/2026 08:52:30,1.938,73.370,11.44,0.21245,71.432
9339,06/19/2026 09:02:30,1.959,73.378,11.54,0.21457,71.419
9340,06/19/2026 09:12:30,1.937,73.345,11.74,0.21232,71.408
9341,06/19/2026 09:22:30,1.946,73.343,11.93,0.21331,71.397
9342,06/19/2026 09:32:30,1.954,73.346,12.12,0.21416,71.392
9343,06/19/2026 09:42:30,1.952,73.341,12.32,0.21388,71.389
9344,06/19/2026 09:52:30,1.960,73.344,12.51,0.21473,71.384
9345,06/19/2026 10:02:30,1.957,73.331,12.71,0.21439,71.374
9346,06/19/2026 10:12:30,1.963,73.329,13.00,0.21510,71.366
9347,06/19/2026 10:22:30,1.973,73.328,13.19,0.21609,71.355
9348,06/19/2026 10:32:30,1.976,73.319,13.48,0.21638,71.343
9349,06/19/2026 10:42:30,1.980,73.318,13.67,0.21681,71.338
9350,06/19/2026 10:52:30,1.990,73.324,13.96,0.21787,71.334
9351,06/19/2026 11:02:30,1.994,73.323,14.25,0.21823,71.329
9352,06/19/2026 11:12:30,2.001,73.318,14.44,0.21894,71.317
9353,06/19/2026 11:22:30,1.992,73.309,14.73,0.21803,71.317
9354,06/19/2026 11:32:30,2.003,73.315,15.01,0.21924,71.312
9355,06/19/2026 11:42:30,2.001,73.323,15.20,0.21890,71.322
9356,06/19/2026 11:52:30,2.017,73.325,15.49,0.22066,71.308
9357,06/19/2026 12:02:30,2.009,73.324,15.78,0.21983,71.315
9358,06/19/2026 12:12:30,2.015,73.323,15.97,0.22047,71.308
9359,06/19/2026 12:22:30,2.027,73.330,16.25,0.22168,71.303
9360,06/19/2026 12:32:30,2.034,73.337,16.45,0.22239,71.303
9361,06/19/2026 12:42:30,2.032,73.320,16.73,0.22219,71.288
9362,06/19/2026 12:52:30,2.025,73.307,16.92,0.22149,71.282
9363,06/19/2026 13:02:30,2.032,73.306,17.21,0.22221,71.274
9364,06/19/2026 13:12:30,2.030,73.301,17.40,0.22200,71.271
9365,06/19/2026 13:22:30,2.028,73.288,17.59,0.22187,71.260
9366,06/19/2026 13:32:30,2.032,73.279,17.78,0.22230,71.247
9367,06/19/2026 13:42:30,2.045,73.295,17.97,0.22357,71.250
9368,06/19/2026 13:52:30,2.051,73.290,18.16,0.22422,71.239
9369,06/19/2026 14:02:30,2.036,73.265,18.45,0.22268,71.229
9370,06/19/2026 14:12:30,2.042,73.268,18.64,0.22332,71.226
9371,06/19/2026 14:22:30,2.052,73.280,18.83,0.22431,71.228
9372,06/19/2026 14:32:30,2.077,73.288,18.92,0.22685,71.211
9373,06/19/2026 14:42:30,2.070,73.291,19.11,0.22616,71.221
9374,06/19/2026 14:52:30,2.067,73.279,19.21,0.22581,71.212
9375,06/19/2026 15:02:30,2.066,73.282,19.40,0.22575,71.216
9376,06/19/2026 15:12:30,2.056,73.266,19.49,0.22470,71.210
9377,06/19/2026 15:22:30,2.061,73.261,19.68,0.22527,71.200
9378,06/19/2026 15:32:30,2.069,73.281,19.78,0.22612,71.212
9379,06/19/2026 15:42:30,2.069,73.268,19.88,0.22612,71.199
9380,06/19/2026 15:52:30,2.073,73.260,20.07,0.22648,71.187
9381,06/19/2026 16:02:30,2.072,73.259,20.16,0.22649,71.187
9382,06/19/2026 16:12:30,2.070,73.243,20.26,0.22621,71.173
9383,06/19/2026 16:22:30,2.066,73.239,20.26,0.22579,71.173
9384,06/19/2026 16:32:30,2.068,73.239,20.35,0.22600,71.171
9385,06/19/2026 16:42:30,2.071,73.255,20.35,0.22636,71.184
9386,06/19/2026 16:52:30,2.056,73.227,20.35,0.22473,71.171
9387,06/19/2026 17:02:30,2.075,73.234,20.45,0.22678,71.159
9388,06/19/2026 17:12:30,2.089,73.255,20.35,0.22819,71.166
9389,06/19/2026 17:22:30,2.077,73.231,20.26,0.22691,71.154
9390,06/19/2026 17:32:30,2.080,73.227,20.26,0.22727,71.147
9391,06/19/2026 17:42:30,2.075,73.223,20.26,0.22670,71.148
9392,06/19/2026 17:52:30,2.069,73.215,20.16,0.22614,71.146
9393,06/19/2026 18:02:30,2.068,73.216,19.97,0.22599,71.148
9394,06/19/2026 18:12:30,2.057,73.208,19.88,0.22485,71.151
9395,06/19/2026 18:22:30,2.068,73.225,19.68,0.22597,71.157
9396,06/19/2026 18:32:30,2.065,73.229,19.49,0.22568,71.164
9397,06/19/2026 18:42:30,2.051,73.222,19.30,0.22419,71.171
9398,06/19/2026 18:52:30,2.060,73.234,19.11,0.22517,71.174
9399,06/19/2026 19:02:30,2.054,73.247,19.02,0.22453,71.193
9400,06/19/2026 19:12:30,2.044,73.239,18.92,0.22354,71.195
9401,06/19/2026 19:22:30,2.044,73.251,18.92,0.22354,71.207
9402,06/19/2026 19:32:30,2.033,73.256,18.83,0.22234,71.223
9403,06/19/2026 19:42:30,2.038,73.272,18.83,0.22284,71.234
9404,06/19/2026 19:52:30,2.025,73.272,18.73,0.22156,71.247
9405,06/19/2026 20:02:30,2.030,73.276,18.64,0.22212,71.246
9406,06/19/2026 20:12:30,2.015,73.277,18.54,0.22050,71.262
9407,06/19/2026 20:22:30,2.018,73.298,18.35,0.22077,71.280
9408,06/19/2026 20:32:30,2.019,73.310,18.26,0.22091,71.291
9409,06/19/2026 20:42:30,1.997,73.298,18.16,0.21872,71.301
9410,06/19/2026 20:52:30,2.005,73.315,18.07,0.21949,71.310
9411,06/19/2026 21:02:30,1.999,73.311,17.97,0.21886,71.312
9412,06/19/2026 21:12:30,2.009,73.328,17.88,0.21984,71.319
9413,06/19/2026 21:22:30,1.998,73.328,17.78,0.21878,71.330
9414,06/19/2026 21:32:30,2.000,73.344,17.68,0.21899,71.344
9415,06/19/2026 21:42:30,1.998,73.353,17.59,0.21877,71.355
9416,06/19/2026 21:52:30,2.002,73.353,17.49,0.21919,71.351
9417,06/19/2026 22:02:30,1.987,73.349,17.49,0.21764,71.362
9418,06/19/2026 22:12:30,2.003,73.370,17.40,0.21926,71.367
9419,06/19/2026 22:22:30,1.984,73.358,17.30,0.21735,71.374
9420,06/19/2026 22:32:30,1.993,73.358,17.30,0.21827,71.365
9421,06/19/2026 22:42:30,1.979,73.350,17.21,0.21685,71.371
9422,06/19/2026 22:52:30,1.978,73.347,17.11,0.21664,71.369
9423,06/19/2026 23:02:30,1.975,73.339,17.11,0.21636,71.364
9424,06/19/2026 23:12:30,1.976,73.351,17.02,0.21650,71.375
9425,06/19/2026 23:22:30,1.955,73.319,16.92,0.21438,71.364
9426,06/19/2026 23:32:30,1.966,73.323,16.92,0.21551,71.357
9427,06/19/2026 23:42:30,1.962,73.320,16.83,0.21501,71.358
9428,06/19/2026 23:52:30,1.969,73.312,16.73,0.21578,71.343
9429,06/20/2026 00:02:30,1.963,73.304,16.64,0.21514,71.341
9430,06/20/2026 00:12:30,1.972,73.313,16.54,0.21606,71.341
9431,06/20/2026 00:22:30,1.957,73.301,16.45,0.21450,71.344
9432,06/20/2026 00:32:30,1.966,73.297,16.35,0.21549,71.331
9433,06/20/2026 00:42:30,1.958,73.290,16.25,0.21457,71.332
9434,06/20/2026 00:52:30,1.958,73.286,16.16,0.21463,71.328
9435,06/20/2026 01:02:30,1.949,73.278,16.06,0.21372,71.329
9436,06/20/2026 01:12:30,1.962,73.287,15.97,0.21498,71.325
9437,06/20/2026 01:22:30,1.950,73.275,15.87,0.21378,71.325
9438,06/20/2026 01:32:30,1.951,73.272,15.68,0.21391,71.321
9439,06/20/2026 01:42:30,1.942,73.264,15.59,0.21300,71.322
9440,06/20/2026 01:52:30,1.941,73.269,15.49,0.21285,71.328
9441,06/20/2026 02:02:30,1.942,73.269,15.40,0.21299,71.327
9442,06/20/2026 02:12:30,1.954,73.282,15.30,0.21418,71.328
9443,06/20/2026 02:22:30,1.937,73.270,15.20,0.21242,71.333
9444,06/20/2026 02:32:30,1.945,73.271,15.01,0.21326,71.326
9445,06/20/2026 02:42:30,1.938,73.263,14.92,0.21255,71.325
9446,06/20/2026 02:52:30,1.937,73.252,14.82,0.21241,71.315
9447,06/20/2026 03:02:30,1.945,73.256,14.73,0.21325,71.311
9448,06/20/2026 03:12:30,1.932,73.245,14.63,0.21184,71.313
9449,06/20/2026 03:22:30,1.938,73.245,14.53,0.21254,71.307
9450,06/20/2026 03:32:30,1.950,73.258,14.44,0.21373,71.308
9451,06/20/2026 03:42:30,1.932,73.246,14.34,0.21190,71.314
9452,06/20/2026 03:52:30,1.924,73.234,14.25,0.21112,71.310
9453,06/20/2026 04:02:30,1.925,73.239,14.15,0.21119,71.314
9454,06/20/2026 04:12:30,1.919,73.219,14.05,0.21055,71.300
9455,06/20/2026 04:22:30,1.922,73.215,14.05,0.21091,71.293
9456,06/20/2026 04:32:30,1.921,73.216,13.96,0.21076,71.295
9457,06/20/2026 04:42:30,1.912,73.208,13.86,0.20984,71.296
9458,06/20/2026 04:52:30,1.919,73.217,13.77,0.21055,71.298
9459,06/20/2026 05:02:30,1.906,73.221,13.67,0.20928,71.315
9460,06/20/2026 05:12:30,1.908,73.226,13.57,0.20941,71.318
9461,06/20/2026 05:22:30,1.908,73.222,13.48,0.20941,71.314
9462,06/20/2026 05:32:30,1.916,73.227,13.38,0.21018,71.311
9463,06/20/2026 05:42:30,1.910,73.219,13.28,0.20962,71.309
9464,06/20/2026 05:52:30,1.910,73.223,13.28,0.20962,71.313
9465,06/20/2026 06:02:30,1.903,73.228,13.19,0.20884,71.325
9466,06/20/2026 06:12:30,1.899,73.224,13.09,0.20849,71.325
9467,06/20/2026 06:22:30,1.893,73.220,13.09,0.20792,71.327
9468,06/20/2026 06:32:30,1.896,73.233,13.00,0.20813,71.337
9469,06/20/2026 06:42:30,1.893,73.229,12.90,0.20792,71.336
9470,06/20/2026 06:52:30,1.889,73.225,12.90,0.20750,71.336
9471,06/20/2026 07:02:30,1.892,73.238,12.80,0.20777,71.346
9472,06/20/2026 07:12:30,1.894,73.226,12.80,0.20792,71.332
9473,06/20/2026 07:22:30,1.877,73.210,12.80,0.20623,71.333
9474,06/20/2026 07:32:30,1.881,73.218,12.80,0.20665,71.337
9475,06/20/2026 07:42:30,1.896,73.234,12.80,0.20813,71.338
9476,06/20/2026 07:52:30,1.896,73.222,12.80,0.20813,71.326
9477,06/20/2026 08:02:30,1.880,73.205,12.90,0.20658,71.325
9478,06/20/2026 08:12:30,1.893,73.217,13.00,0.20785,71.324
9479,06/20/2026 08:22:30,1.890,73.204,13.00,0.20764,71.314
9480,06/20/2026 08:32:30,1.891,73.204,13.09,0.20771,71.313
9481,06/20/2026 08:42:30,1.882,73.191,13.19,0.20680,71.309
9482,06/20/2026 08:52:30,1.892,73.187,13.19,0.20785,71.295
9483,06/20/2026 09:02:30,1.890,73.171,13.28,0.20758,71.281
9484,06/20/2026 09:12:30,1.884,73.171,13.28,0.20694,71.287
9485,06/20/2026 09:22:30,1.880,73.162,13.38,0.20659,71.282
9486,06/20/2026 09:32:30,1.872,73.146,13.38,0.20575,71.274
9487,06/20/2026 09:42:30,1.879,73.145,13.48,0.20653,71.266
9488,06/20/2026 09:52:30,1.887,73.141,13.48,0.20730,71.254
9489,06/20/2026 10:02:30,1.874,73.113,13.57,0.20590,71.239
9490,06/20/2026 10:12:30,1.875,73.084,13.67,0.20604,71.209
9491,06/20/2026 10:22:30,1.899,73.087,13.77,0.20857,71.188
9492,06/20/2026 10:32:30,1.898,73.078,14.05,0.20844,71.180
9493,06/20/2026 10:42:30,1.888,73.060,14.34,0.20747,71.172
9494,06/20/2026 10:52:30,1.878,73.051,14.63,0.20642,71.173
9495,06/20/2026 11:02:30,1.900,73.070,14.92,0.20861,71.170
9496,06/20/2026 11:12:30,1.907,73.081,15.11,0.20939,71.174
9497,06/20/2026 11:22:30,1.912,73.080,15.20,0.20996,71.168
9498,06/20/2026 11:32:30,1.917,73.080,15.20,0.21045,71.163
9499,06/20/2026 11:42:30,1.922,73.060,15.20,0.21094,71.138
9500,06/20/2026 11:52:30,1.921,73.064,15.30,0.21080,71.143
9501,06/20/2026 12:02:30,1.948,73.059,15.49,0.21355,71.111
9502,06/20/2026 12:12:30,1.950,73.037,15.87,0.21378,71.087
9503,06/20/2026 12:22:30,1.956,73.031,16.25,0.21443,71.075
9504,06/20/2026 12:32:30,1.960,73.014,16.64,0.21479,71.054
9505,06/20/2026 12:42:30,1.972,73.016,16.92,0.21614,71.044
9506,06/20/2026 12:52:30,1.986,73.031,17.21,0.21756,71.045
9507,06/20/2026 13:02:30,1.996,73.019,17.40,0.21848,71.023
9508,06/20/2026 13:12:30,1.991,73.009,17.68,0.21807,71.018
9509,06/20/2026 13:22:30,1.999,73.005,17.88,0.21885,71.006
9510,06/20/2026 13:32:30,1.997,72.992,17.97,0.21872,70.995
9511,06/20/2026 13:42:30,2.012,72.996,18.07,0.22020,70.984
9512,06/20/2026 13:52:30,2.019,73.004,18.16,0.22091,70.985
9513,06/20/2026 14:02:30,2.015,73.003,18.35,0.22049,70.988
9514,06/20/2026 14:12:30,2.012,72.982,18.64,0.22022,70.970
9515,06/20/2026 14:22:30,2.013,72.985,18.83,0.22037,70.972
9516,06/20/2026 14:32:30,2.015,73.013,19.02,0.22052,70.998
9517,06/20/2026 14:42:30,2.012,73.008,19.21,0.22025,70.996
9518,06/20/2026 14:52:30,2.018,73.020,19.30,0.22088,71.002
9519,06/20/2026 15:02:30,2.025,73.043,19.49,0.22167,71.018
9520,06/20/2026 15:12:30,2.032,73.043,19.59,0.22230,71.011
9521,06/20/2026 15:22:30,2.035,73.071,19.68,0.22266,71.036
9522,06/20/2026 15:32:30,2.036,73.043,19.78,0.22267,71.007
9523,06/20/2026 15:42:30,2.030,73.055,19.78,0.22210,71.025
9524,06/20/2026 15:52:30,2.036,73.046,19.88,0.22274,71.010
9525,06/20/2026 16:02:30,2.027,73.030,19.88,0.22182,71.003
9526,06/20/2026 16:12:30,2.035,73.050,19.88,0.22267,71.015
9527,06/20/2026 16:22:30,2.038,73.046,19.97,0.22296,71.008
9528,06/20/2026 16:32:30,2.046,73.034,19.97,0.22373,70.988
9529,06/20/2026 16:42:30,2.049,73.054,19.88,0.22408,71.005
9530,06/20/2026 16:52:30,2.044,73.050,19.88,0.22359,71.006
9531,06/20/2026 17:02:30,2.042,73.038,19.88,0.22337,70.996
9532,06/20/2026 17:12:30,2.044,73.058,19.88,0.22359,71.014
9533,06/20/2026 17:22:30,2.039,73.047,19.78,0.22302,71.008
9534,06/20/2026 17:32:30,2.051,73.059,19.78,0.22422,71.008
9535,06/20/2026 17:42:30,2.031,73.031,19.59,0.22223,71.000
9536,06/20/2026 17:52:30,2.030,73.031,19.59,0.22209,71.001
9537,06/20/2026 18:02:30,2.035,73.035,19.49,0.22265,71.000
9538,06/20/2026 18:12:30,2.022,73.024,19.30,0.22124,71.002
9539,06/20/2026 18:22:30,2.011,73.020,19.21,0.22017,71.009
9540,06/20/2026 18:32:30,2.018,73.017,19.02,0.22080,70.999
9541,06/20/2026 18:42:30,2.013,73.029,18.92,0.22037,71.016
9542,06/20/2026 18:52:30,2.009,73.022,18.73,0.21987,71.013
9543,06/20/2026 19:02:30,1.996,73.006,18.54,0.21860,71.010
9544,06/20/2026 19:12:30,2.001,73.015,18.35,0.21908,71.014
9545,06/20/2026 19:22:30,2.015,73.040,18.26,0.22049,71.025
9546,06/20/2026 19:32:30,2.007,73.032,18.07,0.21970,71.025
9547,06/20/2026 19:42:30,2.003,73.033,17.88,0.21927,71.030
9548,06/20/2026 19:52:30,2.004,73.026,17.68,0.21934,71.022
9549,06/20/2026 20:02:30,1.994,73.022,17.59,0.21835,71.028
9550,06/20/2026 20:12:30,1.967,73.002,17.40,0.21566,71.035
9551,06/20/2026 20:22:30,1.980,73.015,17.21,0.21693,71.035
9552,06/20/2026 20:32:30,1.992,73.032,17.11,0.21812,71.040
9553,06/20/2026 20:42:30,1.988,73.028,17.02,0.21776,71.040
9554,06/20/2026 20:52:30,1.977,73.025,16.83,0.21656,71.048
9555,06/20/2026 21:02:30,1.968,73.037,16.73,0.21571,71.069
9556,06/20/2026 21:12:30,1.969,73.050,16.64,0.21578,71.081
9557,06/20/2026 21:22:30,1.974,73.055,16.45,0.21626,71.081
9558,06/20/2026 21:32:30,1.969,73.059,16.35,0.21577,71.090
9559,06/20/2026 21:42:30,1.972,73.068,16.25,0.21605,71.096
9560,06/20/2026 21:52:30,1.967,73.064,16.06,0.21562,71.097
9561,06/20/2026 22:02:30,1.974,73.073,15.97,0.21625,71.099
9562,06/20/2026 22:12:30,1.965,73.073,15.87,0.21540,71.108
9563,06/20/2026 22:22:30,1.963,73.070,15.78,0.21511,71.107
9564,06/20/2026 22:32:30,1.967,73.075,15.59,0.21546,71.108
9565,06/20/2026 22:42:30,1.955,73.063,15.49,0.21426,71.108
9566,06/20/2026 22:52:30,1.952,73.063,15.40,0.21404,71.111
9567,06/20/2026 23:02:30,1.956,73.060,15.30,0.21439,71.104
9568,06/20/2026 23:12:30,1.947,73.045,15.11,0.21340,71.098
9569,06/20/2026 23:22:30,1.956,73.053,15.01,0.21438,71.097
9570,06/20/2026 23:32:30,1.937,73.026,14.82,0.21241,71.089
9571,06/20/2026 23:42:30,1.949,73.047,14.63,0.21367,71.098
9572,06/20/2026 23:52:30,1.947,73.039,14.53,0.21345,71.092
9573,06/21/2026 00:02:30,1.943,73.036,14.34,0.21303,71.093
9574,06/21/2026 00:12:30,1.947,73.037,14.25,0.21337,71.090
9575,06/21/2026 00:22:30,1.952,73.033,14.15,0.21393,71.081
9576,06/21/2026 00:32:30,1.945,73.026,14.05,0.21316,71.081
9577,06/21/2026 00:42:30,1.934,73.010,13.86,0.21217,71.076
9578,06/21/2026 00:52:30,1.934,72.995,13.77,0.21209,71.061
9579,06/21/2026 01:02:30,1.928,73.003,13.67,0.21153,71.075
9580,06/21/2026 01:12:30,1.932,73.012,13.57,0.21188,71.080
9581,06/21/2026 01:22:30,1.932,73.004,13.48,0.21194,71.072
9582,06/21/2026 01:32:30,1.911,72.997,13.38,0.20969,71.086
9583,06/21/2026 01:42:30,1.910,72.993,13.28,0.20962,71.083
9584,06/21/2026 01:52:30,1.926,73.006,13.19,0.21123,71.080
9585,06/21/2026 02:02:30,1.908,72.990,13.09,0.20947,71.082
9586,06/21/2026 02:12:30,1.914,72.991,13.00,0.21003,71.077
9587,06/21/2026 02:22:30,1.913,72.995,13.00,0.20989,71.082
9588,06/21/2026 02:32:30,1.911,72.984,12.80,0.20967,71.073
9589,06/21/2026 02:42:30,1.907,72.972,12.71,0.20932,71.065
9590,06/21/2026 02:52:30,1.910,72.973,12.61,0.20960,71.063
9591,06/21/2026 03:02:30,1.896,72.957,12.51,0.20819,71.061
9592,06/21/2026 03:12:30,1.892,72.958,12.42,0.20776,71.066
9593,06/21/2026 03:22:30,1.892,72.954,12.32,0.20776,71.062
9594,06/21/2026 03:32:30,1.896,72.959,12.22,0.20811,71.063
9595,06/21/2026 03:42:30,1.901,72.959,12.12,0.20874,71.058
9596,06/21/2026 03:52:30,1.894,72.948,12.03,0.20797,71.054
9597,06/21/2026 04:02:30,1.895,72.948,11.93,0.20810,71.053
9598,06/21/2026 04:12:30,1.887,72.941,11.83,0.20726,71.054
9599,06/21/2026 04:22:30,1.892,72.953,11.83,0.20775,71.061
9600,06/21/2026 04:32:30,1.891,72.954,11.64,0.20767,71.063
9601,06/21/2026 04:42:30,1.887,72.966,11.64,0.20725,71.079
9602,06/21/2026 04:52:30,1.874,72.951,11.54,0.20584,71.077
9603,06/21/2026 05:02:30,1.878,72.951,11.44,0.20633,71.073
9604,06/21/2026 05:12:30,1.880,72.944,11.25,0.20654,71.064
9605,06/21/2026 05:22:30,1.873,72.945,11.15,0.20576,71.072
9606,06/21/2026 05:32:30,1.877,72.949,11.05,0.20625,71.072
9607,06/21/2026 05:42:30,1.877,72.950,10.96,0.20618,71.073
9608,06/21/2026 05:52:30,1.865,72.938,10.96,0.20499,71.073
9609,06/21/2026 06:02:30,1.861,72.935,10.86,0.20449,71.074
9610,06/21/2026 06:12:30,1.866,72.943,10.76,0.20512,71.077
9611,06/21/2026 06:22:30,1.861,72.952,10.66,0.20456,71.091
9612,06/21/2026 06:32:30,1.865,72.965,10.57,0.20491,71.100
9613,06/21/2026 06:42:30,1.861,72.969,10.47,0.20455,71.108
9614,06/21/2026 06:52:30,1.851,72.969,10.47,0.20357,71.118
9615,06/21/2026 07:02:30,1.849,72.962,10.37,0.20329,71.113
9616,06/21/2026 07:12:30,1.845,72.966,10.37,0.20293,71.121
9617,06/21/2026 07:22:30,1.839,72.962,10.27,0.20237,71.123
9618,06/21/2026 07:32:30,1.856,72.978,10.27,0.20413,71.122
9619,06/21/2026 07:42:30,1.857,72.974,10.27,0.20420,71.117
9620,06/21/2026 07:52:30,1.843,72.966,10.37,0.20272,71.123
9621,06/21/2026 08:02:30,1.853,72.970,10.37,0.20371,71.117
9622,06/21/2026 08:12:30,1.853,72.965,10.47,0.20378,71.112
9623,06/21/2026 08:22:30,1.839,72.953,10.47,0.20230,71.114
9624,06/21/2026 08:32:30,1.849,72.965,10.57,0.20329,71.116
9625,06/21/2026 08:42:30,1.863,72.972,10.66,0.20477,71.109
9626,06/21/2026 08:52:30,1.872,72.971,10.76,0.20576,71.099
9627,06/21/2026 09:02:30,1.867,72.963,10.86,0.20512,71.096
9628,06/21/2026 09:12:30,1.871,72.957,11.05,0.20562,71.086
9629,06/21/2026 09:22:30,1.871,72.956,11.25,0.20563,71.085
9630,06/21/2026 09:32:30,1.867,72.943,11.44,0.20521,71.076
9631,06/21/2026 09:42:30,1.868,72.934,11.64,0.20528,71.066
9632,06/21/2026 09:52:30,1.878,72.937,11.83,0.20627,71.059
9633,06/21/2026 10:02:30,1.874,72.919,12.12,0.20593,71.045
9634,06/21/2026 10:12:30,1.898,72.937,12.42,0.20840,71.039
9635,06/21/2026 10:22:30,1.903,72.940,12.61,0.20897,71.037
9636,06/21/2026 10:32:30,1.889,72.919,12.90,0.20742,71.030
9637,06/21/2026 10:42:30,1.895,72.921,13.19,0.20814,71.026
9638,06/21/2026 10:52:30,1.900,72.952,13.38,0.20863,71.052
9639,06/21/2026 11:02:30,1.910,72.967,13.57,0.20970,71.057
9640,06/21/2026 11:12:30,1.889,72.962,13.77,0.20752,71.073
9641,06/21/2026 11:22:30,1.902,72.954,13.86,0.20879,71.052
9642,06/21/2026 11:32:30,1.922,73.014,13.96,0.21083,71.092
9643,06/21/2026 11:42:30,1.926,73.009,14.05,0.21133,71.083
9644,06/21/2026 11:52:30,1.925,73.025,14.25,0.21112,71.100
9645,06/21/2026 12:02:30,1.937,73.008,14.34,0.21239,71.071
9646,06/21/2026 12:12:30,1.939,73.020,14.44,0.21261,71.081
9647,06/21/2026 12:22:30,1.932,73.027,14.63,0.21191,71.095
9648,06/21/2026 12:32:30,1.948,73.042,14.73,0.21360,71.094
9649,06/21/2026 12:42:30,1.942,73.026,14.82,0.21290,71.084
9650,06/21/2026 12:52:30,1.935,73.021,14.92,0.21227,71.086
9651,06/21/2026 13:02:30,1.939,73.016,15.11,0.21270,71.077
9652,06/21/2026 13:12:30,1.955,73.040,15.20,0.21432,71.085
9653,06/21/2026 13:22:30,1.954,73.040,15.30,0.21418,71.086
9654,06/21/2026 13:32:30,1.965,73.055,15.49,0.21531,71.090
9655,06/21/2026 13:42:30,1.981,73.075,15.59,0.21694,71.094
9656,06/21/2026 13:52:30,1.968,73.042,15.78,0.21561,71.074
9657,06/21/2026 14:02:30,1.980,73.044,16.06,0.21688,71.064
9658,06/21/2026 14:12:30,1.993,73.051,16.35,0.21823,71.058
9659,06/21/2026 14:22:30,1.995,73.086,16.64,0.21845,71.091
9660,06/21/2026 14:32:30,1.982,73.062,16.73,0.21705,71.080
9661,06/21/2026 14:42:30,1.990,73.085,16.92,0.21790,71.095
9662,06/21/2026 14:52:30,2.005,73.096,17.11,0.21953,71.091
9663,06/21/2026 15:02:30,1.994,73.104,17.30,0.21834,71.110
9664,06/21/2026 15:12:30,1.988,73.111,17.40,0.21778,71.123
9665,06/21/2026 15:22:30,1.984,73.099,17.40,0.21735,71.115
9666,06/21/2026 15:32:30,2.004,73.095,17.49,0.21933,71.091
9667,06/21/2026 15:42:30,2.007,73.106,17.68,0.21969,71.099
9668,06/21/2026 15:52:30,1.991,73.089,17.88,0.21808,71.098
9669,06/21/2026 16:02:30,2.003,73.093,17.88,0.21935,71.090
9670,06/21/2026 16:12:30,2.011,73.093,17.88,0.22012,71.082
9671,06/21/2026 16:22:30,2.004,73.094,17.78,0.21934,71.090
9672,06/21/2026 16:32:30,2.001,73.081,17.88,0.21913,71.080
9673,06/21/2026 16:42:30,2.020,73.089,17.97,0.22104,71.069
9674,06/21/2026 16:52:30,2.016,73.081,18.07,0.22055,71.065
9675,06/21/2026 17:02:30,1.999,73.076,18.16,0.21893,71.077
9676,06/21/2026 17:12:30,2.019,73.096,18.26,0.22091,71.077
9677,06/21/2026 17:22:30,2.012,73.092,18.35,0.22021,71.080
9678,06/21/2026 17:32:30,2.015,73.096,18.35,0.22049,71.081
9679,06/21/2026 17:42:30,2.014,73.104,18.35,0.22042,71.090
9680,06/21/2026 17:52:30,2.014,73.105,18.16,0.22034,71.091
9681,06/21/2026 18:02:30,2.016,73.109,18.07,0.22062,71.093
9682,06/21/2026 18:12:30,2.008,73.105,17.97,0.21984,71.097
9683,06/21/2026 18:22:30,2.011,73.097,17.97,0.22012,71.086
9684,06/21/2026 18:32:30,2.024,73.114,17.88,0.22139,71.090
9685,06/21/2026 18:42:30,1.996,73.098,17.78,0.21857,71.102
9686,06/21/2026 18:52:30,2.007,73.122,17.68,0.21976,71.115
9687,06/21/2026 19:02:30,2.005,73.127,17.59,0.21947,71.122
9688,06/21/2026 19:12:30,2.000,73.123,17.59,0.21891,71.123
9689,06/21/2026 19:22:30,2.001,73.140,17.40,0.21904,71.139
9690,06/21/2026 19:32:30,1.984,73.140,17.30,0.21735,71.156
9691,06/21/2026 19:42:30,1.986,73.157,17.11,0.21748,71.171
9692,06/21/2026 19:52:30,1.978,73.166,16.92,0.21670,71.188
9693,06/21/2026 20:02:30,1.978,73.178,16.83,0.21670,71.200
9694,06/21/2026 20:12:30,1.969,73.175,16.64,0.21578,71.206
9695,06/21/2026 20:22:30,1.965,73.175,16.54,0.21542,71.210
9696,06/21/2026 20:32:30,1.962,73.180,16.35,0.21506,71.218
9697,06/21/2026 20:42:30,1.970,73.197,16.25,0.21583,71.227
9698,06/21/2026 20:52:30,1.970,73.202,16.06,0.21583,71.232
9699,06/21/2026 21:02:30,1.957,73.198,15.97,0.21449,71.241
9700,06/21/2026 21:12:30,1.970,73.215,15.87,0.21582,71.245
9701,06/21/2026 21:22:30,1.962,73.215,15.78,0.21504,71.253
9702,06/21/2026 21:32:30,1.967,73.220,15.59,0.21553,71.253
9703,06/21/2026 21:42:30,1.966,73.232,15.49,0.21546,71.266
9704,06/21/2026 21:52:30,1.970,73.245,15.40,0.21580,71.275
9705,06/21/2026 22:02:30,1.961,73.241,15.30,0.21496,71.280
9706,06/21/2026 22:12:30,1.969,73.258,15.20,0.21573,71.289
9707,06/21/2026 22:22:30,1.972,73.258,15.11,0.21608,71.286
9708,06/21/2026 22:32:30,1.977,73.267,15.01,0.21650,71.290
9709,06/21/2026 22:42:30,1.944,73.240,14.82,0.21311,71.296
9710,06/21/2026 22:52:30,1.957,73.252,14.73,0.21452,71.295
9711,06/21/2026 23:02:30,1.958,73.249,14.63,0.21451,71.291
9712,06/21/2026 23:12:30,1.955,73.249,14.53,0.21430,71.294
9713,06/21/2026 23:22:30,1.945,73.233,14.44,0.21324,71.288
9714,06/21/2026 23:32:30,1.944,73.242,14.34,0.21310,71.298
9715,06/21/2026 23:42:30,1.949,73.255,14.15,0.21365,71.306
9716,06/21/2026 23:52:30,1.944,73.255,14.05,0.21316,71.311
9717,06/22/2026 00:02:30,1.936,73.248,13.96,0.21231,71.312
9718,06/22/2026 00:12:30,1.940,73.260,13.86,0.21273,71.320
9719,06/22/2026 00:22:30,1.946,73.265,13.77,0.21329,71.319
9720,06/22/2026 00:32:30,1.945,73.257,13.67,0.21322,71.312
9721,06/22/2026 00:42:30,1.925,73.246,13.57,0.21117,71.321
9722,06/22/2026 00:52:30,1.918,73.242,13.48,0.21047,71.324
9723,06/22/2026 01:02:30,1.927,73.263,13.38,0.21138,71.336
9724,06/22/2026 01:12:30,1.915,73.239,13.28,0.21018,71.324
9725,06/22/2026 01:22:30,1.919,73.236,13.19,0.21053,71.317
9726,06/22/2026 01:32:30,1.918,73.240,13.09,0.21046,71.322
9727,06/22/2026 01:42:30,1.920,73.241,13.00,0.21059,71.321
9728,06/22/2026 01:52:30,1.907,73.229,12.90,0.20932,71.322
9729,06/22/2026 02:02:30,1.913,73.234,12.80,0.20989,71.321
9730,06/22/2026 02:12:30,1.906,73.210,12.71,0.20918,71.304
9731,06/22/2026 02:22:30,1.902,73.211,12.61,0.20875,71.309
9732,06/22/2026 02:32:30,1.907,73.207,12.51,0.20931,71.300
9733,06/22/2026 02:42:30,1.908,73.216,12.42,0.20938,71.308
9734,06/22/2026 02:52:30,1.905,73.212,12.42,0.20903,71.307
9735,06/22/2026 03:02:30,1.897,73.216,12.32,0.20832,71.319
9736,06/22/2026 03:12:30,1.894,73.209,12.22,0.20797,71.315
9737,06/22/2026 03:22:30,1.904,73.217,12.12,0.20902,71.313
9738,06/22/2026 03:32:30,1.892,73.210,12.03,0.20775,71.318
9739,06/22/2026 03:42:30,1.894,73.214,11.93,0.20803,71.320
9740,06/22/2026 03:52:30,1.892,73.215,11.83,0.20775,71.323
9741,06/22/2026 04:02:30,1.895,73.215,11.74,0.20810,71.320
9742,06/22/2026 04:12:30,1.889,73.216,11.64,0.20746,71.327
9743,06/22/2026 04:22:30,1.885,73.225,11.54,0.20704,71.340
9744,06/22/2026 04:32:30,1.893,73.233,11.44,0.20788,71.340
9745,06/22/2026 04:42:30,1.878,73.234,11.35,0.20633,71.356
9746,06/22/2026 04:52:30,1.884,73.239,11.25,0.20689,71.355
9747,06/22/2026 05:02:30,1.866,73.226,11.25,0.20513,71.360
9748,06/22/2026 05:12:30,1.882,73.243,11.15,0.20675,71.361
9749,06/22/2026 05:22:30,1.864,73.232,11.05,0.20485,71.368
9750,06/22/2026 05:32:30,1.878,73.256,10.96,0.20632,71.378
9751,06/22/2026 05:42:30,1.873,73.245,10.86,0.20576,71.372
9752,06/22/2026 05:52:30,1.871,73.249,10.86,0.20562,71.378
9753,06/22/2026 06:02:30,1.864,73.245,10.76,0.20491,71.381
9754,06/22/2026 06:12:30,1.874,73.258,10.66,0.20589,71.384
9755,06/22/2026 06:22:30,1.868,73.263,10.57,0.20526,71.395
9756,06/22/2026 06:32:30,1.876,73.280,10.47,0.20603,71.404
9757,06/22/2026 06:42:30,1.866,73.284,10.47,0.20505,71.418
9758,06/22/2026 06:52:30,1.870,73.304,10.37,0.20554,71.434
9759,06/22/2026 07:02:30,1.861,73.312,10.37,0.20462,71.451
9760,06/22/2026 07:12:30,1.864,73.329,10.37,0.20483,71.465
9761,06/22/2026 07:22:30,1.857,73.317,10.27,0.20413,71.460
9762,06/22/2026 07:32:30,1.853,73.316,10.37,0.20378,71.463
9763,06/22/2026 07:42:30,1.848,73.308,10.37,0.20329,71.460
9764,06/22/2026 07:52:30,1.854,73.316,10.37,0.20392,71.462
9765,06/22/2026 08:02:30,1.861,73.333,10.37,0.20455,71.472
9766,06/22/2026 08:12:30,1.860,73.332,10.47,0.20448,71.472
9767,06/22/2026 08:22:30,1.852,73.327,10.57,0.20371,71.475
9768,06/22/2026 08:32:30,1.859,73.335,10.66,0.20435,71.476
9769,06/22/2026 08:42:30,1.866,73.342,10.76,0.20512,71.476
9770,06/22/2026 08:52:30,1.881,73.350,10.86,0.20660,71.469
9771,06/22/2026 09:02:30,1.867,73.333,10.96,0.20520,71.466
9772,06/22/2026 09:12:30,1.868,73.332,11.15,0.20527,71.464
9773,06/22/2026 09:22:30,1.861,73.315,11.35,0.20450,71.454
9774,06/22/2026 09:32:30,1.877,73.334,11.44,0.20626,71.457
9775,06/22/2026 09:42:30,1.880,73.332,11.74,0.20655,71.452
9776,06/22/2026 09:52:30,1.895,73.339,11.93,0.20810,71.444
9777,06/22/2026 10:02:30,1.893,73.322,12.12,0.20790,71.429
9778,06/22/2026 10:12:30,1.897,73.312,12.42,0.20833,71.415
9779,06/22/2026 10:22:30,1.894,73.311,12.61,0.20805,71.417
9780,06/22/2026 10:32:30,1.906,73.322,12.90,0.20918,71.416
9781,06/22/2026 10:42:30,1.912,73.333,13.09,0.20982,71.421
9782,06/22/2026 10:52:30,1.913,73.340,13.28,0.20997,71.427
9783,06/22/2026 11:02:30,1.913,73.340,13.38,0.20990,71.427
9784,06/22/2026 11:12:30,1.918,73.360,13.38,0.21039,71.442
9785,06/22/2026 11:22:30,1.926,73.360,13.38,0.21124,71.434
9786,06/22/2026 11:32:30,1.913,73.355,13.57,0.20991,71.442
9787,06/22/2026 11:42:30,1.933,73.366,13.77,0.21195,71.433
9788,06/22/2026 11:52:30,1.941,73.380,14.05,0.21288,71.439
9789,06/22/2026 12:02:30,1.954,73.379,14.34,0.21415,71.425
9790,06/22/2026 12:12:30,1.943,73.382,14.63,0.21303,71.439
9791,06/22/2026 12:22:30,1.954,73.396,15.01,0.21417,71.442
9792,06/22/2026 12:32:30,1.954,73.398,15.40,0.21419,71.444
9793,06/22/2026 12:42:30,1.967,73.410,15.59,0.21546,71.443
9794,06/22/2026 12:52:30,1.956,73.401,15.68,0.21441,71.445
9795,06/22/2026 13:02:30,1.965,73.421,15.78,0.21532,71.456
9796,06/22/2026 13:12:30,1.980,73.416,15.87,0.21688,71.436
9797,06/22/2026 13:22:30,1.970,73.399,16.06,0.21590,71.429
9798,06/22/2026 13:32:30,1.973,73.410,16.35,0.21619,71.437
9799,06/22/2026 13:42:30,1.987,73.405,16.73,0.21754,71.418
9800,06/22/2026 13:52:30,1.965,73.395,17.11,0.21537,71.430
9801,06/22/2026 14:02:30,1.985,73.414,17.40,0.21743,71.429
9802,06/22/2026 14:12:30,1.990,73.426,17.59,0.21793,71.436
9803,06/22/2026 14:22:30,1.997,73.417,17.68,0.21870,71.420
9804,06/22/2026 14:32:30,1.993,73.404,17.88,0.21829,71.411
9805,06/22/2026 14:42:30,1.999,73.424,18.07,0.21886,71.425
9806,06/22/2026 14:52:30,1.978,73.391,18.26,0.21675,71.413
9807,06/22/2026 15:02:30,1.976,73.390,18.35,0.21662,71.414
9808,06/22/2026 15:12:30,1.984,73.410,18.54,0.21740,71.426
9809,06/22/2026 15:22:30,2.001,73.413,18.73,0.21917,71.412
9810,06/22/2026 15:32:30,1.990,73.397,18.83,0.21798,71.407
9811,06/22/2026 15:42:30,1.991,73.376,18.92,0.21812,71.385
9812,06/22/2026 15:52:30,1.995,73.384,18.92,0.21854,71.389
9813,06/22/2026 16:02:30,1.988,73.376,19.02,0.21777,71.388
9814,06/22/2026 16:12:30,2.007,73.408,19.02,0.21974,71.401
9815,06/22/2026 16:22:30,1.991,73.392,19.11,0.21813,71.401
9816,06/22/2026 16:32:30,1.999,73.388,19.11,0.21890,71.389
9817,06/22/2026 16:42:30,1.990,73.384,19.02,0.21798,71.394
9818,06/22/2026 16:52:30,2.010,73.412,19.02,0.22010,71.402
9819,06/22/2026 17:02:30,1.997,73.392,19.02,0.21876,71.395
9820,06/22/2026 17:12:30,1.992,73.400,19.02,0.21827,71.408
9821,06/22/2026 17:22:30,2.002,73.400,19.02,0.21925,71.398
9822,06/22/2026 17:32:30,1.987,73.392,19.02,0.21770,71.405
9823,06/22/2026 17:42:30,1.990,73.397,18.92,0.21798,71.407
9824,06/22/2026 17:52:30,2.011,73.405,18.83,0.22016,71.394
9825,06/22/2026 18:02:30,1.983,73.385,18.83,0.21727,71.402
9826,06/22/2026 18:12:30,1.992,73.401,18.73,0.21825,71.409
9827,06/22/2026 18:22:30,1.996,73.406,18.54,0.21860,71.410
9828,06/22/2026 18:32:30,1.991,73.402,18.45,0.21810,71.411
9829,06/22/2026 18:42:30,1.977,73.399,18.35,0.21662,71.422
9830,06/22/2026 18:52:30,1.978,73.399,18.16,0.21675,71.421
9831,06/22/2026 19:02:30,1.987,73.412,18.07,0.21759,71.425
9832,06/22/2026 19:12:30,1.997,73.436,17.97,0.21872,71.439
9833,06/22/2026 19:22:30,1.991,73.433,17.78,0.21807,71.442
9834,06/22/2026 19:32:30,1.980,73.429,17.68,0.21694,71.449
9835,06/22/2026 19:42:30,1.979,73.434,17.49,0.21680,71.455
9836,06/22/2026 19:52:30,1.970,73.434,17.40,0.21595,71.464
9837,06/22/2026 20:02:30,1.971,73.427,17.30,0.21594,71.456
9838,06/22/2026 20:12:30,1.961,73.435,17.11,0.21502,71.474
9839,06/22/2026 20:22:30,1.958,73.436,17.02,0.21466,71.478
9840,06/22/2026 20:32:30,1.952,73.433,16.83,0.21395,71.481
9841,06/22/2026 20:42:30,1.963,73.445,16.73,0.21515,71.482
9842,06/22/2026 20:52:30,1.963,73.454,16.54,0.21514,71.491
9843,06/22/2026 21:02:30,1.962,73.459,16.35,0.21499,71.497
9844,06/22/2026 21:12:30,1.972,73.487,16.25,0.21612,71.515
9845,06/22/2026 21:22:30,1.960,73.492,16.06,0.21484,71.532
9846,06/22/2026 21:32:30,1.969,73.505,15.97,0.21568,71.536
9847,06/22/2026 21:42:30,1.969,73.525,15.87,0.21575,71.556
9848,06/22/2026 21:52:30,1.965,73.534,15.68,0.21532,71.569
9849,06/22/2026 22:02:30,1.960,73.543,15.59,0.21475,71.583
9850,06/22/2026 22:12:30,1.962,73.551,15.49,0.21503,71.589
9851,06/22/2026 22:22:30,1.955,73.552,15.40,0.21426,71.597
9852,06/22/2026 22:32:30,1.966,73.577,15.20,0.21538,71.611
9853,06/22/2026 22:42:30,1.950,73.577,15.11,0.21375,71.627
9854,06/22/2026 22:52:30,1.958,73.582,14.92,0.21459,71.624
9855,06/22/2026 23:02:30,1.946,73.574,14.82,0.21339,71.628
9856,06/22/2026 23:12:30,1.956,73.579,14.73,0.21437,71.623
9857,06/22/2026 23:22:30,1.948,73.579,14.63,0.21360,71.631
9858,06/22/2026 23:32:30,1.929,73.568,14.53,0.21155,71.639
9859,06/22/2026 23:42:30,1.934,73.580,14.44,0.21211,71.646
9860,06/22/2026 23:52:30,1.952,73.589,14.25,0.21401,71.637
9861,06/23/2026 00:02:30,1.935,73.577,14.25,0.21225,71.642
9862,06/23/2026 00:12:30,1.947,73.586,14.05,0.21344,71.639
9863,06/23/2026 00:22:30,1.939,73.583,13.96,0.21259,71.644
9864,06/23/2026 00:32:30,1.936,73.579,13.86,0.21231,71.643
9865,06/23/2026 00:42:30,1.937,73.584,13.77,0.21237,71.647
9866,06/23/2026 00:52:30,1.927,73.568,13.67,0.21139,71.641
9867,06/23/2026 01:02:30,1.924,73.564,13.57,0.21110,71.640
9868,06/23/2026 01:12:30,1.939,73.577,13.48,0.21258,71.638
9869,06/23/2026 01:22:30,1.927,73.565,13.38,0.21138,71.638
9870,06/23/2026 01:32:30,1.919,73.558,13.28,0.21053,71.639
9871,06/23/2026 01:42:30,1.907,73.542,13.19,0.20933,71.635
9872,06/23/2026 01:52:30,1.904,73.543,13.09,0.20898,71.639
9873,06/23/2026 02:02:30,1.895,73.527,13.00,0.20813,71.632
9874,06/23/2026 02:12:30,1.884,73.512,12.80,0.20693,71.628
9875,06/23/2026 02:22:30,1.871,73.504,12.71,0.20566,71.633
9876,06/23/2026 02:32:30,1.847,73.489,12.61,0.20320,71.642
9877,06/23/2026 02:42:30,1.837,73.469,12.51,0.20221,71.632
9878,06/23/2026 02:52:30,1.839,73.466,12.32,0.20241,71.627
9879,06/23/2026 03:02:30,1.827,73.451,12.22,0.20108,71.624
9880,06/23/2026 03:12:30,1.817,73.443,12.12,0.20009,71.626
9881,06/23/2026 03:22:30,1.831,73.460,12.03,0.20149,71.629
9882,06/23/2026 03:32:30,1.831,73.460,11.93,0.20156,71.629
9883,06/23/2026 03:42:30,1.832,73.469,11.83,0.20163,71.637
9884,06/23/2026 03:52:30,1.836,73.486,11.74,0.20198,71.650
9885,06/23/2026 04:02:30,1.850,73.510,11.64,0.20352,71.660
9886,06/23/2026 04:12:30,1.863,73.527,11.54,0.20479,71.664
9887,06/23/2026 04:22:30,1.864,73.536,11.44,0.20486,71.672
9888,06/23/2026 04:32:30,1.873,73.553,11.25,0.20584,71.680
9889,06/23/2026 04:42:30,1.864,73.554,11.15,0.20485,71.690
9890,06/23/2026 04:52:30,1.872,73.570,11.15,0.20569,71.698
9891,06/23/2026 05:02:30,1.887,73.594,11.05,0.20731,71.707
9892,06/23/2026 05:12:30,1.890,73.603,10.96,0.20752,71.713
9893,06/23/2026 05:22:30,1.879,73.588,10.86,0.20639,71.709
9894,06/23/2026 05:32:30,1.878,73.596,10.76,0.20632,71.718
9895,06/23/2026 05:42:30,1.873,73.593,10.66,0.20575,71.720
9896,06/23/2026 05:52:30,1.874,73.601,10.57,0.20596,71.727
9897,06/23/2026 06:02:30,1.884,73.618,10.47,0.20695,71.734
9898,06/23/2026 06:12:30,1.881,73.626,10.47,0.20659,71.745
9899,06/23/2026 06:22:30,1.890,73.647,10.37,0.20751,71.757
9900,06/23/2026 06:32:30,1.880,73.640,10.27,0.20645,71.760
9901,06/23/2026 06:42:30,1.875,73.656,10.17,0.20603,71.781
9902,06/23/2026 06:52:30,1.857,73.640,10.17,0.20420,71.783
9903,06/23/2026 07:02:30,1.870,73.661,10.08,0.20546,71.791
9904,06/23/2026 07:12:30,1.871,73.661,10.08,0.20560,71.790
9905,06/23/2026 07:22:30,1.865,73.665,10.08,0.20497,71.800
9906,06/23/2026 07:32:30,1.874,73.681,10.08,0.20588,71.807
9907,06/23/2026 07:42:30,1.855,73.661,10.08,0.20391,71.806
9908,06/23/2026 07:52:30,1.874,73.681,10.08,0.20588,71.807
9909,06/23/2026 08:02:30,1.865,73.680,10.17,0.20504,71.815
9910,06/23/2026 08:12:30,1.870,73.676,10.27,0.20546,71.806
9911,06/23/2026 08:22:30,1.867,73.676,10.27,0.20518,71.809
9912,06/23/2026 08:32:30,1.864,73.675,10.37,0.20490,71.811
9913,06/23/2026 08:42:30,1.867,73.675,10.47,0.20512,71.808
9914,06/23/2026 08:52:30,1.871,73.681,10.66,0.20561,71.810
9915,06/23/2026 09:02:30,1.867,73.681,10.76,0.20519,71.814
9916,06/23/2026 09:12:30,1.888,73.700,10.86,0.20738,71.812
9917,06/23/2026 09:22:30,1.860,73.675,11.05,0.20450,71.815
9918,06/23/2026 09:32:30,1.867,73.687,11.15,0.20513,71.820
9919,06/23/2026 09:42:30,1.881,73.698,11.35,0.20661,71.817
9920,06/23/2026 09:52:30,1.879,73.693,11.44,0.20640,71.814
9921,06/23/2026 10:02:30,1.873,73.680,11.64,0.20578,71.807
9922,06/23/2026 10:12:30,1.876,73.679,11.74,0.20613,71.803
9923,06/23/2026 10:22:30,1.879,73.679,11.83,0.20641,71.800
9924,06/23/2026 10:32:30,1.895,73.686,12.03,0.20804,71.791
9925,06/23/2026 10:42:30,1.904,73.693,12.12,0.20902,71.789
9926,06/23/2026 10:52:30,1.905,73.680,12.22,0.20917,71.775
9927,06/23/2026 11:02:30,1.892,73.659,12.42,0.20776,71.767
9928,06/23/2026 11:12:30,1.908,73.658,12.71,0.20939,71.750
9929,06/23/2026 11:22:30,1.907,73.656,13.00,0.20933,71.749
9930,06/23/2026 11:32:30,1.913,73.659,13.28,0.20990,71.746
9931,06/23/2026 11:42:30,1.924,73.665,13.57,0.21110,71.741
9932,06/23/2026 11:52:30,1.918,73.655,13.96,0.21048,71.737
9933,06/23/2026 12:02:30,1.938,73.682,14.25,0.21253,71.744
9934,06/23/2026 12:12:30,1.933,73.677,14.53,0.21198,71.744
9935,06/23/2026 12:22:30,1.957,73.695,14.82,0.21452,71.738
9936,06/23/2026 12:32:30,1.936,73.670,15.11,0.21235,71.734
9937,06/23/2026 12:42:30,1.948,73.693,15.30,0.21362,71.745
9938,06/23/2026 12:52:30,1.949,73.679,15.68,0.21370,71.730
9939,06/23/2026 13:02:30,1.946,73.662,15.87,0.21343,71.716
9940,06/23/2026 13:12:30,1.956,73.661,16.16,0.21442,71.705
9941,06/23/2026 13:22:30,1.954,73.660,16.45,0.21422,71.706
9942,06/23/2026 13:32:30,1.948,73.627,16.73,0.21360,71.679
9943,06/23/2026 13:42:30,1.955,73.642,16.92,0.21438,71.687
9944,06/23/2026 13:52:30,1.959,73.645,17.11,0.21481,71.686
9945,06/23/2026 14:02:30,1.954,73.628,17.40,0.21426,71.674
9946,06/23/2026 14:12:30,1.955,73.611,17.59,0.21440,71.656
9947,06/23/2026 14:22:30,1.957,73.619,17.78,0.21455,71.662
9948,06/23/2026 14:32:30,1.974,73.614,18.07,0.21640,71.639
9949,06/23/2026 14:42:30,1.965,73.609,18.16,0.21541,71.644
9950,06/23/2026 14:52:30,1.979,73.621,18.35,0.21683,71.642
9951,06/23/2026 15:02:30,1.966,73.604,18.35,0.21556,71.638
9952,06/23/2026 15:12:30,1.958,73.608,18.35,0.21472,71.650
9953,06/23/2026 15:22:30,1.972,73.612,18.35,0.21620,71.640
9954,06/23/2026 15:32:30,1.979,73.617,18.35,0.21683,71.638
9955,06/23/2026 15:42:30,1.980,73.617,18.35,0.21690,71.637
9956,06/23/2026 15:52:30,1.973,73.600,18.54,0.21620,71.627
9957,06/23/2026 16:02:30,1.983,73.599,18.73,0.21727,71.616
9958,06/23/2026 16:12:30,1.989,73.607,18.83,0.21790,71.618
9959,06/23/2026 16:22:30,1.992,73.598,18.92,0.21826,71.606
9960,06/23/2026 16:32:30,1.982,73.594,19.02,0.21721,71.612
9961,06/23/2026 16:42:30,1.977,73.598,19.02,0.21672,71.621
9962,06/23/2026 16:52:30,1.985,73.615,18.92,0.21742,71.630
9963,06/23/2026 17:02:30,1.981,73.623,18.83,0.21706,71.642
9964,06/23/2026 17:12:30,1.970,73.615,18.73,0.21600,71.645
9965,06/23/2026 17:22:30,1.970,73.615,18.73,0.21600,71.645
9966,06/23/2026 17:32:30,1.981,73.624,18.64,0.21705,71.643
9967,06/23/2026 17:42:30,1.988,73.628,18.64,0.21776,71.640
9968,06/23/2026 17:52:30,1.987,73.632,18.64,0.21762,71.645
9969,06/23/2026 18:02:30,1.980,73.632,18.54,0.21698,71.652
9970,06/23/2026 18:12:30,1.977,73.632,18.45,0.21669,71.655
9971,06/23/2026 18:22:30,1.989,73.649,18.35,0.21789,71.660
9972,06/23/2026 18:32:30,1.976,73.645,18.26,0.21654,71.669
9973,06/23/2026 18:42:30,1.976,73.658,18.07,0.21654,71.682
9974,06/23/2026 18:52:30,1.957,73.642,17.88,0.21463,71.685
9975,06/23/2026 19:02:30,1.962,73.655,17.68,0.21511,71.693
9976,06/23/2026 19:12:30,1.958,73.656,17.59,0.21462,71.698
9977,06/23/2026 19:22:30,1.955,73.656,17.40,0.21440,71.701
9978,06/23/2026 19:32:30,1.949,73.649,17.30,0.21369,71.700
9979,06/23/2026 19:42:30,1.950,73.657,17.21,0.21383,71.707
9980,06/23/2026 19:52:30,1.938,73.653,17.11,0.21263,71.715
9981,06/23/2026 20:02:30,1.940,73.650,16.92,0.21283,71.710
9982,06/23/2026 20:12:30,1.938,73.655,16.83,0.21255,71.717
9983,06/23/2026 20:22:30,1.941,73.663,16.73,0.21289,71.722
9984,06/23/2026 20:32:30,1.944,73.671,16.64,0.21324,71.727
9985,06/23/2026 20:42:30,1.940,73.676,16.45,0.21281,71.736
9986,06/23/2026 20:52:30,1.917,73.660,16.35,0.21049,71.743
9987,06/23/2026 21:02:30,1.949,73.701,16.25,0.21372,71.752
9988,06/23/2026 21:12:30,1.929,73.682,16.06,0.21167,71.753
9989,06/23/2026 21:22:30,1.924,73.682,15.97,0.21118,71.758
9990,06/23/2026 21:32:30,1.934,73.699,15.87,0.21216,71.765
9991,06/23/2026 21:42:30,1.927,73.699,15.78,0.21145,71.772
9992,06/23/2026 21:52:30,1.919,73.696,15.68,0.21061,71.777
9993,06/23/2026 22:02:30,1.930,73.716,15.59,0.21180,71.786
9994,06/23/2026 22:12:30,1.940,73.737,15.40,0.21278,71.797
9995,06/23/2026 22:22:30,1.919,73.722,15.30,0.21059,71.803
9996,06/23/2026 22:32:30,1.923,73.722,15.20,0.21101,71.799
9997,06/23/2026 22:42:30,1.917,73.710,15.11,0.21045,71.793
9998,06/23/2026 22:52:30,1.928,73.727,15.01,0.21150,71.799
9999,06/23/2026 23:02:30,1.927,73.711,14.92,0.21142,71.784
10000,06/23/2026 23:12:30,1.923,73.699,14.82,0.21107,71.776
10001,06/23/2026 23:22:30,1.924,73.692,14.73,0.21107,71.768
10002,06/23/2026 23:32:30,1.911,73.672,14.63,0.20980,71.761
10003,06/23/2026 23:42:30,1.917,73.661,14.44,0.21035,71.744
10004,06/23/2026 23:52:30,1.920,73.674,14.34,0.21063,71.754
10005,06/24/2026 00:02:30,1.921,73.678,14.25,0.21077,71.757
10006,06/24/2026 00:12:30,1.920,73.678,14.15,0.21070,71.758
10007,06/24/2026 00:22:30,1.904,73.659,14.05,0.20901,71.755
10008,06/24/2026 00:32:30,1.907,73.651,13.96,0.20935,71.744
10009,06/24/2026 00:42:30,1.900,73.640,13.86,0.20858,71.740
10010,06/24/2026 00:52:30,1.901,73.624,13.77,0.20872,71.723
10011,06/24/2026 01:02:30,1.911,73.637,13.57,0.20977,71.726
10012,06/24/2026 01:12:30,1.888,73.617,13.48,0.20744,71.729
10013,06/24/2026 01:22:30,1.894,73.626,13.38,0.20800,71.732
10014,06/24/2026 01:32:30,1.899,73.626,13.28,0.20856,71.727
10015,06/24/2026 01:42:30,1.901,73.631,13.19,0.20870,71.730
10016,06/24/2026 01:52:30,1.885,73.619,13.09,0.20708,71.734
10017,06/24/2026 02:02:30,1.890,73.620,13.00,0.20757,71.730
10018,06/24/2026 02:12:30,1.898,73.632,12.90,0.20841,71.734
10019,06/24/2026 02:22:30,1.883,73.617,12.80,0.20686,71.734
10020,06/24/2026 02:32:30,1.893,73.625,12.71,0.20791,71.732
10021,06/24/2026 02:42:30,1.872,73.614,12.61,0.20573,71.742
10022,06/24/2026 02:52:30,1.884,73.618,12.51,0.20699,71.734
10023,06/24/2026 03:02:30,1.885,73.623,12.42,0.20706,71.738
10024,06/24/2026 03:12:30,1.862,73.599,12.32,0.20474,71.737
10025,06/24/2026 03:22:30,1.864,73.596,12.22,0.20487,71.732
10026,06/24/2026 03:32:30,1.869,73.600,12.12,0.20544,71.731
10027,06/24/2026 03:42:30,1.860,73.581,12.03,0.20445,71.721
10028,06/24/2026 03:52:30,1.859,73.577,11.93,0.20445,71.718
10029,06/24/2026 04:02:30,1.856,73.574,11.83,0.20409,71.718
10030,06/24/2026 04:12:30,1.869,73.595,11.74,0.20536,71.726
10031,06/24/2026 04:22:30,1.864,73.591,11.64,0.20493,71.727
10032,06/24/2026 04:32:30,1.865,73.596,11.54,0.20493,71.731
10033,06/24/2026 04:42:30,1.858,73.600,11.44,0.20429,71.742
10034,06/24/2026 04:52:30,1.860,73.609,11.35,0.20443,71.749
10035,06/24/2026 05:02:30,1.847,73.593,11.25,0.20316,71.746
10036,06/24/2026 05:12:30,1.844,73.602,11.15,0.20281,71.758
10037,06/24/2026 05:22:30,1.853,73.607,11.05,0.20372,71.754
10038,06/24/2026 05:32:30,1.841,73.607,10.96,0.20252,71.766
10039,06/24/2026 05:42:30,1.839,73.604,10.86,0.20231,71.765
10040,06/24/2026 05:52:30,1.843,73.612,10.76,0.20280,71.769
10041,06/24/2026 06:02:30,1.825,73.601,10.66,0.20090,71.776
10042,06/24/2026 06:12:30,1.823,73.609,10.57,0.20076,71.786
10043,06/24/2026 06:22:30,1.834,73.622,10.47,0.20181,71.788
10044,06/24/2026 06:32:30,1.837,73.630,10.47,0.20216,71.793
10045,06/24/2026 06:42:30,1.817,73.615,10.37,0.20005,71.798
10046,06/24/2026 06:52:30,1.814,73.615,10.37,0.19977,71.801
10047,06/24/2026 07:02:30,1.808,73.607,10.27,0.19920,71.799
10048,06/24/2026 07:12:30,1.801,73.607,10.27,0.19850,71.806
10049,06/24/2026 07:22:30,1.799,73.603,10.27,0.19829,71.804
10050,06/24/2026 07:32:30,1.798,73.603,10.27,0.19815,71.805
10051,06/24/2026 07:42:30,1.788,73.591,10.27,0.19709,71.803
10052,06/24/2026 07:52:30,1.785,73.599,10.27,0.19681,71.814
10053,06/24/2026 08:02:30,1.775,73.591,10.37,0.19576,71.816
10054,06/24/2026 08:12:30,1.767,73.574,10.37,0.19499,71.807
10055,06/24/2026 08:22:30,1.759,73.566,10.37,0.19421,71.807
10056,06/24/2026 08:32:30,1.748,73.542,10.47,0.19302,71.794
10057,06/24/2026 08:42:30,1.756,73.537,10.57,0.19386,71.781
10058,06/24/2026 08:52:30,1.767,73.544,10.66,0.19499,71.777
10059,06/24/2026 09:02:30,1.759,73.532,10.76,0.19415,71.773
10060,06/24/2026 09:12:30,1.744,73.511,10.86,0.19260,71.767
10061,06/24/2026 09:22:30,1.753,73.510,10.96,0.19359,71.757
10062,06/24/2026 09:32:30,1.742,73.489,11.15,0.19247,71.747
10063,06/24/2026 09:42:30,1.746,73.484,11.35,0.19282,71.738
10064,06/24/2026 09:52:30,1.744,73.471,11.54,0.19262,71.727
10065,06/24/2026 10:02:30,1.735,73.453,11.74,0.19178,71.718
10066,06/24/2026 10:12:30,1.742,73.448,11.93,0.19249,71.706
10067,06/24/2026 10:22:30,1.737,73.435,12.12,0.19193,71.698
10068,06/24/2026 10:32:30,1.753,73.433,12.42,0.19362,71.680
10069,06/24/2026 10:42:30,1.762,73.436,12.61,0.19454,71.674
10070,06/24/2026 10:52:30,1.755,73.431,12.80,0.19384,71.676
10071,06/24/2026 11:02:30,1.766,73.446,13.09,0.19491,71.680
10072,06/24/2026 11:12:30,1.757,73.433,13.28,0.19400,71.676
10073,06/24/2026 11:22:30,1.782,73.452,13.48,0.19653,71.670
10074,06/24/2026 11:32:30,1.782,73.451,13.67,0.19661,71.669
10075,06/24/2026 11:42:30,1.833,73.506,13.86,0.20182,71.673
10076,06/24/2026 11:52:30,1.814,73.477,14.05,0.19986,71.663
10077,06/24/2026 12:02:30,1.847,73.501,14.25,0.20317,71.654
10078,06/24/2026 12:12:30,1.845,73.507,14.53,0.20304,71.662
10079,06/24/2026 12:22:30,1.854,73.502,14.73,0.20396,71.648
10080,06/24/2026 12:32:30,1.872,73.534,14.92,0.20579,71.662
10081,06/24/2026 12:42:30,1.879,73.525,15.11,0.20650,71.646
10082,06/24/2026 12:52:30,1.902,73.531,15.40,0.20891,71.629
10083,06/24/2026 13:02:30,1.895,73.514,15.59,0.20821,71.619
10084,06/24/2026 13:12:30,1.916,73.538,15.78,0.21033,71.622
10085,06/24/2026 13:22:30,1.913,73.533,15.97,0.21005,71.620
10086,06/24/2026 13:32:30,1.924,73.532,16.16,0.21118,71.608
10087,06/24/2026 13:42:30,1.930,73.524,16.25,0.21175,71.594
10088,06/24/2026 13:52:30,1.921,73.503,16.45,0.21084,71.582
10089,06/24/2026 14:02:30,1.935,73.510,16.54,0.21232,71.575
10090,06/24/2026 14:12:30,1.936,73.489,16.73,0.21247,71.553
10091,06/24/2026 14:22:30,1.951,73.473,16.92,0.21389,71.522
10092,06/24/2026 14:32:30,1.954,73.472,17.02,0.21424,71.518
10093,06/24/2026 14:42:30,1.950,73.451,17.21,0.21390,71.501
10094,06/24/2026 14:52:30,1.964,73.454,17.40,0.21531,71.490
10095,06/24/2026 15:02:30,1.965,73.442,17.49,0.21539,71.477
10096,06/24/2026 15:12:30,1.963,73.426,17.59,0.21511,71.463
10097,06/24/2026 15:22:30,1.957,73.421,17.59,0.21462,71.464
10098,06/24/2026 15:32:30,1.958,73.417,17.59,0.21469,71.459
10099,06/24/2026 15:42:30,1.959,73.414,17.49,0.21475,71.455
10100,06/24/2026 15:52:30,1.959,73.410,17.40,0.21475,71.451
10101,06/24/2026 16:02:30,1.963,73.402,17.40,0.21517,71.439
10102,06/24/2026 16:12:30,1.962,73.394,17.30,0.21510,71.432
10103,06/24/2026 16:22:30,1.953,73.382,17.30,0.21418,71.429
10104,06/24/2026 16:32:30,1.946,73.375,17.21,0.21340,71.429
10105,06/24/2026 16:42:30,1.952,73.359,17.02,0.21403,71.407
10106,06/24/2026 16:52:30,1.956,73.367,17.02,0.21445,71.411
10107,06/24/2026 17:02:30,1.943,73.343,16.92,0.21318,71.400
10108,06/24/2026 17:12:30,1.943,73.340,16.83,0.21311,71.397
10109,06/24/2026 17:22:30,1.942,73.332,16.73,0.21304,71.390
10110,06/24/2026 17:32:30,1.946,73.336,16.64,0.21345,71.390
10111,06/24/2026 17:42:30,1.944,73.324,16.64,0.21324,71.380
10112,06/24/2026 17:52:30,1.955,73.336,16.64,0.21437,71.381
10113,06/24/2026 18:02:30,1.938,73.320,16.64,0.21261,71.382
10114,06/24/2026 18:12:30,1.956,73.336,16.64,0.21451,71.380
10115,06/24/2026 18:22:30,1.953,73.341,16.54,0.21408,71.388
10116,06/24/2026 18:32:30,1.941,73.317,16.45,0.21288,71.376
10117,06/24/2026 18:42:30,1.948,73.342,16.25,0.21358,71.394
10118,06/24/2026 18:52:30,1.933,73.351,16.16,0.21203,71.418
10119,06/24/2026 19:02:30,1.945,73.388,15.97,0.21329,71.443
10120,06/24/2026 19:12:30,1.935,73.400,15.87,0.21230,71.465
10121,06/24/2026 19:22:30,1.939,73.437,15.78,0.21265,71.498
10122,06/24/2026 19:32:30,1.941,73.466,15.68,0.21286,71.525
10123,06/24/2026 19:42:30,1.935,73.466,15.59,0.21229,71.531
10124,06/24/2026 19:52:30,1.914,73.454,15.49,0.21018,71.540
10125,06/24/2026 20:02:30,1.939,73.479,15.40,0.21264,71.540
10126,06/24/2026 20:12:30,1.928,73.483,15.30,0.21158,71.555
10127,06/24/2026 20:22:30,1.930,73.484,15.20,0.21172,71.554
10128,06/24/2026 20:32:30,1.920,73.476,15.11,0.21073,71.556
10129,06/24/2026 20:42:30,1.912,73.484,15.11,0.20995,71.572
10130,06/24/2026 20:52:30,1.923,73.505,15.01,0.21101,71.582
10131,06/24/2026 21:02:30,1.929,73.505,14.92,0.21164,71.576
10132,06/24/2026 21:12:30,1.927,73.509,14.92,0.21142,71.582
10133,06/24/2026 21:22:30,1.923,73.494,14.82,0.21100,71.571
10134,06/24/2026 21:32:30,1.913,73.490,14.73,0.21001,71.577
10135,06/24/2026 21:42:30,1.909,73.478,14.73,0.20959,71.569
10136,06/24/2026 21:52:30,1.909,73.458,14.63,0.20959,71.549
10137,06/24/2026 22:02:30,1.910,73.467,14.53,0.20965,71.557
10138,06/24/2026 22:12:30,1.917,73.475,14.53,0.21036,71.558
10139,06/24/2026 22:22:30,1.918,73.463,14.53,0.21050,71.545
10140,06/24/2026 22:32:30,1.900,73.419,14.44,0.20867,71.519
10141,06/24/2026 22:42:30,1.901,73.423,14.34,0.20880,71.522
10142,06/24/2026 22:52:30,1.905,73.423,14.34,0.20923,71.518
10143,06/24/2026 23:02:30,1.903,73.432,14.25,0.20894,71.529
10144,06/24/2026 23:12:30,1.908,73.477,14.15,0.20943,71.569
10145,06/24/2026 23:22:30,1.884,73.465,14.15,0.20697,71.581
10146,06/24/2026 23:32:30,1.902,73.465,14.15,0.20880,71.563
10147,06/24/2026 23:42:30,1.883,73.441,14.05,0.20689,71.558
10148,06/24/2026 23:52:30,1.901,73.429,14.05,0.20872,71.528
10149,06/25/2026 00:02:30,1.892,73.401,13.96,0.20781,71.509
10150,06/25/2026 00:12:30,1.884,73.425,13.96,0.20703,71.541
10151,06/25/2026 00:22:30,1.898,73.445,13.96,0.20851,71.547
10152,06/25/2026 00:32:30,1.896,73.462,13.86,0.20823,71.566
10153,06/25/2026 00:42:30,1.904,73.454,13.86,0.20907,71.550
10154,06/25/2026 00:52:30,1.902,73.422,13.86,0.20879,71.520
10155,06/25/2026 01:02:30,1.897,73.394,13.77,0.20829,71.497
10156,06/25/2026 01:12:30,1.896,73.370,13.67,0.20822,71.474
10157,06/25/2026 01:22:30,1.900,73.346,13.67,0.20864,71.446
10158,06/25/2026 01:32:30,1.894,73.330,13.67,0.20801,71.436
10159,06/25/2026 01:42:30,1.902,73.343,13.57,0.20878,71.441
10160,06/25/2026 01:52:30,1.894,73.298,13.57,0.20801,71.404
10161,06/25/2026 02:02:30,1.894,73.282,13.57,0.20801,71.388
10162,06/25/2026 02:12:30,1.891,73.287,13.48,0.20765,71.396
10163,06/25/2026 02:22:30,1.891,73.283,13.48,0.20765,71.392
10164,06/25/2026 02:32:30,1.896,73.271,13.38,0.20821,71.375
10165,06/25/2026 02:42:30,1.894,73.251,13.38,0.20800,71.357
10166,06/25/2026 02:52:30,1.900,73.255,13.38,0.20856,71.355
10167,06/25/2026 03:02:30,1.910,73.263,13.28,0.20969,71.353
10168,06/25/2026 03:12:30,1.906,73.251,13.28,0.20927,71.345
10169,06/25/2026 03:22:30,1.902,73.251,13.28,0.20884,71.349
10170,06/25/2026 03:32:30,1.906,73.256,13.19,0.20919,71.350
10171,06/25/2026 03:42:30,1.890,73.236,13.19,0.20757,71.346
10172,06/25/2026 03:52:30,1.890,73.220,13.19,0.20757,71.330
10173,06/25/2026 04:02:30,1.913,73.232,13.19,0.20990,71.319
10174,06/25/2026 04:12:30,1.906,73.216,13.09,0.20919,71.310
10175,06/25/2026 04:22:30,1.899,73.208,13.09,0.20849,71.309
10176,06/25/2026 04:32:30,1.885,73.208,13.09,0.20708,71.323
10177,06/25/2026 04:42:30,1.867,73.180,13.00,0.20525,71.313
10178,06/25/2026 04:52:30,1.851,73.160,13.00,0.20363,71.309
10179,06/25/2026 05:02:30,1.862,73.161,12.90,0.20468,71.299
10180,06/25/2026 05:12:30,1.859,73.161,12.90,0.20440,71.302
10181,06/25/2026 05:22:30,1.822,73.133,12.80,0.20060,71.311
10182,06/25/2026 05:32:30,1.840,73.149,12.80,0.20250,71.309
10183,06/25/2026 05:42:30,1.839,73.157,12.80,0.20236,71.318
10184,06/25/2026 05:52:30,1.862,73.166,12.71,0.20468,71.304
10185,06/25/2026 06:02:30,1.875,73.186,12.71,0.20601,71.311
10186,06/25/2026 06:12:30,1.903,73.215,12.61,0.20882,71.312
10187,06/25/2026 06:22:30,1.920,73.227,12.61,0.21058,71.307
10188,06/25/2026 06:32:30,1.964,73.272,12.51,0.21508,71.308
10189,06/25/2026 06:42:30,1.992,73.316,12.51,0.21797,71.324
10190,06/25/2026 06:52:30,2.011,73.336,12.51,0.21994,71.325
10191,06/25/2026 07:02:30,2.044,73.364,12.51,0.22332,71.320
10192,06/25/2026 07:12:30,2.072,73.397,12.42,0.22613,71.325
10193,06/25/2026 07:22:30,2.097,73.405,12.42,0.22873,71.308
10194,06/25/2026 07:32:30,2.099,73.401,12.42,0.22894,71.302
10195,06/25/2026 07:42:30,2.132,73.425,12.51,0.23225,71.293
10196,06/25/2026 07:52:30,2.165,73.465,12.51,0.23563,71.300
10197,06/25/2026 08:02:30,2.190,73.510,12.51,0.23816,71.320
10198,06/25/2026 08:12:30,2.224,73.542,12.51,0.24161,71.318
10199,06/25/2026 08:22:30,2.261,73.574,12.51,0.24541,71.313
10200,06/25/2026 08:32:30,2.305,73.630,12.51,0.24998,71.325
10201,06/25/2026 08:42:30,2.341,73.683,12.51,0.25357,71.342
10202,06/25/2026 08:52:30,2.379,73.748,12.42,0.25744,71.369
10203,06/25/2026 09:02:30,2.416,73.776,12.42,0.26124,71.360
10204,06/25/2026 09:12:30,2.440,73.785,12.32,0.26370,71.345
10205,06/25/2026 09:22:30,2.475,73.825,12.32,0.26728,71.350
10206,06/25/2026 09:32:30,2.485,73.841,12.32,0.26834,71.356
10207,06/25/2026 09:42:30,2.509,73.865,12.32,0.27080,71.356
10208,06/25/2026 09:52:30,2.528,73.890,12.32,0.27263,71.362
10209,06/25/2026 10:02:30,2.551,73.914,12.32,0.27502,71.363
10210,06/25/2026 10:12:30,2.565,73.914,12.32,0.27643,71.349
10211,06/25/2026 10:22:30,2.599,73.950,12.32,0.27995,71.351
10212,06/25/2026 10:32:30,2.632,73.982,12.32,0.28333,71.350
10213,06/25/2026 10:42:30,2.653,74.010,12.42,0.28544,71.357
10214,06/25/2026 10:52:30,2.675,74.046,12.42,0.28769,71.371
10215,06/25/2026 11:02:30,2.684,74.054,12.42,0.28868,71.370
10216,06/25/2026 11:12:30,2.690,74.063,12.42,0.28917,71.373
10217,06/25/2026 11:22:30,2.713,74.090,12.51,0.29157,71.377
10218,06/25/2026 11:32:30,2.756,74.123,12.51,0.29593,71.367
10219,06/25/2026 11:42:30,2.785,74.154,12.61,0.29896,71.369
10220,06/25/2026 11:52:30,2.817,74.186,12.80,0.30213,71.369
10221,06/25/2026 12:02:30,2.846,74.225,12.90,0.30516,71.379
10222,06/25/2026 12:12:30,2.859,74.233,13.00,0.30650,71.374
10223,06/25/2026 12:22:30,2.867,74.253,13.09,0.30728,71.386
10224,06/25/2026 12:32:30,2.878,74.268,13.19,0.30848,71.390
10225,06/25/2026 12:42:30,2.878,74.264,13.28,0.30841,71.386
10226,06/25/2026 12:52:30,2.872,74.255,13.38,0.30785,71.383
10227,06/25/2026 13:02:30,2.881,74.243,13.48,0.30870,71.362
10228,06/25/2026 13:12:30,2.868,74.222,13.57,0.30744,71.354
10229,06/25/2026 13:22:30,2.894,74.234,13.67,0.31005,71.340
10230,06/25/2026 13:32:30,2.903,74.229,13.86,0.31097,71.326
10231,06/25/2026 13:42:30,2.926,74.236,14.05,0.31330,71.310
10232,06/25/2026 13:52:30,2.957,74.254,14.44,0.31656,71.297
10233,06/25/2026 14:02:30,2.975,74.273,14.73,0.31840,71.298
10234,06/25/2026 14:12:30,3.011,74.304,15.01,0.32207,71.293
10235,06/25/2026 14:22:30,3.039,74.324,15.11,0.32489,71.285
10236,06/25/2026 14:32:30,3.033,74.311,15.30,0.32434,71.278
10237,06/25/2026 14:42:30,3.043,74.314,15.40,0.32540,71.271
10238,06/25/2026 14:52:30,3.053,74.310,15.49,0.32639,71.257
10239,06/25/2026 15:02:30,3.045,74.309,15.68,0.32556,71.264
10240,06/25/2026 15:12:30,3.035,74.292,15.78,0.32465,71.257
10241,06/25/2026 15:22:30,3.039,74.284,15.78,0.32500,71.245
10242,06/25/2026 15:32:30,3.041,74.280,15.87,0.32522,71.239
10243,06/25/2026 15:42:30,3.036,74.255,15.97,0.32473,71.219
10244,06/25/2026 15:52:30,3.031,74.251,16.16,0.32410,71.220
10245,06/25/2026 16:02:30,3.027,74.238,16.35,0.32376,71.211
10246,06/25/2026 16:12:30,3.025,74.221,16.45,0.32363,71.196
10247,06/25/2026 16:22:30,3.020,74.209,16.45,0.32306,71.189
10248,06/25/2026 16:32:30,3.032,74.205,16.54,0.32427,71.173
10249,06/25/2026 16:42:30,3.023,74.188,16.54,0.32342,71.165
10250,06/25/2026 16:52:30,3.036,74.193,16.45,0.32468,71.157
10251,06/25/2026 17:02:30,3.044,74.193,16.45,0.32553,71.149
10252,06/25/2026 17:12:30,3.043,74.192,16.54,0.32546,71.149
10253,06/25/2026 17:22:30,3.038,74.180,16.64,0.32491,71.142
10254,06/25/2026 17:32:30,3.034,74.180,16.64,0.32448,71.146
10255,06/25/2026 17:42:30,3.034,74.196,16.73,0.32449,71.162
10256,06/25/2026 17:52:30,3.035,74.196,16.64,0.32462,71.161
10257,06/25/2026 18:02:30,3.031,74.192,16.73,0.32421,71.161
10258,06/25/2026 18:12:30,3.044,74.208,16.73,0.32554,71.164
10259,06/25/2026 18:22:30,3.050,74.220,16.73,0.32618,71.170
10260,06/25/2026 18:32:30,3.054,74.216,16.73,0.32653,71.162
10261,06/25/2026 18:42:30,3.053,74.212,16.73,0.32646,71.159
10262,06/25/2026 18:52:30,3.050,74.220,16.64,0.32617,71.170
10263,06/25/2026 19:02:30,3.031,74.216,16.64,0.32427,71.185
10264,06/25/2026 19:12:30,3.017,74.208,16.64,0.32279,71.191
10265,06/25/2026 19:22:30,2.999,74.197,16.54,0.32089,71.198
10266,06/25/2026 19:32:30,2.981,74.185,16.45,0.31905,71.204
10267,06/25/2026 19:42:30,2.961,74.161,16.45,0.31701,71.200
10268,06/25/2026 19:52:30,2.950,74.149,16.35,0.31588,71.199
10269,06/25/2026 20:02:30,2.937,74.137,16.25,0.31461,71.200
10270,06/25/2026 20:12:30,2.927,74.138,16.16,0.31354,71.211
10271,06/25/2026 20:22:30,2.923,74.138,16.06,0.31312,71.215
10272,06/25/2026 20:32:30,2.909,74.142,15.97,0.31177,71.233
10273,06/25/2026 20:42:30,2.883,74.123,15.87,0.30902,71.240
10274,06/25/2026 20:52:30,2.867,74.115,15.78,0.30740,71.248
10275,06/25/2026 21:02:30,2.865,74.115,15.78,0.30719,71.250
10276,06/25/2026 21:12:30,2.854,74.107,15.68,0.30613,71.253
10277,06/25/2026 21:22:30,2.845,74.108,15.59,0.30514,71.263
10278,06/25/2026 21:32:30,2.829,74.104,15.49,0.30351,71.275
10279,06/25/2026 21:42:30,2.802,74.080,15.40,0.30077,71.278
10280,06/25/2026 21:52:30,2.793,74.069,15.30,0.29977,71.276
10281,06/25/2026 22:02:30,2.801,74.081,15.20,0.30069,71.280
10282,06/25/2026 22:12:30,2.784,74.077,15.11,0.29899,71.293
10283,06/25/2026 22:22:30,2.773,74.058,15.01,0.29772,71.285
10284,06/25/2026 22:32:30,2.770,74.050,14.92,0.29750,71.280
10285,06/25/2026 22:42:30,2.758,74.059,14.82,0.29623,71.301
10286,06/25/2026 22:52:30,2.746,74.051,14.82,0.29497,71.305
10287,06/25/2026 23:02:30,2.740,74.051,14.73,0.29440,71.311
10288,06/25/2026 23:12:30,2.731,74.043,14.63,0.29348,71.312
10289,06/25/2026 23:22:30,2.726,74.028,14.53,0.29291,71.302
10290,06/25/2026 23:32:30,2.699,73.987,14.53,0.29024,71.288
10291,06/25/2026 23:42:30,2.689,73.976,14.44,0.28918,71.287
10292,06/25/2026 23:52:30,2.676,73.972,14.34,0.28784,71.296
10293,06/26/2026 00:02:30,2.674,73.972,14.34,0.28763,71.298
10294,06/26/2026 00:12:30,2.662,73.956,14.25,0.28643,71.294
10295,06/26/2026 00:22:30,2.659,73.965,14.15,0.28607,71.306
10296,06/26/2026 00:32:30,2.647,73.949,14.15,0.28487,71.302
10297,06/26/2026 00:42:30,2.639,73.953,14.05,0.28410,71.314
10298,06/26/2026 00:52:30,2.633,73.953,14.05,0.28346,71.320
10299,06/26/2026 01:02:30,2.612,73.926,13.96,0.28128,71.314
10300,06/26/2026 01:12:30,2.607,73.914,13.86,0.28078,71.307
10301,06/26/2026 01:22:30,2.598,73.898,13.77,0.27986,71.300
10302,06/26/2026 01:32:30,2.599,73.899,13.67,0.27993,71.300
10303,06/26/2026 01:42:30,2.580,73.879,13.57,0.27802,71.299
10304,06/26/2026 01:52:30,2.571,73.871,13.57,0.27711,71.300
10305,06/26/2026 02:02:30,2.560,73.855,13.48,0.27598,71.295
10306,06/26/2026 02:12:30,2.553,73.852,13.38,0.27520,71.299
10307,06/26/2026 02:22:30,2.541,73.836,13.28,0.27407,71.295
10308,06/26/2026 02:32:30,2.527,73.820,13.19,0.27266,71.293
10309,06/26/2026 02:42:30,2.519,73.809,13.09,0.27174,71.290
10310,06/26/2026 02:52:30,2.508,73.801,13.00,0.27069,71.293
10311,06/26/2026 03:02:30,2.513,73.810,12.90,0.27117,71.297
10312,06/26/2026 03:12:30,2.499,73.802,12.80,0.26976,71.303
10313,06/26/2026 03:22:30,2.501,73.799,12.71,0.26990,71.298
10314,06/26/2026 03:32:30,2.493,73.783,12.71,0.26906,71.290
10315,06/26/2026 03:42:30,2.480,73.775,12.61,0.26779,71.295
10316,06/26/2026 03:52:30,2.464,73.760,12.51,0.26610,71.296
10317,06/26/2026 04:02:30,2.450,73.756,12.42,0.26468,71.306
10318,06/26/2026 04:12:30,2.432,73.724,12.32,0.26292,71.292
10319,06/26/2026 04:22:30,2.431,73.733,12.22,0.26278,71.302
10320,06/26/2026 04:32:30,2.407,73.717,12.12,0.26038,71.310
10321,06/26/2026 04:42:30,2.407,73.709,12.12,0.26031,71.302
10322,06/26/2026 04:52:30,2.383,73.690,12.03,0.25785,71.307
10323,06/26/2026 05:02:30,2.388,73.702,11.93,0.25841,71.314
10324,06/26/2026 05:12:30,2.371,73.687,11.83,0.25658,71.316
10325,06/26/2026 05:22:30,2.359,73.663,11.74,0.25545,71.304
10326,06/26/2026 05:32:30,2.357,73.668,11.64,0.25516,71.311
10327,06/26/2026 05:42:30,2.350,73.664,11.64,0.25446,71.314
10328,06/26/2026 05:52:30,2.358,73.676,11.54,0.25530,71.318
10329,06/26/2026 06:02:30,2.361,73.693,11.44,0.25558,71.332
10330,06/26/2026 06:12:30,2.342,73.689,11.35,0.25368,71.347
10331,06/26/2026 06:22:30,2.342,73.698,11.35,0.25361,71.356
10332,06/26/2026 06:32:30,2.332,73.694,11.25,0.25262,71.362
10333,06/26/2026 06:42:30,2.320,73.695,11.15,0.25135,71.375
10334,06/26/2026 06:52:30,2.325,73.711,11.15,0.25191,71.386
10335,06/26/2026 07:02:30,2.330,73.719,11.05,0.25247,71.389
10336,06/26/2026 07:12:30,2.318,73.711,11.05,0.25128,71.393
10337,06/26/2026 07:22:30,2.316,73.715,11.05,0.25107,71.399
10338,06/26/2026 07:32:30,2.315,73.707,11.05,0.25092,71.392
10339,06/26/2026 07:42:30,2.323,73.723,11.05,0.25177,71.400
10340,06/26/2026 07:52:30,2.297,73.695,11.15,0.24903,71.398
10341,06/26/2026 08:02:30,2.313,73.719,11.15,0.25072,71.406
10342,06/26/2026 08:12:30,2.298,73.707,11.15,0.24917,71.409
10343,06/26/2026 08:22:30,2.305,73.710,11.25,0.24988,71.405
10344,06/26/2026 08:32:30,2.308,73.710,11.35,0.25016,71.402
10345,06/26/2026 08:42:30,2.300,73.709,11.44,0.24939,71.409
10346,06/26/2026 08:52:30,2.316,73.717,11.54,0.25094,71.401
10347,06/26/2026 09:02:30,2.307,73.712,11.64,0.25010,71.405
10348,06/26/2026 09:12:30,2.305,73.703,11.83,0.24989,71.398
10349,06/26/2026 09:22:30,2.316,73.698,12.03,0.25102,71.382
10350,06/26/2026 09:32:30,2.315,73.689,12.12,0.25096,71.374
10351,06/26/2026 09:42:30,2.317,73.680,12.32,0.25110,71.363
10352,06/26/2026 09:52:30,2.324,73.687,12.42,0.25188,71.363
10353,06/26/2026 10:02:30,2.308,73.667,12.51,0.25019,71.359
10354,06/26/2026 10:12:30,2.310,73.670,12.61,0.25048,71.360
10355,06/26/2026 10:22:30,2.314,73.670,12.71,0.25083,71.356
10356,06/26/2026 10:32:30,2.305,73.658,12.71,0.24992,71.353
10357,06/26/2026 10:42:30,2.320,73.677,12.80,0.25147,71.357
10358,06/26/2026 10:52:30,2.301,73.657,12.80,0.24957,71.356
10359,06/26/2026 11:02:30,2.303,73.661,12.90,0.24971,71.358
10360,06/26/2026 11:12:30,2.329,73.681,12.90,0.25239,71.352
10361,06/26/2026 11:22:30,2.314,73.664,13.00,0.25084,71.350
10362,06/26/2026 11:32:30,2.307,73.652,13.09,0.25007,71.345
10363,06/26/2026 11:42:30,2.304,73.630,13.28,0.24987,71.326
10364,06/26/2026 11:52:30,2.308,73.629,13.57,0.25023,71.321
10365,06/26/2026 12:02:30,2.304,73.619,13.86,0.24989,71.315
10366,06/26/2026 12:12:30,2.311,73.622,14.15,0.25060,71.311
10367,06/26/2026 12:22:30,2.300,73.597,14.34,0.24948,71.297
10368,06/26/2026 12:32:30,2.308,73.623,14.73,0.25034,71.315
10369,06/26/2026 12:42:30,2.308,73.643,14.92,0.25028,71.335
10370,06/26/2026 12:52:30,2.299,73.647,14.82,0.24936,71.348
10371,06/26/2026 13:02:30,2.301,73.648,14.63,0.24956,71.347
10372,06/26/2026 13:12:30,2.291,73.619,14.73,0.24858,71.328
10373,06/26/2026 13:22:30,2.294,73.586,14.92,0.24887,71.292
10374,06/26/2026 13:32:30,2.307,73.576,15.30,0.25022,71.269
10375,06/26/2026 13:42:30,2.293,73.546,15.68,0.24883,71.253
10376,06/26/2026 13:52:30,2.283,73.508,16.06,0.24786,71.225
10377,06/26/2026 14:02:30,2.290,73.511,16.35,0.24857,71.221
10378,06/26/2026 14:12:30,2.284,73.490,16.54,0.24795,71.206
10379,06/26/2026 14:22:30,2.293,73.501,16.83,0.24888,71.208
10380,06/26/2026 14:32:30,2.272,73.472,17.02,0.24670,71.200
10381,06/26/2026 14:42:30,2.272,73.488,17.21,0.24671,71.216
10382,06/26/2026 14:52:30,2.276,73.492,17.21,0.24706,71.216
10383,06/26/2026 15:02:30,2.280,73.487,17.30,0.24756,71.207
10384,06/26/2026 15:12:30,2.265,73.454,17.40,0.24608,71.189
10385,06/26/2026 15:22:30,2.277,73.438,17.49,0.24729,71.161
10386,06/26/2026 15:32:30,2.286,73.437,17.68,0.24821,71.151
10387,06/26/2026 15:42:30,2.277,73.474,17.59,0.24722,71.197
10388,06/26/2026 15:52:30,2.268,73.519,17.40,0.24637,71.251
10389,06/26/2026 16:02:30,2.250,73.496,17.21,0.24446,71.246
10390,06/26/2026 16:12:30,2.255,73.484,17.11,0.24495,71.229
10391,06/26/2026 16:22:30,2.248,73.476,17.11,0.24424,71.228
10392,06/26/2026 16:32:30,2.253,73.448,17.11,0.24473,71.195
10393,06/26/2026 16:42:30,2.254,73.432,17.02,0.24487,71.178
10394,06/26/2026 16:52:30,2.252,73.440,17.02,0.24466,71.188
10395,06/26/2026 17:02:30,2.256,73.404,17.02,0.24501,71.148
10396,06/26/2026 17:12:30,2.249,73.363,17.02,0.24438,71.114
10397,06/26/2026 17:22:30,2.233,73.347,17.11,0.24269,71.114
10398,06/26/2026 17:32:30,2.232,73.363,17.11,0.24262,71.131
10399,06/26/2026 17:42:30,2.244,73.387,17.02,0.24388,71.143
10400,06/26/2026 17:52:30,2.247,73.497,16.83,0.24416,71.250
10401,06/26/2026 18:02:30,2.257,73.475,16.25,0.24519,71.218
10402,06/26/2026 18:12:30,2.264,73.516,16.06,0.24589,71.252
10403,06/26/2026 18:22:30,2.271,73.501,15.97,0.24652,71.230
10404,06/26/2026 18:32:30,2.262,73.497,15.97,0.24560,71.235
10405,06/26/2026 18:42:30,2.276,73.501,15.97,0.24708,71.225
10406,06/26/2026 18:52:30,2.276,73.497,15.97,0.24708,71.221
10407,06/26/2026 19:02:30,2.269,73.472,16.06,0.24638,71.203
10408,06/26/2026 19:12:30,2.263,73.468,16.06,0.24575,71.205
10409,06/26/2026 19:22:30,2.268,73.484,16.06,0.24631,71.216
10410,06/26/2026 19:32:30,2.253,73.484,16.06,0.24476,71.231
10411,06/26/2026 19:42:30,2.254,73.489,15.97,0.24483,71.235
10412,06/26/2026 19:52:30,2.262,73.497,15.97,0.24560,71.235
10413,06/26/2026 20:02:30,2.269,73.521,15.87,0.24637,71.252
10414,06/26/2026 20:12:30,2.288,73.545,15.87,0.24834,71.257
10415,06/26/2026 20:22:30,2.316,73.562,15.87,0.25109,71.246
10416,06/26/2026 20:32:30,2.326,73.534,15.78,0.25214,71.208
10417,06/26/2026 20:42:30,2.329,73.562,15.78,0.25249,71.233
10418,06/26/2026 20:52:30,2.342,73.582,15.78,0.25383,71.240
10419,06/26/2026 21:02:30,2.347,73.575,15.68,0.25425,71.228
10420,06/26/2026 21:12:30,2.357,73.619,15.59,0.25537,71.262
10421,06/26/2026 21:22:30,2.330,73.567,15.49,0.25262,71.237
10422,06/26/2026 21:32:30,2.316,73.559,15.49,0.25114,71.243
10423,06/26/2026 21:42:30,2.310,73.543,15.49,0.25058,71.233
10424,06/26/2026 21:52:30,2.308,73.540,15.40,0.25030,71.232
10425,06/26/2026 22:02:30,2.294,73.520,15.30,0.24888,71.226
10426,06/26/2026 22:12:30,2.291,73.500,15.20,0.24860,71.209
10427,06/26/2026 22:22:30,2.291,73.496,15.11,0.24860,71.205
10428,06/26/2026 22:32:30,2.296,73.501,15.01,0.24908,71.205
10429,06/26/2026 22:42:30,2.292,73.501,14.92,0.24873,71.209
10430,06/26/2026 22:52:30,2.298,73.510,14.82,0.24929,71.212
10431,06/26/2026 23:02:30,2.294,73.506,14.73,0.24893,71.212
10432,06/26/2026 23:12:30,2.283,73.499,14.63,0.24773,71.216
10433,06/26/2026 23:22:30,2.278,73.491,14.63,0.24717,71.213
10434,06/26/2026 23:32:30,2.277,73.479,14.53,0.24710,71.202
10435,06/26/2026 23:42:30,2.263,73.467,14.44,0.24575,71.204
10436,06/26/2026 23:52:30,2.260,73.464,14.34,0.24540,71.204
10437,06/27/2026 00:02:30,2.262,73.464,14.25,0.24561,71.202
10438,06/27/2026 00:12:30,2.260,73.440,14.15,0.24546,71.180
10439,06/27/2026 00:22:30,2.261,73.441,14.05,0.24546,71.180
10440,06/27/2026 00:32:30,2.255,73.421,13.96,0.24489,71.166
10441,06/27/2026 00:42:30,2.259,73.430,13.86,0.24524,71.171
10442,06/27/2026 00:52:30,2.263,73.438,13.86,0.24566,71.175
10443,06/27/2026 01:02:30,2.255,73.386,13.77,0.24489,71.131
10444,06/27/2026 01:12:30,2.268,73.423,13.67,0.24615,71.155
10445,06/27/2026 01:22:30,2.264,73.415,13.67,0.24573,71.151
10446,06/27/2026 01:32:30,2.253,73.395,13.57,0.24467,71.142
10447,06/27/2026 01:42:30,2.270,73.408,13.48,0.24635,71.138
10448,06/27/2026 01:52:30,2.269,73.396,13.38,0.24628,71.127
10449,06/27/2026 02:02:30,2.268,73.388,13.28,0.24621,71.120
10450,06/27/2026 02:12:30,2.276,73.392,13.28,0.24705,71.116
10451,06/27/2026 02:22:30,2.270,73.377,13.19,0.24635,71.107
10452,06/27/2026 02:32:30,2.282,73.389,13.09,0.24761,71.107
10453,06/27/2026 02:42:30,2.272,73.374,13.00,0.24655,71.102
10454,06/27/2026 02:52:30,2.277,73.378,12.90,0.24711,71.101
10455,06/27/2026 03:02:30,2.272,73.375,12.80,0.24654,71.103
10456,06/27/2026 03:12:30,2.283,73.383,12.80,0.24767,71.100
10457,06/27/2026 03:22:30,2.285,73.383,12.71,0.24795,71.098
10458,06/27/2026 03:32:30,2.284,73.368,12.61,0.24773,71.084
10459,06/27/2026 03:42:30,2.282,73.360,12.51,0.24759,71.078
10460,06/27/2026 03:52:30,2.289,73.357,12.42,0.24829,71.068
10461,06/27/2026 04:02:30,2.271,73.333,12.32,0.24646,71.062
10462,06/27/2026 04:12:30,2.288,73.354,12.22,0.24814,71.066
10463,06/27/2026 04:22:30,2.270,73.350,12.22,0.24632,71.080
10464,06/27/2026 04:32:30,2.262,73.326,12.12,0.24554,71.064
10465,06/27/2026 04:42:30,2.257,73.319,12.03,0.24497,71.062
10466,06/27/2026 04:52:30,2.255,73.315,11.93,0.24483,71.060
10467,06/27/2026 05:02:30,2.274,73.328,11.83,0.24673,71.054
10468,06/27/2026 05:12:30,2.264,73.308,11.83,0.24567,71.044
10469,06/27/2026 05:22:30,2.263,73.320,11.74,0.24567,71.057
10470,06/27/2026 05:32:30,2.255,73.325,11.64,0.24475,71.070
10471,06/27/2026 05:42:30,2.256,73.321,11.54,0.24496,71.065
10472,06/27/2026 05:52:30,2.260,73.310,11.44,0.24531,71.050
10473,06/27/2026 06:02:30,2.250,73.298,11.44,0.24425,71.048
10474,06/27/2026 06:12:30,2.264,73.310,11.35,0.24573,71.046
10475,06/27/2026 06:22:30,2.242,73.295,11.25,0.24347,71.053
10476,06/27/2026 06:32:30,2.252,73.303,11.25,0.24446,71.051
10477,06/27/2026 06:42:30,2.256,73.304,11.15,0.24481,71.048
10478,06/27/2026 06:52:30,2.243,73.283,11.15,0.24361,71.040
10479,06/27/2026 07:02:30,2.244,73.280,11.05,0.24368,71.036
10480,06/27/2026 07:12:30,2.234,73.268,11.05,0.24262,71.034
10481,06/27/2026 07:22:30,2.238,73.264,10.96,0.24311,71.026
10482,06/27/2026 07:32:30,2.231,73.260,10.96,0.24234,71.029
10483,06/27/2026 07:42:30,2.232,73.252,10.96,0.24248,71.020
10484,06/27/2026 07:52:30,2.237,73.244,10.96,0.24297,71.007
10485,06/27/2026 08:02:30,2.239,73.244,11.05,0.24312,71.005
10486,06/27/2026 08:12:30,2.236,73.232,11.05,0.24276,70.996
10487,06/27/2026 08:22:30,2.222,73.223,11.15,0.24143,71.001
10488,06/27/2026 08:32:30,2.232,73.219,11.15,0.24242,70.987
10489,06/27/2026 08:42:30,2.242,73.222,11.25,0.24347,70.980
10490,06/27/2026 08:52:30,2.245,73.222,11.25,0.24383,70.977
10491,06/27/2026 09:02:30,2.227,73.210,11.35,0.24193,70.983
10492,06/27/2026 09:12:30,2.222,73.206,11.35,0.24137,70.984
10493,06/27/2026 09:22:30,2.234,73.198,11.35,0.24263,70.964
10494,06/27/2026 09:32:30,2.228,73.197,11.44,0.24200,70.969
10495,06/27/2026 09:42:30,2.240,73.196,11.54,0.24334,70.956
10496,06/27/2026 09:52:30,2.233,73.183,11.74,0.24257,70.950
10497,06/27/2026 10:02:30,2.269,73.214,12.03,0.24624,70.945
10498,06/27/2026 10:12:30,2.257,73.193,12.22,0.24498,70.936
10499,06/27/2026 10:22:30,2.246,73.179,12.51,0.24386,70.933
10500,06/27/2026 10:32:30,2.246,73.170,12.71,0.24387,70.924
10501,06/27/2026 10:42:30,2.254,73.161,12.90,0.24472,70.907
10502,06/27/2026 10:52:30,2.247,73.160,13.00,0.24402,70.913
10503,06/27/2026 11:02:30,2.253,73.163,13.19,0.24466,70.910
10504,06/27/2026 11:12:30,2.252,73.159,13.28,0.24452,70.907
10505,06/27/2026 11:22:30,2.261,73.162,13.38,0.24544,70.901
10506,06/27/2026 11:32:30,2.257,73.137,13.48,0.24509,70.880
10507,06/27/2026 11:42:30,2.242,73.113,13.57,0.24347,70.871
10508,06/27/2026 11:52:30,2.252,73.119,13.86,0.24461,70.867
10509,06/27/2026 12:02:30,2.254,73.102,14.05,0.24476,70.848
10510,06/27/2026 12:12:30,2.244,73.085,14.34,0.24371,70.841
10511,06/27/2026 12:22:30,2.245,73.067,14.53,0.24393,70.822
10512,06/27/2026 12:32:30,2.243,73.070,14.82,0.24366,70.827
10513,06/27/2026 12:42:30,2.251,73.069,15.01,0.24451,70.818
10514,06/27/2026 12:52:30,2.245,73.044,15.30,0.24389,70.799
10515,06/27/2026 13:02:30,2.247,73.039,15.49,0.24410,70.792
10516,06/27/2026 13:12:30,2.266,73.058,15.68,0.24608,70.792
10517,06/27/2026 13:22:30,2.289,73.069,15.87,0.24841,70.780
10518,06/27/2026 13:32:30,2.282,73.056,16.16,0.24772,70.774
10519,06/27/2026 13:42:30,2.283,73.051,16.35,0.24780,70.768
10520,06/27/2026 13:52:30,2.304,73.070,16.54,0.24999,70.766
10521,06/27/2026 14:02:30,2.325,73.098,16.73,0.25211,70.773
10522,06/27/2026 14:12:30,2.297,73.065,16.92,0.24923,70.768
10523,06/27/2026 14:22:30,2.302,73.060,17.11,0.24980,70.758
10524,06/27/2026 14:32:30,2.291,73.044,17.21,0.24861,70.753
10525,06/27/2026 14:42:30,2.292,73.039,17.40,0.24876,70.747
10526,06/27/2026 14:52:30,2.290,73.030,17.59,0.24856,70.740
10527,06/27/2026 15:02:30,2.291,73.017,17.78,0.24871,70.726
10528,06/27/2026 15:12:30,2.261,72.993,17.88,0.24561,70.732
10529,06/27/2026 15:22:30,2.251,72.968,17.97,0.24463,70.717
10530,06/27/2026 15:32:30,2.249,72.956,17.97,0.24442,70.707
10531,06/27/2026 15:42:30,2.244,72.951,18.07,0.24393,70.707
10532,06/27/2026 15:52:30,2.237,72.931,18.16,0.24316,70.694
10533,06/27/2026 16:02:30,2.242,72.931,18.16,0.24372,70.689
10534,06/27/2026 16:12:30,2.229,72.911,18.16,0.24239,70.682
10535,06/27/2026 16:22:30,2.213,72.887,18.16,0.24070,70.674
10536,06/27/2026 16:32:30,2.211,72.874,18.16,0.24055,70.663
10537,06/27/2026 16:42:30,2.218,72.890,18.26,0.24126,70.672
10538,06/27/2026 16:52:30,2.211,72.866,18.26,0.24056,70.655
10539,06/27/2026 17:02:30,2.181,72.838,18.26,0.23746,70.657
10540,06/27/2026 17:12:30,2.177,72.818,18.26,0.23704,70.641
10541,06/27/2026 17:22:30,2.170,72.810,18.26,0.23640,70.639
10542,06/27/2026 17:32:30,2.183,72.818,18.16,0.23767,70.635
10543,06/27/2026 17:42:30,2.166,72.786,18.16,0.23591,70.620
10544,06/27/2026 17:52:30,2.161,72.786,18.07,0.23541,70.625
10545,06/27/2026 18:02:30,2.146,72.762,18.07,0.23386,70.616
10546,06/27/2026 18:12:30,2.144,72.770,17.97,0.23372,70.626
10547,06/27/2026 18:22:30,2.111,72.758,17.88,0.23033,70.647
10548,06/27/2026 18:32:30,2.117,72.763,17.68,0.23096,70.646
10549,06/27/2026 18:42:30,2.118,72.776,17.49,0.23102,70.658
10550,06/27/2026 18:52:30,2.102,72.760,17.40,0.22940,70.658
10551,06/27/2026 19:02:30,2.123,72.777,17.21,0.23150,70.654
10552,06/27/2026 19:12:30,2.099,72.754,17.02,0.22903,70.655
10553,06/27/2026 19:22:30,2.086,72.758,16.92,0.22776,70.672
10554,06/27/2026 19:32:30,2.093,72.759,16.83,0.22839,70.666
10555,06/27/2026 19:42:30,2.075,72.751,16.73,0.22655,70.676
10556,06/27/2026 19:52:30,2.083,72.763,16.64,0.22746,70.680
10557,06/27/2026 20:02:30,2.065,72.748,16.54,0.22556,70.683
10558,06/27/2026 20:12:30,2.070,72.753,16.35,0.22605,70.683
10559,06/27/2026 20:22:30,2.074,72.761,16.25,0.22646,70.687
10560,06/27/2026 20:32:30,2.068,72.761,16.16,0.22590,70.693
10561,06/27/2026 20:42:30,2.065,72.770,16.06,0.22554,70.705
10562,06/27/2026 20:52:30,2.041,72.746,15.97,0.22307,70.705
10563,06/27/2026 21:02:30,2.059,72.763,15.87,0.22490,70.704
10564,06/27/2026 21:12:30,2.050,72.751,15.78,0.22398,70.701
10565,06/27/2026 21:22:30,2.038,72.755,15.68,0.22285,70.717
10566,06/27/2026 21:32:30,2.044,72.772,15.59,0.22341,70.728
10567,06/27/2026 21:42:30,2.037,72.760,15.49,0.22271,70.723
10568,06/27/2026 21:52:30,2.034,72.761,15.30,0.22235,70.727
10569,06/27/2026 22:02:30,2.030,72.766,15.20,0.22192,70.736
10570,06/27/2026 22:12:30,2.015,72.762,15.11,0.22044,70.747
10571,06/27/2026 22:22:30,2.039,72.783,14.92,0.22290,70.744
10572,06/27/2026 22:32:30,2.016,72.755,14.82,0.22057,70.739
10573,06/27/2026 22:42:30,2.027,72.768,14.73,0.22162,70.741
10574,06/27/2026 22:52:30,2.036,72.752,14.63,0.22261,70.716
10575,06/27/2026 23:02:30,2.005,72.717,14.44,0.21936,70.712
10576,06/27/2026 23:12:30,1.999,72.705,14.34,0.21880,70.706
10577,06/27/2026 23:22:30,2.000,72.710,14.25,0.21886,70.710
10578,06/27/2026 23:32:30,2.000,72.718,14.15,0.21886,70.718
10579,06/27/2026 23:42:30,2.002,72.710,14.15,0.21907,70.708
10580,06/27/2026 23:52:30,1.986,72.699,14.05,0.21738,70.713
10581,06/28/2026 00:02:30,1.994,72.703,13.96,0.21829,70.709
10582,06/28/2026 00:12:30,1.989,72.688,13.86,0.21766,70.699
10583,06/28/2026 00:22:30,1.987,72.668,13.77,0.21751,70.681
10584,06/28/2026 00:32:30,1.981,72.669,13.67,0.21688,70.688
10585,06/28/2026 00:42:30,1.973,72.657,13.57,0.21603,70.684
10586,06/28/2026 00:52:30,1.975,72.670,13.48,0.21624,70.695
10587,06/28/2026 01:02:30,1.968,72.682,13.48,0.21553,70.714
10588,06/28/2026 01:12:30,1.970,72.686,13.38,0.21581,70.716
10589,06/28/2026 01:22:30,1.973,72.679,13.28,0.21602,70.706
10590,06/28/2026 01:32:30,1.973,72.691,13.28,0.21602,70.718
10591,06/28/2026 01:42:30,1.974,72.687,13.19,0.21616,70.713
10592,06/28/2026 01:52:30,1.969,72.672,13.09,0.21559,70.703
10593,06/28/2026 02:02:30,1.955,72.672,13.09,0.21419,70.717
10594,06/28/2026 02:12:30,1.971,72.676,13.00,0.21587,70.705
10595,06/28/2026 02:22:30,1.967,72.673,12.90,0.21538,70.706
10596,06/28/2026 02:32:30,1.970,72.685,12.90,0.21573,70.715
10597,06/28/2026 02:42:30,1.955,72.673,12.80,0.21425,70.718
10598,06/28/2026 02:52:30,1.970,72.678,12.71,0.21572,70.708
10599,06/28/2026 03:02:30,1.958,72.678,12.71,0.21453,70.720
10600,06/28/2026 03:12:30,1.942,72.646,12.61,0.21291,70.704
10601,06/28/2026 03:22:30,1.943,72.651,12.51,0.21297,70.708
10602,06/28/2026 03:32:30,1.923,72.627,12.42,0.21093,70.704
10603,06/28/2026 03:42:30,1.907,72.619,12.42,0.20931,70.712
10604,06/28/2026 03:52:30,1.896,72.607,12.32,0.20818,70.711
10605,06/28/2026 04:02:30,1.876,72.588,12.22,0.20614,70.712
10606,06/28/2026 04:12:30,1.857,72.568,12.12,0.20424,70.711
10607,06/28/2026 04:22:30,1.860,72.569,12.03,0.20445,70.709
10608,06/28/2026 04:32:30,1.851,72.561,11.93,0.20360,70.710
10609,06/28/2026 04:42:30,1.840,72.542,11.83,0.20240,70.702
10610,06/28/2026 04:52:30,1.837,72.546,11.74,0.20219,70.709
10611,06/28/2026 05:02:30,1.847,72.563,11.64,0.20317,70.716
10612,06/28/2026 05:12:30,1.848,72.555,11.54,0.20331,70.707
10613,06/28/2026 05:22:30,1.862,72.568,11.44,0.20472,70.706
10614,06/28/2026 05:32:30,1.863,72.577,11.35,0.20478,70.714
10615,06/28/2026 05:42:30,1.878,72.610,11.25,0.20626,70.732
10616,06/28/2026 05:52:30,1.894,72.630,11.15,0.20802,70.736
10617,06/28/2026 06:02:30,1.893,72.639,11.05,0.20787,70.746
10618,06/28/2026 06:12:30,1.902,72.644,10.96,0.20871,70.742
10619,06/28/2026 06:22:30,1.912,72.652,10.96,0.20977,70.740
10620,06/28/2026 06:32:30,1.932,72.677,10.86,0.21174,70.745
10621,06/28/2026 06:42:30,1.923,72.677,10.76,0.21089,70.754
10622,06/28/2026 06:52:30,1.919,72.681,10.76,0.21054,70.762
10623,06/28/2026 07:02:30,1.907,72.681,10.76,0.20927,70.774
10624,06/28/2026 07:12:30,1.909,72.674,10.66,0.20941,70.765
10625,06/28/2026 07:22:30,1.907,72.666,10.66,0.20920,70.759
10626,06/28/2026 07:32:30,1.909,72.670,10.66,0.20941,70.761
10627,06/28/2026 07:42:30,1.926,72.690,10.66,0.21117,70.764
10628,06/28/2026 07:52:30,1.919,72.674,10.66,0.21047,70.755
10629,06/28/2026 08:02:30,1.916,72.669,10.76,0.21019,70.753
10630,06/28/2026 08:12:30,1.915,72.665,10.76,0.21012,70.750
10631,06/28/2026 08:22:30,1.915,72.664,10.86,0.21012,70.749
10632,06/28/2026 08:32:30,1.935,72.676,10.96,0.21209,70.741
10633,06/28/2026 08:42:30,1.912,72.659,11.05,0.20977,70.747
10634,06/28/2026 08:52:30,1.924,72.675,11.15,0.21097,70.751
10635,06/28/2026 09:02:30,1.910,72.662,11.25,0.20957,70.752
10636,06/28/2026 09:12:30,1.928,72.681,11.44,0.21140,70.753
10637,06/28/2026 09:22:30,1.916,72.656,11.54,0.21021,70.740
10638,06/28/2026 09:32:30,1.915,72.667,11.74,0.21014,70.752
10639,06/28/2026 09:42:30,1.902,72.651,11.83,0.20873,70.749
10640,06/28/2026 09:52:30,1.917,72.661,12.03,0.21036,70.744
10641,06/28/2026 10:02:30,1.917,72.656,12.22,0.21036,70.739
10642,06/28/2026 10:12:30,1.915,72.655,12.42,0.21016,70.740
10643,06/28/2026 10:22:30,1.922,72.646,12.61,0.21087,70.724
10644,06/28/2026 10:32:30,1.931,72.649,12.80,0.21178,70.718
10645,06/28/2026 10:42:30,1.940,72.660,13.00,0.21271,70.720
10646,06/28/2026 10:52:30,1.925,72.639,13.19,0.21116,70.714
10647,06/28/2026 11:02:30,1.946,72.654,13.38,0.21328,70.708
10648,06/28/2026 11:12:30,1.948,72.656,13.67,0.21357,70.708
10649,06/28/2026 11:22:30,1.945,72.647,13.86,0.21322,70.702
10650,06/28/2026 11:32:30,1.948,72.650,14.15,0.21351,70.702
10651,06/28/2026 11:42:30,1.942,72.653,14.34,0.21296,70.711
10652,06/28/2026 11:52:30,1.945,72.631,14.63,0.21332,70.686
10653,06/28/2026 12:02:30,1.948,72.639,14.82,0.21353,70.691
10654,06/28/2026 12:12:30,1.937,72.625,15.11,0.21242,70.688
10655,06/28/2026 12:22:30,1.946,72.632,15.40,0.21334,70.686
10656,06/28/2026 12:32:30,1.949,72.631,15.59,0.21370,70.682
10657,06/28/2026 12:42:30,1.935,72.618,15.78,0.21223,70.683
10658,06/28/2026 12:52:30,1.945,72.617,16.06,0.21322,70.672
10659,06/28/2026 13:02:30,1.955,72.620,16.25,0.21429,70.665
10660,06/28/2026 13:12:30,1.942,72.595,16.45,0.21295,70.653
10661,06/28/2026 13:22:30,1.961,72.606,16.73,0.21494,70.645
10662,06/28/2026 13:32:30,1.951,72.581,16.92,0.21389,70.630
10663,06/28/2026 13:42:30,1.950,72.572,17.11,0.21382,70.622
10664,06/28/2026 13:52:30,1.953,72.595,17.40,0.21412,70.642
10665,06/28/2026 14:02:30,1.961,72.586,17.49,0.21503,70.625
10666,06/28/2026 14:12:30,1.968,72.590,17.68,0.21568,70.622
10667,06/28/2026 14:22:30,1.968,72.577,17.88,0.21568,70.609
10668,06/28/2026 14:32:30,1.966,72.568,18.07,0.21548,70.602
10669,06/28/2026 14:42:30,1.971,72.567,18.26,0.21605,70.596
10670,06/28/2026 14:52:30,1.957,72.550,18.45,0.21465,70.593
10671,06/28/2026 15:02:30,1.964,72.546,18.54,0.21536,70.582
10672,06/28/2026 15:12:30,1.967,72.554,18.64,0.21564,70.587
10673,06/28/2026 15:22:30,1.971,72.553,18.73,0.21607,70.582
10674,06/28/2026 15:32:30,1.967,72.541,18.83,0.21565,70.574
10675,06/28/2026 15:42:30,1.968,72.537,18.92,0.21573,70.569
10676,06/28/2026 15:52:30,1.981,72.536,19.02,0.21714,70.555
10677,06/28/2026 16:02:30,1.956,72.508,19.11,0.21454,70.552
10678,06/28/2026 16:12:30,1.962,72.507,19.21,0.21517,70.545
10679,06/28/2026 16:22:30,1.970,72.524,19.21,0.21595,70.554
10680,06/28/2026 16:32:30,1.970,72.528,19.21,0.21595,70.558
10681,06/28/2026 16:42:30,1.954,72.499,19.21,0.21440,70.545
10682,06/28/2026 16:52:30,1.949,72.495,19.21,0.21384,70.546
10683,06/28/2026 17:02:30,1.955,72.492,19.11,0.21439,70.537
10684,06/28/2026 17:12:30,1.964,72.492,19.11,0.21531,70.528
10685,06/28/2026 17:22:30,1.954,72.488,19.02,0.21432,70.534
10686,06/28/2026 17:32:30,1.953,72.484,19.02,0.21418,70.531
10687,06/28/2026 17:42:30,1.950,72.468,18.92,0.21389,70.518
10688,06/28/2026 17:52:30,1.947,72.476,18.83,0.21368,70.529
10689,06/28/2026 18:02:30,1.956,72.473,18.64,0.21452,70.517
10690,06/28/2026 18:12:30,1.946,72.461,18.54,0.21353,70.515
10691,06/28/2026 18:22:30,1.940,72.458,18.45,0.21282,70.518
10692,06/28/2026 18:32:30,1.937,72.454,18.26,0.21260,70.517
10693,06/28/2026 18:42:30,1.930,72.447,18.16,0.21182,70.517
10694,06/28/2026 18:52:30,1.937,72.455,17.97,0.21259,70.518
10695,06/28/2026 19:02:30,1.923,72.452,17.78,0.21110,70.529
10696,06/28/2026 19:12:30,1.903,72.437,17.59,0.20905,70.534
10697,06/28/2026 19:22:30,1.919,72.453,17.49,0.21074,70.534
10698,06/28/2026 19:32:30,1.921,72.458,17.30,0.21087,70.537
10699,06/28/2026 19:42:30,1.925,72.466,17.21,0.21136,70.541
10700,06/28/2026 19:52:30,1.912,72.455,17.11,0.20995,70.543
10701,06/28/2026 20:02:30,1.908,72.447,16.92,0.20959,70.539
10702,06/28/2026 20:12:30,1.901,72.440,16.83,0.20881,70.539
10703,06/28/2026 20:22:30,1.903,72.452,16.73,0.20909,70.549
10704,06/28/2026 20:32:30,1.907,72.465,16.64,0.20944,70.558
10705,06/28/2026 20:42:30,1.903,72.461,16.54,0.20902,70.558
10706,06/28/2026 20:52:30,1.894,72.462,16.45,0.20803,70.568
10707,06/28/2026 21:02:30,1.890,72.450,16.25,0.20774,70.560
10708,06/28/2026 21:12:30,1.888,72.455,16.16,0.20745,70.567
10709,06/28/2026 21:22:30,1.891,72.467,16.06,0.20780,70.576
10710,06/28/2026 21:32:30,1.884,72.468,15.97,0.20702,70.584
10711,06/28/2026 21:42:30,1.889,72.481,15.78,0.20751,70.592
10712,06/28/2026 21:52:30,1.890,72.481,15.68,0.20765,70.591
10713,06/28/2026 22:02:30,1.886,72.498,15.59,0.20722,70.612
10714,06/28/2026 22:12:30,1.883,72.498,15.49,0.20694,70.615
10715,06/28/2026 22:22:30,1.874,72.491,15.40,0.20595,70.617
10716,06/28/2026 22:32:30,1.887,72.504,15.20,0.20728,70.617
10717,06/28/2026 22:42:30,1.882,72.500,15.11,0.20686,70.618
10718,06/28/2026 22:52:30,1.883,72.504,15.01,0.20699,70.621
10719,06/28/2026 23:02:30,1.884,72.501,14.92,0.20699,70.617
10720,06/28/2026 23:12:30,1.877,72.497,14.82,0.20635,70.620
10721,06/28/2026 23:22:30,1.884,72.498,14.73,0.20698,70.614
10722,06/28/2026 23:32:30,1.877,72.491,14.53,0.20627,70.614
10723,06/28/2026 23:42:30,1.874,72.491,14.44,0.20599,70.617
10724,06/28/2026 23:52:30,1.876,72.492,14.34,0.20613,70.616
10725,06/29/2026 00:02:30,1.867,72.480,14.25,0.20528,70.613
10726,06/29/2026 00:12:30,1.871,72.485,14.15,0.20563,70.614
10727,06/29/2026 00:22:30,1.862,72.477,13.96,0.20478,70.615
10728,06/29/2026 00:32:30,1.864,72.474,13.86,0.20492,70.610
10729,06/29/2026 00:42:30,1.863,72.466,13.77,0.20492,70.603
10730,06/29/2026 00:52:30,1.860,72.463,13.67,0.20456,70.603
10731,06/29/2026 01:02:30,1.863,72.463,13.57,0.20491,70.600
10732,06/29/2026 01:12:30,1.858,72.460,13.48,0.20434,70.602
10733,06/29/2026 01:22:30,1.835,72.432,13.38,0.20202,70.597
10734,06/29/2026 01:32:30,1.852,72.453,13.28,0.20371,70.601
10735,06/29/2026 01:42:30,1.845,72.449,13.19,0.20300,70.604
10736,06/29/2026 01:52:30,1.860,72.462,13.09,0.20455,70.602
10737,06/29/2026 02:02:30,1.852,72.458,13.00,0.20377,70.606
10738,06/29/2026 02:12:30,1.868,72.471,12.90,0.20531,70.603
10739,06/29/2026 02:22:30,1.861,72.460,12.80,0.20454,70.599
10740,06/29/2026 02:32:30,1.849,72.453,12.61,0.20334,70.604
10741,06/29/2026 02:42:30,1.839,72.453,12.51,0.20235,70.614
10742,06/29/2026 02:52:30,1.852,72.462,12.42,0.20368,70.610
10743,06/29/2026 03:02:30,1.849,72.462,12.32,0.20340,70.613
10744,06/29/2026 03:12:30,1.840,72.459,12.22,0.20241,70.619
10745,06/29/2026 03:22:30,1.848,72.463,12.12,0.20332,70.615
10746,06/29/2026 03:32:30,1.842,72.460,12.03,0.20262,70.618
10747,06/29/2026 03:42:30,1.847,72.460,11.93,0.20325,70.613
10748,06/29/2026 03:52:30,1.831,72.449,11.83,0.20156,70.618
10749,06/29/2026 04:02:30,1.837,72.458,11.74,0.20212,70.621
10750,06/29/2026 04:12:30,1.834,72.458,11.64,0.20184,70.624
10751,06/29/2026 04:22:30,1.830,72.463,11.54,0.20141,70.633
10752,06/29/2026 04:32:30,1.841,72.484,11.44,0.20246,70.643
10753,06/29/2026 04:42:30,1.831,72.484,11.35,0.20155,70.653
10754,06/29/2026 04:52:30,1.830,72.493,11.25,0.20140,70.663
10755,06/29/2026 05:02:30,1.834,72.497,11.25,0.20183,70.663
10756,06/29/2026 05:12:30,1.824,72.497,11.15,0.20084,70.673
10757,06/29/2026 05:22:30,1.823,72.498,11.05,0.20070,70.675
10758,06/29/2026 05:32:30,1.821,72.511,10.96,0.20048,70.690
10759,06/29/2026 05:42:30,1.830,72.527,10.86,0.20147,70.697
10760,06/29/2026 05:52:30,1.831,72.544,10.86,0.20147,70.713
10761,06/29/2026 06:02:30,1.814,72.532,10.76,0.19978,70.718
10762,06/29/2026 06:12:30,1.822,72.553,10.66,0.20055,70.731
10763,06/29/2026 06:22:30,1.819,72.553,10.57,0.20034,70.734
10764,06/29/2026 06:32:30,1.820,72.562,10.47,0.20040,70.742
10765,06/29/2026 06:42:30,1.822,72.566,10.47,0.20061,70.744
10766,06/29/2026 06:52:30,1.819,72.575,10.37,0.20026,70.756
10767,06/29/2026 07:02:30,1.814,72.567,10.37,0.19977,70.753
10768,06/29/2026 07:12:30,1.811,72.571,10.27,0.19949,70.760
10769,06/29/2026 07:22:30,1.792,72.563,10.27,0.19759,70.771
10770,06/29/2026 07:32:30,1.798,72.579,10.27,0.19815,70.781
10771,06/29/2026 07:42:30,1.800,72.584,10.27,0.19829,70.784
10772,06/29/2026 07:52:30,1.796,72.584,10.27,0.19787,70.788
10773,06/29/2026 08:02:30,1.800,72.588,10.27,0.19829,70.788
10774,06/29/2026 08:12:30,1.789,72.591,10.37,0.19724,70.802
10775,06/29/2026 08:22:30,1.780,72.594,10.47,0.19632,70.814
10776,06/29/2026 08:32:30,1.786,72.594,10.47,0.19696,70.808
10777,06/29/2026 08:42:30,1.782,72.586,10.57,0.19647,70.804
10778,06/29/2026 08:52:30,1.788,72.601,10.66,0.19717,70.813
10779,06/29/2026 09:02:30,1.785,72.605,10.76,0.19675,70.820
10780,06/29/2026 09:12:30,1.781,72.592,10.86,0.19640,70.811
10781,06/29/2026 09:22:30,1.811,72.615,10.96,0.19950,70.804
10782,06/29/2026 09:32:30,1.795,72.591,11.05,0.19781,70.796
10783,06/29/2026 09:42:30,1.792,72.602,11.15,0.19753,70.810
10784,06/29/2026 09:52:30,1.810,72.613,11.35,0.19937,70.803
10785,06/29/2026 10:02:30,1.800,72.612,11.54,0.19839,70.812
10786,06/29/2026 10:12:30,1.806,72.619,11.74,0.19895,70.813
10787,06/29/2026 10:22:30,1.805,72.626,11.93,0.19889,70.821
10788,06/29/2026 10:32:30,1.819,72.661,12.12,0.20030,70.842
10789,06/29/2026 10:42:30,1.834,72.680,12.32,0.20185,70.846
10790,06/29/2026 10:52:30,1.834,72.678,12.61,0.20186,70.844
10791,06/29/2026 11:02:30,1.846,72.701,12.80,0.20313,70.855
10792,06/29/2026 11:12:30,1.846,72.716,13.09,0.20307,70.870
10793,06/29/2026 11:22:30,1.870,72.739,13.28,0.20554,70.869
10794,06/29/2026 11:32:30,1.870,72.750,13.57,0.20554,70.880
10795,06/29/2026 11:42:30,1.861,72.745,13.77,0.20463,70.884
10796,06/29/2026 11:52:30,1.873,72.751,14.05,0.20591,70.878
10797,06/29/2026 12:02:30,1.882,72.762,14.25,0.20683,70.880
10798,06/29/2026 12:12:30,1.872,72.773,14.53,0.20578,70.901
10799,06/29/2026 12:22:30,1.896,72.800,14.73,0.20825,70.904
10800,06/29/2026 12:32:30,1.906,72.819,15.01,0.20932,70.913
10801,06/29/2026 12:42:30,1.888,72.826,15.30,0.20742,70.938
10802,06/29/2026 12:52:30,1.882,72.808,15.59,0.20687,70.926
10803,06/29/2026 13:02:30,1.894,72.840,15.78,0.20807,70.946
10804,06/29/2026 13:12:30,1.900,72.855,15.97,0.20871,70.955
10805,06/29/2026 13:22:30,1.876,72.830,16.25,0.20619,70.954
10806,06/29/2026 13:32:30,1.895,72.845,16.45,0.20817,70.950
10807,06/29/2026 13:42:30,1.914,72.876,16.64,0.21022,70.962
10808,06/29/2026 13:52:30,1.909,72.880,16.73,0.20966,70.971
10809,06/29/2026 14:02:30,1.903,72.871,16.92,0.20903,70.968
10810,06/29/2026 14:12:30,1.907,72.858,17.11,0.20946,70.951
10811,06/29/2026 14:22:30,1.921,72.890,17.30,0.21087,70.969
10812,06/29/2026 14:32:30,1.925,72.877,17.40,0.21130,70.952
10813,06/29/2026 14:42:30,1.917,72.873,17.59,0.21046,70.956
10814,06/29/2026 14:52:30,1.915,72.876,17.68,0.21032,70.961
10815,06/29/2026 15:02:30,1.907,72.871,17.88,0.20956,70.964
10816,06/29/2026 15:12:30,1.918,72.875,17.97,0.21062,70.957
10817,06/29/2026 15:22:30,1.915,72.870,18.16,0.21034,70.955
10818,06/29/2026 15:32:30,1.919,72.866,18.26,0.21070,70.947
10819,06/29/2026 15:42:30,1.921,72.866,18.35,0.21091,70.945
10820,06/29/2026 15:52:30,1.903,72.853,18.45,0.20909,70.950
10821,06/29/2026 16:02:30,1.924,72.877,18.54,0.21127,70.953
10822,06/29/2026 16:12:30,1.913,72.869,18.64,0.21008,70.956
10823,06/29/2026 16:22:30,1.900,72.844,18.73,0.20882,70.944
10824,06/29/2026 16:32:30,1.904,72.860,18.73,0.20924,70.956
10825,06/29/2026 16:42:30,1.902,72.860,18.73,0.20903,70.958
10826,06/29/2026 16:52:30,1.900,72.864,18.83,0.20882,70.964
10827,06/29/2026 17:02:30,1.894,72.860,18.73,0.20818,70.966
10828,06/29/2026 17:12:30,1.921,72.897,18.73,0.21093,70.976
10829,06/29/2026 17:22:30,1.892,72.868,18.73,0.20804,70.976
10830,06/29/2026 17:32:30,1.893,72.869,18.64,0.20804,70.976
10831,06/29/2026 17:42:30,1.902,72.885,18.64,0.20895,70.983
10832,06/29/2026 17:52:30,1.900,72.881,18.64,0.20874,70.981
10833,06/29/2026 18:02:30,1.894,72.877,18.54,0.20817,70.983
10834,06/29/2026 18:12:30,1.886,72.865,18.45,0.20740,70.979
10835,06/29/2026 18:22:30,1.896,72.882,18.26,0.20837,70.986
10836,06/29/2026 18:32:30,1.883,72.867,18.07,0.20703,70.984
10837,06/29/2026 18:42:30,1.879,72.867,17.97,0.20660,70.988
10838,06/29/2026 18:52:30,1.884,72.888,17.78,0.20709,71.004
10839,06/29/2026 19:02:30,1.886,72.900,17.68,0.20737,71.014
10840,06/29/2026 19:12:30,1.888,72.905,17.49,0.20757,71.017
10841,06/29/2026 19:22:30,1.892,72.922,17.30,0.20792,71.030
10842,06/29/2026 19:32:30,1.873,72.902,17.21,0.20601,71.029
10843,06/29/2026 19:42:30,1.880,72.915,17.02,0.20671,71.035
10844,06/29/2026 19:52:30,1.879,72.924,16.83,0.20656,71.045
10845,06/29/2026 20:02:30,1.856,72.917,16.64,0.20423,71.061
10846,06/29/2026 20:12:30,1.877,72.933,16.54,0.20641,71.056
10847,06/29/2026 20:22:30,1.873,72.950,16.35,0.20598,71.077
10848,06/29/2026 20:32:30,1.864,72.955,16.25,0.20499,71.091
10849,06/29/2026 20:42:30,1.864,72.964,16.06,0.20499,71.100
10850,06/29/2026 20:52:30,1.871,72.981,15.87,0.20568,71.110
10851,06/29/2026 21:02:30,1.863,72.989,15.78,0.20491,71.126
10852,06/29/2026 21:12:30,1.871,73.010,15.59,0.20574,71.139
10853,06/29/2026 21:22:30,1.876,73.019,15.49,0.20616,71.143
10854,06/29/2026 21:32:30,1.861,73.015,15.40,0.20468,71.154
10855,06/29/2026 21:42:30,1.852,73.016,15.20,0.20376,71.164
10856,06/29/2026 21:52:30,1.877,73.049,15.11,0.20629,71.172
10857,06/29/2026 22:02:30,1.871,73.053,15.01,0.20573,71.182
10858,06/29/2026 22:12:30,1.866,73.062,14.82,0.20523,71.196
10859,06/29/2026 22:22:30,1.869,73.067,14.73,0.20544,71.198
10860,06/29/2026 22:32:30,1.872,73.072,14.53,0.20571,71.200
10861,06/29/2026 22:42:30,1.867,73.084,14.44,0.20529,71.217
10862,06/29/2026 22:52:30,1.865,73.081,14.25,0.20507,71.216
10863,06/29/2026 23:02:30,1.879,73.086,14.15,0.20647,71.207
10864,06/29/2026 23:12:30,1.874,73.078,14.05,0.20598,71.204
10865,06/29/2026 23:22:30,1.865,73.070,13.96,0.20506,71.205
10866,06/29/2026 23:32:30,1.862,73.075,13.86,0.20471,71.213
10867,06/29/2026 23:42:30,1.864,73.083,13.77,0.20499,71.219
10868,06/29/2026 23:52:30,1.856,73.084,13.67,0.20414,71.228
10869,06/30/2026 00:02:30,1.856,73.092,13.57,0.20421,71.236
10870,06/30/2026 00:12:30,1.870,73.106,13.38,0.20554,71.236
10871,06/30/2026 00:22:30,1.852,73.090,13.28,0.20371,71.238
10872,06/30/2026 00:32:30,1.853,73.082,13.19,0.20384,71.229
10873,06/30/2026 00:42:30,1.847,73.071,13.09,0.20321,71.224
10874,06/30/2026 00:52:30,1.853,73.071,13.00,0.20384,71.218
10875,06/30/2026 01:02:30,1.852,73.056,12.80,0.20376,71.204
10876,06/30/2026 01:12:30,1.855,73.057,12.71,0.20397,71.202
10877,06/30/2026 01:22:30,1.852,73.049,12.61,0.20369,71.197
10878,06/30/2026 01:32:30,1.851,73.050,12.51,0.20355,71.199
10879,06/30/2026 01:42:30,1.851,73.054,12.42,0.20361,71.203
10880,06/30/2026 01:52:30,1.844,73.035,12.32,0.20284,71.191
10881,06/30/2026 02:02:30,1.847,73.035,12.22,0.20319,71.188
10882,06/30/2026 02:12:30,1.849,73.032,12.12,0.20332,71.183
10883,06/30/2026 02:22:30,1.827,73.012,12.03,0.20114,71.185
10884,06/30/2026 02:32:30,1.836,73.013,11.93,0.20205,71.177
10885,06/30/2026 02:42:30,1.840,73.017,11.83,0.20247,71.177
10886,06/30/2026 02:52:30,1.828,73.014,11.74,0.20120,71.186
10887,06/30/2026 03:02:30,1.844,73.027,11.64,0.20282,71.183
10888,06/30/2026 03:12:30,1.836,73.019,11.54,0.20204,71.183
10889,06/30/2026 03:22:30,1.841,73.020,11.44,0.20253,71.179
10890,06/30/2026 03:32:30,1.829,73.008,11.35,0.20134,71.179
10891,06/30/2026 03:42:30,1.837,73.021,11.25,0.20211,71.184
10892,06/30/2026 03:52:30,1.821,73.009,11.15,0.20056,71.188
10893,06/30/2026 04:02:30,1.818,73.014,11.05,0.20020,71.196
10894,06/30/2026 04:12:30,1.814,73.002,10.96,0.19985,71.188
10895,06/30/2026 04:22:30,1.818,73.007,10.86,0.20020,71.189
10896,06/30/2026 04:32:30,1.821,73.012,10.76,0.20048,71.191
10897,06/30/2026 04:42:30,1.822,73.028,10.66,0.20062,71.206
10898,06/30/2026 04:52:30,1.818,73.037,10.57,0.20019,71.219
10899,06/30/2026 05:02:30,1.817,73.037,10.57,0.20005,71.220
10900,06/30/2026 05:12:30,1.811,73.030,10.47,0.19942,71.219
10901,06/30/2026 05:22:30,1.802,73.030,10.37,0.19857,71.228
10902,06/30/2026 05:32:30,1.813,73.043,10.27,0.19963,71.230
10903,06/30/2026 05:42:30,1.804,73.044,10.17,0.19871,71.240
10904,06/30/2026 05:52:30,1.811,73.052,10.17,0.19941,71.241
10905,06/30/2026 06:02:30,1.815,73.052,10.08,0.19990,71.237
10906,06/30/2026 06:12:30,1.803,73.037,9.98,0.19864,71.234
10907,06/30/2026 06:22:30,1.811,73.045,9.88,0.19948,71.234
10908,06/30/2026 06:32:30,1.808,73.046,9.78,0.19912,71.238
10909,06/30/2026 06:42:30,1.816,73.054,9.78,0.19997,71.238
10910,06/30/2026 06:52:30,1.794,73.039,9.68,0.19772,71.245
10911,06/30/2026 07:02:30,1.815,73.055,9.68,0.19983,71.240
10912,06/30/2026 07:12:30,1.796,73.047,9.58,0.19793,71.251
10913,06/30/2026 07:22:30,1.792,73.039,9.58,0.19757,71.247
10914,06/30/2026 07:32:30,1.783,73.039,9.58,0.19666,71.256
10915,06/30/2026 07:42:30,1.780,73.031,9.58,0.19631,71.251
10916,06/30/2026 07:52:30,1.788,73.039,9.68,0.19708,71.251
10917,06/30/2026 08:02:30,1.777,73.015,9.68,0.19596,71.238
10918,06/30/2026 08:12:30,1.778,73.015,9.68,0.19603,71.237
10919,06/30/2026 08:22:30,1.772,73.002,9.78,0.19547,71.230
10920,06/30/2026 08:32:30,1.777,73.001,9.88,0.19603,71.224
10921,06/30/2026 08:42:30,1.770,72.992,9.98,0.19533,71.222
10922,06/30/2026 08:52:30,1.779,73.000,10.08,0.19618,71.221
10923,06/30/2026 09:02:30,1.782,72.999,10.27,0.19646,71.217
10924,06/30/2026 09:12:30,1.787,72.998,10.37,0.19703,71.211
10925,06/30/2026 09:22:30,1.786,72.989,10.57,0.19689,71.203
10926,06/30/2026 09:32:30,1.786,72.980,10.66,0.19689,71.194
10927,06/30/2026 09:42:30,1.797,72.983,10.86,0.19802,71.186
10928,06/30/2026 09:52:30,1.804,72.974,10.96,0.19880,71.170
10929,06/30/2026 10:02:30,1.796,72.968,11.25,0.19796,71.172
10930,06/30/2026 10:12:30,1.805,72.975,11.44,0.19888,71.170
10931,06/30/2026 10:22:30,1.812,72.986,11.74,0.19959,71.174
10932,06/30/2026 10:32:30,1.826,72.997,11.93,0.20100,71.171
10933,06/30/2026 10:42:30,1.817,72.983,12.22,0.20009,71.166
10934,06/30/2026 10:52:30,1.817,72.970,12.42,0.20010,71.153
10935,06/30/2026 11:02:30,1.816,72.960,12.71,0.20003,71.144
10936,06/30/2026 11:12:30,1.845,72.999,13.00,0.20299,71.154
10937,06/30/2026 11:22:30,1.837,72.990,13.19,0.20216,71.153
10938,06/30/2026 11:32:30,1.839,72.992,13.48,0.20237,71.153
10939,06/30/2026 11:42:30,1.843,72.987,13.77,0.20280,71.144
10940,06/30/2026 11:52:30,1.856,72.985,14.05,0.20415,71.129
10941,06/30/2026 12:02:30,1.859,72.992,14.34,0.20444,71.133
10942,06/30/2026 12:12:30,1.871,72.987,14.53,0.20564,71.116
10943,06/30/2026 12:22:30,1.864,72.973,14.82,0.20502,71.109
10944,06/30/2026 12:32:30,1.881,72.976,15.11,0.20672,71.095
10945,06/30/2026 12:42:30,1.879,72.975,15.40,0.20651,71.096
10946,06/30/2026 12:52:30,1.881,72.977,15.68,0.20680,71.096
10947,06/30/2026 13:02:30,1.874,72.952,15.97,0.20604,71.078
10948,06/30/2026 13:12:30,1.885,72.955,16.16,0.20717,71.070
10949,06/30/2026 13:22:30,1.899,72.958,16.35,0.20866,71.059
10950,06/30/2026 13:32:30,1.898,72.937,16.64,0.20853,71.039
10951,06/30/2026 13:42:30,1.902,72.944,16.92,0.20889,71.042
10952,06/30/2026 13:52:30,1.895,72.939,17.11,0.20819,71.044
10953,06/30/2026 14:02:30,1.895,72.930,17.30,0.20827,71.035
10954,06/30/2026 14:12:30,1.902,72.926,17.40,0.20891,71.024
10955,06/30/2026 14:22:30,1.903,72.921,17.68,0.20906,71.018
10956,06/30/2026 14:32:30,1.908,72.932,17.78,0.20962,71.024
10957,06/30/2026 14:42:30,1.922,72.916,17.97,0.21097,70.994
10958,06/30/2026 14:52:30,1.897,72.895,18.16,0.20844,70.998
10959,06/30/2026 15:02:30,1.909,72.898,18.26,0.20971,70.989
10960,06/30/2026 15:12:30,1.908,72.881,18.45,0.20965,70.973
10961,06/30/2026 15:22:30,1.913,72.889,18.64,0.21008,70.976
10962,06/30/2026 15:32:30,1.922,72.893,18.73,0.21100,70.971
10963,06/30/2026 15:42:30,1.907,72.860,18.73,0.20952,70.953
10964,06/30/2026 15:52:30,1.940,72.892,18.83,0.21290,70.952
10965,06/30/2026 16:02:30,1.914,72.876,18.83,0.21023,70.962
10966,06/30/2026 16:12:30,1.909,72.872,18.83,0.20973,70.963
10967,06/30/2026 16:22:30,1.921,72.897,18.73,0.21093,70.976
10968,06/30/2026 16:32:30,1.898,72.897,18.54,0.20860,70.999
10969,06/30/2026 16:42:30,1.899,72.890,18.35,0.20866,70.991
10970,06/30/2026 16:52:30,1.911,72.890,18.35,0.20993,70.979
10971,06/30/2026 17:02:30,1.923,72.898,18.35,0.21112,70.975
10972,06/30/2026 17:12:30,1.906,72.886,18.35,0.20936,70.980
10973,06/30/2026 17:22:30,1.911,72.898,18.26,0.20992,70.987
10974,06/30/2026 17:32:30,1.899,72.887,18.07,0.20865,70.988
10975,06/30/2026 17:42:30,1.901,72.887,17.97,0.20893,70.986
10976,06/30/2026 17:52:30,1.899,72.888,17.78,0.20864,70.989
10977,06/30/2026 18:02:30,1.899,72.897,17.59,0.20863,70.998
10978,06/30/2026 18:12:30,1.893,72.877,17.40,0.20806,70.984
10979,06/30/2026 18:22:30,1.889,72.874,17.30,0.20756,70.985
10980,06/30/2026 18:32:30,1.888,72.878,17.11,0.20756,70.990
10981,06/30/2026 18:42:30,1.887,72.879,17.02,0.20741,70.992
10982,06/30/2026 18:52:30,1.886,72.891,16.92,0.20734,71.005
10983,06/30/2026 19:02:30,1.880,72.884,16.83,0.20663,71.004
10984,06/30/2026 19:12:30,1.890,72.912,16.73,0.20775,71.022
10985,06/30/2026 19:22:30,1.879,72.921,16.64,0.20655,71.042
10986,06/30/2026 19:32:30,1.876,72.909,16.45,0.20634,71.033
10987,06/30/2026 19:42:30,1.884,72.918,16.35,0.20704,71.034
10988,06/30/2026 19:52:30,1.877,72.910,16.25,0.20640,71.033
10989,06/30/2026 20:02:30,1.869,72.895,16.16,0.20548,71.026
10990,06/30/2026 20:12:30,1.872,72.976,16.06,0.20583,71.104
10991,06/30/2026 20:22:30,1.876,72.920,15.87,0.20625,71.044
10992,06/30/2026 20:32:30,1.870,72.884,15.78,0.20561,71.014
10993,06/30/2026 20:42:30,1.875,72.897,15.68,0.20610,71.022
10994,06/30/2026 20:52:30,1.868,72.894,15.49,0.20539,71.026
10995,06/30/2026 21:02:30,1.879,72.906,15.40,0.20651,71.027
10996,06/30/2026 21:12:30,1.878,72.923,15.30,0.20637,71.045
10997,06/30/2026 21:22:30,1.870,72.919,15.20,0.20559,71.049
10998,06/30/2026 21:32:30,1.872,72.924,15.01,0.20580,71.052
10999,06/30/2026 21:42:30,1.875,72.937,14.92,0.20608,71.062
11000,06/30/2026 21:52:30,1.886,72.961,14.82,0.20727,71.075
11001,06/30/2026 22:02:30,1.854,72.946,14.63,0.20396,71.092
11002,06/30/2026 22:12:30,1.871,72.963,14.53,0.20564,71.092
11003,06/30/2026 22:22:30,1.878,72.975,14.44,0.20641,71.097
11004,06/30/2026 22:32:30,1.861,72.964,14.34,0.20465,71.103
11005,06/30/2026 22:42:30,1.859,72.968,14.25,0.20444,71.109
11006,06/30/2026 22:52:30,1.857,72.960,14.15,0.20429,71.103
11007,06/30/2026 23:02:30,1.838,72.937,14.05,0.20225,71.099
11008,06/30/2026 23:12:30,1.852,72.945,13.96,0.20379,71.093
11009,06/30/2026 23:22:30,1.846,72.938,13.86,0.20309,71.092
11010,06/30/2026 23:32:30,1.834,72.923,13.67,0.20182,71.089
11011,06/30/2026 23:42:30,1.821,72.915,13.57,0.20055,71.094
11012,06/30/2026 23:52:30,1.817,72.912,13.48,0.20012,71.095
11013,07/01/2026 00:02:30,1.821,72.912,13.38,0.20054,71.091
11014,07/01/2026 00:12:30,1.820,72.904,13.28,0.20047,71.084
11015,07/01/2026 00:22:30,1.821,72.910,13.09,0.20046,71.089
11016,07/01/2026 00:32:30,1.828,72.922,13.00,0.20131,71.094
11017,07/01/2026 00:42:30,1.833,72.927,12.90,0.20173,71.094
11018,07/01/2026 00:52:30,1.830,72.915,12.80,0.20144,71.085
11019,07/01/2026 01:02:30,1.830,72.920,12.71,0.20144,71.090
11020,07/01/2026 01:12:30,1.827,72.924,12.61,0.20116,71.097
11021,07/01/2026 01:22:30,1.830,72.929,12.51,0.20143,71.099
11022,07/01/2026 01:32:30,1.834,72.929,12.42,0.20192,71.095
11023,07/01/2026 01:42:30,1.825,72.922,12.32,0.20094,71.097
11024,07/01/2026 01:52:30,1.817,72.922,12.22,0.20016,71.105
11025,07/01/2026 02:02:30,1.830,72.935,12.12,0.20142,71.105
11026,07/01/2026 02:12:30,1.835,72.940,12.03,0.20192,71.105
11027,07/01/2026 02:22:30,1.837,72.944,11.93,0.20219,71.107
11028,07/01/2026 02:32:30,1.831,72.941,11.83,0.20149,71.110
11029,07/01/2026 02:42:30,1.831,72.937,11.74,0.20156,71.106
11030,07/01/2026 02:52:30,1.831,72.946,11.64,0.20155,71.115
11031,07/01/2026 03:02:30,1.827,72.942,11.64,0.20113,71.115
11032,07/01/2026 03:12:30,1.823,72.947,11.54,0.20064,71.124
11033,07/01/2026 03:22:30,1.827,72.951,11.44,0.20113,71.124
11034,07/01/2026 03:32:30,1.835,72.960,11.35,0.20190,71.125
11035,07/01/2026 03:42:30,1.823,72.944,11.25,0.20070,71.121
11036,07/01/2026 03:52:30,1.834,72.961,11.15,0.20182,71.127
11037,07/01/2026 04:02:30,1.826,72.966,11.05,0.20098,71.140
11038,07/01/2026 04:12:30,1.822,72.958,10.96,0.20062,71.136
11039,07/01/2026 04:22:30,1.815,72.947,10.86,0.19985,71.132
11040,07/01/2026 04:32:30,1.826,72.967,10.76,0.20104,71.141
11041,07/01/2026 04:42:30,1.810,72.956,10.66,0.19935,71.146
11042,07/01/2026 04:52:30,1.805,72.952,10.66,0.19886,71.147
11043,07/01/2026 05:02:30,1.805,72.961,10.57,0.19879,71.156
11044,07/01/2026 05:12:30,1.799,72.957,10.47,0.19822,71.158
11045,07/01/2026 05:22:30,1.800,72.966,10.37,0.19829,71.166
11046,07/01/2026 05:32:30,1.796,72.966,10.27,0.19794,71.170
11047,07/01/2026 05:42:30,1.799,72.979,10.17,0.19822,71.180
11048,07/01/2026 05:52:30,1.798,72.992,10.08,0.19815,71.194
11049,07/01/2026 06:02:30,1.795,72.996,9.98,0.19786,71.201
11050,07/01/2026 06:12:30,1.787,72.993,9.88,0.19702,71.206
11051,07/01/2026 06:22:30,1.788,73.001,9.88,0.19709,71.213
11052,07/01/2026 06:32:30,1.789,73.018,9.78,0.19723,71.229
11053,07/01/2026 06:42:30,1.786,73.023,9.68,0.19687,71.237
11054,07/01/2026 06:52:30,1.771,73.011,9.58,0.19539,71.240
11055,07/01/2026 07:02:30,1.769,73.015,9.58,0.19518,71.246
11056,07/01/2026 07:12:30,1.761,73.015,9.58,0.19434,71.254
11057,07/01/2026 07:22:30,1.756,73.012,9.48,0.19384,71.256
11058,07/01/2026 07:32:30,1.772,73.032,9.48,0.19546,71.260
11059,07/01/2026 07:42:30,1.759,73.027,9.58,0.19420,71.268
11060,07/01/2026 07:52:30,1.768,73.035,9.58,0.19511,71.267
11061,07/01/2026 08:02:30,1.756,73.027,9.58,0.19385,71.271
11062,07/01/2026 08:12:30,1.758,73.031,9.68,0.19399,71.273
11063,07/01/2026 08:22:30,1.763,73.035,9.68,0.19455,71.272
11064,07/01/2026 08:32:30,1.766,73.034,9.78,0.19483,71.268
11065,07/01/2026 08:42:30,1.764,73.029,9.88,0.19469,71.265
11066,07/01/2026 08:52:30,1.764,73.025,9.98,0.19463,71.261
11067,07/01/2026 09:02:30,1.776,73.040,10.08,0.19589,71.264
11068,07/01/2026 09:12:30,1.777,73.040,10.17,0.19597,71.263
11069,07/01/2026 09:22:30,1.762,73.015,10.27,0.19442,71.253
11070,07/01/2026 09:32:30,1.768,73.018,10.47,0.19506,71.250
11071,07/01/2026 09:42:30,1.790,73.032,10.66,0.19738,71.242
11072,07/01/2026 09:52:30,1.777,73.007,10.86,0.19598,71.230
11073,07/01/2026 10:02:30,1.791,73.021,11.15,0.19746,71.230
11074,07/01/2026 10:12:30,1.799,73.020,11.35,0.19831,71.221
11075,07/01/2026 10:22:30,1.798,73.006,11.64,0.19818,71.208
11076,07/01/2026 10:32:30,1.802,73.017,11.83,0.19860,71.215
11077,07/01/2026 10:42:30,1.820,73.028,12.12,0.20037,71.208
11078,07/01/2026 10:52:30,1.826,73.038,12.42,0.20108,71.212
11079,07/01/2026 11:02:30,1.836,73.053,12.71,0.20207,71.217
11080,07/01/2026 11:12:30,1.854,73.076,12.90,0.20391,71.222
11081,07/01/2026 11:22:30,1.846,73.074,13.19,0.20314,71.228
11082,07/01/2026 11:32:30,1.854,73.081,13.38,0.20399,71.227
11083,07/01/2026 11:42:30,1.852,73.088,13.67,0.20372,71.236
11084,07/01/2026 11:52:30,1.858,73.099,13.86,0.20436,71.241
11085,07/01/2026 12:02:30,1.881,73.118,14.15,0.20669,71.237
11086,07/01/2026 12:12:30,1.869,73.100,14.44,0.20550,71.231
11087,07/01/2026 12:22:30,1.874,73.111,14.63,0.20607,71.237
11088,07/01/2026 12:32:30,1.863,73.090,14.92,0.20488,71.227
11089,07/01/2026 12:42:30,1.880,73.097,15.20,0.20658,71.217
11090,07/01/2026 12:52:30,1.884,73.092,15.40,0.20701,71.208
11091,07/01/2026 13:02:30,1.876,73.078,15.68,0.20624,71.202
11092,07/01/2026 13:12:30,1.882,73.081,15.87,0.20688,71.199
11093,07/01/2026 13:22:30,1.881,73.060,16.16,0.20675,71.179
11094,07/01/2026 13:32:30,1.903,73.075,16.45,0.20901,71.172
11095,07/01/2026 13:42:30,1.902,73.070,16.64,0.20895,71.168
11096,07/01/2026 13:52:30,1.904,73.053,16.83,0.20917,71.149
11097,07/01/2026 14:02:30,1.911,73.048,17.11,0.20988,71.137
11098,07/01/2026 14:12:30,1.888,73.023,17.40,0.20750,71.135
11099,07/01/2026 14:22:30,1.905,73.038,17.59,0.20926,71.133
11100,07/01/2026 14:32:30,1.891,73.021,17.78,0.20786,71.130
11101,07/01/2026 14:42:30,1.896,73.020,17.97,0.20843,71.124
11102,07/01/2026 14:52:30,1.912,73.032,18.16,0.20999,71.120
11103,07/01/2026 15:02:30,1.901,73.011,18.35,0.20887,71.110
11104,07/01/2026 15:12:30,1.905,73.006,18.54,0.20930,71.101
11105,07/01/2026 15:22:30,1.897,72.993,18.73,0.20853,71.096
11106,07/01/2026 15:32:30,1.910,72.989,18.83,0.20980,71.079
11107,07/01/2026 15:42:30,1.894,72.965,18.92,0.20812,71.071
11108,07/01/2026 15:52:30,1.912,72.980,19.11,0.21003,71.068
11109,07/01/2026 16:02:30,1.912,72.984,19.21,0.21003,71.072
11110,07/01/2026 16:12:30,1.908,72.984,19.21,0.20961,71.076
11111,07/01/2026 16:22:30,1.894,72.971,19.30,0.20827,71.077
11112,07/01/2026 16:32:30,1.902,72.955,19.30,0.20905,71.053
11113,07/01/2026 16:42:30,1.883,72.939,19.21,0.20714,71.056
11114,07/01/2026 16:52:30,1.893,72.952,19.21,0.20806,71.059
11115,07/01/2026 17:02:30,1.899,72.948,19.11,0.20869,71.049
11116,07/01/2026 17:12:30,1.896,72.948,19.11,0.20841,71.052
11117,07/01/2026 17:22:30,1.886,72.948,19.02,0.20742,71.062
11118,07/01/2026 17:32:30,1.895,72.944,19.02,0.20833,71.049
11119,07/01/2026 17:42:30,1.894,72.944,18.92,0.20826,71.050
11120,07/01/2026 17:52:30,1.882,72.945,18.83,0.20692,71.063
11121,07/01/2026 18:02:30,1.883,72.937,18.64,0.20712,71.054
11122,07/01/2026 18:12:30,1.878,72.942,18.54,0.20648,71.064
11123,07/01/2026 18:22:30,1.879,72.950,18.35,0.20669,71.071
11124,07/01/2026 18:32:30,1.887,72.963,18.16,0.20745,71.076
11125,07/01/2026 18:42:30,1.885,72.972,17.97,0.20724,71.087
11126,07/01/2026 18:52:30,1.871,72.965,17.78,0.20575,71.094
11127,07/01/2026 19:02:30,1.857,72.961,17.59,0.20441,71.104
11128,07/01/2026 19:12:30,1.882,72.990,17.40,0.20693,71.108
11129,07/01/2026 19:22:30,1.868,72.983,17.30,0.20545,71.115
11130,07/01/2026 19:32:30,1.869,72.983,17.11,0.20559,71.114
11131,07/01/2026 19:42:30,1.856,72.980,17.02,0.20424,71.124
11132,07/01/2026 19:52:30,1.861,72.989,16.83,0.20473,71.128
11133,07/01/2026 20:02:30,1.868,73.001,16.64,0.20550,71.133
11134,07/01/2026 20:12:30,1.854,72.994,16.54,0.20402,71.140
11135,07/01/2026 20:22:30,1.852,72.999,16.35,0.20380,71.147
11136,07/01/2026 20:32:30,1.860,73.015,16.25,0.20464,71.155
11137,07/01/2026 20:42:30,1.852,73.012,16.06,0.20379,71.160
11138,07/01/2026 20:52:30,1.858,73.029,15.97,0.20435,71.171
11139,07/01/2026 21:02:30,1.860,73.042,15.78,0.20455,71.182
11140,07/01/2026 21:12:30,1.866,73.054,15.68,0.20518,71.188
11141,07/01/2026 21:22:30,1.850,73.047,15.49,0.20356,71.197
11142,07/01/2026 21:32:30,1.851,73.063,15.40,0.20370,71.212
11143,07/01/2026 21:42:30,1.844,73.068,15.30,0.20292,71.224
11144,07/01/2026 21:52:30,1.854,73.085,15.11,0.20397,71.231
11145,07/01/2026 22:02:30,1.853,73.089,15.01,0.20390,71.236
11146,07/01/2026 22:12:30,1.848,73.090,14.92,0.20333,71.242
11147,07/01/2026 22:22:30,1.855,73.107,14.73,0.20403,71.252
11148,07/01/2026 22:32:30,1.848,73.099,14.63,0.20339,71.251
11149,07/01/2026 22:42:30,1.853,73.104,14.53,0.20381,71.251
11150,07/01/2026 22:52:30,1.846,73.108,14.44,0.20318,71.262
11151,07/01/2026 23:02:30,1.843,73.109,14.34,0.20282,71.266
11152,07/01/2026 23:12:30,1.843,73.106,14.15,0.20282,71.263
11153,07/01/2026 23:22:30,1.836,73.110,14.05,0.20211,71.274
11154,07/01/2026 23:32:30,1.833,73.107,13.86,0.20182,71.274
11155,07/01/2026 23:42:30,1.836,73.112,13.77,0.20203,71.276
11156,07/01/2026 23:52:30,1.838,73.104,13.67,0.20231,71.266
11157,07/02/2026 00:02:30,1.831,73.097,13.57,0.20153,71.266
11158,07/02/2026 00:12:30,1.812,73.073,13.48,0.19963,71.261
11159,07/02/2026 00:22:30,1.786,73.041,13.38,0.19695,71.255
11160,07/02/2026 00:32:30,1.763,73.018,13.19,0.19463,71.255
11161,07/02/2026 00:42:30,1.755,73.018,13.09,0.19385,71.263
11162,07/02/2026 00:52:30,1.731,73.003,13.00,0.19131,71.272
11163,07/02/2026 01:02:30,1.706,72.980,12.80,0.18878,71.274
11164,07/02/2026 01:12:30,1.705,72.976,12.71,0.18870,71.271
11165,07/02/2026 01:22:30,1.678,72.948,12.61,0.18596,71.270
11166,07/02/2026 01:32:30,1.685,72.950,12.42,0.18659,71.265
11167,07/02/2026 01:42:30,1.680,72.954,12.32,0.18616,71.274
11168,07/02/2026 01:52:30,1.695,72.971,12.12,0.18771,71.276
11169,07/02/2026 02:02:30,1.716,72.992,12.03,0.18981,71.276
11170,07/02/2026 02:12:30,1.721,72.993,11.93,0.19030,71.272
11171,07/02/2026 02:22:30,1.731,72.994,11.74,0.19129,71.263
11172,07/02/2026 02:32:30,1.744,73.006,11.64,0.19269,71.262
11173,07/02/2026 02:42:30,1.739,72.999,11.54,0.19213,71.260
11174,07/02/2026 02:52:30,1.760,73.016,11.44,0.19423,71.256
11175,07/02/2026 03:02:30,1.754,73.020,11.35,0.19367,71.266
11176,07/02/2026 03:12:30,1.768,73.032,11.35,0.19515,71.264
11177,07/02/2026 03:22:30,1.766,73.029,11.25,0.19486,71.263
11178,07/02/2026 03:32:30,1.766,73.033,11.15,0.19486,71.268
11179,07/02/2026 03:42:30,1.775,73.046,11.05,0.19584,71.271
11180,07/02/2026 03:52:30,1.773,73.039,10.96,0.19556,71.266
11181,07/02/2026 04:02:30,1.786,73.059,10.86,0.19696,71.273
11182,07/02/2026 04:12:30,1.768,73.060,10.76,0.19506,71.292
11183,07/02/2026 04:22:30,1.760,73.060,10.76,0.19429,71.300
11184,07/02/2026 04:32:30,1.763,73.061,10.66,0.19457,71.298
11185,07/02/2026 04:42:30,1.768,73.077,10.57,0.19513,71.309
11186,07/02/2026 04:52:30,1.767,73.078,10.47,0.19499,71.311
11187,07/02/2026 05:02:30,1.756,73.062,10.37,0.19393,71.306
11188,07/02/2026 05:12:30,1.756,73.067,10.27,0.19386,71.311
11189,07/02/2026 05:22:30,1.737,73.060,10.17,0.19189,71.323
11190,07/02/2026 05:32:30,1.761,73.085,10.08,0.19428,71.324
11191,07/02/2026 05:42:30,1.739,73.069,9.98,0.19209,71.330
11192,07/02/2026 05:52:30,1.734,73.074,9.88,0.19160,71.340
11193,07/02/2026 06:02:30,1.725,73.074,9.78,0.19068,71.349
11194,07/02/2026 06:12:30,1.729,73.082,9.78,0.19111,71.353
11195,07/02/2026 06:22:30,1.725,73.075,9.68,0.19068,71.350
11196,07/02/2026 06:32:30,1.727,73.080,9.58,0.19082,71.353
11197,07/02/2026 06:42:30,1.716,73.072,9.48,0.18976,71.356
11198,07/02/2026 06:52:30,1.730,73.088,9.48,0.19124,71.358
11199,07/02/2026 07:02:30,1.710,73.077,9.39,0.18913,71.367
11200,07/02/2026 07:12:30,1.710,73.085,9.39,0.18913,71.375
11201,07/02/2026 07:22:30,1.709,73.089,9.39,0.18906,71.380
11202,07/02/2026 07:32:30,1.703,73.093,9.39,0.18843,71.390
11203,07/02/2026 07:42:30,1.695,73.097,9.39,0.18758,71.402
11204,07/02/2026 07:52:30,1.696,73.101,9.39,0.18772,71.405
11205,07/02/2026 08:02:30,1.703,73.109,9.39,0.18843,71.406
11206,07/02/2026 08:12:30,1.708,73.117,9.48,0.18892,71.409
11207,07/02/2026 08:22:30,1.695,73.113,9.48,0.18758,71.418
11208,07/02/2026 08:32:30,1.695,73.108,9.58,0.18759,71.413
11209,07/02/2026 08:42:30,1.700,73.111,9.68,0.18815,71.411
11210,07/02/2026 08:52:30,1.692,73.107,9.78,0.18724,71.415
11211,07/02/2026 09:02:30,1.714,73.122,9.88,0.18956,71.408
11212,07/02/2026 09:12:30,1.720,73.129,10.08,0.19013,71.409
11213,07/02/2026 09:22:30,1.719,73.120,10.17,0.19006,71.401
11214,07/02/2026 09:32:30,1.718,73.119,10.37,0.18999,71.401
11215,07/02/2026 09:42:30,1.711,73.109,10.66,0.18929,71.398
11216,07/02/2026 09:52:30,1.740,73.128,10.86,0.19225,71.388
11217,07/02/2026 10:02:30,1.739,73.114,11.15,0.19212,71.375
11218,07/02/2026 10:12:30,1.750,73.120,11.44,0.19332,71.370
11219,07/02/2026 10:22:30,1.752,73.131,11.74,0.19347,71.379
11220,07/02/2026 10:32:30,1.762,73.141,12.03,0.19453,71.379
11221,07/02/2026 10:42:30,1.768,73.156,12.22,0.19517,71.388
11222,07/02/2026 10:52:30,1.778,73.163,12.51,0.19609,71.385
11223,07/02/2026 11:02:30,1.781,73.177,12.80,0.19645,71.396
11224,07/02/2026 11:12:30,1.784,73.180,13.09,0.19673,71.396
11225,07/02/2026 11:22:30,1.808,73.199,13.28,0.19920,71.391
11226,07/02/2026 11:32:30,1.787,73.185,13.57,0.19710,71.398
11227,07/02/2026 11:42:30,1.791,73.192,13.86,0.19746,71.401
11228,07/02/2026 11:52:30,1.811,73.215,14.15,0.19951,71.404
11229,07/02/2026 12:02:30,1.790,73.189,14.44,0.19740,71.399
11230,07/02/2026 12:12:30,1.821,73.216,14.73,0.20058,71.395
11231,07/02/2026 12:22:30,1.816,73.211,14.92,0.20009,71.395
11232,07/02/2026 12:32:30,1.809,73.197,15.20,0.19940,71.388
11233,07/02/2026 12:42:30,1.811,73.192,15.49,0.19962,71.381
11234,07/02/2026 12:52:30,1.833,73.207,15.78,0.20181,71.374
11235,07/02/2026 13:02:30,1.822,73.198,16.06,0.20069,71.376
11236,07/02/2026 13:12:30,1.820,73.193,16.25,0.20049,71.373
11237,07/02/2026 13:22:30,1.815,73.159,16.54,0.20007,71.344
11238,07/02/2026 13:32:30,1.813,73.158,16.73,0.19987,71.345
11239,07/02/2026 13:42:30,1.832,73.169,17.02,0.20185,71.337
11240,07/02/2026 13:52:30,1.822,73.157,17.21,0.20073,71.335
11241,07/02/2026 14:02:30,1.841,73.168,17.40,0.20271,71.327
11242,07/02/2026 14:12:30,1.835,73.151,17.59,0.20215,71.316
11243,07/02/2026 14:22:30,1.846,73.163,17.68,0.20321,71.317
11244,07/02/2026 14:32:30,1.849,73.162,17.88,0.20357,71.313
11245,07/02/2026 14:42:30,1.845,73.158,17.88,0.20315,71.313
11246,07/02/2026 14:52:30,1.843,73.150,17.97,0.20287,71.307
11247,07/02/2026 15:02:30,1.840,73.153,18.07,0.20266,71.313
11248,07/02/2026 15:12:30,1.846,73.133,18.16,0.20323,71.287
11249,07/02/2026 15:22:30,1.843,73.132,18.26,0.20302,71.289
11250,07/02/2026 15:32:30,1.843,73.132,18.26,0.20302,71.289
11251,07/02/2026 15:42:30,1.851,73.132,18.26,0.20380,71.281
11252,07/02/2026 15:52:30,1.844,73.120,18.26,0.20309,71.276
11253,07/02/2026 16:02:30,1.841,73.117,18.16,0.20274,71.276
11254,07/02/2026 16:12:30,1.846,73.121,18.07,0.20323,71.275
11255,07/02/2026 16:22:30,1.841,73.109,18.07,0.20273,71.268
11256,07/02/2026 16:32:30,1.859,73.109,18.07,0.20456,71.250
11257,07/02/2026 16:42:30,1.844,73.089,18.07,0.20301,71.245
11258,07/02/2026 16:52:30,1.843,73.085,18.07,0.20294,71.242
11259,07/02/2026 17:02:30,1.841,73.089,18.07,0.20273,71.248
11260,07/02/2026 17:12:30,1.840,73.093,18.07,0.20259,71.253
11261,07/02/2026 17:22:30,1.837,73.093,18.07,0.20231,71.256
11262,07/02/2026 17:32:30,1.835,73.089,18.07,0.20210,71.254
11263,07/02/2026 17:42:30,1.839,73.093,17.97,0.20252,71.254
11264,07/02/2026 17:52:30,1.828,73.089,17.88,0.20146,71.261
11265,07/02/2026 18:02:30,1.831,73.094,17.78,0.20167,71.263
11266,07/02/2026 18:12:30,1.851,73.111,17.59,0.20370,71.260
11267,07/02/2026 18:22:30,1.834,73.099,17.49,0.20201,71.265
11268,07/02/2026 18:32:30,1.833,73.099,17.40,0.20193,71.266
11269,07/02/2026 18:42:30,1.830,73.100,17.30,0.20158,71.270
11270,07/02/2026 18:52:30,1.826,73.112,17.21,0.20122,71.286
11271,07/02/2026 19:02:30,1.823,73.113,17.02,0.20086,71.290
11272,07/02/2026 19:12:30,1.825,73.125,16.92,0.20114,71.300
11273,07/02/2026 19:22:30,1.808,73.110,16.83,0.19931,71.302
11274,07/02/2026 19:32:30,1.815,73.127,16.64,0.20001,71.312
11275,07/02/2026 19:42:30,1.814,73.147,16.54,0.19993,71.333
11276,07/02/2026 19:52:30,1.812,73.148,16.35,0.19972,71.336
11277,07/02/2026 20:02:30,1.801,73.156,16.25,0.19866,71.355
11278,07/02/2026 20:12:30,1.800,73.157,16.06,0.19851,71.357
11279,07/02/2026 20:22:30,1.804,73.170,15.97,0.19886,71.366
11280,07/02/2026 20:32:30,1.802,73.167,15.78,0.19864,71.365
11281,07/02/2026 20:42:30,1.793,73.167,15.59,0.19779,71.374
11282,07/02/2026 20:52:30,1.795,73.180,15.49,0.19793,71.385
11283,07/02/2026 21:02:30,1.802,73.197,15.30,0.19870,71.395
11284,07/02/2026 21:12:30,1.784,73.185,15.20,0.19686,71.401
11285,07/02/2026 21:22:30,1.800,73.227,15.01,0.19841,71.427
11286,07/02/2026 21:32:30,1.794,73.231,14.92,0.19784,71.437
11287,07/02/2026 21:42:30,1.798,73.244,14.82,0.19819,71.446
11288,07/02/2026 21:52:30,1.797,73.256,14.73,0.19819,71.459
11289,07/02/2026 22:02:30,1.792,73.265,14.53,0.19762,71.473
11290,07/02/2026 22:12:30,1.787,73.274,14.44,0.19705,71.487
11291,07/02/2026 22:22:30,1.790,73.282,14.34,0.19747,71.492
11292,07/02/2026 22:32:30,1.782,73.279,14.25,0.19655,71.497
11293,07/02/2026 22:42:30,1.788,73.284,14.05,0.19718,71.496
11294,07/02/2026 22:52:30,1.794,73.296,13.96,0.19781,71.502
11295,07/02/2026 23:02:30,1.792,73.301,13.86,0.19760,71.509
11296,07/02/2026 23:12:30,1.786,73.293,13.77,0.19703,71.507
11297,07/02/2026 23:22:30,1.796,73.302,13.57,0.19801,71.506
11298,07/02/2026 23:32:30,1.799,73.315,13.48,0.19829,71.516
11299,07/02/2026 23:42:30,1.785,73.307,13.38,0.19688,71.522
11300,07/02/2026 23:52:30,1.791,73.320,13.28,0.19744,71.529
11301,07/03/2026 00:02:30,1.783,73.309,13.09,0.19666,71.526
11302,07/03/2026 00:12:30,1.795,73.321,13.00,0.19793,71.526
11303,07/03/2026 00:22:30,1.775,73.294,12.90,0.19582,71.519
11304,07/03/2026 00:32:30,1.772,73.290,12.80,0.19553,71.518
11305,07/03/2026 00:42:30,1.777,73.295,12.71,0.19602,71.518
11306,07/03/2026 00:52:30,1.778,73.288,12.51,0.19609,71.510
11307,07/03/2026 01:02:30,1.764,73.272,12.42,0.19475,71.508
11308,07/03/2026 01:12:30,1.770,73.269,12.32,0.19531,71.499
11309,07/03/2026 01:22:30,1.753,73.245,12.22,0.19355,71.492
11310,07/03/2026 01:32:30,1.760,73.241,12.12,0.19432,71.481
11311,07/03/2026 01:42:30,1.740,73.226,12.03,0.19228,71.486
11312,07/03/2026 01:52:30,1.752,73.235,11.83,0.19347,71.483
11313,07/03/2026 02:02:30,1.748,73.224,11.74,0.19304,71.476
11314,07/03/2026 02:12:30,1.741,73.216,11.64,0.19234,71.475
11315,07/03/2026 02:22:30,1.750,73.221,11.54,0.19325,71.471
11316,07/03/2026 02:32:30,1.752,73.217,11.44,0.19346,71.465
11317,07/03/2026 02:42:30,1.745,73.202,11.35,0.19268,71.457
11318,07/03/2026 02:52:30,1.746,73.202,11.25,0.19289,71.456
11319,07/03/2026 03:02:30,1.738,73.207,11.15,0.19205,71.469
11320,07/03/2026 03:12:30,1.752,73.215,11.05,0.19352,71.463
11321,07/03/2026 03:22:30,1.755,73.220,10.96,0.19380,71.465
11322,07/03/2026 03:32:30,1.746,73.221,10.86,0.19281,71.475
11323,07/03/2026 03:42:30,1.760,73.237,10.76,0.19429,71.477
11324,07/03/2026 03:52:30,1.744,73.222,10.66,0.19260,71.478
11325,07/03/2026 04:02:30,1.755,73.243,10.57,0.19372,71.488
11326,07/03/2026 04:12:30,1.758,73.251,10.47,0.19407,71.493
11327,07/03/2026 04:22:30,1.744,73.240,10.37,0.19259,71.496
11328,07/03/2026 04:32:30,1.754,73.244,10.27,0.19372,71.490
11329,07/03/2026 04:42:30,1.754,73.245,10.17,0.19365,71.491
11330,07/03/2026 04:52:30,1.745,73.246,10.08,0.19273,71.501
11331,07/03/2026 05:02:30,1.755,73.258,9.98,0.19378,71.503
11332,07/03/2026 05:12:30,1.748,73.271,9.98,0.19301,71.523
11333,07/03/2026 05:22:30,1.747,73.279,9.88,0.19294,71.532
11334,07/03/2026 05:32:30,1.743,73.280,9.78,0.19251,71.537
11335,07/03/2026 05:42:30,1.741,73.289,9.68,0.19223,71.548
11336,07/03/2026 05:52:30,1.742,73.297,9.58,0.19244,71.555
11337,07/03/2026 06:02:30,1.747,73.318,9.48,0.19293,71.571
11338,07/03/2026 06:12:30,1.759,73.330,9.48,0.19413,71.571
11339,07/03/2026 06:22:30,1.743,73.323,9.39,0.19251,71.580
11340,07/03/2026 06:32:30,1.742,73.327,9.29,0.19243,71.585
11341,07/03/2026 06:42:30,1.734,73.331,9.29,0.19166,71.597
11342,07/03/2026 06:52:30,1.716,73.324,9.19,0.18976,71.608
11343,07/03/2026 07:02:30,1.730,73.341,9.09,0.19117,71.611
11344,07/03/2026 07:12:30,1.723,73.333,9.09,0.19046,71.610
11345,07/03/2026 07:22:30,1.725,73.341,9.09,0.19067,71.616
11346,07/03/2026 07:32:30,1.721,73.341,9.09,0.19025,71.620
11347,07/03/2026 07:42:30,1.731,73.353,9.09,0.19124,71.622
11348,07/03/2026 07:52:30,1.717,73.353,9.09,0.18983,71.636
11349,07/03/2026 08:02:30,1.728,73.364,9.19,0.19103,71.636
11350,07/03/2026 08:12:30,1.732,73.368,9.29,0.19138,71.636
11351,07/03/2026 08:22:30,1.722,73.348,9.29,0.19032,71.626
11352,07/03/2026 08:32:30,1.736,73.347,9.39,0.19180,71.611
11353,07/03/2026 08:42:30,1.720,73.326,9.48,0.19019,71.606
11354,07/03/2026 08:52:30,1.724,73.337,9.68,0.19054,71.613
11355,07/03/2026 09:02:30,1.735,73.356,9.78,0.19174,71.621
11356,07/03/2026 09:12:30,1.738,73.355,9.98,0.19202,71.617
11357,07/03/2026 09:22:30,1.725,73.347,10.08,0.19076,71.621
11358,07/03/2026 09:32:30,1.734,73.353,10.27,0.19161,71.619
11359,07/03/2026 09:42:30,1.736,73.356,10.47,0.19182,71.620
11360,07/03/2026 09:52:30,1.743,73.362,10.76,0.19260,71.619
11361,07/03/2026 10:02:30,1.759,73.373,10.96,0.19422,71.614
11362,07/03/2026 10:12:30,1.767,73.368,11.25,0.19493,71.601
11363,07/03/2026 10:22:30,1.762,73.362,11.54,0.19445,71.600
11364,07/03/2026 10:32:30,1.776,73.368,11.83,0.19593,71.592
11365,07/03/2026 10:42:30,1.766,73.363,12.03,0.19488,71.597
11366,07/03/2026 10:52:30,1.764,73.369,12.32,0.19475,71.605
11367,07/03/2026 11:02:30,1.773,73.392,12.71,0.19560,71.619
11368,07/03/2026 11:12:30,1.772,73.394,12.90,0.19560,71.622
11369,07/03/2026 11:22:30,1.776,73.393,13.19,0.19596,71.617
11370,07/03/2026 11:32:30,1.769,73.383,13.48,0.19527,71.614
11371,07/03/2026 11:42:30,1.765,73.358,13.77,0.19478,71.593
11372,07/03/2026 11:52:30,1.775,73.376,14.05,0.19592,71.601
11373,07/03/2026 12:02:30,1.774,73.363,14.25,0.19578,71.589
11374,07/03/2026 12:12:30,1.786,73.366,14.53,0.19698,71.580
11375,07/03/2026 12:22:30,1.773,73.340,14.82,0.19573,71.567
11376,07/03/2026 12:32:30,1.791,73.343,15.20,0.19750,71.552
11377,07/03/2026 12:42:30,1.798,73.349,15.49,0.19828,71.551
11378,07/03/2026 12:52:30,1.808,73.352,15.78,0.19935,71.544
11379,07/03/2026 13:02:30,1.808,73.355,16.06,0.19928,71.547
11380,07/03/2026 13:12:30,1.815,73.350,16.25,0.20006,71.535
11381,07/03/2026 13:22:30,1.826,73.353,16.54,0.20113,71.527
11382,07/03/2026 13:32:30,1.827,73.356,16.83,0.20128,71.529
11383,07/03/2026 13:42:30,1.825,73.335,17.02,0.20108,71.510
11384,07/03/2026 13:52:30,1.845,73.350,17.21,0.20312,71.505
11385,07/03/2026 14:02:30,1.837,73.346,17.30,0.20228,71.509
11386,07/03/2026 14:12:30,1.854,73.350,17.40,0.20398,71.496
11387,07/03/2026 14:22:30,1.852,73.341,17.49,0.20384,71.489
11388,07/03/2026 14:32:30,1.845,73.336,17.68,0.20314,71.491
11389,07/03/2026 14:42:30,1.849,73.332,17.88,0.20350,71.483
11390,07/03/2026 14:52:30,1.854,73.323,17.97,0.20407,71.469
11391,07/03/2026 15:02:30,1.856,73.314,18.16,0.20436,71.458
11392,07/03/2026 15:12:30,1.856,73.326,18.35,0.20429,71.470
11393,07/03/2026 15:22:30,1.832,73.294,18.26,0.20182,71.462
11394,07/03/2026 15:32:30,1.833,73.286,18.16,0.20196,71.453
11395,07/03/2026 15:42:30,1.846,73.290,18.16,0.20330,71.444
11396,07/03/2026 15:52:30,1.840,73.278,18.16,0.20267,71.438
11397,07/03/2026 16:02:30,1.849,73.285,18.35,0.20359,71.436
11398,07/03/2026 16:12:30,1.851,73.289,18.45,0.20380,71.438
11399,07/03/2026 16:22:30,1.845,73.277,18.54,0.20317,71.432
11400,07/03/2026 16:32:30,1.836,73.256,18.64,0.20226,71.420
11401,07/03/2026 16:42:30,1.834,73.264,18.73,0.20205,71.430
11402,07/03/2026 16:52:30,1.840,73.264,18.73,0.20269,71.424
11403,07/03/2026 17:02:30,1.842,73.272,18.83,0.20283,71.430
11404,07/03/2026 17:12:30,1.835,73.260,18.83,0.20213,71.425
11405,07/03/2026 17:22:30,1.834,73.268,18.83,0.20206,71.434
11406,07/03/2026 17:32:30,1.832,73.260,18.73,0.20184,71.428
11407,07/03/2026 17:42:30,1.830,73.264,18.73,0.20163,71.434
11408,07/03/2026 17:52:30,1.830,73.268,18.64,0.20170,71.438
11409,07/03/2026 18:02:30,1.838,73.277,18.54,0.20240,71.439
11410,07/03/2026 18:12:30,1.846,73.293,18.45,0.20331,71.447
11411,07/03/2026 18:22:30,1.829,73.282,18.26,0.20147,71.453
11412,07/03/2026 18:32:30,1.837,73.278,18.16,0.20231,71.441
11413,07/03/2026 18:42:30,1.830,73.295,17.97,0.20160,71.465
11414,07/03/2026 18:52:30,1.824,73.303,17.88,0.20104,71.479
11415,07/03/2026 19:02:30,1.817,73.312,17.68,0.20032,71.495
11416,07/03/2026 19:12:30,1.833,73.329,17.49,0.20194,71.496
11417,07/03/2026 19:22:30,1.825,73.338,17.30,0.20109,71.513
11418,07/03/2026 19:32:30,1.833,73.347,17.11,0.20185,71.514
11419,07/03/2026 19:42:30,1.808,73.331,17.02,0.19932,71.523
11420,07/03/2026 19:52:30,1.810,73.344,16.83,0.19952,71.534
11421,07/03/2026 20:02:30,1.814,73.349,16.64,0.19987,71.535
11422,07/03/2026 20:12:30,1.818,73.357,16.45,0.20035,71.539
11423,07/03/2026 20:22:30,1.811,73.358,16.35,0.19957,71.547
11424,07/03/2026 20:32:30,1.825,73.375,16.16,0.20105,71.550
11425,07/03/2026 20:42:30,1.804,73.363,16.06,0.19893,71.559
11426,07/03/2026 20:52:30,1.826,73.392,15.87,0.20118,71.566
11427,07/03/2026 21:02:30,1.818,73.401,15.78,0.20026,71.583
11428,07/03/2026 21:12:30,1.805,73.406,15.59,0.19906,71.600
11429,07/03/2026 21:22:30,1.802,73.406,15.49,0.19863,71.604
11430,07/03/2026 21:32:30,1.817,73.422,15.40,0.20018,71.606
11431,07/03/2026 21:42:30,1.811,73.427,15.20,0.19961,71.616
11432,07/03/2026 21:52:30,1.804,73.432,15.11,0.19883,71.628
11433,07/03/2026 22:02:30,1.805,73.440,15.01,0.19904,71.635
11434,07/03/2026 22:12:30,1.809,73.461,14.92,0.19939,71.652
11435,07/03/2026 22:22:30,1.803,73.466,14.73,0.19875,71.663
11436,07/03/2026 22:32:30,1.788,73.462,14.63,0.19727,71.674
11437,07/03/2026 22:42:30,1.788,73.463,14.53,0.19720,71.675
11438,07/03/2026 22:52:30,1.785,73.460,14.34,0.19691,71.675
11439,07/03/2026 23:02:30,1.790,73.464,14.25,0.19740,71.674
11440,07/03/2026 23:12:30,1.786,73.453,14.15,0.19697,71.667
11441,07/03/2026 23:22:30,1.782,73.449,14.05,0.19662,71.667
11442,07/03/2026 23:32:30,1.787,73.458,13.86,0.19711,71.671
11443,07/03/2026 23:42:30,1.787,73.459,13.77,0.19703,71.672
11444,07/03/2026 23:52:30,1.797,73.476,13.57,0.19808,71.679
11445,07/04/2026 00:02:30,1.804,73.480,13.48,0.19886,71.676
11446,07/04/2026 00:12:30,1.807,73.493,13.38,0.19913,71.686
11447,07/04/2026 00:22:30,1.792,73.473,13.28,0.19758,71.681
11448,07/04/2026 00:32:30,1.778,73.453,13.19,0.19617,71.675
11449,07/04/2026 00:42:30,1.779,73.446,13.09,0.19624,71.667
11450,07/04/2026 00:52:30,1.764,73.430,13.00,0.19476,71.666
11451,07/04/2026 01:02:30,1.784,73.447,12.90,0.19673,71.663
11452,07/04/2026 01:12:30,1.770,73.427,12.80,0.19539,71.657
11453,07/04/2026 01:22:30,1.773,73.420,12.61,0.19567,71.647
11454,07/04/2026 01:32:30,1.771,73.409,12.51,0.19538,71.638
11455,07/04/2026 01:42:30,1.768,73.405,12.42,0.19517,71.637
11456,07/04/2026 01:52:30,1.766,73.406,12.32,0.19489,71.640
11457,07/04/2026 02:02:30,1.770,73.394,12.22,0.19531,71.624
11458,07/04/2026 02:12:30,1.755,73.371,12.12,0.19376,71.616
11459,07/04/2026 02:22:30,1.747,73.363,12.03,0.19298,71.616
11460,07/04/2026 02:32:30,1.758,73.388,11.93,0.19403,71.630
11461,07/04/2026 02:42:30,1.758,73.384,11.83,0.19410,71.626
11462,07/04/2026 02:52:30,1.751,73.381,11.74,0.19333,71.630
11463,07/04/2026 03:02:30,1.752,73.381,11.64,0.19353,71.629
11464,07/04/2026 03:12:30,1.758,73.386,11.54,0.19409,71.628
11465,07/04/2026 03:22:30,1.743,73.382,11.44,0.19262,71.639
11466,07/04/2026 03:32:30,1.758,73.399,11.44,0.19402,71.641
11467,07/04/2026 03:42:30,1.758,73.399,11.35,0.19409,71.641
11468,07/04/2026 03:52:30,1.753,73.404,11.25,0.19353,71.651
11469,07/04/2026 04:02:30,1.762,73.421,11.15,0.19444,71.659
11470,07/04/2026 04:12:30,1.748,73.421,11.05,0.19303,71.673
11471,07/04/2026 04:22:30,1.748,73.422,10.86,0.19310,71.674
11472,07/04/2026 04:32:30,1.746,73.431,10.76,0.19281,71.685
11473,07/04/2026 04:42:30,1.757,73.444,10.66,0.19394,71.687
11474,07/04/2026 04:52:30,1.746,73.440,10.66,0.19281,71.694
11475,07/04/2026 05:02:30,1.755,73.456,10.57,0.19379,71.701
11476,07/04/2026 05:12:30,1.739,73.445,10.47,0.19210,71.706
11477,07/04/2026 05:22:30,1.743,73.466,10.37,0.19245,71.723
11478,07/04/2026 05:32:30,1.727,73.462,10.27,0.19090,71.735
11479,07/04/2026 05:42:30,1.731,73.471,10.17,0.19125,71.740
11480,07/04/2026 05:52:30,1.744,73.499,10.17,0.19266,71.755
11481,07/04/2026 06:02:30,1.729,73.492,10.08,0.19104,71.763
11482,07/04/2026 06:12:30,1.720,73.492,9.98,0.19020,71.772
11483,07/04/2026 06:22:30,1.744,73.529,9.88,0.19266,71.785
11484,07/04/2026 06:32:30,1.735,73.537,9.88,0.19174,71.802
11485,07/04/2026 06:42:30,1.720,73.526,9.78,0.19012,71.806
11486,07/04/2026 06:52:30,1.720,73.530,9.78,0.19012,71.810
11487,07/04/2026 07:02:30,1.710,73.526,9.68,0.18921,71.816
11488,07/04/2026 07:12:30,1.698,73.522,9.68,0.18794,71.824
11489,07/04/2026 07:22:30,1.708,73.538,9.68,0.18899,71.830
11490,07/04/2026 07:32:30,1.696,73.535,9.58,0.18773,71.839
11491,07/04/2026 07:42:30,1.694,73.526,9.68,0.18752,71.832
11492,07/04/2026 07:52:30,1.709,73.547,9.68,0.18899,71.838
11493,07/04/2026 08:02:30,1.687,73.526,9.68,0.18681,71.839
11494,07/04/2026 08:12:30,1.702,73.538,9.78,0.18829,71.836
11495,07/04/2026 08:22:30,1.697,73.533,9.88,0.18787,71.836
11496,07/04/2026 08:32:30,1.697,73.533,9.98,0.18780,71.836
11497,07/04/2026 08:42:30,1.682,73.520,9.98,0.18633,71.838
11498,07/04/2026 08:52:30,1.692,73.520,10.08,0.18731,71.828
11499,07/04/2026 09:02:30,1.693,73.527,10.27,0.18739,71.834
11500,07/04/2026 09:12:30,1.687,73.506,10.37,0.18683,71.819
11501,07/04/2026 09:22:30,1.691,73.501,10.57,0.18718,71.810
11502,07/04/2026 09:32:30,1.688,73.491,10.76,0.18697,71.803
11503,07/04/2026 09:42:30,1.698,73.494,10.96,0.18796,71.796
11504,07/04/2026 09:52:30,1.699,73.493,11.25,0.18811,71.793
11505,07/04/2026 10:02:30,1.706,73.495,11.54,0.18875,71.789
11506,07/04/2026 10:12:30,1.708,73.494,11.74,0.18896,71.786
11507,07/04/2026 10:22:30,1.705,73.488,12.03,0.18869,71.783
11508,07/04/2026 10:32:30,1.717,73.490,12.42,0.18989,71.773
11509,07/04/2026 10:42:30,1.717,73.484,12.71,0.18997,71.767
11510,07/04/2026 10:52:30,1.710,73.479,13.00,0.18920,71.769
11511,07/04/2026 11:02:30,1.720,73.489,13.38,0.19020,71.769
11512,07/04/2026 11:12:30,1.708,73.475,13.67,0.18901,71.767
11513,07/04/2026 11:22:30,1.719,73.469,14.05,0.19014,71.750
11514,07/04/2026 11:32:30,1.720,73.468,14.34,0.19022,71.748
11515,07/04/2026 11:42:30,1.719,73.442,14.63,0.19016,71.723
11516,07/04/2026 11:52:30,1.734,73.473,14.92,0.19172,71.739
11517,07/04/2026 12:02:30,1.727,73.460,15.20,0.19095,71.733
11518,07/04/2026 12:12:30,1.746,73.475,15.49,0.19293,71.729
11519,07/04/2026 12:22:30,1.745,73.470,15.68,0.19280,71.725
11520,07/04/2026 12:32:30,1.748,73.465,15.78,0.19322,71.717
11521,07/04/2026 12:42:30,1.769,73.489,15.87,0.19534,71.720
11522,07/04/2026 12:52:30,1.753,73.464,15.97,0.19372,71.711
11523,07/04/2026 13:02:30,1.764,73.472,16.16,0.19478,71.708
11524,07/04/2026 13:12:30,1.764,73.467,16.25,0.19485,71.703
11525,07/04/2026 13:22:30,1.770,73.467,16.25,0.19542,71.697
11526,07/04/2026 13:32:30,1.780,73.463,16.25,0.19647,71.683
11527,07/04/2026 13:42:30,1.795,73.475,16.35,0.19796,71.680
11528,07/04/2026 13:52:30,1.792,73.466,16.45,0.19775,71.674
11529,07/04/2026 14:02:30,1.799,73.474,16.45,0.19845,71.675
11530,07/04/2026 14:12:30,1.797,73.470,16.45,0.19824,71.673
11531,07/04/2026 14:22:30,1.804,73.470,16.45,0.19894,71.666
11532,07/04/2026 14:32:30,1.803,73.450,16.45,0.19880,71.647
11533,07/04/2026 14:42:30,1.795,73.442,16.54,0.19796,71.647
11534,07/04/2026 14:52:30,1.812,73.458,16.64,0.19965,71.646
11535,07/04/2026 15:02:30,1.820,73.465,16.73,0.20057,71.645
11536,07/04/2026 15:12:30,1.815,73.461,16.83,0.20001,71.646
11537,07/04/2026 15:22:30,1.803,73.452,16.92,0.19882,71.649
11538,07/04/2026 15:32:30,1.819,73.452,16.92,0.20051,71.633
11539,07/04/2026 15:42:30,1.816,73.449,16.83,0.20008,71.633
11540,07/04/2026 15:52:30,1.818,73.445,16.83,0.20029,71.627
11541,07/04/2026 16:02:30,1.822,73.432,16.92,0.20079,71.610
11542,07/04/2026 16:12:30,1.833,73.423,17.11,0.20192,71.590
11543,07/04/2026 16:22:30,1.825,73.427,17.30,0.20102,71.602
11544,07/04/2026 16:32:30,1.827,73.426,17.49,0.20130,71.599
11545,07/04/2026 16:42:30,1.829,73.430,17.59,0.20145,71.601
11546,07/04/2026 16:52:30,1.826,73.421,17.68,0.20124,71.595
11547,07/04/2026 17:02:30,1.835,73.409,17.78,0.20209,71.574
11548,07/04/2026 17:12:30,1.839,73.428,17.88,0.20258,71.589
11549,07/04/2026 17:22:30,1.837,73.424,17.97,0.20231,71.587
11550,07/04/2026 17:32:30,1.848,73.436,18.07,0.20344,71.588
11551,07/04/2026 17:42:30,1.830,73.420,18.07,0.20161,71.590
11552,07/04/2026 17:52:30,1.845,73.416,18.07,0.20308,71.571
11553,07/04/2026 18:02:30,1.828,73.412,17.97,0.20139,71.584
11554,07/04/2026 18:12:30,1.841,73.416,17.88,0.20280,71.575
11555,07/04/2026 18:22:30,1.843,73.417,17.78,0.20293,71.574
11556,07/04/2026 18:32:30,1.818,73.393,17.68,0.20039,71.575
11557,07/04/2026 18:42:30,1.839,73.418,17.49,0.20250,71.579
11558,07/04/2026 18:52:30,1.840,73.418,17.40,0.20264,71.578
11559,07/04/2026 19:02:30,1.829,73.410,17.30,0.20151,71.581
11560,07/04/2026 19:12:30,1.834,73.427,17.11,0.20206,71.593
11561,07/04/2026 19:22:30,1.828,73.424,16.92,0.20135,71.596
11562,07/04/2026 19:32:30,1.830,73.437,16.83,0.20156,71.607
11563,07/04/2026 19:42:30,1.820,73.433,16.64,0.20057,71.613
11564,07/04/2026 19:52:30,1.817,73.442,16.45,0.20028,71.625
11565,07/04/2026 20:02:30,1.813,73.439,16.25,0.19978,71.626
11566,07/04/2026 20:12:30,1.810,73.451,16.16,0.19957,71.641
11567,07/04/2026 20:22:30,1.804,73.448,15.97,0.19893,71.644
11568,07/04/2026 20:32:30,1.802,73.449,15.87,0.19864,71.647
11569,07/04/2026 20:42:30,1.807,73.458,15.68,0.19913,71.651
11570,07/04/2026 20:52:30,1.800,73.458,15.49,0.19849,71.658
11571,07/04/2026 21:02:30,1.791,73.463,15.40,0.19750,71.672
11572,07/04/2026 21:12:30,1.787,73.463,15.30,0.19715,71.676
11573,07/04/2026 21:22:30,1.800,73.484,15.11,0.19848,71.684
11574,07/04/2026 21:32:30,1.791,73.501,15.01,0.19756,71.710
11575,07/04/2026 21:42:30,1.781,73.517,14.92,0.19657,71.736
11576,07/04/2026 21:52:30,1.792,73.530,14.82,0.19763,71.738
11577,07/04/2026 22:02:30,1.788,73.535,14.63,0.19720,71.747
11578,07/04/2026 22:12:30,1.795,73.548,14.53,0.19790,71.753
11579,07/04/2026 22:22:30,1.778,73.536,14.44,0.19621,71.758
11580,07/04/2026 22:32:30,1.780,73.544,14.34,0.19642,71.764
11581,07/04/2026 22:42:30,1.781,73.552,14.34,0.19642,71.772
11582,07/04/2026 22:52:30,1.775,73.541,14.25,0.19585,71.766
11583,07/04/2026 23:02:30,1.781,73.549,14.15,0.19655,71.768
11584,07/04/2026 23:12:30,1.783,73.550,14.05,0.19669,71.767
11585,07/04/2026 23:22:30,1.773,73.542,14.05,0.19563,71.769
11586,07/04/2026 23:32:30,1.777,73.542,13.96,0.19612,71.765
11587,07/04/2026 23:42:30,1.761,73.531,13.86,0.19443,71.770
11588,07/04/2026 23:52:30,1.773,73.539,13.77,0.19570,71.766
11589,07/05/2026 00:02:30,1.773,73.540,13.57,0.19569,71.767
11590,07/05/2026 00:12:30,1.766,73.537,13.48,0.19492,71.771
11591,07/05/2026 00:22:30,1.762,73.525,13.38,0.19456,71.763
11592,07/05/2026 00:32:30,1.769,73.526,13.28,0.19519,71.757
11593,07/05/2026 00:42:30,1.778,73.530,13.19,0.19617,71.752
11594,07/05/2026 00:52:30,1.773,73.539,13.09,0.19561,71.766
11595,07/05/2026 01:02:30,1.773,73.539,13.00,0.19568,71.766
11596,07/05/2026 01:12:30,1.767,73.536,12.90,0.19497,71.769
11597,07/05/2026 01:22:30,1.763,73.532,12.80,0.19462,71.769
11598,07/05/2026 01:32:30,1.772,73.541,12.71,0.19553,71.769
11599,07/05/2026 01:42:30,1.778,73.549,12.61,0.19616,71.771
11600,07/05/2026 01:52:30,1.775,73.542,12.51,0.19581,71.767
11601,07/05/2026 02:02:30,1.778,73.542,12.42,0.19616,71.764
11602,07/05/2026 02:12:30,1.770,73.539,12.32,0.19531,71.769
11603,07/05/2026 02:22:30,1.773,73.539,12.22,0.19566,71.766
11604,07/05/2026 02:32:30,1.775,73.532,12.12,0.19580,71.757
11605,07/05/2026 02:42:30,1.770,73.516,12.12,0.19530,71.746
11606,07/05/2026 02:52:30,1.766,73.520,12.03,0.19495,71.754
11607,07/05/2026 03:02:30,1.760,73.521,11.93,0.19424,71.761
11608,07/05/2026 03:12:30,1.761,73.517,11.83,0.19445,71.756
11609,07/05/2026 03:22:30,1.750,73.514,11.74,0.19326,71.764
11610,07/05/2026 03:32:30,1.751,73.522,11.74,0.19333,71.771
11611,07/05/2026 03:42:30,1.760,73.531,11.64,0.19424,71.771
11612,07/05/2026 03:52:30,1.757,73.531,11.54,0.19395,71.774
11613,07/05/2026 04:02:30,1.760,73.532,11.44,0.19423,71.772
11614,07/05/2026 04:12:30,1.761,73.540,11.44,0.19437,71.779
11615,07/05/2026 04:22:30,1.762,73.548,11.35,0.19451,71.786
11616,07/05/2026 04:32:30,1.754,73.541,11.25,0.19367,71.787
11617,07/05/2026 04:42:30,1.742,73.537,11.25,0.19240,71.795
11618,07/05/2026 04:52:30,1.750,73.541,11.15,0.19331,71.791
11619,07/05/2026 05:02:30,1.738,73.534,11.05,0.19204,71.796
11620,07/05/2026 05:12:30,1.745,73.555,10.96,0.19268,71.810
11621,07/05/2026 05:22:30,1.747,73.555,10.96,0.19289,71.808
11622,07/05/2026 05:32:30,1.743,73.551,10.86,0.19253,71.808
11623,07/05/2026 05:42:30,1.732,73.544,10.76,0.19141,71.812
11624,07/05/2026 05:52:30,1.736,73.544,10.76,0.19183,71.808
11625,07/05/2026 06:02:30,1.733,73.556,10.66,0.19154,71.823
11626,07/05/2026 06:12:30,1.725,73.553,10.57,0.19070,71.828
11627,07/05/2026 06:22:30,1.727,73.561,10.57,0.19091,71.834
11628,07/05/2026 06:32:30,1.718,73.558,10.47,0.18992,71.840
11629,07/05/2026 06:42:30,1.710,73.562,10.47,0.18915,71.852
11630,07/05/2026 06:52:30,1.715,73.582,10.37,0.18971,71.867
11631,07/05/2026 07:02:30,1.706,73.578,10.37,0.18880,71.872
11632,07/05/2026 07:12:30,1.692,73.566,10.37,0.18739,71.874
11633,07/05/2026 07:22:30,1.696,73.570,10.37,0.18774,71.874
11634,07/05/2026 07:32:30,1.708,73.595,10.37,0.18894,71.887
11635,07/05/2026 07:42:30,1.700,73.578,10.37,0.18816,71.878
11636,07/05/2026 07:52:30,1.696,73.574,10.47,0.18774,71.878
11637,07/05/2026 08:02:30,1.693,73.570,10.47,0.18739,71.877
11638,07/05/2026 08:12:30,1.684,73.561,10.57,0.18655,71.877
11639,07/05/2026 08:22:30,1.685,73.557,10.57,0.18662,71.872
11640,07/05/2026 08:32:30,1.692,73.561,10.66,0.18725,71.869
11641,07/05/2026 08:42:30,1.700,73.571,10.86,0.18817,71.871
11642,07/05/2026 08:52:30,1.689,73.551,10.96,0.18698,71.862
11643,07/05/2026 09:02:30,1.705,73.558,11.05,0.18867,71.853
11644,07/05/2026 09:12:30,1.710,73.561,11.25,0.18916,71.851
11645,07/05/2026 09:22:30,1.698,73.544,11.35,0.18797,71.846
11646,07/05/2026 09:32:30,1.701,73.539,11.54,0.18826,71.838
11647,07/05/2026 09:42:30,1.728,73.550,11.74,0.19100,71.822
11648,07/05/2026 09:52:30,1.718,73.528,12.03,0.19003,71.810
11649,07/05/2026 10:02:30,1.721,73.531,12.22,0.19031,71.810
11650,07/05/2026 10:12:30,1.723,73.526,12.51,0.19046,71.803
11651,07/05/2026 10:22:30,1.730,73.521,12.71,0.19124,71.791
11652,07/05/2026 10:32:30,1.735,73.519,13.00,0.19174,71.784
11653,07/05/2026 10:42:30,1.729,73.505,13.28,0.19118,71.776
11654,07/05/2026 10:52:30,1.715,73.487,13.67,0.18978,71.772
11655,07/05/2026 11:02:30,1.731,73.494,13.96,0.19134,71.763
11656,07/05/2026 11:12:30,1.727,73.488,14.25,0.19099,71.761
11657,07/05/2026 11:22:30,1.733,73.487,14.44,0.19163,71.754
11658,07/05/2026 11:32:30,1.736,73.491,14.63,0.19185,71.755
11659,07/05/2026 11:42:30,1.739,73.499,14.63,0.19220,71.760
11660,07/05/2026 11:52:30,1.739,73.507,14.63,0.19220,71.768
11661,07/05/2026 12:02:30,1.737,73.499,14.53,0.19199,71.762
11662,07/05/2026 12:12:30,1.744,73.495,14.63,0.19269,71.751
11663,07/05/2026 12:22:30,1.747,73.498,14.73,0.19305,71.751
11664,07/05/2026 12:32:30,1.771,73.522,14.92,0.19545,71.751
11665,07/05/2026 12:42:30,1.774,73.500,15.11,0.19588,71.726
11666,07/05/2026 12:52:30,1.780,73.491,15.49,0.19638,71.711
11667,07/05/2026 13:02:30,1.782,73.489,15.78,0.19667,71.707
11668,07/05/2026 13:12:30,1.778,73.479,16.25,0.19626,71.701
11669,07/05/2026 13:22:30,1.779,73.474,16.64,0.19635,71.695
11670,07/05/2026 13:32:30,1.787,73.481,16.73,0.19719,71.694
11671,07/05/2026 13:42:30,1.799,73.489,16.73,0.19846,71.690
11672,07/05/2026 13:52:30,1.797,73.486,16.64,0.19818,71.689
11673,07/05/2026 14:02:30,1.791,73.466,16.54,0.19761,71.675
11674,07/05/2026 14:12:30,1.801,73.470,16.54,0.19860,71.669
11675,07/05/2026 14:22:30,1.796,73.453,16.64,0.19818,71.657
11676,07/05/2026 14:32:30,1.795,73.444,16.92,0.19804,71.649
11677,07/05/2026 14:42:30,1.802,73.447,17.21,0.19876,71.645
11678,07/05/2026 14:52:30,1.802,73.450,17.49,0.19877,71.648
11679,07/05/2026 15:02:30,1.814,73.449,17.78,0.19998,71.635
11680,07/05/2026 15:12:30,1.816,73.448,17.97,0.20019,71.632
11681,07/05/2026 15:22:30,1.837,73.459,18.26,0.20239,71.622
11682,07/05/2026 15:32:30,1.828,73.447,18.35,0.20141,71.619
11683,07/05/2026 15:42:30,1.830,73.443,18.45,0.20162,71.613
11684,07/05/2026 15:52:30,1.839,73.439,18.35,0.20253,71.600
11685,07/05/2026 16:02:30,1.841,73.439,18.26,0.20274,71.598
11686,07/05/2026 16:12:30,1.836,73.424,18.07,0.20224,71.588
11687,07/05/2026 16:22:30,1.851,73.433,17.88,0.20371,71.582
11688,07/05/2026 16:32:30,1.846,73.433,17.68,0.20328,71.587
11689,07/05/2026 16:42:30,1.835,73.410,17.49,0.20208,71.575
11690,07/05/2026 16:52:30,1.855,73.430,17.40,0.20419,71.575
11691,07/05/2026 17:02:30,1.843,73.414,17.40,0.20292,71.571
11692,07/05/2026 17:12:30,1.866,73.423,17.30,0.20524,71.557
11693,07/05/2026 17:22:30,1.847,73.407,17.21,0.20334,71.560
11694,07/05/2026 17:32:30,1.858,73.419,17.21,0.20446,71.561
11695,07/05/2026 17:42:30,1.858,73.407,17.21,0.20446,71.549
11696,07/05/2026 17:52:30,1.862,73.415,17.30,0.20489,71.552
11697,07/05/2026 18:02:30,1.860,73.402,17.40,0.20468,71.542
11698,07/05/2026 18:12:30,1.857,73.386,17.40,0.20433,71.529
11699,07/05/2026 18:22:30,1.843,73.370,17.40,0.20292,71.527
11700,07/05/2026 18:32:30,1.837,73.378,17.40,0.20229,71.541
11701,07/05/2026 18:42:30,1.844,73.391,17.21,0.20298,71.547
11702,07/05/2026 18:52:30,1.843,73.391,17.11,0.20291,71.548
11703,07/05/2026 19:02:30,1.829,73.391,17.02,0.20150,71.562
11704,07/05/2026 19:12:30,1.820,73.388,16.83,0.20058,71.568
11705,07/05/2026 19:22:30,1.838,73.405,16.73,0.20233,71.567
11706,07/05/2026 19:32:30,1.824,73.401,16.54,0.20099,71.577
11707,07/05/2026 19:42:30,1.822,73.406,16.45,0.20070,71.584
11708,07/05/2026 19:52:30,1.813,73.394,16.35,0.19986,71.581
11709,07/05/2026 20:02:30,1.818,73.403,16.25,0.20028,71.585
11710,07/05/2026 20:12:30,1.814,73.411,16.06,0.19999,71.597
11711,07/05/2026 20:22:30,1.820,73.428,15.97,0.20055,71.608
11712,07/05/2026 20:32:30,1.820,73.428,15.87,0.20054,71.608
11713,07/05/2026 20:42:30,1.810,73.433,15.78,0.19949,71.623
11714,07/05/2026 20:52:30,1.821,73.453,15.68,0.20068,71.632
11715,07/05/2026 21:02:30,1.814,73.454,15.59,0.19990,71.640
11716,07/05/2026 21:12:30,1.819,73.466,15.49,0.20046,71.647
11717,07/05/2026 21:22:30,1.798,73.455,15.40,0.19821,71.657
11718,07/05/2026 21:32:30,1.823,73.476,15.20,0.20081,71.653
11719,07/05/2026 21:42:30,1.815,73.480,15.11,0.20003,71.665
11720,07/05/2026 21:52:30,1.815,73.481,15.01,0.19995,71.666
11721,07/05/2026 22:02:30,1.800,73.477,14.92,0.19847,71.677
11722,07/05/2026 22:12:30,1.814,73.506,14.82,0.19988,71.692
11723,07/05/2026 22:22:30,1.812,73.507,14.63,0.19966,71.695
11724,07/05/2026 22:32:30,1.808,73.507,14.53,0.19931,71.699
11725,07/05/2026 22:42:30,1.803,73.492,14.44,0.19867,71.689
11726,07/05/2026 22:52:30,1.808,73.492,14.34,0.19923,71.684
11727,07/05/2026 23:02:30,1.806,73.492,14.25,0.19909,71.686
11728,07/05/2026 23:12:30,1.800,73.481,14.05,0.19845,71.681
11729,07/05/2026 23:22:30,1.800,73.486,13.96,0.19838,71.686
11730,07/05/2026 23:32:30,1.804,73.486,13.96,0.19880,71.682
11731,07/05/2026 23:42:30,1.809,73.482,13.86,0.19936,71.673
11732,07/05/2026 23:52:30,1.809,73.483,13.67,0.19935,71.674
11733,07/06/2026 00:02:30,1.790,73.471,13.67,0.19738,71.681
11734,07/06/2026 00:12:30,1.790,73.476,13.48,0.19738,71.686
11735,07/06/2026 00:22:30,1.791,73.477,13.38,0.19745,71.686
11736,07/06/2026 00:32:30,1.797,73.477,13.28,0.19815,71.680
11737,07/06/2026 00:42:30,1.801,73.486,13.19,0.19850,71.685
11738,07/06/2026 00:52:30,1.797,73.482,13.09,0.19814,71.685
11739,07/06/2026 01:02:30,1.792,73.475,13.00,0.19758,71.683
11740,07/06/2026 01:12:30,1.782,73.463,13.00,0.19652,71.681
11741,07/06/2026 01:22:30,1.797,73.479,12.90,0.19814,71.682
11742,07/06/2026 01:32:30,1.800,73.484,12.80,0.19835,71.684
11743,07/06/2026 01:42:30,1.794,73.488,12.71,0.19778,71.694
11744,07/06/2026 01:52:30,1.787,73.485,12.61,0.19707,71.698
11745,07/06/2026 02:02:30,1.792,73.497,12.51,0.19764,71.705
11746,07/06/2026 02:12:30,1.792,73.498,12.42,0.19756,71.706
11747,07/06/2026 02:22:30,1.787,73.503,12.32,0.19714,71.715
11748,07/06/2026 02:32:30,1.783,73.507,12.32,0.19658,71.724
11749,07/06/2026 02:42:30,1.771,73.491,12.22,0.19545,71.720
11750,07/06/2026 02:52:30,1.793,73.512,12.12,0.19763,71.719
11751,07/06/2026 03:02:30,1.771,73.500,12.03,0.19544,71.729
11752,07/06/2026 03:12:30,1.775,73.505,11.93,0.19579,71.730
11753,07/06/2026 03:22:30,1.776,73.501,11.83,0.19593,71.725
11754,07/06/2026 03:32:30,1.785,73.505,11.83,0.19685,71.720
11755,07/06/2026 03:42:30,1.778,73.498,11.74,0.19607,71.720
11756,07/06/2026 03:52:30,1.780,73.502,11.64,0.19635,71.722
11757,07/06/2026 04:02:30,1.784,73.507,11.54,0.19670,71.723
11758,07/06/2026 04:12:30,1.776,73.503,11.54,0.19592,71.727
11759,07/06/2026 04:22:30,1.773,73.491,11.44,0.19564,71.718
11760,07/06/2026 04:32:30,1.770,73.488,11.35,0.19529,71.718
11761,07/06/2026 04:42:30,1.767,73.493,11.25,0.19493,71.726
11762,07/06/2026 04:52:30,1.771,73.505,11.25,0.19535,71.734
11763,07/06/2026 05:02:30,1.776,73.509,11.15,0.19592,71.733
11764,07/06/2026 05:12:30,1.771,73.510,11.05,0.19535,71.739
11765,07/06/2026 05:22:30,1.758,73.490,10.96,0.19408,71.732
11766,07/06/2026 05:32:30,1.775,73.514,10.96,0.19584,71.739
11767,07/06/2026 05:42:30,1.764,73.515,10.86,0.19464,71.751
11768,07/06/2026 05:52:30,1.770,73.523,10.86,0.19528,71.753
11769,07/06/2026 06:02:30,1.755,73.523,10.86,0.19373,71.768
11770,07/06/2026 06:12:30,1.767,73.536,10.76,0.19492,71.769
11771,07/06/2026 06:22:30,1.757,73.532,10.76,0.19394,71.775
11772,07/06/2026 06:32:30,1.758,73.548,10.66,0.19408,71.790
11773,07/06/2026 06:42:30,1.751,73.544,10.66,0.19337,71.793
11774,07/06/2026 06:52:30,1.750,73.548,10.66,0.19330,71.798
11775,07/06/2026 07:02:30,1.748,73.544,10.66,0.19309,71.796
11776,07/06/2026 07:12:30,1.746,73.540,10.66,0.19288,71.794
11777,07/06/2026 07:22:30,1.742,73.536,10.66,0.19246,71.794
11778,07/06/2026 07:32:30,1.743,73.540,10.66,0.19260,71.797
11779,07/06/2026 07:42:30,1.726,73.536,10.66,0.19084,71.810
11780,07/06/2026 07:52:30,1.742,73.548,10.66,0.19246,71.806
11781,07/06/2026 08:02:30,1.731,73.536,10.76,0.19126,71.805
11782,07/06/2026 08:12:30,1.720,73.524,10.76,0.19014,71.804
11783,07/06/2026 08:22:30,1.723,73.523,10.86,0.19049,71.800
11784,07/06/2026 08:32:30,1.721,73.526,10.96,0.19035,71.805
11785,07/06/2026 08:42:30,1.743,73.546,11.05,0.19254,71.803
11786,07/06/2026 08:52:30,1.727,73.533,11.15,0.19092,71.806
11787,07/06/2026 09:02:30,1.734,73.533,11.25,0.19163,71.799
11788,07/06/2026 09:12:30,1.727,73.520,11.44,0.19086,71.793
11789,07/06/2026 09:22:30,1.731,73.519,11.54,0.19135,71.788
11790,07/06/2026 09:32:30,1.728,73.514,11.74,0.19100,71.786
11791,07/06/2026 09:42:30,1.736,73.517,11.83,0.19185,71.781
11792,07/06/2026 09:52:30,1.752,73.528,12.03,0.19354,71.776
11793,07/06/2026 10:02:30,1.746,73.519,12.22,0.19291,71.773
11794,07/06/2026 10:12:30,1.755,73.526,12.42,0.19383,71.771
11795,07/06/2026 10:22:30,1.760,73.521,12.71,0.19426,71.761
11796,07/06/2026 10:32:30,1.764,73.520,12.90,0.19469,71.756
11797,07/06/2026 10:42:30,1.770,73.522,13.19,0.19533,71.752
11798,07/06/2026 10:52:30,1.783,73.529,13.38,0.19667,71.746
11799,07/06/2026 11:02:30,1.775,73.524,13.67,0.19584,71.749
11800,07/06/2026 11:12:30,1.786,73.527,13.86,0.19697,71.741
11801,07/06/2026 11:22:30,1.793,73.525,14.15,0.19775,71.732
11802,07/06/2026 11:32:30,1.805,73.532,14.44,0.19895,71.727
11803,07/06/2026 11:42:30,1.787,73.518,14.73,0.19713,71.731
11804,07/06/2026 11:52:30,1.793,73.522,14.82,0.19770,71.729
11805,07/06/2026 12:02:30,1.800,73.526,14.82,0.19847,71.726
11806,07/06/2026 12:12:30,1.805,73.530,14.82,0.19896,71.725
11807,07/06/2026 12:22:30,1.813,73.534,14.92,0.19974,71.721
11808,07/06/2026 12:32:30,1.809,73.534,14.92,0.19932,71.725
11809,07/06/2026 12:42:30,1.819,73.534,14.92,0.20037,71.715
11810,07/06/2026 12:52:30,1.824,73.542,14.92,0.20087,71.718
11811,07/06/2026 13:02:30,1.826,73.541,15.01,0.20115,71.715
11812,07/06/2026 13:12:30,1.811,73.521,15.11,0.19954,71.710
11813,07/06/2026 13:22:30,1.822,73.520,15.20,0.20074,71.698
11814,07/06/2026 13:32:30,1.833,73.523,15.40,0.20187,71.690
11815,07/06/2026 13:42:30,1.834,73.535,15.49,0.20194,71.701
11816,07/06/2026 13:52:30,1.830,73.530,15.68,0.20152,71.700
11817,07/06/2026 14:02:30,1.837,73.522,15.68,0.20223,71.685
11818,07/06/2026 14:12:30,1.843,73.526,15.78,0.20286,71.683
11819,07/06/2026 14:22:30,1.841,73.513,15.97,0.20266,71.672
11820,07/06/2026 14:32:30,1.840,73.512,16.16,0.20260,71.672
11821,07/06/2026 14:42:30,1.838,73.507,16.35,0.20239,71.669
11822,07/06/2026 14:52:30,1.840,73.502,16.54,0.20261,71.662
11823,07/06/2026 15:02:30,1.839,73.497,16.73,0.20254,71.658
11824,07/06/2026 15:12:30,1.849,73.501,16.92,0.20347,71.652
11825,07/06/2026 15:22:30,1.839,73.488,17.02,0.20255,71.649
11826,07/06/2026 15:32:30,1.855,73.500,17.11,0.20411,71.645
11827,07/06/2026 15:42:30,1.868,73.516,17.21,0.20545,71.648
11828,07/06/2026 15:52:30,1.850,73.496,17.21,0.20362,71.646
11829,07/06/2026 16:02:30,1.837,73.463,17.21,0.20235,71.626
11830,07/06/2026 16:12:30,1.849,73.471,17.30,0.20355,71.622
11831,07/06/2026 16:22:30,1.855,73.471,17.40,0.20412,71.616
11832,07/06/2026 16:32:30,1.855,73.466,17.49,0.20419,71.611
11833,07/06/2026 16:42:30,1.861,73.474,17.59,0.20476,71.613
11834,07/06/2026 16:52:30,1.860,73.458,17.59,0.20462,71.598
11835,07/06/2026 17:02:30,1.851,73.454,17.59,0.20370,71.603
11836,07/06/2026 17:12:30,1.849,73.450,17.59,0.20349,71.601
11837,07/06/2026 17:22:30,1.844,73.438,17.49,0.20299,71.594
11838,07/06/2026 17:32:30,1.852,73.442,17.40,0.20391,71.590
11839,07/06/2026 17:42:30,1.862,73.442,17.40,0.20489,71.580
11840,07/06/2026 17:52:30,1.851,73.431,17.30,0.20369,71.580
11841,07/06/2026 18:02:30,1.844,73.419,17.11,0.20305,71.575
11842,07/06/2026 18:12:30,1.847,73.420,17.02,0.20326,71.573
11843,07/06/2026 18:22:30,1.858,73.428,16.92,0.20445,71.570
11844,07/06/2026 18:32:30,1.851,73.420,16.83,0.20374,71.569
11845,07/06/2026 18:42:30,1.836,73.417,16.73,0.20219,71.581
11846,07/06/2026 18:52:30,1.833,73.417,16.64,0.20191,71.584
11847,07/06/2026 19:02:30,1.837,73.429,16.64,0.20233,71.592
11848,07/06/2026 19:12:30,1.842,73.426,16.54,0.20275,71.584
11849,07/06/2026 19:22:30,1.844,73.442,16.45,0.20303,71.598
11850,07/06/2026 19:32:30,1.831,73.430,16.35,0.20169,71.599
11851,07/06/2026 19:42:30,1.835,73.451,16.25,0.20204,71.616
11852,07/06/2026 19:52:30,1.827,73.451,16.16,0.20126,71.624
11853,07/06/2026 20:02:30,1.838,73.476,16.06,0.20238,71.638
11854,07/06/2026 20:12:30,1.827,73.476,15.97,0.20132,71.649
11855,07/06/2026 20:22:30,1.816,73.472,15.97,0.20020,71.656
11856,07/06/2026 20:32:30,1.830,73.493,15.87,0.20153,71.663
11857,07/06/2026 20:42:30,1.823,73.497,15.78,0.20089,71.674
11858,07/06/2026 20:52:30,1.805,73.486,15.68,0.19899,71.681
11859,07/06/2026 21:02:30,1.822,73.510,15.59,0.20075,71.688
11860,07/06/2026 21:12:30,1.816,73.519,15.49,0.20011,71.703
11861,07/06/2026 21:22:30,1.817,73.535,15.40,0.20025,71.718
11862,07/06/2026 21:32:30,1.805,73.536,15.30,0.19898,71.731
11863,07/06/2026 21:42:30,1.809,73.544,15.20,0.19940,71.735
11864,07/06/2026 21:52:30,1.802,73.537,15.11,0.19862,71.735
11865,07/06/2026 22:02:30,1.794,73.529,15.01,0.19784,71.735
11866,07/06/2026 22:12:30,1.806,73.550,14.92,0.19904,71.744
11867,07/06/2026 22:22:30,1.795,73.551,14.73,0.19791,71.756
11868,07/06/2026 22:32:30,1.808,73.575,14.63,0.19931,71.767
11869,07/06/2026 22:42:30,1.793,73.564,14.53,0.19769,71.771
11870,07/06/2026 22:52:30,1.800,73.568,14.53,0.19839,71.768
11871,07/06/2026 23:02:30,1.801,73.564,14.44,0.19853,71.763
11872,07/06/2026 23:12:30,1.784,73.552,14.34,0.19684,71.768
11873,07/06/2026 23:22:30,1.784,73.544,14.34,0.19684,71.760
11874,07/06/2026 23:32:30,1.790,73.549,14.25,0.19740,71.759
11875,07/06/2026 23:42:30,1.790,73.562,14.15,0.19747,71.771
11876,07/06/2026 23:52:30,1.786,73.558,14.05,0.19697,71.772
11877,07/07/2026 00:02:30,1.798,73.575,13.96,0.19816,71.777
11878,07/07/2026 00:12:30,1.802,73.579,13.86,0.19865,71.777
11879,07/07/2026 00:22:30,1.779,73.559,13.77,0.19633,71.780
11880,07/07/2026 00:32:30,1.761,73.543,13.77,0.19443,71.782
11881,07/07/2026 00:42:30,1.764,73.540,13.67,0.19471,71.776
11882,07/07/2026 00:52:30,1.755,73.536,13.57,0.19386,71.781
11883,07/07/2026 01:02:30,1.756,73.533,13.48,0.19386,71.777
11884,07/07/2026 01:12:30,1.737,73.509,13.38,0.19196,71.772
11885,07/07/2026 01:22:30,1.729,73.497,13.28,0.19118,71.768
11886,07/07/2026 01:32:30,1.732,73.489,13.28,0.19146,71.757
11887,07/07/2026 01:42:30,1.732,73.498,13.19,0.19146,71.766
11888,07/07/2026 01:52:30,1.748,73.506,13.09,0.19315,71.758
11889,07/07/2026 02:02:30,1.733,73.491,13.00,0.19153,71.758
11890,07/07/2026 02:12:30,1.737,73.495,12.90,0.19202,71.758
11891,07/07/2026 02:22:30,1.747,73.508,12.80,0.19300,71.761
11892,07/07/2026 02:32:30,1.747,73.504,12.71,0.19300,71.757
11893,07/07/2026 02:42:30,1.743,73.496,12.71,0.19264,71.753
11894,07/07/2026 02:52:30,1.758,73.509,12.61,0.19412,71.751
11895,07/07/2026 03:02:30,1.757,73.497,12.61,0.19398,71.740
11896,07/07/2026 03:12:30,1.759,73.505,12.51,0.19426,71.746
11897,07/07/2026 03:22:30,1.753,73.510,12.51,0.19355,71.757
11898,07/07/2026 03:32:30,1.757,73.514,12.42,0.19397,71.757
11899,07/07/2026 03:42:30,1.767,73.523,12.32,0.19496,71.756
11900,07/07/2026 03:52:30,1.759,73.523,12.22,0.19425,71.764
11901,07/07/2026 04:02:30,1.758,73.531,12.22,0.19411,71.773
11902,07/07/2026 04:12:30,1.761,73.536,12.12,0.19439,71.775
11903,07/07/2026 04:22:30,1.755,73.528,12.03,0.19382,71.773
11904,07/07/2026 04:32:30,1.757,73.528,12.03,0.19404,71.771
11905,07/07/2026 04:42:30,1.760,73.537,11.93,0.19431,71.777
11906,07/07/2026 04:52:30,1.753,73.533,11.83,0.19361,71.780
11907,07/07/2026 05:02:30,1.758,73.554,11.74,0.19410,71.796
11908,07/07/2026 05:12:30,1.763,73.570,11.74,0.19459,71.807
11909,07/07/2026 05:22:30,1.754,73.571,11.64,0.19367,71.817
11910,07/07/2026 05:32:30,1.759,73.579,11.54,0.19424,71.820
11911,07/07/2026 05:42:30,1.761,73.584,11.54,0.19431,71.823
11912,07/07/2026 05:52:30,1.759,73.580,11.44,0.19416,71.821
11913,07/07/2026 06:02:30,1.771,73.609,11.35,0.19536,71.838
11914,07/07/2026 06:12:30,1.764,73.617,11.25,0.19472,71.853
11915,07/07/2026 06:22:30,1.763,73.622,11.25,0.19451,71.859
11916,07/07/2026 06:32:30,1.757,73.626,11.15,0.19402,71.869
11917,07/07/2026 06:42:30,1.766,73.638,11.15,0.19493,71.872
11918,07/07/2026 06:52:30,1.770,73.639,11.05,0.19528,71.869
11919,07/07/2026 07:02:30,1.767,73.651,10.96,0.19500,71.884
11920,07/07/2026 07:12:30,1.752,73.627,10.96,0.19345,71.875
11921,07/07/2026 07:22:30,1.748,73.627,10.96,0.19310,71.879
11922,07/07/2026 07:32:30,1.745,73.639,10.96,0.19275,71.894
11923,07/07/2026 07:42:30,1.745,73.643,10.96,0.19282,71.898
11924,07/07/2026 07:52:30,1.738,73.635,10.96,0.19204,71.897
11925,07/07/2026 08:02:30,1.753,73.651,10.96,0.19359,71.898
11926,07/07/2026 08:12:30,1.733,73.623,11.05,0.19148,71.890
11927,07/07/2026 08:22:30,1.747,73.642,11.15,0.19296,71.895
11928,07/07/2026 08:32:30,1.746,73.638,11.25,0.19282,71.892
11929,07/07/2026 08:42:30,1.752,73.649,11.35,0.19346,71.897
11930,07/07/2026 08:52:30,1.757,73.645,11.44,0.19395,71.888
11931,07/07/2026 09:02:30,1.771,73.664,11.64,0.19536,71.893
11932,07/07/2026 09:12:30,1.761,73.650,11.83,0.19445,71.889
11933,07/07/2026 09:22:30,1.755,73.649,12.03,0.19382,71.894
11934,07/07/2026 09:32:30,1.765,73.653,12.12,0.19481,71.888
11935,07/07/2026 09:42:30,1.767,73.656,12.32,0.19496,71.889
11936,07/07/2026 09:52:30,1.754,73.643,12.42,0.19369,71.889
11937,07/07/2026 10:02:30,1.764,73.643,12.51,0.19468,71.879
11938,07/07/2026 10:12:30,1.772,73.642,12.71,0.19546,71.870
11939,07/07/2026 10:22:30,1.776,73.633,12.80,0.19595,71.857
11940,07/07/2026 10:32:30,1.773,73.616,13.00,0.19561,71.843
11941,07/07/2026 10:42:30,1.784,73.631,13.19,0.19674,71.847
11942,07/07/2026 10:52:30,1.788,73.621,13.48,0.19724,71.833
11943,07/07/2026 11:02:30,1.772,73.608,13.67,0.19555,71.836
11944,07/07/2026 11:12:30,1.780,73.615,13.86,0.19640,71.835
11945,07/07/2026 11:22:30,1.787,73.606,14.05,0.19711,71.819
11946,07/07/2026 11:32:30,1.805,73.630,14.25,0.19888,71.825
11947,07/07/2026 11:42:30,1.783,73.605,14.34,0.19670,71.822
11948,07/07/2026 11:52:30,1.784,73.597,14.34,0.19677,71.813
11949,07/07/2026 12:02:30,1.789,73.592,14.44,0.19733,71.803
11950,07/07/2026 12:12:30,1.803,73.600,14.63,0.19868,71.797
11951,07/07/2026 12:22:30,1.790,73.582,14.82,0.19749,71.792
11952,07/07/2026 12:32:30,1.791,73.586,14.92,0.19756,71.795
11953,07/07/2026 12:42:30,1.806,73.581,15.20,0.19905,71.775
11954,07/07/2026 12:52:30,1.816,73.592,15.49,0.20004,71.776
11955,07/07/2026 13:02:30,1.808,73.578,15.87,0.19928,71.770
11956,07/07/2026 13:12:30,1.814,73.581,16.06,0.19992,71.767
11957,07/07/2026 13:22:30,1.793,73.560,16.25,0.19774,71.767
11958,07/07/2026 13:32:30,1.805,73.555,16.45,0.19901,71.750
11959,07/07/2026 13:42:30,1.809,73.546,16.73,0.19945,71.737
11960,07/07/2026 13:52:30,1.820,73.544,17.11,0.20059,71.724
11961,07/07/2026 14:02:30,1.809,73.527,17.40,0.19947,71.718
11962,07/07/2026 14:12:30,1.810,73.510,17.68,0.19955,71.700
11963,07/07/2026 14:22:30,1.808,73.488,18.07,0.19942,71.680
11964,07/07/2026 14:32:30,1.818,73.500,18.26,0.20035,71.682
11965,07/07/2026 14:42:30,1.804,73.483,18.45,0.19894,71.679
11966,07/07/2026 14:52:30,1.815,73.491,18.45,0.20007,71.676
11967,07/07/2026 15:02:30,1.819,73.536,18.35,0.20049,71.717
11968,07/07/2026 15:12:30,1.799,73.537,17.97,0.19843,71.738
11969,07/07/2026 15:22:30,1.803,73.558,17.68,0.19892,71.755
11970,07/07/2026 15:32:30,1.805,73.592,17.40,0.19905,71.787
11971,07/07/2026 15:42:30,1.781,73.613,17.21,0.19658,71.832
11972,07/07/2026 15:52:30,1.803,73.649,17.21,0.19883,71.846
11973,07/07/2026 16:02:30,1.792,73.641,17.11,0.19770,71.849
11974,07/07/2026 16:12:30,1.791,73.641,17.11,0.19763,71.850
11975,07/07/2026 16:22:30,1.785,73.625,17.11,0.19699,71.840
11976,07/07/2026 16:32:30,1.797,73.637,17.11,0.19826,71.840
11977,07/07/2026 16:42:30,1.810,73.629,17.21,0.19953,71.819
11978,07/07/2026 16:52:30,1.820,73.620,17.40,0.20060,71.800
11979,07/07/2026 17:02:30,1.808,73.591,17.49,0.19940,71.783
11980,07/07/2026 17:12:30,1.814,73.599,17.59,0.19997,71.785
11981,07/07/2026 17:22:30,1.812,73.607,17.59,0.19976,71.795
11982,07/07/2026 17:32:30,1.797,73.603,17.59,0.19828,71.806
11983,07/07/2026 17:42:30,1.789,73.595,17.49,0.19743,71.806
11984,07/07/2026 17:52:30,1.790,73.600,17.40,0.19750,71.810
11985,07/07/2026 18:02:30,1.793,73.620,17.30,0.19785,71.827
11986,07/07/2026 18:12:30,1.798,73.649,17.11,0.19833,71.851
11987,07/07/2026 18:22:30,1.782,73.682,17.02,0.19671,71.900
11988,07/07/2026 18:32:30,1.790,73.723,16.83,0.19748,71.933
11989,07/07/2026 18:42:30,1.794,73.696,16.64,0.19782,71.902
11990,07/07/2026 18:52:30,1.791,73.676,16.45,0.19761,71.885
11991,07/07/2026 19:02:30,1.792,73.652,16.35,0.19774,71.860
11992,07/07/2026 19:12:30,1.800,73.641,16.25,0.19845,71.841
11993,07/07/2026 19:22:30,1.781,73.625,16.16,0.19654,71.844
11994,07/07/2026 19:32:30,1.783,73.617,16.06,0.19675,71.834
11995,07/07/2026 19:42:30,1.787,73.621,16.06,0.19717,71.834
11996,07/07/2026 19:52:30,1.793,73.606,15.97,0.19773,71.813
11997,07/07/2026 20:02:30,1.798,73.618,15.97,0.19822,71.820
11998,07/07/2026 20:12:30,1.794,73.610,15.87,0.19787,71.816
11999,07/07/2026 20:22:30,1.799,73.619,15.78,0.19836,71.820
12000,07/07/2026 20:32:30,1.801,73.615,15.68,0.19857,71.814
12001,07/07/2026 20:42:30,1.792,73.615,15.59,0.19772,71.823
12002,07/07/2026 20:52:30,1.798,73.632,15.49,0.19828,71.834
12003,07/07/2026 21:02:30,1.802,73.636,15.40,0.19870,71.834
12004,07/07/2026 21:12:30,1.791,73.633,15.20,0.19757,71.842
12005,07/07/2026 21:22:30,1.793,73.634,15.11,0.19771,71.841
12006,07/07/2026 21:32:30,1.796,73.638,15.01,0.19805,71.842
12007,07/07/2026 21:42:30,1.779,73.639,14.92,0.19629,71.860
12008,07/07/2026 21:52:30,1.804,73.672,14.73,0.19882,71.868
12009,07/07/2026 22:02:30,1.790,73.668,14.63,0.19741,71.878
12010,07/07/2026 22:12:30,1.790,73.673,14.53,0.19741,71.883
12011,07/07/2026 22:22:30,1.785,73.669,14.44,0.19691,71.884
12012,07/07/2026 22:32:30,1.794,73.669,14.34,0.19789,71.875
12013,07/07/2026 22:42:30,1.789,73.658,14.25,0.19733,71.869
12014,07/07/2026 22:52:30,1.782,73.650,14.15,0.19662,71.868
12015,07/07/2026 23:02:30,1.791,73.659,14.05,0.19746,71.868
12016,07/07/2026 23:12:30,1.781,73.639,13.96,0.19648,71.858
12017,07/07/2026 23:22:30,1.788,73.644,13.77,0.19717,71.856
12018,07/07/2026 23:32:30,1.786,73.645,13.67,0.19696,71.859
12019,07/07/2026 23:42:30,1.785,73.637,13.67,0.19682,71.852
12020,07/07/2026 23:52:30,1.787,73.641,13.57,0.19710,71.854
12021,07/08/2026 00:02:30,1.786,73.633,13.48,0.19703,71.847
12022,07/08/2026 00:12:30,1.791,73.638,13.38,0.19752,71.847
12023,07/08/2026 00:22:30,1.789,73.651,13.28,0.19723,71.862
12024,07/08/2026 00:32:30,1.781,73.659,13.19,0.19646,71.878
12025,07/08/2026 00:42:30,1.796,73.668,13.09,0.19793,71.872
12026,07/08/2026 00:52:30,1.791,73.656,13.09,0.19744,71.865
12027,07/08/2026 01:02:30,1.812,73.672,13.00,0.19962,71.860
12028,07/08/2026 01:12:30,1.837,73.689,12.90,0.20215,71.852
12029,07/08/2026 01:22:30,1.876,73.730,12.80,0.20616,71.854
12030,07/08/2026 01:32:30,1.919,73.758,12.80,0.21052,71.839
12031,07/08/2026 01:42:30,1.937,73.778,12.80,0.21242,71.841
12032,07/08/2026 01:52:30,1.935,73.811,12.71,0.21213,71.876
12033,07/08/2026 02:02:30,1.931,73.823,12.71,0.21178,71.892
12034,07/08/2026 02:12:30,1.935,73.827,12.71,0.21220,71.892
12035,07/08/2026 02:22:30,1.933,73.827,12.71,0.21199,71.894
12036,07/08/2026 02:32:30,1.908,73.795,12.61,0.20946,71.887
12037,07/08/2026 02:42:30,1.902,73.783,12.61,0.20882,71.881
12038,07/08/2026 02:52:30,1.884,73.759,12.61,0.20700,71.875
12039,07/08/2026 03:02:30,1.900,73.759,12.61,0.20861,71.859
12040,07/08/2026 03:12:30,1.887,73.755,12.61,0.20728,71.868
12041,07/08/2026 03:22:30,1.879,73.779,12.61,0.20650,71.900
12042,07/08/2026 03:32:30,1.865,73.803,12.61,0.20510,71.938
12043,07/08/2026 03:42:30,1.862,73.799,12.61,0.20474,71.937
12044,07/08/2026 03:52:30,1.848,73.803,12.61,0.20334,71.955
12045,07/08/2026 04:02:30,1.847,73.808,12.51,0.20319,71.961
12046,07/08/2026 04:12:30,1.843,73.816,12.51,0.20277,71.973
12047,07/08/2026 04:22:30,1.825,73.808,12.42,0.20101,71.983
12048,07/08/2026 04:32:30,1.823,73.821,12.42,0.20066,71.998
12049,07/08/2026 04:42:30,1.809,73.812,12.42,0.19932,72.003
12050,07/08/2026 04:52:30,1.811,73.777,12.32,0.19946,71.966
12051,07/08/2026 05:02:30,1.796,73.757,12.32,0.19791,71.961
12052,07/08/2026 05:12:30,1.807,73.773,12.32,0.19904,71.966
12053,07/08/2026 05:22:30,1.814,73.773,12.22,0.19981,71.959
12054,07/08/2026 05:32:30,1.787,73.749,12.22,0.19707,71.962
12055,07/08/2026 05:42:30,1.793,73.745,12.22,0.19770,71.952
12056,07/08/2026 05:52:30,1.779,73.737,12.12,0.19629,71.958
12057,07/08/2026 06:02:30,1.781,73.733,12.12,0.19650,71.952
12058,07/08/2026 06:12:30,1.767,73.738,12.03,0.19502,71.971
12059,07/08/2026 06:22:30,1.774,73.751,11.93,0.19565,71.977
12060,07/08/2026 06:32:30,1.766,73.743,11.83,0.19495,71.977
12061,07/08/2026 06:42:30,1.764,73.731,11.83,0.19473,71.967
12062,07/08/2026 06:52:30,1.766,73.740,11.74,0.19487,71.974
12063,07/08/2026 07:02:30,1.742,73.715,11.74,0.19248,71.973
12064,07/08/2026 07:12:30,1.750,73.715,11.74,0.19333,71.965
12065,07/08/2026 07:22:30,1.742,73.703,11.74,0.19248,71.961
12066,07/08/2026 07:32:30,1.738,73.699,11.74,0.19206,71.961
12067,07/08/2026 07:42:30,1.738,73.695,11.74,0.19206,71.957
12068,07/08/2026 07:52:30,1.740,73.703,11.74,0.19227,71.963
12069,07/08/2026 08:02:30,1.746,73.703,11.83,0.19283,71.957
12070,07/08/2026 08:12:30,1.741,73.711,11.83,0.19234,71.970
12071,07/08/2026 08:22:30,1.736,73.707,11.83,0.19185,71.971
12072,07/08/2026 08:32:30,1.735,73.702,11.93,0.19178,71.967
12073,07/08/2026 08:42:30,1.719,73.686,11.93,0.19009,71.967
12074,07/08/2026 08:52:30,1.733,73.698,12.03,0.19150,71.965
12075,07/08/2026 09:02:30,1.722,73.685,12.22,0.19038,71.963
12076,07/08/2026 09:12:30,1.710,73.680,12.32,0.18919,71.970
12077,07/08/2026 09:22:30,1.698,73.667,12.51,0.18793,71.969
12078,07/08/2026 09:32:30,1.710,73.670,12.71,0.18920,71.960
12079,07/08/2026 09:42:30,1.703,73.645,12.90,0.18843,71.942
12080,07/08/2026 09:52:30,1.717,73.648,13.09,0.18991,71.931
12081,07/08/2026 10:02:30,1.704,73.630,13.28,0.18865,71.926
12082,07/08/2026 10:12:30,1.705,73.625,13.57,0.18873,71.920
12083,07/08/2026 10:22:30,1.697,73.612,13.77,0.18789,71.915
12084,07/08/2026 10:32:30,1.707,73.614,14.05,0.18895,71.907
12085,07/08/2026 10:42:30,1.702,73.597,14.34,0.18839,71.895
12086,07/08/2026 10:52:30,1.697,73.575,14.63,0.18798,71.878
12087,07/08/2026 11:02:30,1.701,73.565,15.01,0.18841,71.864
12088,07/08/2026 11:12:30,1.705,73.560,15.30,0.18877,71.855
12089,07/08/2026 11:22:30,1.703,73.563,15.59,0.18857,71.860
12090,07/08/2026 11:32:30,1.700,73.562,15.68,0.18829,71.862
12091,07/08/2026 11:42:30,1.701,73.550,15.68,0.18843,71.849
12092,07/08/2026 11:52:30,1.730,73.575,15.68,0.19132,71.845
12093,07/08/2026 12:02:30,1.724,73.558,15.68,0.19075,71.834
12094,07/08/2026 12:12:30,1.737,73.558,15.78,0.19202,71.821
12095,07/08/2026 12:22:30,1.759,73.562,15.78,0.19428,71.803
12096,07/08/2026 12:32:30,1.779,73.574,15.87,0.19632,71.795
12097,07/08/2026 12:42:30,1.800,73.585,15.97,0.19851,71.785
12098,07/08/2026 12:52:30,1.810,73.581,16.06,0.19950,71.771
12099,07/08/2026 13:02:30,1.814,73.572,16.16,0.19999,71.758
12100,07/08/2026 13:12:30,1.835,73.581,16.16,0.20203,71.746
12101,07/08/2026 13:22:30,1.839,73.577,16.16,0.20245,71.738
12102,07/08/2026 13:32:30,1.849,73.580,16.25,0.20351,71.731
12103,07/08/2026 13:42:30,1.845,73.576,16.35,0.20309,71.731
12104,07/08/2026 13:52:30,1.856,73.596,16.35,0.20422,71.740
12105,07/08/2026 14:02:30,1.843,73.580,16.35,0.20288,71.737
12106,07/08/2026 14:12:30,1.855,73.583,16.45,0.20415,71.728
12107,07/08/2026 14:22:30,1.862,73.591,16.64,0.20479,71.729
12108,07/08/2026 14:32:30,1.861,73.589,17.02,0.20474,71.728
12109,07/08/2026 14:42:30,1.867,73.600,17.30,0.20538,71.733
12110,07/08/2026 14:52:30,1.862,73.587,17.59,0.20490,71.725
12111,07/08/2026 15:02:30,1.858,73.586,17.88,0.20449,71.728
12112,07/08/2026 15:12:30,1.861,73.589,18.16,0.20478,71.728
12113,07/08/2026 15:22:30,1.872,73.572,18.35,0.20591,71.700
12114,07/08/2026 15:32:30,1.869,73.559,18.64,0.20564,71.690
12115,07/08/2026 15:42:30,1.870,73.538,18.83,0.20579,71.668
12116,07/08/2026 15:52:30,1.863,73.513,19.02,0.20509,71.650
12117,07/08/2026 16:02:30,1.863,73.489,19.21,0.20496,71.626
12118,07/08/2026 16:12:30,1.870,73.476,19.30,0.20574,71.606
12119,07/08/2026 16:22:30,1.873,73.476,19.40,0.20602,71.603
12120,07/08/2026 16:32:30,1.864,73.476,19.40,0.20511,71.612
12121,07/08/2026 16:42:30,1.855,73.460,19.30,0.20419,71.605
12122,07/08/2026 16:52:30,1.864,73.456,19.21,0.20517,71.592
12123,07/08/2026 17:02:30,1.859,73.497,19.02,0.20467,71.638
12124,07/08/2026 17:12:30,1.870,73.538,19.02,0.20573,71.668
12125,07/08/2026 17:22:30,1.865,73.538,19.02,0.20516,71.673
12126,07/08/2026 17:32:30,1.868,73.534,18.92,0.20551,71.666
12127,07/08/2026 17:42:30,1.839,73.506,18.83,0.20255,71.667
12128,07/08/2026 17:52:30,1.844,73.507,18.64,0.20304,71.663
12129,07/08/2026 18:02:30,1.833,73.487,18.54,0.20191,71.654
12130,07/08/2026 18:12:30,1.826,73.475,18.45,0.20120,71.649
12131,07/08/2026 18:22:30,1.831,73.467,18.35,0.20176,71.636
12132,07/08/2026 18:32:30,1.832,73.435,18.26,0.20182,71.603
12133,07/08/2026 18:42:30,1.834,73.436,18.16,0.20196,71.602
12134,07/08/2026 18:52:30,1.821,73.416,17.97,0.20069,71.595
12135,07/08/2026 19:02:30,1.825,73.413,17.78,0.20103,71.588
12136,07/08/2026 19:12:30,1.817,73.401,17.68,0.20025,71.584
12137,07/08/2026 19:22:30,1.796,73.377,17.59,0.19814,71.581
12138,07/08/2026 19:32:30,1.810,73.369,17.49,0.19961,71.559
12139,07/08/2026 19:42:30,1.824,73.370,17.40,0.20095,71.546
12140,07/08/2026 19:52:30,1.829,73.378,17.30,0.20151,71.549
12141,07/08/2026 20:02:30,1.822,73.366,17.21,0.20080,71.544
12142,07/08/2026 20:12:30,1.816,73.371,17.11,0.20016,71.555
12143,07/08/2026 20:22:30,1.807,73.367,17.02,0.19924,71.560
12144,07/08/2026 20:32:30,1.808,73.368,16.92,0.19931,71.560
12145,07/08/2026 20:42:30,1.790,73.348,16.83,0.19748,71.558
12146,07/08/2026 20:52:30,1.804,73.360,16.73,0.19895,71.556
12147,07/08/2026 21:02:30,1.794,73.353,16.54,0.19789,71.559
12148,07/08/2026 21:12:30,1.798,73.370,16.45,0.19824,71.572
12149,07/08/2026 21:22:30,1.781,73.358,16.35,0.19655,71.577
12150,07/08/2026 21:32:30,1.780,73.363,16.16,0.19640,71.583
12151,07/08/2026 21:42:30,1.791,73.367,16.06,0.19759,71.576
12152,07/08/2026 21:52:30,1.794,73.372,15.97,0.19780,71.578
12153,07/08/2026 22:02:30,1.773,73.372,15.87,0.19569,71.599
12154,07/08/2026 22:12:30,1.784,73.385,15.68,0.19681,71.601
12155,07/08/2026 22:22:30,1.789,73.377,15.68,0.19730,71.588
12156,07/08/2026 22:32:30,1.788,73.398,15.49,0.19722,71.610
12157,07/08/2026 22:42:30,1.764,73.471,15.40,0.19476,71.707
12158,07/08/2026 22:52:30,1.788,73.544,15.30,0.19722,71.756
12159,07/08/2026 23:02:30,1.774,73.500,15.11,0.19588,71.726
12160,07/08/2026 23:12:30,1.769,73.469,15.01,0.19524,71.700
12161,07/08/2026 23:22:30,1.731,73.316,14.82,0.19143,71.585
12162,07/08/2026 23:32:30,1.667,73.280,14.73,0.18488,71.613
12163,07/08/2026 23:42:30,1.633,73.256,14.73,0.18144,71.623
12164,07/08/2026 23:52:30,1.642,73.297,14.63,0.18228,71.655
12165,07/09/2026 00:02:30,1.649,73.289,14.53,0.18305,71.640
12166,07/09/2026 00:12:30,1.689,73.334,14.44,0.18713,71.645
12167,07/09/2026 00:22:30,1.709,73.354,14.44,0.18917,71.645
12168,07/09/2026 00:32:30,1.720,73.399,14.34,0.19029,71.679
12169,07/09/2026 00:42:30,1.728,73.388,14.25,0.19107,71.660
12170,07/09/2026 00:52:30,1.749,73.388,14.25,0.19318,71.639
12171,07/09/2026 01:02:30,1.747,73.371,14.25,0.19304,71.624
12172,07/09/2026 01:12:30,1.728,73.356,14.15,0.19106,71.628
12173,07/09/2026 01:22:30,1.739,73.368,14.15,0.19219,71.629
12174,07/09/2026 01:32:30,1.747,73.368,14.05,0.19303,71.621
12175,07/09/2026 01:42:30,1.743,73.372,14.05,0.19268,71.629
12176,07/09/2026 01:52:30,1.732,73.357,13.96,0.19148,71.625
12177,07/09/2026 02:02:30,1.735,73.365,13.96,0.19176,71.630
12178,07/09/2026 02:12:30,1.728,73.349,13.86,0.19105,71.621
12179,07/09/2026 02:22:30,1.732,73.329,13.86,0.19148,71.597
12180,07/09/2026 02:32:30,1.733,73.338,13.77,0.19154,71.605
12181,07/09/2026 02:42:30,1.720,73.305,13.77,0.19028,71.585
12182,07/09/2026 02:52:30,1.725,73.342,13.77,0.19070,71.617
12183,07/09/2026 03:02:30,1.727,73.346,13.67,0.19098,71.619
12184,07/09/2026 03:12:30,1.739,73.342,13.67,0.19218,71.603
12185,07/09/2026 03:22:30,1.721,73.334,13.57,0.19041,71.613
12186,07/09/2026 03:32:30,1.741,73.359,13.57,0.19238,71.618
12187,07/09/2026 03:42:30,1.740,73.359,13.48,0.19231,71.619
12188,07/09/2026 03:52:30,1.737,73.367,13.48,0.19203,71.630
12189,07/09/2026 04:02:30,1.753,73.396,13.38,0.19358,71.643
12190,07/09/2026 04:12:30,1.743,73.396,13.38,0.19259,71.653
12191,07/09/2026 04:22:30,1.746,73.368,13.38,0.19287,71.622
12192,07/09/2026 04:32:30,1.730,73.352,13.28,0.19125,71.622
12193,07/09/2026 04:42:30,1.731,73.352,13.28,0.19139,71.621
12194,07/09/2026 04:52:30,1.735,73.353,13.19,0.19174,71.618
12195,07/09/2026 05:02:30,1.737,73.341,13.09,0.19195,71.604
12196,07/09/2026 05:12:30,1.742,73.361,13.09,0.19251,71.619
12197,07/09/2026 05:22:30,1.746,73.366,13.00,0.19286,71.620
12198,07/09/2026 05:32:30,1.737,73.362,12.90,0.19202,71.625
12199,07/09/2026 05:42:30,1.744,73.378,12.90,0.19272,71.634
12200,07/09/2026 05:52:30,1.729,73.367,12.80,0.19110,71.638
12201,07/09/2026 06:02:30,1.733,73.383,12.80,0.19152,71.650
12202,07/09/2026 06:12:30,1.743,73.392,12.71,0.19250,71.649
12203,07/09/2026 06:22:30,1.737,73.412,12.71,0.19194,71.675
12204,07/09/2026 06:32:30,1.729,73.424,12.61,0.19116,71.695
12205,07/09/2026 06:42:30,1.732,73.424,12.61,0.19145,71.692
12206,07/09/2026 06:52:30,1.738,73.441,12.51,0.19208,71.703
12207,07/09/2026 07:02:30,1.726,73.433,12.51,0.19081,71.707
12208,07/09/2026 07:12:30,1.725,73.477,12.51,0.19074,71.752
12209,07/09/2026 07:22:30,1.726,73.470,12.42,0.19081,71.744
12210,07/09/2026 07:32:30,1.718,73.450,12.42,0.18996,71.732
12211,07/09/2026 07:42:30,1.744,73.433,12.42,0.19271,71.689
12212,07/09/2026 07:52:30,1.718,73.405,12.42,0.19003,71.687
12213,07/09/2026 08:02:30,1.725,73.413,12.42,0.19074,71.688
12214,07/09/2026 08:12:30,1.725,73.409,12.51,0.19067,71.684
12215,07/09/2026 08:22:30,1.719,73.433,12.51,0.19011,71.714
12216,07/09/2026 08:32:30,1.725,73.424,12.61,0.19074,71.699
12217,07/09/2026 08:42:30,1.719,73.404,12.61,0.19011,71.685
12218,07/09/2026 08:52:30,1.717,73.412,12.71,0.18990,71.695
12219,07/09/2026 09:02:30,1.725,73.407,12.80,0.19075,71.682
12220,07/09/2026 09:12:30,1.742,73.415,12.90,0.19244,71.673
12221,07/09/2026 09:22:30,1.730,73.406,13.09,0.19125,71.676
12222,07/09/2026 09:32:30,1.736,73.401,13.28,0.19181,71.665
12223,07/09/2026 09:42:30,1.736,73.383,13.48,0.19189,71.647
12224,07/09/2026 09:52:30,1.736,73.374,13.67,0.19189,71.638
12225,07/09/2026 10:02:30,1.740,73.365,13.96,0.19225,71.625
12226,07/09/2026 10:12:30,1.742,73.352,14.15,0.19247,71.610
12227,07/09/2026 10:22:30,1.735,73.330,14.44,0.19184,71.595
12228,07/09/2026 10:32:30,1.738,73.333,14.73,0.19206,71.595
12229,07/09/2026 10:42:30,1.745,73.344,14.92,0.19284,71.599
12230,07/09/2026 10:52:30,1.730,73.331,15.01,0.19137,71.601
12231,07/09/2026 11:02:30,1.743,73.340,15.01,0.19256,71.597
12232,07/09/2026 11:12:30,1.750,73.335,15.01,0.19341,71.585
12233,07/09/2026 11:22:30,1.758,73.335,15.01,0.19418,71.577
12234,07/09/2026 11:32:30,1.759,73.319,15.11,0.19426,71.560
12235,07/09/2026 11:42:30,1.781,73.318,15.30,0.19651,71.537
12236,07/09/2026 11:52:30,1.774,73.305,15.49,0.19582,71.531
12237,07/09/2026 12:02:30,1.794,73.316,15.78,0.19787,71.522
12238,07/09/2026 12:12:30,1.806,73.327,16.06,0.19907,71.521
12239,07/09/2026 12:22:30,1.815,73.342,16.35,0.20000,71.527
12240,07/09/2026 12:32:30,1.801,73.361,16.45,0.19866,71.560
12241,07/09/2026 12:42:30,1.802,73.334,16.35,0.19866,71.532
12242,07/09/2026 12:52:30,1.806,73.317,16.35,0.19915,71.511
12243,07/09/2026 13:02:30,1.807,73.326,16.35,0.19915,71.519
12244,07/09/2026 13:12:30,1.799,73.313,16.35,0.19845,71.514
12245,07/09/2026 13:22:30,1.806,73.314,16.25,0.19908,71.508
12246,07/09/2026 13:32:30,1.822,73.318,16.25,0.20070,71.496
12247,07/09/2026 13:42:30,1.806,73.294,16.25,0.19908,71.488
12248,07/09/2026 13:52:30,1.817,73.286,16.25,0.20021,71.469
12249,07/09/2026 14:02:30,1.812,73.273,16.25,0.19978,71.461
12250,07/09/2026 14:12:30,1.808,73.322,16.25,0.19929,71.514
12251,07/09/2026 14:22:30,1.824,73.330,16.25,0.20091,71.506
12252,07/09/2026 14:32:30,1.827,73.313,16.45,0.20127,71.486
12253,07/09/2026 14:42:30,1.830,73.312,16.73,0.20156,71.482
12254,07/09/2026 14:52:30,1.839,73.302,17.11,0.20256,71.463
12255,07/09/2026 15:02:30,1.836,73.284,17.59,0.20222,71.448
12256,07/09/2026 15:12:30,1.837,73.279,17.88,0.20237,71.442
12257,07/09/2026 15:22:30,1.849,73.238,17.97,0.20357,71.389
12258,07/09/2026 15:32:30,1.854,73.270,18.07,0.20414,71.416
12259,07/09/2026 15:42:30,1.842,73.262,18.16,0.20288,71.420
12260,07/09/2026 15:52:30,1.847,73.270,18.16,0.20337,71.423
12261,07/09/2026 16:02:30,1.840,73.238,18.16,0.20260,71.398
12262,07/09/2026 16:12:30,1.838,73.242,18.16,0.20238,71.404
12263,07/09/2026 16:22:30,1.847,73.225,18.35,0.20338,71.378
12264,07/09/2026 16:32:30,1.858,73.229,18.45,0.20444,71.371
12265,07/09/2026 16:42:30,1.857,73.265,18.54,0.20437,71.408
12266,07/09/2026 16:52:30,1.859,73.313,18.54,0.20458,71.454
12267,07/09/2026 17:02:30,1.852,73.333,18.54,0.20388,71.481
12268,07/09/2026 17:12:30,1.853,73.350,18.35,0.20401,71.497
12269,07/09/2026 17:22:30,1.848,73.395,18.26,0.20344,71.547
12270,07/09/2026 17:32:30,1.825,73.371,18.07,0.20111,71.546
12271,07/09/2026 17:42:30,1.838,73.295,17.88,0.20244,71.457
12272,07/09/2026 17:52:30,1.839,73.328,17.68,0.20258,71.489
12273,07/09/2026 18:02:30,1.847,73.341,17.59,0.20328,71.494
12274,07/09/2026 18:12:30,1.844,73.341,17.49,0.20306,71.497
12275,07/09/2026 18:22:30,1.848,73.337,17.40,0.20348,71.489
12276,07/09/2026 18:32:30,1.845,73.333,17.40,0.20320,71.488
12277,07/09/2026 18:42:30,1.841,73.325,17.40,0.20278,71.484
12278,07/09/2026 18:52:30,1.845,73.342,17.30,0.20313,71.497
12279,07/09/2026 19:02:30,1.833,73.322,17.21,0.20193,71.489
12280,07/09/2026 19:12:30,1.839,73.323,17.02,0.20248,71.484
12281,07/09/2026 19:22:30,1.828,73.315,16.83,0.20142,71.487
12282,07/09/2026 19:32:30,1.829,73.308,16.73,0.20142,71.479
12283,07/09/2026 19:42:30,1.815,73.296,16.64,0.20008,71.481
12284,07/09/2026 19:52:30,1.813,73.284,16.54,0.19986,71.471
12285,07/09/2026 20:02:30,1.805,73.277,16.35,0.19901,71.472
12286,07/09/2026 20:12:30,1.801,73.282,16.25,0.19852,71.481
12287,07/09/2026 20:22:30,1.794,73.278,16.06,0.19788,71.484
12288,07/09/2026 20:32:30,1.808,73.291,15.97,0.19928,71.483
12289,07/09/2026 20:42:30,1.804,73.295,15.87,0.19893,71.491
12290,07/09/2026 20:52:30,1.791,73.284,15.78,0.19751,71.493
12291,07/09/2026 21:02:30,1.786,73.296,15.68,0.19709,71.510
12292,07/09/2026 21:12:30,1.795,73.313,15.49,0.19800,71.518
12293,07/09/2026 21:22:30,1.785,73.318,15.40,0.19687,71.533
12294,07/09/2026 21:32:30,1.797,73.326,15.30,0.19813,71.529
12295,07/09/2026 21:42:30,1.793,73.335,15.20,0.19771,71.542
12296,07/09/2026 21:52:30,1.787,73.339,15.11,0.19714,71.552
12297,07/09/2026 22:02:30,1.784,73.348,15.01,0.19679,71.564
12298,07/09/2026 22:12:30,1.790,73.352,14.92,0.19742,71.562
12299,07/09/2026 22:22:30,1.788,73.349,14.73,0.19720,71.561
12300,07/09/2026 22:32:30,1.779,73.349,14.63,0.19635,71.570
12301,07/09/2026 22:42:30,1.782,73.358,14.53,0.19656,71.576
12302,07/09/2026 22:52:30,1.794,73.371,14.44,0.19790,71.576
12303,07/09/2026 23:02:30,1.784,73.351,14.34,0.19677,71.567
12304,07/09/2026 23:12:30,1.790,73.363,14.25,0.19747,71.573
12305,07/09/2026 23:22:30,1.793,73.364,14.15,0.19768,71.571
12306,07/09/2026 23:32:30,1.781,73.344,14.05,0.19648,71.563
12307,07/09/2026 23:42:30,1.774,73.337,13.96,0.19570,71.563
12308,07/09/2026 23:52:30,1.780,73.353,13.86,0.19640,71.573
12309,07/10/2026 00:02:30,1.779,73.342,13.77,0.19626,71.563
12310,07/10/2026 00:12:30,1.789,73.350,13.67,0.19731,71.561
12311,07/10/2026 00:22:30,1.779,73.339,13.48,0.19625,71.560
12312,07/10/2026 00:32:30,1.796,73.356,13.38,0.19794,71.560
12313,07/10/2026 00:42:30,1.781,73.335,13.38,0.19653,71.554
12314,07/10/2026 00:52:30,1.795,73.324,13.19,0.19793,71.529
12315,07/10/2026 01:02:30,1.798,73.325,13.09,0.19821,71.527
12316,07/10/2026 01:12:30,1.785,73.313,13.00,0.19687,71.528
12317,07/10/2026 01:22:30,1.791,73.305,13.00,0.19751,71.514
12318,07/10/2026 01:32:30,1.788,73.310,12.90,0.19715,71.522
12319,07/10/2026 01:42:30,1.769,73.302,12.80,0.19525,71.533
12320,07/10/2026 01:52:30,1.771,73.299,12.71,0.19539,71.528
12321,07/10/2026 02:02:30,1.770,73.307,12.61,0.19539,71.537
12322,07/10/2026 02:12:30,1.766,73.300,12.51,0.19489,71.534
12323,07/10/2026 02:22:30,1.770,73.304,12.42,0.19538,71.534
12324,07/10/2026 02:32:30,1.775,73.313,12.32,0.19580,71.538
12325,07/10/2026 02:42:30,1.764,73.293,12.32,0.19468,71.529
12326,07/10/2026 02:52:30,1.756,73.289,12.22,0.19390,71.533
12327,07/10/2026 03:02:30,1.764,73.294,12.12,0.19467,71.530
12328,07/10/2026 03:12:30,1.764,73.298,12.12,0.19467,71.534
12329,07/10/2026 03:22:30,1.759,73.307,12.03,0.19418,71.548
12330,07/10/2026 03:32:30,1.750,73.287,11.93,0.19326,71.537
12331,07/10/2026 03:42:30,1.745,73.288,11.83,0.19283,71.542
12332,07/10/2026 03:52:30,1.759,73.300,11.74,0.19417,71.541
12333,07/10/2026 04:02:30,1.757,73.292,11.74,0.19396,71.535
12334,07/10/2026 04:12:30,1.752,73.293,11.64,0.19346,71.541
12335,07/10/2026 04:22:30,1.758,73.297,11.54,0.19409,71.539
12336,07/10/2026 04:32:30,1.746,73.278,11.44,0.19283,71.532
12337,07/10/2026 04:42:30,1.751,73.286,11.35,0.19339,71.535
12338,07/10/2026 04:52:30,1.746,73.283,11.25,0.19282,71.537
12339,07/10/2026 05:02:30,1.741,73.275,11.15,0.19240,71.534
12340,07/10/2026 05:12:30,1.747,73.276,11.05,0.19296,71.529
12341,07/10/2026 05:22:30,1.744,73.272,11.05,0.19261,71.528
12342,07/10/2026 05:32:30,1.741,73.273,10.96,0.19225,71.532
12343,07/10/2026 05:42:30,1.749,73.285,10.86,0.19317,71.536
12344,07/10/2026 05:52:30,1.744,73.294,10.76,0.19260,71.550
12345,07/10/2026 06:02:30,1.744,73.298,10.76,0.19260,71.554
12346,07/10/2026 06:12:30,1.742,73.303,10.66,0.19239,71.561
12347,07/10/2026 06:22:30,1.728,73.303,10.57,0.19098,71.575
12348,07/10/2026 06:32:30,1.738,73.315,10.57,0.19203,71.577
12349,07/10/2026 06:42:30,1.736,73.316,10.47,0.19182,71.580
12350,07/10/2026 06:52:30,1.726,73.316,10.37,0.19084,71.590
12351,07/10/2026 07:02:30,1.710,73.308,10.37,0.18922,71.598
12352,07/10/2026 07:12:30,1.710,73.308,10.37,0.18922,71.598
12353,07/10/2026 07:22:30,1.720,73.325,10.27,0.19020,71.605
12354,07/10/2026 07:32:30,1.707,73.309,10.27,0.18886,71.602
12355,07/10/2026 07:42:30,1.714,73.316,10.37,0.18964,71.602
12356,07/10/2026 07:52:30,1.708,73.308,10.37,0.18901,71.600
12357,07/10/2026 08:02:30,1.716,73.312,10.47,0.18978,71.596
12358,07/10/2026 08:12:30,1.706,73.307,10.57,0.18880,71.601
12359,07/10/2026 08:22:30,1.699,73.303,10.66,0.18796,71.604
12360,07/10/2026 08:32:30,1.705,73.314,10.76,0.18866,71.609
12361,07/10/2026 08:42:30,1.703,73.317,10.86,0.18852,71.614
12362,07/10/2026 08:52:30,1.717,73.317,10.96,0.18986,71.600
12363,07/10/2026 09:02:30,1.709,73.320,11.15,0.18902,71.611
12364,07/10/2026 09:12:30,1.715,73.323,11.25,0.18973,71.608
12365,07/10/2026 09:22:30,1.716,73.326,11.44,0.18980,71.610
12366,07/10/2026 09:32:30,1.707,73.305,11.54,0.18889,71.598
12367,07/10/2026 09:42:30,1.732,73.324,11.74,0.19150,71.592
12368,07/10/2026 09:52:30,1.725,73.307,12.03,0.19066,71.582
12369,07/10/2026 10:02:30,1.736,73.314,12.22,0.19179,71.578
12370,07/10/2026 10:12:30,1.731,73.304,12.42,0.19137,71.573
12371,07/10/2026 10:22:30,1.733,73.299,12.71,0.19152,71.566
12372,07/10/2026 10:32:30,1.738,73.294,12.90,0.19202,71.556
12373,07/10/2026 10:42:30,1.753,73.293,13.09,0.19357,71.540
12374,07/10/2026 10:52:30,1.758,73.291,13.38,0.19414,71.533
12375,07/10/2026 11:02:30,1.765,73.306,13.67,0.19485,71.541
12376,07/10/2026 11:12:30,1.750,73.297,13.86,0.19331,71.547
12377,07/10/2026 11:22:30,1.770,73.304,14.05,0.19535,71.534
12378,07/10/2026 11:32:30,1.773,73.311,14.25,0.19564,71.538
12379,07/10/2026 11:42:30,1.785,73.318,14.44,0.19691,71.533
12380,07/10/2026 11:52:30,1.782,73.322,14.53,0.19656,71.540
12381,07/10/2026 12:02:30,1.780,73.330,14.53,0.19635,71.550
12382,07/10/2026 12:12:30,1.776,73.350,14.53,0.19600,71.574
12383,07/10/2026 12:22:30,1.777,73.378,14.53,0.19607,71.601
12384,07/10/2026 12:32:30,1.779,73.362,14.44,0.19635,71.583
12385,07/10/2026 12:42:30,1.786,73.359,14.34,0.19698,71.573
12386,07/10/2026 12:52:30,1.801,73.392,14.25,0.19853,71.591
12387,07/10/2026 13:02:30,1.794,73.400,14.25,0.19775,71.606
12388,07/10/2026 13:12:30,1.798,73.380,14.25,0.19824,71.581
12389,07/10/2026 13:22:30,1.799,73.387,14.34,0.19832,71.588
12390,07/10/2026 13:32:30,1.807,73.411,14.34,0.19916,71.604
12391,07/10/2026 13:42:30,1.794,73.391,14.44,0.19776,71.597
12392,07/10/2026 13:52:30,1.791,73.370,14.63,0.19748,71.579
12393,07/10/2026 14:02:30,1.815,73.376,14.92,0.20002,71.561
12394,07/10/2026 14:12:30,1.807,73.350,15.40,0.19919,71.543
12395,07/10/2026 14:22:30,1.818,73.369,15.68,0.20026,71.551
12396,07/10/2026 14:32:30,1.812,73.363,15.97,0.19977,71.551
12397,07/10/2026 14:42:30,1.814,73.342,16.16,0.19999,71.528
12398,07/10/2026 14:52:30,1.826,73.345,16.54,0.20113,71.519
12399,07/10/2026 15:02:30,1.822,73.324,16.83,0.20072,71.502
12400,07/10/2026 15:12:30,1.819,73.298,17.11,0.20052,71.479
12401,07/10/2026 15:22:30,1.819,73.309,17.40,0.20053,71.490
12402,07/10/2026 15:32:30,1.831,73.304,17.59,0.20173,71.473
12403,07/10/2026 15:42:30,1.819,73.292,17.59,0.20053,71.473
12404,07/10/2026 15:52:30,1.804,73.281,17.49,0.19891,71.477
12405,07/10/2026 16:02:30,1.826,73.305,17.49,0.20116,71.479
12406,07/10/2026 16:12:30,1.816,73.297,17.40,0.20017,71.481
12407,07/10/2026 16:22:30,1.815,73.301,17.30,0.20010,71.486
12408,07/10/2026 16:32:30,1.812,73.298,17.11,0.19974,71.486
12409,07/10/2026 16:42:30,1.812,73.303,17.02,0.19974,71.491
12410,07/10/2026 16:52:30,1.834,73.327,16.92,0.20199,71.493
12411,07/10/2026 17:02:30,1.807,73.324,16.73,0.19924,71.517
12412,07/10/2026 17:12:30,1.812,73.324,16.64,0.19980,71.512
12413,07/10/2026 17:22:30,1.810,73.321,16.54,0.19951,71.511
12414,07/10/2026 17:32:30,1.817,73.305,16.54,0.20021,71.488
12415,07/10/2026 17:42:30,1.818,73.292,16.64,0.20036,71.474
12416,07/10/2026 17:52:30,1.817,73.292,16.73,0.20022,71.475
12417,07/10/2026 18:02:30,1.824,73.296,16.73,0.20093,71.472
12418,07/10/2026 18:12:30,1.809,73.284,16.64,0.19944,71.475
12419,07/10/2026 18:22:30,1.815,73.296,16.54,0.20007,71.481
12420,07/10/2026 18:32:30,1.807,73.289,16.45,0.19923,71.482
12421,07/10/2026 18:42:30,1.797,73.281,16.35,0.19824,71.484
12422,07/10/2026 18:52:30,1.783,73.265,16.25,0.19683,71.482
12423,07/10/2026 19:02:30,1.777,73.262,16.16,0.19612,71.485
12424,07/10/2026 19:12:30,1.791,73.274,16.06,0.19759,71.483
12425,07/10/2026 19:22:30,1.784,73.279,15.97,0.19682,71.495
12426,07/10/2026 19:32:30,1.783,73.287,15.87,0.19674,71.504
12427,07/10/2026 19:42:30,1.765,73.280,15.78,0.19484,71.515
12428,07/10/2026 19:52:30,1.785,73.312,15.68,0.19695,71.527
12429,07/10/2026 20:02:30,1.791,73.333,15.59,0.19751,71.542
12430,07/10/2026 20:12:30,1.787,73.333,15.49,0.19715,71.546
12431,07/10/2026 20:22:30,1.780,73.334,15.30,0.19644,71.554
12432,07/10/2026 20:32:30,1.781,73.335,15.20,0.19651,71.554
12433,07/10/2026 20:42:30,1.777,73.343,15.11,0.19609,71.566
12434,07/10/2026 20:52:30,1.772,73.340,14.92,0.19559,71.568
12435,07/10/2026 21:02:30,1.770,73.348,14.82,0.19544,71.578
12436,07/10/2026 21:12:30,1.769,73.353,14.73,0.19530,71.584
12437,07/10/2026 21:22:30,1.773,73.366,14.53,0.19572,71.593
12438,07/10/2026 21:32:30,1.767,73.371,14.44,0.19501,71.604
12439,07/10/2026 21:42:30,1.762,73.379,14.34,0.19459,71.617
12440,07/10/2026 21:52:30,1.776,73.396,14.15,0.19599,71.620
12441,07/10/2026 22:02:30,1.775,73.409,14.05,0.19585,71.634
12442,07/10/2026 22:12:30,1.774,73.421,13.96,0.19577,71.647
12443,07/10/2026 22:22:30,1.783,73.422,13.86,0.19668,71.639
12444,07/10/2026 22:32:30,1.774,73.430,13.77,0.19577,71.656
12445,07/10/2026 22:42:30,1.771,73.431,13.67,0.19541,71.660
12446,07/10/2026 22:52:30,1.772,73.427,13.57,0.19555,71.655
12447,07/10/2026 23:02:30,1.765,73.428,13.48,0.19484,71.663
12448,07/10/2026 23:12:30,1.785,73.436,13.38,0.19688,71.651
12449,07/10/2026 23:22:30,1.774,73.437,13.28,0.19575,71.663
12450,07/10/2026 23:32:30,1.766,73.429,13.19,0.19498,71.663
12451,07/10/2026 23:42:30,1.762,73.430,13.09,0.19448,71.668
12452,07/10/2026 23:52:30,1.771,73.442,13.00,0.19547,71.671
12453,07/11/2026 00:02:30,1.764,73.443,12.90,0.19469,71.679
12454,07/11/2026 00:12:30,1.763,73.456,12.80,0.19455,71.693
12455,07/11/2026 00:22:30,1.766,73.460,12.80,0.19490,71.694
12456,07/11/2026 00:32:30,1.771,73.472,12.71,0.19546,71.701
12457,07/11/2026 00:42:30,1.764,73.469,12.61,0.19468,71.705
12458,07/11/2026 00:52:30,1.765,73.481,12.51,0.19482,71.716
12459,07/11/2026 01:02:30,1.754,73.469,12.51,0.19369,71.715
12460,07/11/2026 01:12:30,1.753,73.466,12.42,0.19355,71.713
12461,07/11/2026 01:22:30,1.737,73.454,12.32,0.19193,71.717
12462,07/11/2026 01:32:30,1.761,73.487,12.22,0.19439,71.726
12463,07/11/2026 01:42:30,1.759,73.487,12.22,0.19418,71.728
12464,07/11/2026 01:52:30,1.757,73.491,12.12,0.19404,71.734
12465,07/11/2026 02:02:30,1.744,73.492,12.03,0.19270,71.748
12466,07/11/2026 02:12:30,1.751,73.492,12.03,0.19340,71.741
12467,07/11/2026 02:22:30,1.743,73.485,11.93,0.19249,71.742
12468,07/11/2026 02:32:30,1.756,73.501,11.83,0.19389,71.745
12469,07/11/2026 02:42:30,1.746,73.486,11.74,0.19283,71.740
12470,07/11/2026 02:52:30,1.748,73.482,11.64,0.19304,71.734
12471,07/11/2026 03:02:30,1.736,73.466,11.64,0.19185,71.730
12472,07/11/2026 03:12:30,1.746,73.475,11.54,0.19283,71.729
12473,07/11/2026 03:22:30,1.745,73.487,11.44,0.19276,71.742
12474,07/11/2026 03:32:30,1.747,73.492,11.35,0.19297,71.745
12475,07/11/2026 03:42:30,1.749,73.496,11.35,0.19318,71.747
12476,07/11/2026 03:52:30,1.736,73.493,11.25,0.19191,71.756
12477,07/11/2026 04:02:30,1.750,73.509,11.25,0.19324,71.759
12478,07/11/2026 04:12:30,1.747,73.509,11.15,0.19296,71.762
12479,07/11/2026 04:22:30,1.740,73.506,11.05,0.19219,71.766
12480,07/11/2026 04:32:30,1.742,73.510,11.05,0.19240,71.768
12481,07/11/2026 04:42:30,1.755,73.526,11.05,0.19373,71.771
12482,07/11/2026 04:52:30,1.756,73.531,10.96,0.19380,71.775
12483,07/11/2026 05:02:30,1.751,73.539,10.96,0.19331,71.788
12484,07/11/2026 05:12:30,1.751,73.547,10.86,0.19338,71.796
12485,07/11/2026 05:22:30,1.735,73.532,10.76,0.19169,71.797
12486,07/11/2026 05:32:30,1.735,73.540,10.76,0.19169,71.805
12487,07/11/2026 05:42:30,1.728,73.536,10.66,0.19105,71.808
12488,07/11/2026 05:52:30,1.742,73.556,10.66,0.19246,71.814
12489,07/11/2026 06:02:30,1.731,73.557,10.57,0.19133,71.826
12490,07/11/2026 06:12:30,1.728,73.569,10.57,0.19105,71.841
12491,07/11/2026 06:22:30,1.724,73.582,10.47,0.19056,71.858
12492,07/11/2026 06:32:30,1.738,73.603,10.37,0.19196,71.865
12493,07/11/2026 06:42:30,1.729,73.607,10.37,0.19105,71.878
12494,07/11/2026 06:52:30,1.727,73.607,10.27,0.19090,71.880
12495,07/11/2026 07:02:30,1.727,73.615,10.27,0.19090,71.888
12496,07/11/2026 07:12:30,1.730,73.623,10.27,0.19126,71.893
12497,07/11/2026 07:22:30,1.726,73.619,10.27,0.19083,71.893
12498,07/11/2026 07:32:30,1.718,73.615,10.27,0.18999,71.897
12499,07/11/2026 07:42:30,1.728,73.635,10.27,0.19104,71.907
12500,07/11/2026 07:52:30,1.718,73.623,10.37,0.18992,71.905
12501,07/11/2026 08:02:30,1.724,73.635,10.37,0.19055,71.911
12502,07/11/2026 08:12:30,1.730,73.634,10.47,0.19126,71.904
12503,07/11/2026 08:22:30,1.732,73.634,10.57,0.19140,71.902
12504,07/11/2026 08:32:30,1.727,73.621,10.66,0.19091,71.894
12505,07/11/2026 08:42:30,1.728,73.608,10.76,0.19105,71.880
12506,07/11/2026 08:52:30,1.740,73.624,10.86,0.19218,71.884
12507,07/11/2026 09:02:30,1.742,73.619,11.05,0.19240,71.877
12508,07/11/2026 09:12:30,1.744,73.622,11.25,0.19261,71.878
12509,07/11/2026 09:22:30,1.737,73.624,11.44,0.19198,71.887
12510,07/11/2026 09:32:30,1.754,73.639,11.64,0.19375,71.885
12511,07/11/2026 09:42:30,1.750,73.622,11.93,0.19326,71.872
12512,07/11/2026 09:52:30,1.749,73.621,12.12,0.19312,71.872
12513,07/11/2026 10:02:30,1.737,73.591,12.42,0.19193,71.854
12514,07/11/2026 10:12:30,1.747,73.602,12.61,0.19292,71.855
12515,07/11/2026 10:22:30,1.754,73.608,12.90,0.19370,71.854
12516,07/11/2026 10:32:30,1.755,73.611,13.19,0.19378,71.856
12517,07/11/2026 10:42:30,1.749,73.601,13.48,0.19323,71.852
12518,07/11/2026 10:52:30,1.747,73.596,13.77,0.19295,71.849
12519,07/11/2026 11:02:30,1.756,73.607,13.96,0.19394,71.851
12520,07/11/2026 11:12:30,1.754,73.589,14.25,0.19374,71.835
12521,07/11/2026 11:22:30,1.764,73.612,14.53,0.19480,71.848
12522,07/11/2026 11:32:30,1.768,73.615,14.82,0.19516,71.847
12523,07/11/2026 11:42:30,1.768,73.615,14.82,0.19516,71.847
12524,07/11/2026 11:52:30,1.769,73.618,14.92,0.19531,71.849
12525,07/11/2026 12:02:30,1.788,73.638,15.01,0.19721,71.850
12526,07/11/2026 12:12:30,1.790,73.645,15.30,0.19743,71.855
12527,07/11/2026 12:22:30,1.790,73.652,15.49,0.19744,71.862
12528,07/11/2026 12:32:30,1.775,73.614,15.78,0.19597,71.839
12529,07/11/2026 12:42:30,1.807,73.662,15.97,0.19921,71.855
12530,07/11/2026 12:52:30,1.802,73.640,16.35,0.19873,71.838
12531,07/11/2026 13:02:30,1.796,73.635,16.73,0.19804,71.839
12532,07/11/2026 13:12:30,1.812,73.649,17.11,0.19981,71.837
12533,07/11/2026 13:22:30,1.792,73.616,17.30,0.19778,71.824
12534,07/11/2026 13:32:30,1.802,73.616,17.49,0.19870,71.814
12535,07/11/2026 13:42:30,1.785,73.599,17.68,0.19701,71.814
12536,07/11/2026 13:52:30,1.807,73.609,18.07,0.19928,71.802
12537,07/11/2026 14:02:30,1.800,73.600,18.35,0.19859,71.800
12538,07/11/2026 14:12:30,1.789,73.596,18.54,0.19740,71.807
12539,07/11/2026 14:22:30,1.800,73.595,18.73,0.19860,71.795
12540,07/11/2026 14:32:30,1.823,73.610,19.02,0.20094,71.787
12541,07/11/2026 14:42:30,1.800,73.577,19.30,0.19862,71.777
12542,07/11/2026 14:52:30,1.806,73.580,19.49,0.19927,71.774
12543,07/11/2026 15:02:30,1.809,73.593,19.49,0.19948,71.784
12544,07/11/2026 15:12:30,1.801,73.564,19.49,0.19877,71.763
12545,07/11/2026 15:22:30,1.790,73.560,19.68,0.19758,71.770
12546,07/11/2026 15:32:30,1.800,73.555,19.88,0.19865,71.755
12547,07/11/2026 15:42:30,1.791,73.547,19.97,0.19766,71.756
12548,07/11/2026 15:52:30,1.803,73.559,19.97,0.19893,71.756
12549,07/11/2026 16:02:30,1.811,73.563,20.07,0.19971,71.752
12550,07/11/2026 16:12:30,1.787,73.530,20.26,0.19725,71.743
12551,07/11/2026 16:22:30,1.800,73.534,20.35,0.19859,71.734
12552,07/11/2026 16:32:30,1.786,73.517,20.45,0.19726,71.731
12553,07/11/2026 16:42:30,1.786,73.505,20.54,0.19719,71.719
12554,07/11/2026 16:52:30,1.790,73.505,20.54,0.19762,71.715
12555,07/11/2026 17:02:30,1.791,73.504,20.64,0.19776,71.713
12556,07/11/2026 17:12:30,1.781,73.504,20.64,0.19677,71.723
12557,07/11/2026 17:22:30,1.791,73.517,20.64,0.19769,71.726
12558,07/11/2026 17:32:30,1.784,73.521,20.54,0.19698,71.737
12559,07/11/2026 17:42:30,1.772,73.501,20.45,0.19578,71.729
12560,07/11/2026 17:52:30,1.791,73.513,20.35,0.19775,71.722
12561,07/11/2026 18:02:30,1.775,73.506,20.16,0.19605,71.731
12562,07/11/2026 18:12:30,1.762,73.482,20.07,0.19471,71.720
12563,07/11/2026 18:22:30,1.756,73.475,19.78,0.19406,71.719
12564,07/11/2026 18:32:30,1.771,73.483,19.59,0.19568,71.712
12565,07/11/2026 18:42:30,1.767,73.475,19.49,0.19532,71.708
12566,07/11/2026 18:52:30,1.768,73.476,19.30,0.19531,71.708
12567,07/11/2026 19:02:30,1.759,73.464,19.21,0.19446,71.705
12568,07/11/2026 19:12:30,1.759,73.461,19.02,0.19439,71.702
12569,07/11/2026 19:22:30,1.751,73.453,18.92,0.19361,71.702
12570,07/11/2026 19:32:30,1.766,73.470,18.73,0.19508,71.704
12571,07/11/2026 19:42:30,1.763,73.475,18.54,0.19472,71.712
12572,07/11/2026 19:52:30,1.753,73.471,18.35,0.19380,71.718
12573,07/11/2026 20:02:30,1.750,73.480,18.26,0.19344,71.730
12574,07/11/2026 20:12:30,1.746,73.496,18.07,0.19308,71.750
12575,07/11/2026 20:22:30,1.737,73.505,17.97,0.19210,71.768
12576,07/11/2026 20:32:30,1.729,73.522,17.78,0.19124,71.793
12577,07/11/2026 20:42:30,1.724,73.530,17.59,0.19081,71.806
12578,07/11/2026 20:52:30,1.703,73.527,17.40,0.18863,71.824
12579,07/11/2026 21:02:30,1.710,73.552,17.30,0.18933,71.842
12580,07/11/2026 21:12:30,1.720,73.585,17.11,0.19031,71.865
12581,07/11/2026 21:22:30,1.723,73.589,17.02,0.19065,71.866
12582,07/11/2026 21:32:30,1.714,73.602,16.92,0.18967,71.888
12583,07/11/2026 21:42:30,1.713,73.618,16.83,0.18966,71.905
12584,07/11/2026 21:52:30,1.709,73.635,16.73,0.18917,71.926
12585,07/11/2026 22:02:30,1.712,73.655,16.64,0.18952,71.943
12586,07/11/2026 22:12:30,1.709,73.672,16.54,0.18916,71.963
12587,07/11/2026 22:22:30,1.713,73.680,16.45,0.18965,71.967
12588,07/11/2026 22:32:30,1.701,73.681,16.35,0.18838,71.980
12589,07/11/2026 22:42:30,1.703,73.685,16.25,0.18859,71.982
12590,07/11/2026 22:52:30,1.693,73.681,16.16,0.18760,71.988
12591,07/11/2026 23:02:30,1.702,73.690,16.06,0.18844,71.988
12592,07/11/2026 23:12:30,1.707,73.698,15.97,0.18900,71.991
12593,07/11/2026 23:22:30,1.721,73.711,15.87,0.19041,71.990
12594,07/11/2026 23:32:30,1.696,73.691,15.78,0.18787,71.995
12595,07/11/2026 23:42:30,1.703,73.708,15.68,0.18857,72.005
12596,07/11/2026 23:52:30,1.709,73.705,15.49,0.18913,71.996
12597,07/12/2026 00:02:30,1.695,73.697,15.40,0.18772,72.002
12598,07/12/2026 00:12:30,1.696,73.709,15.30,0.18786,72.013
12599,07/12/2026 00:22:30,1.690,73.706,15.20,0.18722,72.016
12600,07/12/2026 00:32:30,1.700,73.719,15.01,0.18820,72.019
12601,07/12/2026 00:42:30,1.691,73.719,14.92,0.18735,72.028
12602,07/12/2026 00:52:30,1.690,73.724,14.82,0.18721,72.034
12603,07/12/2026 01:02:30,1.692,73.728,14.73,0.18742,72.036
12604,07/12/2026 01:12:30,1.695,73.725,14.63,0.18770,72.030
12605,07/12/2026 01:22:30,1.685,73.717,14.53,0.18671,72.032
12606,07/12/2026 01:32:30,1.689,73.721,14.44,0.18713,72.032
12607,07/12/2026 01:42:30,1.686,73.718,14.25,0.18684,72.032
12608,07/12/2026 01:52:30,1.679,73.711,14.15,0.18607,72.032
12609,07/12/2026 02:02:30,1.690,73.723,14.05,0.18726,72.033
12610,07/12/2026 02:12:30,1.679,73.708,13.96,0.18606,72.029
12611,07/12/2026 02:22:30,1.679,73.704,13.86,0.18606,72.025
12612,07/12/2026 02:32:30,1.677,73.713,13.77,0.18584,72.036
12613,07/12/2026 02:42:30,1.685,73.717,13.67,0.18669,72.032
12614,07/12/2026 02:52:30,1.679,73.710,13.57,0.18605,72.031
12615,07/12/2026 03:02:30,1.687,73.718,13.48,0.18689,72.031
12616,07/12/2026 03:12:30,1.683,73.715,13.38,0.18640,72.032
12617,07/12/2026 03:22:30,1.689,73.723,13.28,0.18710,72.034
12618,07/12/2026 03:32:30,1.679,73.716,13.19,0.18604,72.037
12619,07/12/2026 03:42:30,1.679,73.720,13.09,0.18604,72.041
12620,07/12/2026 03:52:30,1.661,73.705,13.00,0.18414,72.044
12621,07/12/2026 04:02:30,1.671,73.717,12.90,0.18526,72.046
12622,07/12/2026 04:12:30,1.666,73.710,12.80,0.18470,72.044
12623,07/12/2026 04:22:30,1.659,73.698,12.71,0.18399,72.039
12624,07/12/2026 04:32:30,1.650,73.682,12.61,0.18314,72.032
12625,07/12/2026 04:42:30,1.638,73.678,12.61,0.18188,72.040
12626,07/12/2026 04:52:30,1.644,73.691,12.51,0.18244,72.047
12627,07/12/2026 05:02:30,1.642,73.692,12.42,0.18222,72.050
12628,07/12/2026 05:12:30,1.649,73.704,12.32,0.18300,72.055
12629,07/12/2026 05:22:30,1.637,73.693,12.22,0.18173,72.056
12630,07/12/2026 05:32:30,1.640,73.689,12.12,0.18208,72.049
12631,07/12/2026 05:42:30,1.650,73.702,12.03,0.18306,72.052
12632,07/12/2026 05:52:30,1.639,73.706,11.93,0.18200,72.067
12633,07/12/2026 06:02:30,1.634,73.711,11.83,0.18144,72.077
12634,07/12/2026 06:12:30,1.618,73.699,11.83,0.17975,72.081
12635,07/12/2026 06:22:30,1.619,73.703,11.74,0.17996,72.084
12636,07/12/2026 06:32:30,1.611,73.696,11.64,0.17904,72.085
12637,07/12/2026 06:42:30,1.604,73.684,11.54,0.17841,72.080
12638,07/12/2026 06:52:30,1.605,73.692,11.54,0.17848,72.087
12639,07/12/2026 07:02:30,1.585,73.681,11.44,0.17644,72.096
12640,07/12/2026 07:12:30,1.594,73.697,11.44,0.17735,72.103
12641,07/12/2026 07:22:30,1.588,73.693,11.44,0.17672,72.105
12642,07/12/2026 07:32:30,1.595,73.698,11.35,0.17742,72.103
12643,07/12/2026 07:42:30,1.589,73.689,11.44,0.17686,72.100
12644,07/12/2026 07:52:30,1.596,73.701,11.44,0.17756,72.105
12645,07/12/2026 08:02:30,1.587,73.693,11.44,0.17665,72.106
12646,07/12/2026 08:12:30,1.600,73.700,11.54,0.17798,72.100
12647,07/12/2026 08:22:30,1.585,73.676,11.64,0.17637,72.091
12648,07/12/2026 08:32:30,1.585,73.667,11.74,0.17644,72.082
12649,07/12/2026 08:42:30,1.598,73.675,11.83,0.17771,72.077
12650,07/12/2026 08:52:30,1.594,73.670,11.93,0.17736,72.076
12651,07/12/2026 09:02:30,1.594,73.661,12.12,0.17736,72.067
12652,07/12/2026 09:12:30,1.594,73.656,12.22,0.17737,72.062
12653,07/12/2026 09:22:30,1.597,73.651,12.42,0.17772,72.054
12654,07/12/2026 09:32:30,1.598,73.654,12.71,0.17773,72.056
12655,07/12/2026 09:42:30,1.583,73.620,12.90,0.17625,72.037
12656,07/12/2026 09:52:30,1.607,73.639,13.19,0.17872,72.032
12657,07/12/2026 10:02:30,1.595,73.621,13.48,0.17753,72.026
12658,07/12/2026 10:12:30,1.588,73.604,13.77,0.17677,72.016
12659,07/12/2026 10:22:30,1.591,73.598,14.05,0.17713,72.007
12660,07/12/2026 10:32:30,1.595,73.597,14.34,0.17748,72.002
12661,07/12/2026 10:42:30,1.589,73.595,14.63,0.17693,72.006
12662,07/12/2026 10:52:30,1.601,73.598,14.92,0.17813,71.997
12663,07/12/2026 11:02:30,1.592,73.585,15.20,0.17723,71.993
12664,07/12/2026 11:12:30,1.580,73.559,15.59,0.17597,71.979
12665,07/12/2026 11:22:30,1.581,73.550,15.87,0.17605,71.969
12666,07/12/2026 11:32:30,1.594,73.564,16.16,0.17753,71.970
12667,07/12/2026 11:42:30,1.589,73.559,16.54,0.17691,71.970
12668,07/12/2026 11:52:30,1.587,73.546,16.83,0.17671,71.959
12669,07/12/2026 12:02:30,1.584,73.528,17.21,0.17644,71.944
12670,07/12/2026 12:12:30,1.584,73.519,17.49,0.17645,71.935
12671,07/12/2026 12:22:30,1.581,73.509,17.88,0.17618,71.928
12672,07/12/2026 12:32:30,1.596,73.516,18.26,0.17774,71.920
12673,07/12/2026 12:42:30,1.604,73.515,18.54,0.17852,71.911
12674,07/12/2026 12:52:30,1.605,73.514,18.92,0.17861,71.909
12675,07/12/2026 13:02:30,1.626,73.533,19.21,0.18080,71.907
12676,07/12/2026 13:12:30,1.627,73.520,19.59,0.18088,71.893
12677,07/12/2026 13:22:30,1.637,73.535,19.88,0.18195,71.898
12678,07/12/2026 13:32:30,1.641,73.530,20.16,0.18238,71.889
12679,07/12/2026 13:42:30,1.656,73.525,20.54,0.18395,71.869
12680,07/12/2026 13:52:30,1.656,73.516,20.83,0.18396,71.860
12681,07/12/2026 14:02:30,1.665,73.515,21.12,0.18488,71.850
12682,07/12/2026 14:12:30,1.676,73.515,21.40,0.18595,71.839
12683,07/12/2026 14:22:30,1.681,73.498,21.59,0.18652,71.817
12684,07/12/2026 14:32:30,1.696,73.509,21.88,0.18809,71.813
12685,07/12/2026 14:42:30,1.688,73.498,21.78,0.18724,71.810
12686,07/12/2026 14:52:30,1.696,73.510,21.59,0.18807,71.814
12687,07/12/2026 15:02:30,1.695,73.498,21.40,0.18800,71.803
12688,07/12/2026 15:12:30,1.695,73.491,21.12,0.18799,71.796
12689,07/12/2026 15:22:30,1.716,73.511,21.12,0.19010,71.795
12690,07/12/2026 15:32:30,1.708,73.499,21.12,0.18925,71.791
12691,07/12/2026 15:42:30,1.703,73.495,21.02,0.18883,71.792
12692,07/12/2026 15:52:30,1.702,73.500,20.73,0.18868,71.798
12693,07/12/2026 16:02:30,1.700,73.489,20.54,0.18839,71.789
12694,07/12/2026 16:12:30,1.697,73.477,20.35,0.18810,71.780
12695,07/12/2026 16:22:30,1.685,73.461,20.26,0.18690,71.776
12696,07/12/2026 16:32:30,1.697,73.457,20.26,0.18809,71.760
12697,07/12/2026 16:42:30,1.706,73.453,20.26,0.18901,71.747
12698,07/12/2026 16:52:30,1.702,73.441,20.26,0.18859,71.739
12699,07/12/2026 17:02:30,1.708,73.441,20.26,0.18922,71.733
12700,07/12/2026 17:12:30,1.707,73.437,20.26,0.18915,71.730
12701,07/12/2026 17:22:30,1.702,73.437,20.26,0.18859,71.735
12702,07/12/2026 17:32:30,1.708,73.433,20.26,0.18922,71.725
12703,07/12/2026 17:42:30,1.736,73.453,20.26,0.19211,71.717
12704,07/12/2026 17:52:30,1.706,73.421,20.26,0.18901,71.715
12705,07/12/2026 18:02:30,1.713,73.429,20.16,0.18978,71.716
12706,07/12/2026 18:12:30,1.717,73.437,20.07,0.19020,71.720
12707,07/12/2026 18:22:30,1.723,73.458,19.97,0.19076,71.735
12708,07/12/2026 18:32:30,1.709,73.458,19.88,0.18935,71.749
12709,07/12/2026 18:42:30,1.712,73.479,19.68,0.18962,71.767
12710,07/12/2026 18:52:30,1.694,73.479,19.59,0.18779,71.785
12711,07/12/2026 19:02:30,1.708,73.500,19.40,0.18919,71.792
12712,07/12/2026 19:12:30,1.699,73.496,19.30,0.18834,71.797
12713,07/12/2026 19:22:30,1.691,73.493,19.21,0.18742,71.802
12714,07/12/2026 19:32:30,1.687,73.493,19.11,0.18706,71.806
12715,07/12/2026 19:42:30,1.702,73.509,19.02,0.18861,71.807
12716,07/12/2026 19:52:30,1.705,73.530,18.83,0.18889,71.825
12717,07/12/2026 20:02:30,1.676,73.506,18.73,0.18592,71.830
12718,07/12/2026 20:12:30,1.698,73.539,18.64,0.18817,71.841
12719,07/12/2026 20:22:30,1.692,73.555,18.54,0.18754,71.863
12720,07/12/2026 20:32:30,1.690,73.560,18.35,0.18732,71.870
12721,07/12/2026 20:42:30,1.676,73.560,18.26,0.18591,71.884
12722,07/12/2026 20:52:30,1.682,73.573,18.07,0.18654,71.891
12723,07/12/2026 21:02:30,1.682,73.578,17.97,0.18646,71.896
12724,07/12/2026 21:12:30,1.682,73.578,17.78,0.18653,71.896
12725,07/12/2026 21:22:30,1.675,73.579,17.68,0.18575,71.904
12726,07/12/2026 21:32:30,1.676,73.587,17.49,0.18588,71.911
12727,07/12/2026 21:42:30,1.658,73.580,17.40,0.18398,71.922
12728,07/12/2026 21:52:30,1.659,73.592,17.21,0.18418,71.933
12729,07/12/2026 22:02:30,1.660,73.601,17.11,0.18418,71.941
12730,07/12/2026 22:12:30,1.654,73.601,17.02,0.18361,71.947
12731,07/12/2026 22:22:30,1.652,73.594,16.83,0.18340,71.942
12732,07/12/2026 22:32:30,1.656,73.602,16.73,0.18382,71.946
12733,07/12/2026 22:42:30,1.646,73.607,16.64,0.18276,71.961
12734,07/12/2026 22:52:30,1.659,73.612,16.45,0.18409,71.953
12735,07/12/2026 23:02:30,1.660,73.620,16.35,0.18423,71.960
12736,07/12/2026 23:12:30,1.653,73.604,16.25,0.18352,71.951
12737,07/12/2026 23:22:30,1.653,73.613,16.16,0.18345,71.960
12738,07/12/2026 23:32:30,1.657,73.621,16.06,0.18394,71.964
12739,07/12/2026 23:42:30,1.648,73.602,15.87,0.18295,71.954
12740,07/12/2026 23:52:30,1.648,73.606,15.78,0.18301,71.958
12741,07/13/2026 00:02:30,1.646,73.611,15.68,0.18273,71.965
12742,07/13/2026 00:12:30,1.642,73.611,15.59,0.18237,71.969
12743,07/13/2026 00:22:30,1.645,73.616,15.49,0.18258,71.971
12744,07/13/2026 00:32:30,1.647,73.616,15.40,0.18286,71.969
12745,07/13/2026 00:42:30,1.647,73.617,15.30,0.18279,71.970
12746,07/13/2026 00:52:30,1.645,73.613,15.20,0.18265,71.968
12747,07/13/2026 01:02:30,1.643,73.613,15.11,0.18250,71.970
12748,07/13/2026 01:12:30,1.650,73.618,15.01,0.18313,71.968
12749,07/13/2026 01:22:30,1.659,73.626,14.92,0.18412,71.967
12750,07/13/2026 01:32:30,1.654,73.623,14.82,0.18355,71.969
12751,07/13/2026 01:42:30,1.643,73.615,14.82,0.18242,71.972
12752,07/13/2026 01:52:30,1.639,73.607,14.73,0.18200,71.968
12753,07/13/2026 02:02:30,1.634,73.600,14.63,0.18143,71.966
12754,07/13/2026 02:12:30,1.643,73.612,14.53,0.18242,71.969
12755,07/13/2026 02:22:30,1.638,73.609,14.44,0.18185,71.971
12756,07/13/2026 02:32:30,1.626,73.597,14.34,0.18065,71.971
12757,07/13/2026 02:42:30,1.629,73.609,14.25,0.18100,71.980
12758,07/13/2026 02:52:30,1.638,73.614,14.15,0.18191,71.976
12759,07/13/2026 03:02:30,1.629,73.606,14.05,0.18100,71.977
12760,07/13/2026 03:12:30,1.633,73.611,13.96,0.18135,71.978
12761,07/13/2026 03:22:30,1.644,73.616,13.77,0.18247,71.972
12762,07/13/2026 03:32:30,1.625,73.600,13.77,0.18050,71.975
12763,07/13/2026 03:42:30,1.637,73.608,13.67,0.18183,71.971
12764,07/13/2026 03:52:30,1.633,73.601,13.57,0.18134,71.968
12765,07/13/2026 04:02:30,1.628,73.589,13.57,0.18084,71.961
12766,07/13/2026 04:12:30,1.621,73.581,13.48,0.18014,71.960
12767,07/13/2026 04:22:30,1.615,73.573,13.38,0.17957,71.958
12768,07/13/2026 04:32:30,1.621,73.574,13.28,0.18013,71.953
12769,07/13/2026 04:42:30,1.624,73.578,13.28,0.18041,71.954
12770,07/13/2026 04:52:30,1.617,73.570,13.19,0.17978,71.953
12771,07/13/2026 05:02:30,1.610,73.559,13.09,0.17900,71.949
12772,07/13/2026 05:12:30,1.615,73.567,13.09,0.17950,71.952
12773,07/13/2026 05:22:30,1.610,73.563,13.00,0.17907,71.953
12774,07/13/2026 05:32:30,1.609,73.571,13.00,0.17893,71.962
12775,07/13/2026 05:42:30,1.607,73.580,12.90,0.17872,71.973
12776,07/13/2026 05:52:30,1.602,73.580,12.90,0.17822,71.978
12777,07/13/2026 06:02:30,1.608,73.585,12.80,0.17879,71.977
12778,07/13/2026 06:12:30,1.603,73.593,12.71,0.17829,71.990
12779,07/13/2026 06:22:30,1.606,73.597,12.71,0.17864,71.991
12780,07/13/2026 06:32:30,1.592,73.586,12.61,0.17709,71.994
12781,07/13/2026 06:42:30,1.598,73.598,12.51,0.17779,72.000
12782,07/13/2026 06:52:30,1.595,73.594,12.51,0.17751,71.999
12783,07/13/2026 07:02:30,1.598,73.607,12.42,0.17772,72.009
12784,07/13/2026 07:12:30,1.598,73.615,12.42,0.17779,72.017
12785,07/13/2026 07:22:30,1.583,73.603,12.32,0.17624,72.020
12786,07/13/2026 07:32:30,1.583,73.607,12.32,0.17624,72.024
12787,07/13/2026 07:42:30,1.580,73.599,12.32,0.17596,72.019
12788,07/13/2026 07:52:30,1.570,73.591,12.32,0.17490,72.021
12789,07/13/2026 08:02:30,1.571,73.579,12.42,0.17498,72.008
12790,07/13/2026 08:12:30,1.581,73.583,12.42,0.17603,72.002
12791,07/13/2026 08:22:30,1.576,73.574,12.51,0.17554,71.998
12792,07/13/2026 08:32:30,1.581,73.569,12.61,0.17611,71.988
12793,07/13/2026 08:42:30,1.588,73.577,12.71,0.17674,71.989
12794,07/13/2026 08:52:30,1.581,73.568,12.80,0.17611,71.987
12795,07/13/2026 09:02:30,1.579,73.555,13.00,0.17590,71.976
12796,07/13/2026 09:12:30,1.577,73.547,13.09,0.17563,71.970
12797,07/13/2026 09:22:30,1.578,73.542,13.28,0.17570,71.964
12798,07/13/2026 09:32:30,1.572,73.533,13.48,0.17507,71.961
12799,07/13/2026 09:42:30,1.595,73.547,13.77,0.17754,71.952
12800,07/13/2026 09:52:30,1.584,73.526,13.96,0.17642,71.942
12801,07/13/2026 10:02:30,1.586,73.521,14.25,0.17657,71.935
12802,07/13/2026 10:12:30,1.595,73.516,14.44,0.17749,71.921
12803,07/13/2026 10:22:30,1.593,73.502,14.73,0.17735,71.909
12804,07/13/2026 10:32:30,1.605,73.501,15.01,0.17856,71.896
12805,07/13/2026 10:42:30,1.600,73.487,15.30,0.17807,71.887
12806,07/13/2026 10:52:30,1.590,73.470,15.68,0.17703,71.880
12807,07/13/2026 11:02:30,1.606,73.472,15.97,0.17872,71.866
12808,07/13/2026 11:12:30,1.619,73.483,16.25,0.18007,71.864
12809,07/13/2026 11:22:30,1.604,73.466,16.64,0.17846,71.862
12810,07/13/2026 11:32:30,1.606,73.448,16.92,0.17875,71.842
12811,07/13/2026 11:42:30,1.635,73.491,17.30,0.18172,71.856
12812,07/13/2026 11:52:30,1.629,73.474,17.59,0.18110,71.845
12813,07/13/2026 12:02:30,1.636,73.473,17.78,0.18181,71.837
12814,07/13/2026 12:12:30,1.621,73.457,17.78,0.18026,71.836
12815,07/13/2026 12:22:30,1.631,73.457,17.88,0.18125,71.826
12816,07/13/2026 12:32:30,1.647,73.460,18.16,0.18288,71.813
12817,07/13/2026 12:42:30,1.642,73.455,18.35,0.18246,71.813
12818,07/13/2026 12:52:30,1.651,73.471,18.45,0.18331,71.820
12819,07/13/2026 13:02:30,1.655,73.472,18.26,0.18372,71.817
12820,07/13/2026 13:12:30,1.658,73.468,18.16,0.18400,71.810
12821,07/13/2026 13:22:30,1.652,73.460,17.97,0.18350,71.808
12822,07/13/2026 13:32:30,1.667,73.477,17.88,0.18498,71.810
12823,07/13/2026 13:42:30,1.657,73.469,17.88,0.18392,71.812
12824,07/13/2026 13:52:30,1.681,73.476,18.07,0.18639,71.795
12825,07/13/2026 14:02:30,1.675,73.443,18.26,0.18584,71.768
12826,07/13/2026 14:12:30,1.664,73.435,18.35,0.18464,71.771
12827,07/13/2026 14:22:30,1.678,73.447,18.35,0.18612,71.769
12828,07/13/2026 14:32:30,1.681,73.504,18.26,0.18640,71.823
12829,07/13/2026 14:42:30,1.684,73.532,18.16,0.18675,71.848
12830,07/13/2026 14:52:30,1.700,73.569,17.97,0.18836,71.869
12831,07/13/2026 15:02:30,1.689,73.566,17.78,0.18723,71.877
12832,07/13/2026 15:12:30,1.684,73.542,17.68,0.18673,71.858
12833,07/13/2026 15:22:30,1.684,73.530,17.59,0.18673,71.846
12834,07/13/2026 15:32:30,1.695,73.522,17.59,0.18786,71.827
12835,07/13/2026 15:42:30,1.709,73.518,17.68,0.18927,71.809
12836,07/13/2026 15:52:30,1.712,73.513,17.88,0.18956,71.801
12837,07/13/2026 16:02:30,1.697,73.496,18.07,0.18808,71.799
12838,07/13/2026 16:12:30,1.697,73.516,18.16,0.18809,71.819
12839,07/13/2026 16:22:30,1.709,73.508,18.26,0.18922,71.799
12840,07/13/2026 16:32:30,1.694,73.495,18.35,0.18781,71.801
12841,07/13/2026 16:42:30,1.729,73.507,18.45,0.19134,71.778
12842,07/13/2026 16:52:30,1.723,73.491,18.45,0.19070,71.768
12843,07/13/2026 17:02:30,1.728,73.487,18.54,0.19120,71.759
12844,07/13/2026 17:12:30,1.735,73.490,18.64,0.19198,71.755
12845,07/13/2026 17:22:30,1.729,73.482,18.64,0.19134,71.753
12846,07/13/2026 17:32:30,1.725,73.479,18.54,0.19085,71.754
12847,07/13/2026 17:42:30,1.727,73.479,18.45,0.19113,71.752
12848,07/13/2026 17:52:30,1.724,73.479,18.45,0.19077,71.755
12849,07/13/2026 18:02:30,1.732,73.495,18.35,0.19169,71.763
12850,07/13/2026 18:12:30,1.716,73.472,18.26,0.18992,71.756
12851,07/13/2026 18:22:30,1.727,73.476,18.16,0.19112,71.749
12852,07/13/2026 18:32:30,1.730,73.480,18.07,0.19146,71.750
12853,07/13/2026 18:42:30,1.728,73.501,17.97,0.19118,71.773
12854,07/13/2026 18:52:30,1.722,73.501,17.88,0.19061,71.779
12855,07/13/2026 19:02:30,1.732,73.522,17.78,0.19160,71.790
12856,07/13/2026 19:12:30,1.732,73.538,17.68,0.19159,71.806
12857,07/13/2026 19:22:30,1.730,73.539,17.59,0.19131,71.809
12858,07/13/2026 19:32:30,1.731,73.547,17.59,0.19145,71.816
12859,07/13/2026 19:42:30,1.729,73.555,17.49,0.19130,71.826
12860,07/13/2026 19:52:30,1.722,73.551,17.40,0.19060,71.829
12861,07/13/2026 20:02:30,1.720,73.564,17.30,0.19031,71.844
12862,07/13/2026 20:12:30,1.707,73.560,17.21,0.18904,71.853
12863,07/13/2026 20:22:30,1.718,73.589,17.11,0.19009,71.871
12864,07/13/2026 20:32:30,1.706,73.581,17.02,0.18889,71.875
12865,07/13/2026 20:42:30,1.711,73.593,17.02,0.18946,71.882
12866,07/13/2026 20:52:30,1.715,73.610,16.83,0.18987,71.895
12867,07/13/2026 21:02:30,1.715,73.627,16.73,0.18980,71.912
12868,07/13/2026 21:12:30,1.713,73.635,16.73,0.18959,71.922
12869,07/13/2026 21:22:30,1.718,73.639,16.64,0.19015,71.921
12870,07/13/2026 21:32:30,1.716,73.648,16.45,0.18993,71.932
12871,07/13/2026 21:42:30,1.721,73.669,16.35,0.19035,71.948
12872,07/13/2026 21:52:30,1.711,73.669,16.25,0.18943,71.958
12873,07/13/2026 22:02:30,1.712,73.677,16.16,0.18957,71.965
12874,07/13/2026 22:12:30,1.707,73.694,16.06,0.18901,71.987
12875,07/13/2026 22:22:30,1.710,73.698,15.97,0.18935,71.988
12876,07/13/2026 22:32:30,1.705,73.707,15.87,0.18879,72.002
12877,07/13/2026 22:42:30,1.704,73.711,15.78,0.18872,72.007
12878,07/13/2026 22:52:30,1.699,73.708,15.68,0.18815,72.009
12879,07/13/2026 23:02:30,1.704,73.712,15.59,0.18871,72.008
12880,07/13/2026 23:12:30,1.713,73.713,15.49,0.18955,72.000
12881,07/13/2026 23:22:30,1.709,73.693,15.30,0.18919,71.984
12882,07/13/2026 23:32:30,1.712,73.698,15.20,0.18947,71.986
12883,07/13/2026 23:42:30,1.700,73.686,15.11,0.18827,71.986
12884,07/13/2026 23:52:30,1.700,73.674,15.01,0.18827,71.974
12885,07/14/2026 00:02:30,1.702,73.659,14.92,0.18841,71.957
12886,07/14/2026 00:12:30,1.699,73.659,14.82,0.18812,71.960
12887,07/14/2026 00:22:30,1.700,73.643,14.82,0.18827,71.943
12888,07/14/2026 00:32:30,1.707,73.647,14.73,0.18904,71.940
12889,07/14/2026 00:42:30,1.706,73.648,14.63,0.18882,71.942
12890,07/14/2026 00:52:30,1.704,73.652,14.63,0.18861,71.948
12891,07/14/2026 01:02:30,1.707,73.644,14.53,0.18896,71.937
12892,07/14/2026 01:12:30,1.714,73.641,14.44,0.18966,71.927
12893,07/14/2026 01:22:30,1.713,73.641,14.44,0.18952,71.928
12894,07/14/2026 01:32:30,1.723,73.645,14.34,0.19058,71.922
12895,07/14/2026 01:42:30,1.709,73.618,14.25,0.18909,71.909
12896,07/14/2026 01:52:30,1.708,73.614,14.15,0.18902,71.906
12897,07/14/2026 02:02:30,1.712,73.614,14.05,0.18951,71.902
12898,07/14/2026 02:12:30,1.712,73.614,14.05,0.18951,71.902
12899,07/14/2026 02:22:30,1.716,73.619,13.96,0.18986,71.903
12900,07/14/2026 02:32:30,1.712,73.615,13.86,0.18951,71.903
12901,07/14/2026 02:42:30,1.706,73.608,13.77,0.18880,71.902
12902,07/14/2026 02:52:30,1.703,73.608,13.67,0.18852,71.905
12903,07/14/2026 03:02:30,1.719,73.629,13.57,0.19013,71.910
12904,07/14/2026 03:12:30,1.697,73.605,13.48,0.18795,71.908
12905,07/14/2026 03:22:30,1.713,73.618,13.38,0.18949,71.905
12906,07/14/2026 03:32:30,1.713,73.618,13.38,0.18949,71.905
12907,07/14/2026 03:42:30,1.704,73.606,13.28,0.18865,71.902
12908,07/14/2026 03:52:30,1.711,73.607,13.19,0.18928,71.896
12909,07/14/2026 04:02:30,1.707,73.599,13.09,0.18892,71.892
12910,07/14/2026 04:12:30,1.711,73.611,13.09,0.18935,71.900
12911,07/14/2026 04:22:30,1.704,73.596,13.00,0.18857,71.892
12912,07/14/2026 04:32:30,1.716,73.596,13.00,0.18977,71.880
12913,07/14/2026 04:42:30,1.721,73.604,12.90,0.19033,71.883
12914,07/14/2026 04:52:30,1.709,73.597,12.80,0.18906,71.888
12915,07/14/2026 05:02:30,1.707,73.597,12.80,0.18885,71.890
12916,07/14/2026 05:12:30,1.703,73.601,12.80,0.18850,71.898
12917,07/14/2026 05:22:30,1.713,73.613,12.71,0.18955,71.900
12918,07/14/2026 05:32:30,1.716,73.621,12.71,0.18983,71.905
12919,07/14/2026 05:42:30,1.708,73.606,12.61,0.18898,71.898
12920,07/14/2026 05:52:30,1.717,73.618,12.61,0.18990,71.901
12921,07/14/2026 06:02:30,1.711,73.614,12.61,0.18926,71.903
12922,07/14/2026 06:12:30,1.713,73.622,12.51,0.18954,71.909
12923,07/14/2026 06:22:30,1.705,73.618,12.51,0.18870,71.913
12924,07/14/2026 06:32:30,1.712,73.623,12.42,0.18940,71.911
12925,07/14/2026 06:42:30,1.709,73.623,12.42,0.18912,71.914
12926,07/14/2026 06:52:30,1.714,73.623,12.32,0.18968,71.909
12927,07/14/2026 07:02:30,1.712,73.623,12.32,0.18947,71.911
12928,07/14/2026 07:12:30,1.730,73.644,12.22,0.19123,71.914
12929,07/14/2026 07:22:30,1.710,73.620,12.22,0.18919,71.910
12930,07/14/2026 07:32:30,1.709,73.608,12.22,0.18911,71.899
12931,07/14/2026 07:42:30,1.728,73.628,12.22,0.19101,71.900
12932,07/14/2026 07:52:30,1.721,73.619,12.32,0.19038,71.898
12933,07/14/2026 08:02:30,1.732,73.623,12.32,0.19151,71.891
12934,07/14/2026 08:12:30,1.733,73.611,12.32,0.19158,71.878
12935,07/14/2026 08:22:30,1.733,73.607,12.42,0.19151,71.874
12936,07/14/2026 08:32:30,1.736,73.598,12.51,0.19187,71.862
12937,07/14/2026 08:42:30,1.737,73.602,12.61,0.19194,71.865
12938,07/14/2026 08:52:30,1.726,73.589,12.71,0.19089,71.863
12939,07/14/2026 09:02:30,1.733,73.585,12.80,0.19152,71.852
12940,07/14/2026 09:12:30,1.748,73.596,13.00,0.19307,71.848
12941,07/14/2026 09:22:30,1.755,73.591,13.19,0.19378,71.836
12942,07/14/2026 09:32:30,1.745,73.573,13.38,0.19287,71.828
12943,07/14/2026 09:42:30,1.751,73.572,13.57,0.19344,71.821
12944,07/14/2026 09:52:30,1.752,73.563,13.77,0.19359,71.811
12945,07/14/2026 10:02:30,1.746,73.542,14.05,0.19289,71.796
12946,07/14/2026 10:12:30,1.750,73.532,14.34,0.19339,71.782
12947,07/14/2026 10:22:30,1.754,73.523,14.53,0.19375,71.769
12948,07/14/2026 10:32:30,1.755,73.514,14.82,0.19383,71.759
12949,07/14/2026 10:42:30,1.753,73.496,15.11,0.19369,71.743
12950,07/14/2026 10:52:30,1.760,73.491,15.49,0.19434,71.731
12951,07/14/2026 11:02:30,1.765,73.485,15.78,0.19491,71.720
12952,07/14/2026 11:12:30,1.767,73.484,16.16,0.19506,71.717
12953,07/14/2026 11:22:30,1.777,73.495,16.45,0.19613,71.718
12954,07/14/2026 11:32:30,1.787,73.501,16.83,0.19720,71.714
12955,07/14/2026 11:42:30,1.773,73.484,17.11,0.19573,71.711
12956,07/14/2026 11:52:30,1.789,73.495,17.40,0.19743,71.706
12957,07/14/2026 12:02:30,1.779,73.486,17.68,0.19638,71.707
12958,07/14/2026 12:12:30,1.781,73.493,17.78,0.19667,71.712
12959,07/14/2026 12:22:30,1.782,73.502,17.68,0.19666,71.720
12960,07/14/2026 12:32:30,1.789,73.514,17.68,0.19744,71.725
12961,07/14/2026 12:42:30,1.780,73.503,17.49,0.19644,71.723
12962,07/14/2026 12:52:30,1.780,73.507,17.40,0.19651,71.727
12963,07/14/2026 13:02:30,1.773,73.488,17.21,0.19573,71.715
12964,07/14/2026 13:12:30,1.768,73.480,17.11,0.19523,71.712
12965,07/14/2026 13:22:30,1.769,73.464,17.02,0.19537,71.695
12966,07/14/2026 13:32:30,1.763,73.468,16.92,0.19481,71.705
12967,07/14/2026 13:42:30,1.766,73.456,17.02,0.19502,71.690
12968,07/14/2026 13:52:30,1.784,73.464,17.11,0.19685,71.680
12969,07/14/2026 14:02:30,1.780,73.455,17.21,0.19651,71.675
12970,07/14/2026 14:12:30,1.768,73.435,17.30,0.19524,71.667
12971,07/14/2026 14:22:30,1.771,73.471,17.40,0.19553,71.700
12972,07/14/2026 14:32:30,1.785,73.531,17.40,0.19700,71.746
12973,07/14/2026 14:42:30,1.773,73.576,17.30,0.19573,71.803
12974,07/14/2026 14:52:30,1.773,73.609,17.11,0.19573,71.836
12975,07/14/2026 15:02:30,1.759,73.597,17.02,0.19439,71.838
12976,07/14/2026 15:12:30,1.757,73.598,16.92,0.19410,71.841
12977,07/14/2026 15:22:30,1.755,73.582,16.83,0.19389,71.827
12978,07/14/2026 15:32:30,1.767,73.574,16.83,0.19516,71.807
12979,07/14/2026 15:42:30,1.758,73.542,16.73,0.19424,71.784
12980,07/14/2026 15:52:30,1.752,73.510,16.73,0.19353,71.758
12981,07/14/2026 16:02:30,1.763,73.506,16.73,0.19466,71.743
12982,07/14/2026 16:12:30,1.757,73.481,16.73,0.19417,71.724
12983,07/14/2026 16:22:30,1.774,73.465,16.73,0.19586,71.691
12984,07/14/2026 16:32:30,1.776,73.469,16.73,0.19607,71.693
12985,07/14/2026 16:42:30,1.779,73.469,16.83,0.19635,71.690
12986,07/14/2026 16:52:30,1.783,73.481,16.83,0.19677,71.698
12987,07/14/2026 17:02:30,1.788,73.477,16.92,0.19727,71.689
12988,07/14/2026 17:12:30,1.785,73.480,17.02,0.19699,71.695
12989,07/14/2026 17:22:30,1.803,73.492,17.11,0.19883,71.689
12990,07/14/2026 17:32:30,1.796,73.480,17.11,0.19812,71.684
12991,07/14/2026 17:42:30,1.792,73.472,17.11,0.19770,71.680
12992,07/14/2026 17:52:30,1.798,73.472,17.02,0.19833,71.674
12993,07/14/2026 18:02:30,1.803,73.477,16.92,0.19875,71.674
12994,07/14/2026 18:12:30,1.803,73.464,16.92,0.19889,71.661
12995,07/14/2026 18:22:30,1.796,73.453,16.83,0.19804,71.657
12996,07/14/2026 18:32:30,1.793,73.445,16.83,0.19776,71.652
12997,07/14/2026 18:42:30,1.809,73.465,16.73,0.19945,71.656
12998,07/14/2026 18:52:30,1.795,73.465,16.73,0.19804,71.670
12999,07/14/2026 19:02:30,1.791,73.469,16.73,0.19762,71.678
13000,07/14/2026 19:12:30,1.805,73.474,16.64,0.19895,71.669
13001,07/14/2026 19:22:30,1.808,73.486,16.64,0.19930,71.678
13002,07/14/2026 19:32:30,1.799,73.482,16.54,0.19838,71.683
13003,07/14/2026 19:42:30,1.813,73.511,16.45,0.19979,71.698
13004,07/14/2026 19:52:30,1.799,73.495,16.35,0.19838,71.696
13005,07/14/2026 20:02:30,1.806,73.516,16.25,0.19908,71.710
13006,07/14/2026 20:12:30,1.792,73.512,16.16,0.19767,71.720
13007,07/14/2026 20:22:30,1.794,73.524,16.06,0.19795,71.730
13008,07/14/2026 20:32:30,1.795,73.521,15.97,0.19794,71.726
13009,07/14/2026 20:42:30,1.795,73.525,15.87,0.19801,71.730
13010,07/14/2026 20:52:30,1.799,73.534,15.78,0.19836,71.735
13011,07/14/2026 21:02:30,1.785,73.522,15.68,0.19695,71.737
13012,07/14/2026 21:12:30,1.790,73.531,15.49,0.19744,71.741
13013,07/14/2026 21:22:30,1.770,73.527,15.40,0.19546,71.757
13014,07/14/2026 21:32:30,1.796,73.564,15.30,0.19806,71.768
13015,07/14/2026 21:42:30,1.791,73.557,15.20,0.19750,71.766
13016,07/14/2026 21:52:30,1.797,73.561,15.11,0.19813,71.764
13017,07/14/2026 22:02:30,1.786,73.565,15.01,0.19707,71.779
13018,07/14/2026 22:12:30,1.777,73.566,14.92,0.19608,71.789
13019,07/14/2026 22:22:30,1.778,73.574,14.82,0.19622,71.796
13020,07/14/2026 22:32:30,1.770,73.575,14.73,0.19537,71.805
13021,07/14/2026 22:42:30,1.777,73.583,14.63,0.19614,71.806
13022,07/14/2026 22:52:30,1.771,73.580,14.53,0.19544,71.809
13023,07/14/2026 23:02:30,1.771,73.576,14.44,0.19550,71.805
13024,07/14/2026 23:12:30,1.780,73.572,14.44,0.19642,71.792
13025,07/14/2026 23:22:30,1.764,73.557,14.34,0.19473,71.793
13026,07/14/2026 23:32:30,1.769,73.561,14.25,0.19529,71.792
13027,07/14/2026 23:42:30,1.759,73.553,14.15,0.19430,71.794
13028,07/14/2026 23:52:30,1.763,73.550,14.05,0.19465,71.787
13029,07/15/2026 00:02:30,1.762,73.538,13.96,0.19458,71.776
13030,07/15/2026 00:12:30,1.774,73.535,13.86,0.19577,71.761
13031,07/15/2026 00:22:30,1.765,73.519,13.77,0.19485,71.754
13032,07/15/2026 00:32:30,1.755,73.499,13.67,0.19386,71.744
13033,07/15/2026 00:42:30,1.754,73.504,13.57,0.19372,71.750
13034,07/15/2026 00:52:30,1.772,73.516,13.57,0.19555,71.744
13035,07/15/2026 01:02:30,1.765,73.512,13.48,0.19492,71.747
13036,07/15/2026 01:12:30,1.759,73.513,13.38,0.19421,71.754
13037,07/15/2026 01:22:30,1.765,73.517,13.28,0.19491,71.752
13038,07/15/2026 01:32:30,1.769,73.517,13.28,0.19526,71.748
13039,07/15/2026 01:42:30,1.762,73.514,13.19,0.19449,71.752
13040,07/15/2026 01:52:30,1.760,73.506,13.09,0.19434,71.746
13041,07/15/2026 02:02:30,1.768,73.510,13.09,0.19519,71.742
13042,07/15/2026 02:12:30,1.767,73.503,13.00,0.19504,71.736
13043,07/15/2026 02:22:30,1.781,73.511,12.90,0.19652,71.730
13044,07/15/2026 02:32:30,1.757,73.491,12.90,0.19406,71.734
13045,07/15/2026 02:42:30,1.769,73.504,12.80,0.19525,71.735
13046,07/15/2026 02:52:30,1.752,73.488,12.71,0.19349,71.736
13047,07/15/2026 03:02:30,1.766,73.500,12.71,0.19497,71.734
13048,07/15/2026 03:12:30,1.766,73.493,12.61,0.19489,71.727
13049,07/15/2026 03:22:30,1.754,73.493,12.51,0.19377,71.739
13050,07/15/2026 03:32:30,1.762,73.489,12.51,0.19454,71.727
13051,07/15/2026 03:42:30,1.771,73.502,12.42,0.19545,71.731
13052,07/15/2026 03:52:30,1.768,73.498,12.42,0.19510,71.730
13053,07/15/2026 04:02:30,1.763,73.478,12.32,0.19461,71.715
13054,07/15/2026 04:12:30,1.762,73.475,12.22,0.19446,71.713
13055,07/15/2026 04:22:30,1.756,73.467,12.22,0.19390,71.711
13056,07/15/2026 04:32:30,1.759,73.475,12.12,0.19425,71.716
13057,07/15/2026 04:42:30,1.764,73.475,12.12,0.19474,71.711
13058,07/15/2026 04:52:30,1.762,73.484,12.03,0.19453,71.722
13059,07/15/2026 05:02:30,1.757,73.476,11.93,0.19403,71.719
13060,07/15/2026 05:12:30,1.750,73.480,11.93,0.19333,71.730
13061,07/15/2026 05:22:30,1.754,73.489,11.83,0.19368,71.735
13062,07/15/2026 05:32:30,1.758,73.502,11.74,0.19403,71.744
13063,07/15/2026 05:42:30,1.749,73.494,11.74,0.19311,71.745
13064,07/15/2026 05:52:30,1.749,73.494,11.64,0.19318,71.745
13065,07/15/2026 06:02:30,1.764,73.499,11.54,0.19466,71.735
13066,07/15/2026 06:12:30,1.753,73.491,11.54,0.19353,71.738
13067,07/15/2026 06:22:30,1.747,73.491,11.44,0.19297,71.744
13068,07/15/2026 06:32:30,1.760,73.503,11.44,0.19430,71.743
13069,07/15/2026 06:42:30,1.735,73.476,11.35,0.19170,71.741
13070,07/15/2026 06:52:30,1.734,73.480,11.35,0.19163,71.746
13071,07/15/2026 07:02:30,1.744,73.488,11.25,0.19268,71.744
13072,07/15/2026 07:12:30,1.750,73.493,11.25,0.19317,71.743
13073,07/15/2026 07:22:30,1.750,73.497,11.25,0.19317,71.747
13074,07/15/2026 07:32:30,1.748,73.505,11.25,0.19303,71.757
13075,07/15/2026 07:42:30,1.735,73.497,11.25,0.19170,71.762
13076,07/15/2026 07:52:30,1.741,73.501,11.25,0.19226,71.760
13077,07/15/2026 08:02:30,1.745,73.500,11.35,0.19275,71.755
13078,07/15/2026 08:12:30,1.739,73.492,11.35,0.19212,71.753
13079,07/15/2026 08:22:30,1.752,73.491,11.44,0.19353,71.739
13080,07/15/2026 08:32:30,1.753,73.491,11.54,0.19353,71.738
13081,07/15/2026 08:42:30,1.751,73.490,11.64,0.19339,71.739
13082,07/15/2026 08:52:30,1.756,73.498,11.74,0.19382,71.742
13083,07/15/2026 09:02:30,1.753,73.485,11.93,0.19354,71.732
13084,07/15/2026 09:12:30,1.775,73.492,12.03,0.19579,71.717
13085,07/15/2026 09:22:30,1.746,73.459,12.22,0.19284,71.713
13086,07/15/2026 09:32:30,1.751,73.450,12.42,0.19334,71.699
13087,07/15/2026 09:42:30,1.751,73.436,12.71,0.19335,71.685
13088,07/15/2026 09:52:30,1.767,73.443,12.90,0.19504,71.676
13089,07/15/2026 10:02:30,1.762,73.421,13.19,0.19456,71.659
13090,07/15/2026 10:12:30,1.761,73.404,13.38,0.19442,71.643
13091,07/15/2026 10:22:30,1.769,73.394,13.67,0.19527,71.625
13092,07/15/2026 10:32:30,1.768,73.389,13.96,0.19514,71.621
13093,07/15/2026 10:42:30,1.759,73.371,14.25,0.19430,71.612
13094,07/15/2026 10:52:30,1.771,73.378,14.53,0.19551,71.607
13095,07/15/2026 11:02:30,1.774,73.373,14.82,0.19580,71.599
13096,07/15/2026 11:12:30,1.771,73.371,15.20,0.19546,71.600
13097,07/15/2026 11:22:30,1.782,73.390,15.49,0.19659,71.608
13098,07/15/2026 11:32:30,1.802,73.399,16.06,0.19872,71.597
13099,07/15/2026 11:42:30,1.804,73.394,16.35,0.19894,71.590
13100,07/15/2026 11:52:30,1.809,73.393,16.64,0.19944,71.584
13101,07/15/2026 12:02:30,1.787,73.368,16.92,0.19713,71.581
13102,07/15/2026 12:12:30,1.817,73.379,17.21,0.20024,71.562
13103,07/15/2026 12:22:30,1.809,73.382,17.40,0.19947,71.573
13104,07/15/2026 12:32:30,1.807,73.353,17.68,0.19934,71.545
13105,07/15/2026 12:42:30,1.828,73.372,17.88,0.20139,71.544
13106,07/15/2026 12:52:30,1.821,73.348,17.88,0.20068,71.527
13107,07/15/2026 13:02:30,1.823,73.348,17.78,0.20089,71.525
13108,07/15/2026 13:12:30,1.801,73.304,17.59,0.19870,71.503
13109,07/15/2026 13:22:30,1.806,73.297,17.40,0.19919,71.491
13110,07/15/2026 13:32:30,1.804,73.281,17.40,0.19891,71.477
13111,07/15/2026 13:42:30,1.813,73.272,17.59,0.19990,71.459
13112,07/15/2026 13:52:30,1.820,73.296,17.78,0.20054,71.476
13113,07/15/2026 14:02:30,1.806,73.284,17.68,0.19913,71.478
13114,07/15/2026 14:12:30,1.820,73.297,17.49,0.20053,71.477
13115,07/15/2026 14:22:30,1.811,73.289,17.30,0.19968,71.478
13116,07/15/2026 14:32:30,1.805,73.282,17.21,0.19897,71.477
13117,07/15/2026 14:42:30,1.800,73.274,17.02,0.19854,71.474
13118,07/15/2026 14:52:30,1.802,73.271,16.92,0.19868,71.469
13119,07/15/2026 15:02:30,1.802,73.300,16.73,0.19867,71.498
13120,07/15/2026 15:12:30,1.801,73.296,16.64,0.19860,71.495
13121,07/15/2026 15:22:30,1.805,73.296,16.54,0.19909,71.491
13122,07/15/2026 15:32:30,1.801,73.272,16.54,0.19867,71.471
13123,07/15/2026 15:42:30,1.798,73.265,16.45,0.19824,71.467
13124,07/15/2026 15:52:30,1.795,73.261,16.45,0.19796,71.466
13125,07/15/2026 16:02:30,1.819,73.285,16.45,0.20042,71.466
13126,07/15/2026 16:12:30,1.810,73.261,16.45,0.19951,71.451
13127,07/15/2026 16:22:30,1.809,73.264,16.54,0.19944,71.455
13128,07/15/2026 16:32:30,1.820,73.260,16.54,0.20057,71.440
13129,07/15/2026 16:42:30,1.816,73.256,16.54,0.20014,71.440
13130,07/15/2026 16:52:30,1.804,73.248,16.64,0.19888,71.444
13131,07/15/2026 17:02:30,1.810,73.268,16.54,0.19958,71.458
13132,07/15/2026 17:12:30,1.799,73.280,16.54,0.19845,71.481
13133,07/15/2026 17:22:30,1.797,73.309,16.45,0.19817,71.512
13134,07/15/2026 17:32:30,1.801,73.361,16.45,0.19866,71.560
13135,07/15/2026 17:42:30,1.802,73.354,16.25,0.19873,71.552
13136,07/15/2026 17:52:30,1.796,73.355,16.16,0.19802,71.559
13137,07/15/2026 18:02:30,1.797,73.371,16.06,0.19823,71.574
13138,07/15/2026 18:12:30,1.788,73.327,15.97,0.19724,71.539
13139,07/15/2026 18:22:30,1.799,73.360,15.87,0.19836,71.561
13140,07/15/2026 18:32:30,1.799,73.364,15.78,0.19843,71.565
13141,07/15/2026 18:42:30,1.791,73.352,15.78,0.19759,71.561
13142,07/15/2026 18:52:30,1.792,73.368,15.78,0.19773,71.576
13143,07/15/2026 19:02:30,1.795,73.377,15.68,0.19793,71.582
13144,07/15/2026 19:12:30,1.798,73.369,15.68,0.19822,71.571
13145,07/15/2026 19:22:30,1.802,73.369,15.68,0.19864,71.567
13146,07/15/2026 19:32:30,1.798,73.353,15.59,0.19828,71.555
13147,07/15/2026 19:42:30,1.797,73.357,15.59,0.19814,71.560
13148,07/15/2026 19:52:30,1.791,73.353,15.49,0.19758,71.562
13149,07/15/2026 20:02:30,1.800,73.366,15.49,0.19842,71.566
13150,07/15/2026 20:12:30,1.782,73.350,15.40,0.19659,71.568
13151,07/15/2026 20:22:30,1.800,73.378,15.40,0.19849,71.578
13152,07/15/2026 20:32:30,1.810,73.399,15.30,0.19947,71.589
13153,07/15/2026 20:42:30,1.803,73.395,15.20,0.19876,71.592
13154,07/15/2026 20:52:30,1.793,73.387,15.11,0.19778,71.594
13155,07/15/2026 21:02:30,1.807,73.404,15.01,0.19918,71.597
13156,07/15/2026 21:12:30,1.789,73.388,14.92,0.19735,71.599
13157,07/15/2026 21:22:30,1.785,73.385,14.82,0.19692,71.600
13158,07/15/2026 21:32:30,1.784,73.397,14.73,0.19685,71.613
13159,07/15/2026 21:42:30,1.791,73.406,14.63,0.19748,71.615
13160,07/15/2026 21:52:30,1.800,73.414,14.53,0.19846,71.614
13161,07/15/2026 22:02:30,1.782,73.422,14.53,0.19663,71.640
13162,07/15/2026 22:12:30,1.783,73.435,14.44,0.19670,71.652
13163,07/15/2026 22:22:30,1.776,73.431,14.34,0.19606,71.655
13164,07/15/2026 22:32:30,1.776,73.428,14.25,0.19599,71.652
13165,07/15/2026 22:42:30,1.778,73.428,14.25,0.19620,71.650
13166,07/15/2026 22:52:30,1.780,73.449,14.15,0.19634,71.669
13167,07/15/2026 23:02:30,1.767,73.445,14.05,0.19507,71.678
13168,07/15/2026 23:12:30,1.795,73.466,13.96,0.19788,71.671
13169,07/15/2026 23:22:30,1.795,73.466,13.96,0.19788,71.671
13170,07/15/2026 23:32:30,1.803,73.482,13.86,0.19873,71.679
13171,07/15/2026 23:42:30,1.780,73.450,13.77,0.19640,71.670
13172,07/15/2026 23:52:30,1.787,73.450,13.77,0.19710,71.663
13173,07/16/2026 00:02:30,1.797,73.463,13.67,0.19809,71.666
13174,07/16/2026 00:12:30,1.793,73.463,13.67,0.19774,71.670
13175,07/16/2026 00:22:30,1.790,73.460,13.57,0.19731,71.670
13176,07/16/2026 00:32:30,1.785,73.455,13.57,0.19696,71.670
13177,07/16/2026 00:42:30,1.785,73.448,13.48,0.19689,71.663
13178,07/16/2026 00:52:30,1.798,73.464,13.48,0.19822,71.666
13179,07/16/2026 01:02:30,1.787,73.456,13.38,0.19716,71.669
13180,07/16/2026 01:12:30,1.786,73.452,13.38,0.19702,71.666
13181,07/16/2026 01:22:30,1.803,73.461,13.28,0.19871,71.658
13182,07/16/2026 01:32:30,1.781,73.437,13.28,0.19646,71.656
13183,07/16/2026 01:42:30,1.798,73.457,13.19,0.19821,71.659
13184,07/16/2026 01:52:30,1.782,73.445,13.19,0.19660,71.663
13185,07/16/2026 02:02:30,1.777,73.438,13.09,0.19603,71.661
13186,07/16/2026 02:12:30,1.787,73.442,13.00,0.19708,71.655
13187,07/16/2026 02:22:30,1.766,73.418,13.00,0.19497,71.652
13188,07/16/2026 02:32:30,1.776,73.423,12.90,0.19589,71.647
13189,07/16/2026 02:42:30,1.769,73.423,12.80,0.19525,71.654
13190,07/16/2026 02:52:30,1.776,73.423,12.80,0.19595,71.647
13191,07/16/2026 03:02:30,1.769,73.420,12.71,0.19518,71.651
13192,07/16/2026 03:12:30,1.760,73.408,12.61,0.19433,71.648
13193,07/16/2026 03:22:30,1.766,73.413,12.51,0.19489,71.647
13194,07/16/2026 03:32:30,1.777,73.417,12.51,0.19602,71.640
13195,07/16/2026 03:42:30,1.768,73.405,12.42,0.19517,71.637
13196,07/16/2026 03:52:30,1.770,73.402,12.32,0.19531,71.632
13197,07/16/2026 04:02:30,1.778,73.406,12.32,0.19608,71.628
13198,07/16/2026 04:12:30,1.764,73.386,12.22,0.19474,71.622
13199,07/16/2026 04:22:30,1.766,73.391,12.12,0.19488,71.625
13200,07/16/2026 04:32:30,1.771,73.391,12.12,0.19537,71.620
13201,07/16/2026 04:42:30,1.770,73.387,12.03,0.19530,71.617
13202,07/16/2026 04:52:30,1.773,73.388,11.93,0.19558,71.615
13203,07/16/2026 05:02:30,1.771,73.392,11.93,0.19537,71.621
13204,07/16/2026 05:12:30,1.763,73.384,11.83,0.19459,71.621
13205,07/16/2026 05:22:30,1.753,73.381,11.74,0.19354,71.628
13206,07/16/2026 05:32:30,1.761,73.397,11.74,0.19438,71.636
13207,07/16/2026 05:42:30,1.769,73.410,11.64,0.19515,71.641
13208,07/16/2026 05:52:30,1.767,73.410,11.54,0.19501,71.643
13209,07/16/2026 06:02:30,1.762,73.402,11.54,0.19452,71.640
13210,07/16/2026 06:12:30,1.771,73.415,11.44,0.19536,71.644
13211,07/16/2026 06:22:30,1.769,73.411,11.44,0.19515,71.642
13212,07/16/2026 06:32:30,1.768,73.419,11.35,0.19515,71.651
13213,07/16/2026 06:42:30,1.758,73.420,11.25,0.19409,71.662
13214,07/16/2026 06:52:30,1.764,73.432,11.25,0.19472,71.668
13215,07/16/2026 07:02:30,1.757,73.428,11.25,0.19395,71.671
13216,07/16/2026 07:12:30,1.749,73.428,11.25,0.19317,71.679
13217,07/16/2026 07:22:30,1.760,73.436,11.25,0.19430,71.676
13218,07/16/2026 07:32:30,1.764,73.440,11.25,0.19472,71.676
13219,07/16/2026 07:42:30,1.752,73.424,11.25,0.19346,71.672
13220,07/16/2026 07:52:30,1.759,73.432,11.25,0.19416,71.673
13221,07/16/2026 08:02:30,1.758,73.427,11.35,0.19409,71.669
13222,07/16/2026 08:12:30,1.755,73.431,11.35,0.19381,71.676
13223,07/16/2026 08:22:30,1.765,73.431,11.44,0.19480,71.666
13224,07/16/2026 08:32:30,1.750,73.415,11.44,0.19325,71.665
13225,07/16/2026 08:42:30,1.766,73.418,11.54,0.19494,71.652
13226,07/16/2026 08:52:30,1.757,73.409,11.74,0.19396,71.652
13227,07/16/2026 09:02:30,1.751,73.400,11.83,0.19340,71.649
13228,07/16/2026 09:12:30,1.752,73.387,12.03,0.19347,71.635
13229,07/16/2026 09:22:30,1.732,73.350,12.22,0.19144,71.618
13230,07/16/2026 09:32:30,1.727,73.337,12.42,0.19088,71.610
13231,07/16/2026 09:42:30,1.720,73.315,12.61,0.19025,71.595
13232,07/16/2026 09:52:30,1.716,73.294,12.90,0.18976,71.578
13233,07/16/2026 10:02:30,1.724,73.297,13.09,0.19061,71.573
13234,07/16/2026 10:12:30,1.743,73.315,13.38,0.19259,71.572
13235,07/16/2026 10:22:30,1.731,73.294,13.67,0.19133,71.563
13236,07/16/2026 10:32:30,1.739,73.292,13.96,0.19218,71.553
13237,07/16/2026 10:42:30,1.739,73.283,14.25,0.19219,71.544
13238,07/16/2026 10:52:30,1.744,73.281,14.63,0.19269,71.537
13239,07/16/2026 11:02:30,1.755,73.283,14.92,0.19390,71.528
13240,07/16/2026 11:12:30,1.779,73.294,15.30,0.19630,71.515
13241,07/16/2026 11:22:30,1.799,73.309,15.59,0.19835,71.510
13242,07/16/2026 11:32:30,1.808,73.319,15.97,0.19928,71.511
13243,07/16/2026 11:42:30,1.819,73.326,16.25,0.20042,71.507
13244,07/16/2026 11:52:30,1.811,73.309,16.54,0.19958,71.498
13245,07/16/2026 12:02:30,1.818,73.309,16.54,0.20028,71.491
13246,07/16/2026 12:12:30,1.828,73.304,16.73,0.20135,71.476
13247,07/16/2026 12:22:30,1.827,73.299,16.92,0.20128,71.472
13248,07/16/2026 12:32:30,1.827,73.307,17.02,0.20122,71.480
13249,07/16/2026 12:42:30,1.830,73.307,16.83,0.20163,71.477
13250,07/16/2026 12:52:30,1.835,73.308,16.73,0.20205,71.473
13251,07/16/2026 13:02:30,1.824,73.308,16.64,0.20099,71.484
13252,07/16/2026 13:12:30,1.832,73.305,16.54,0.20169,71.473
13253,07/16/2026 13:22:30,1.817,73.281,16.35,0.20028,71.464
13254,07/16/2026 13:32:30,1.830,73.277,16.35,0.20155,71.447
13255,07/16/2026 13:42:30,1.837,73.281,16.35,0.20232,71.444
13256,07/16/2026 13:52:30,1.836,73.280,16.73,0.20212,71.444
13257,07/16/2026 14:02:30,1.837,73.291,17.02,0.20234,71.453
13258,07/16/2026 14:12:30,1.834,73.298,17.21,0.20200,71.464
13259,07/16/2026 14:22:30,1.829,73.297,17.40,0.20151,71.468
13260,07/16/2026 14:32:30,1.828,73.304,17.59,0.20145,71.476
13261,07/16/2026 14:42:30,1.837,73.332,17.68,0.20237,71.495
13262,07/16/2026 14:52:30,1.827,73.336,17.78,0.20131,71.509
13263,07/16/2026 15:02:30,1.819,73.312,17.68,0.20047,71.493
13264,07/16/2026 15:12:30,1.826,73.300,17.78,0.20117,71.474
13265,07/16/2026 15:22:30,1.825,73.295,17.88,0.20111,71.470
13266,07/16/2026 15:32:30,1.811,73.291,17.97,0.19963,71.480
13267,07/16/2026 15:42:30,1.830,73.308,17.78,0.20160,71.478
13268,07/16/2026 15:52:30,1.822,73.321,17.59,0.20074,71.499
13269,07/16/2026 16:02:30,1.818,73.325,17.49,0.20039,71.507
13270,07/16/2026 16:12:30,1.824,73.350,17.40,0.20095,71.526
13271,07/16/2026 16:22:30,1.826,73.370,17.21,0.20122,71.544
13272,07/16/2026 16:32:30,1.837,73.383,17.11,0.20228,71.546
13273,07/16/2026 16:42:30,1.834,73.368,16.92,0.20192,71.534
13274,07/16/2026 16:52:30,1.821,73.356,16.83,0.20065,71.535
13275,07/16/2026 17:02:30,1.828,73.368,16.73,0.20142,71.540
13276,07/16/2026 17:12:30,1.845,73.377,16.64,0.20310,71.532
13277,07/16/2026 17:22:30,1.844,73.393,16.54,0.20303,71.549
13278,07/16/2026 17:32:30,1.841,73.397,16.54,0.20275,71.556
13279,07/16/2026 17:42:30,1.835,73.409,16.54,0.20212,71.574
13280,07/16/2026 17:52:30,1.820,73.398,16.45,0.20049,71.578
13281,07/16/2026 18:02:30,1.831,73.414,16.35,0.20169,71.583
13282,07/16/2026 18:12:30,1.828,73.411,16.25,0.20133,71.583
13283,07/16/2026 18:22:30,1.830,73.423,16.16,0.20154,71.593
13284,07/16/2026 18:32:30,1.831,73.420,16.06,0.20161,71.589
13285,07/16/2026 18:42:30,1.836,73.432,15.97,0.20217,71.596
13286,07/16/2026 18:52:30,1.830,73.412,15.87,0.20160,71.582
13287,07/16/2026 19:02:30,1.820,73.412,15.87,0.20054,71.592
13288,07/16/2026 19:12:30,1.819,73.421,15.78,0.20040,71.602
13289,07/16/2026 19:22:30,1.820,73.417,15.78,0.20047,71.597
13290,07/16/2026 19:32:30,1.824,73.417,15.78,0.20089,71.593
13291,07/16/2026 19:42:30,1.825,73.413,15.68,0.20103,71.588
13292,07/16/2026 19:52:30,1.814,73.397,15.68,0.19991,71.583
13293,07/16/2026 20:02:30,1.821,73.401,15.59,0.20068,71.580
13294,07/16/2026 20:12:30,1.825,73.414,15.59,0.20096,71.589
13295,07/16/2026 20:22:30,1.832,73.422,15.49,0.20173,71.590
13296,07/16/2026 20:32:30,1.819,73.418,15.49,0.20039,71.599
13297,07/16/2026 20:42:30,1.821,73.422,15.40,0.20067,71.601
13298,07/16/2026 20:52:30,1.829,73.435,15.40,0.20137,71.606
13299,07/16/2026 21:02:30,1.826,73.443,15.30,0.20116,71.617
13300,07/16/2026 21:12:30,1.826,73.440,15.20,0.20109,71.614
13301,07/16/2026 21:22:30,1.818,73.440,15.20,0.20024,71.622
13302,07/16/2026 21:32:30,1.818,73.444,15.11,0.20031,71.626
13303,07/16/2026 21:42:30,1.810,73.436,15.01,0.19953,71.626
13304,07/16/2026 21:52:30,1.812,73.448,15.01,0.19974,71.636
13305,07/16/2026 22:02:30,1.819,73.453,14.92,0.20037,71.634
13306,07/16/2026 22:12:30,1.823,73.469,14.92,0.20080,71.646
13307,07/16/2026 22:22:30,1.822,73.465,14.82,0.20072,71.643
13308,07/16/2026 22:32:30,1.824,73.478,14.82,0.20086,71.654
13309,07/16/2026 22:42:30,1.819,73.478,14.73,0.20037,71.659
13310,07/16/2026 22:52:30,1.827,73.486,14.73,0.20121,71.659
13311,07/16/2026 23:02:30,1.820,73.478,14.73,0.20051,71.658
13312,07/16/2026 23:12:30,1.844,73.491,14.63,0.20290,71.647
13313,07/16/2026 23:22:30,1.821,73.466,14.63,0.20065,71.645
13314,07/16/2026 23:32:30,1.836,73.491,14.63,0.20206,71.655
13315,07/16/2026 23:42:30,1.834,73.487,14.53,0.20191,71.653
13316,07/16/2026 23:52:30,1.839,73.503,14.53,0.20240,71.664
13317,07/17/2026 00:02:30,1.823,73.487,14.44,0.20085,71.664
13318,07/17/2026 00:12:30,1.825,73.479,14.44,0.20106,71.654
13319,07/17/2026 00:22:30,1.831,73.484,14.34,0.20162,71.653
13320,07/17/2026 00:32:30,1.829,73.480,14.34,0.20141,71.651
13321,07/17/2026 00:42:30,1.839,73.488,14.34,0.20240,71.649
13322,07/17/2026 00:52:30,1.831,73.476,14.25,0.20162,71.645
13323,07/17/2026 01:02:30,1.838,73.488,14.25,0.20233,71.650
13324,07/17/2026 01:12:30,1.837,73.480,14.25,0.20226,71.643
13325,07/17/2026 01:22:30,1.825,73.465,14.15,0.20091,71.640
13326,07/17/2026 01:32:30,1.818,73.461,14.15,0.20021,71.643
13327,07/17/2026 01:42:30,1.831,73.481,14.05,0.20162,71.650
13328,07/17/2026 01:52:30,1.810,73.454,13.96,0.19943,71.644
13329,07/17/2026 02:02:30,1.798,73.441,13.96,0.19824,71.643
13330,07/17/2026 02:12:30,1.806,73.454,13.86,0.19901,71.648
13331,07/17/2026 02:22:30,1.798,73.442,13.77,0.19823,71.644
13332,07/17/2026 02:32:30,1.810,73.455,13.67,0.19942,71.645
13333,07/17/2026 02:42:30,1.807,73.447,13.57,0.19914,71.640
13334,07/17/2026 02:52:30,1.793,73.423,13.57,0.19773,71.630
13335,07/17/2026 03:02:30,1.806,73.432,13.48,0.19900,71.626
13336,07/17/2026 03:12:30,1.804,73.432,13.38,0.19885,71.628
13337,07/17/2026 03:22:30,1.810,73.437,13.28,0.19941,71.627
13338,07/17/2026 03:32:30,1.826,73.469,13.28,0.20110,71.643
13339,07/17/2026 03:42:30,1.812,73.453,13.19,0.19969,71.641
13340,07/17/2026 03:52:30,1.822,73.458,13.09,0.20068,71.636
13341,07/17/2026 04:02:30,1.826,73.470,13.09,0.20110,71.644
13342,07/17/2026 04:12:30,1.842,73.471,13.00,0.20264,71.629
13343,07/17/2026 04:22:30,1.850,73.483,12.90,0.20356,71.633
13344,07/17/2026 04:32:30,1.838,73.467,12.90,0.20229,71.629
13345,07/17/2026 04:42:30,1.840,73.472,12.80,0.20243,71.632
13346,07/17/2026 04:52:30,1.835,73.460,12.80,0.20193,71.625
13347,07/17/2026 05:02:30,1.839,73.468,12.80,0.20236,71.629
13348,07/17/2026 05:12:30,1.837,73.464,12.71,0.20214,71.627
13349,07/17/2026 05:22:30,1.830,73.456,12.71,0.20144,71.626
13350,07/17/2026 05:32:30,1.831,73.457,12.61,0.20151,71.626
13351,07/17/2026 05:42:30,1.838,73.461,12.61,0.20221,71.623
13352,07/17/2026 05:52:30,1.831,73.449,12.51,0.20158,71.618
13353,07/17/2026 06:02:30,1.837,73.453,12.51,0.20214,71.616
13354,07/17/2026 06:12:30,1.824,73.458,12.42,0.20080,71.634
13355,07/17/2026 06:22:30,1.839,73.486,12.42,0.20235,71.647
13356,07/17/2026 06:32:30,1.822,73.470,12.42,0.20059,71.648
13357,07/17/2026 06:42:30,1.813,73.466,12.42,0.19967,71.653
13358,07/17/2026 06:52:30,1.825,73.490,12.42,0.20094,71.665
13359,07/17/2026 07:02:30,1.804,73.474,12.42,0.19876,71.670
13360,07/17/2026 07:12:30,1.819,73.482,12.42,0.20031,71.663
13361,07/17/2026 07:22:30,1.815,73.478,12.42,0.19988,71.663
13362,07/17/2026 07:32:30,1.813,73.478,12.42,0.19967,71.665
13363,07/17/2026 07:42:30,1.825,73.486,12.42,0.20094,71.661
13364,07/17/2026 07:52:30,1.819,73.474,12.42,0.20031,71.655
13365,07/17/2026 08:02:30,1.819,73.481,12.51,0.20038,71.662
13366,07/17/2026 08:12:30,1.806,73.477,12.51,0.19904,71.671
13367,07/17/2026 08:22:30,1.801,73.477,12.51,0.19848,71.676
13368,07/17/2026 08:32:30,1.803,73.489,12.61,0.19869,71.686
13369,07/17/2026 08:42:30,1.811,73.497,12.61,0.19947,71.686
13370,07/17/2026 08:52:30,1.815,73.489,12.61,0.19989,71.674
13371,07/17/2026 09:02:30,1.822,73.488,12.71,0.20067,71.666
13372,07/17/2026 09:12:30,1.818,73.492,12.80,0.20018,71.674
13373,07/17/2026 09:22:30,1.832,73.495,13.00,0.20166,71.663
13374,07/17/2026 09:32:30,1.821,73.474,13.09,0.20053,71.653
13375,07/17/2026 09:42:30,1.801,73.452,13.38,0.19857,71.651
13376,07/17/2026 09:52:30,1.806,73.451,13.57,0.19907,71.645
13377,07/17/2026 10:02:30,1.818,73.454,13.86,0.20027,71.636
13378,07/17/2026 10:12:30,1.814,73.445,14.05,0.19986,71.631
13379,07/17/2026 10:22:30,1.831,73.457,14.15,0.20155,71.626
13380,07/17/2026 10:32:30,1.818,73.448,14.25,0.20028,71.630
13381,07/17/2026 10:42:30,1.821,73.448,14.25,0.20057,71.627
13382,07/17/2026 10:52:30,1.814,73.444,14.25,0.19986,71.630
13383,07/17/2026 11:02:30,1.818,73.448,14.34,0.20022,71.630
13384,07/17/2026 11:12:30,1.825,73.447,14.44,0.20099,71.622
13385,07/17/2026 11:22:30,1.845,73.471,14.44,0.20303,71.626
13386,07/17/2026 11:32:30,1.854,73.475,14.53,0.20395,71.621
13387,07/17/2026 11:42:30,1.864,73.478,14.63,0.20494,71.615
13388,07/17/2026 11:52:30,1.865,73.478,14.63,0.20515,71.613
13389,07/17/2026 12:02:30,1.865,73.470,14.73,0.20508,71.605
13390,07/17/2026 12:12:30,1.876,73.465,14.92,0.20622,71.589
13391,07/17/2026 12:22:30,-0.432,71.177,15.11,-0.02936,71.609
13392,07/17/2026 12:32:30,2.338,73.889,15.78,0.25341,71.551
13393,07/17/2026 12:42:30,2.342,73.880,16.06,0.25377,71.538
13394,07/17/2026 12:52:30,2.344,73.883,16.25,0.25399,71.539
13395,07/17/2026 13:02:30,2.332,73.866,16.54,0.25281,71.534
13396,07/17/2026 13:12:30,2.324,73.853,16.64,0.25204,71.529
13397,07/17/2026 13:22:30,2.324,73.857,16.54,0.25203,71.533
13398,07/17/2026 13:32:30,2.334,73.841,16.64,0.25302,71.507
13399,07/17/2026 13:42:30,2.334,73.856,16.92,0.25303,71.522
13400,07/17/2026 13:52:30,2.335,73.859,17.21,0.25312,71.524
13401,07/17/2026 14:02:30,2.340,73.895,17.30,0.25368,71.555
13402,07/17/2026 14:12:30,2.322,73.907,17.21,0.25185,71.585
13403,07/17/2026 14:22:30,2.327,73.932,17.02,0.25233,71.605
13404,07/17/2026 14:32:30,2.316,73.950,16.73,0.25113,71.634
13405,07/17/2026 14:42:30,2.320,73.958,16.64,0.25161,71.638
13406,07/17/2026 14:52:30,2.333,73.979,16.45,0.25294,71.646
13407,07/17/2026 15:02:30,2.323,73.975,16.35,0.25195,71.652
13408,07/17/2026 15:12:30,2.318,73.984,16.25,0.25139,71.666
13409,07/17/2026 15:22:30,2.322,73.992,16.25,0.25181,71.670
13410,07/17/2026 15:32:30,2.327,74.000,16.16,0.25230,71.673
13411,07/17/2026 15:42:30,2.317,73.988,16.16,0.25131,71.671
13412,07/17/2026 15:52:30,2.316,73.985,16.06,0.25110,71.669
13413,07/17/2026 16:02:30,2.322,73.981,16.06,0.25173,71.659
13414,07/17/2026 16:12:30,2.317,73.960,16.16,0.25124,71.643
13415,07/17/2026 16:22:30,2.334,73.971,16.35,0.25308,71.637
13416,07/17/2026 16:32:30,2.319,73.959,16.35,0.25153,71.640
13417,07/17/2026 16:42:30,2.320,73.951,16.45,0.25154,71.631
13418,07/17/2026 16:52:30,2.311,73.934,16.64,0.25063,71.623
13419,07/17/2026 17:02:30,2.319,73.945,16.73,0.25155,71.626
13420,07/17/2026 17:12:30,2.320,73.941,16.73,0.25169,71.621
13421,07/17/2026 17:22:30,2.308,73.918,16.64,0.25035,71.610
13422,07/17/2026 17:32:30,2.329,73.938,16.54,0.25252,71.609
13423,07/17/2026 17:42:30,2.309,73.922,16.54,0.25048,71.613
13424,07/17/2026 17:52:30,2.306,73.918,16.45,0.25020,71.612
13425,07/17/2026 18:02:30,2.319,73.931,16.35,0.25146,71.612
13426,07/17/2026 18:12:30,2.316,73.935,16.35,0.25118,71.619
13427,07/17/2026 18:22:30,2.314,73.919,16.25,0.25096,71.605
13428,07/17/2026 18:32:30,2.315,73.927,16.25,0.25110,71.612
13429,07/17/2026 18:42:30,2.320,73.924,16.16,0.25152,71.604
13430,07/17/2026 18:52:30,2.316,73.924,16.06,0.25117,71.608
13431,07/17/2026 19:02:30,2.301,73.924,16.06,0.24962,71.623
13432,07/17/2026 19:12:30,2.304,73.937,15.97,0.24990,71.633
13433,07/17/2026 19:22:30,2.292,73.929,15.87,0.24870,71.637
13434,07/17/2026 19:32:30,2.302,73.945,15.78,0.24975,71.643
13435,07/17/2026 19:42:30,2.307,73.966,15.68,0.25024,71.659
13436,07/17/2026 19:52:30,2.291,73.966,15.59,0.24861,71.675
13437,07/17/2026 20:02:30,2.300,73.983,15.49,0.24952,71.683
13438,07/17/2026 20:12:30,2.299,73.987,15.40,0.24945,71.688
13439,07/17/2026 20:22:30,2.304,73.984,15.30,0.24987,71.680
13440,07/17/2026 20:32:30,2.287,73.972,15.30,0.24818,71.685
13441,07/17/2026 20:42:30,2.289,73.976,15.20,0.24839,71.687
13442,07/17/2026 20:52:30,2.286,73.973,15.11,0.24803,71.687
13443,07/17/2026 21:02:30,2.286,73.977,15.11,0.24803,71.691
13444,07/17/2026 21:12:30,2.293,73.989,15.01,0.24880,71.696
13445,07/17/2026 21:22:30,2.290,73.994,14.92,0.24845,71.704
13446,07/17/2026 21:32:30,2.297,74.010,14.82,0.24922,71.713
13447,07/17/2026 21:42:30,2.288,74.011,14.73,0.24823,71.723
13448,07/17/2026 21:52:30,2.288,74.023,14.73,0.24823,71.735
13449,07/17/2026 22:02:30,2.291,74.031,14.63,0.24858,71.740
13450,07/17/2026 22:12:30,2.284,74.032,14.53,0.24780,71.748
13451,07/17/2026 22:22:30,2.289,74.040,14.44,0.24836,71.751
13452,07/17/2026 22:32:30,2.288,74.049,14.34,0.24821,71.761
13453,07/17/2026 22:42:30,2.283,74.045,14.34,0.24772,71.762
13454,07/17/2026 22:52:30,2.287,74.049,14.25,0.24814,71.762
13455,07/17/2026 23:02:30,2.280,74.042,14.15,0.24736,71.762
13456,07/17/2026 23:12:30,2.270,74.042,14.05,0.24637,71.772
13457,07/17/2026 23:22:30,2.276,74.038,14.05,0.24701,71.762
13458,07/17/2026 23:32:30,2.274,74.038,13.96,0.24686,71.764
13459,07/17/2026 23:42:30,2.275,74.043,13.86,0.24693,71.768
13460,07/17/2026 23:52:30,2.267,74.039,13.77,0.24615,71.772
13461,07/18/2026 00:02:30,2.278,74.047,13.77,0.24728,71.769
13462,07/18/2026 00:12:30,2.264,74.036,13.67,0.24573,71.772
13463,07/18/2026 00:22:30,2.270,74.036,13.57,0.24643,71.766
13464,07/18/2026 00:32:30,2.271,74.025,13.48,0.24643,71.754
13465,07/18/2026 00:42:30,2.270,74.025,13.48,0.24635,71.755
13466,07/18/2026 00:52:30,2.264,74.021,13.38,0.24579,71.757
13467,07/18/2026 01:02:30,2.252,74.006,13.28,0.24452,71.754
13468,07/18/2026 01:12:30,2.249,74.002,13.28,0.24431,71.752
13469,07/18/2026 01:22:30,2.245,73.998,13.19,0.24381,71.753
13470,07/18/2026 01:32:30,2.240,73.990,13.09,0.24332,71.750
13471,07/18/2026 01:42:30,2.236,73.983,13.00,0.24289,71.747
13472,07/18/2026 01:52:30,2.240,74.003,13.00,0.24331,71.763
13473,07/18/2026 02:02:30,2.251,74.008,12.90,0.24437,71.757
13474,07/18/2026 02:12:30,2.246,74.004,12.80,0.24394,71.758
13475,07/18/2026 02:22:30,2.251,74.004,12.80,0.24443,71.753
13476,07/18/2026 02:32:30,2.247,74.000,12.71,0.24408,71.753
13477,07/18/2026 02:42:30,2.254,74.005,12.61,0.24471,71.751
13478,07/18/2026 02:52:30,2.256,74.009,12.61,0.24492,71.753
13479,07/18/2026 03:02:30,2.257,74.018,12.51,0.24499,71.761
13480,07/18/2026 03:12:30,2.267,74.034,12.42,0.24604,71.767
13481,07/18/2026 03:22:30,2.265,74.022,12.42,0.24583,71.757
13482,07/18/2026 03:32:30,2.269,74.035,12.32,0.24625,71.766
13483,07/18/2026 03:42:30,2.277,74.035,12.22,0.24709,71.758
13484,07/18/2026 03:52:30,2.278,74.043,12.22,0.24723,71.765
13485,07/18/2026 04:02:30,2.260,74.028,12.12,0.24533,71.768
13486,07/18/2026 04:12:30,2.259,74.028,12.12,0.24519,71.769
13487,07/18/2026 04:22:30,2.267,74.040,12.03,0.24610,71.773
13488,07/18/2026 04:32:30,2.266,74.033,11.93,0.24588,71.767
13489,07/18/2026 04:42:30,2.262,74.033,11.83,0.24553,71.771
13490,07/18/2026 04:52:30,2.276,74.042,11.83,0.24687,71.766
13491,07/18/2026 05:02:30,2.253,74.022,11.74,0.24461,71.769
13492,07/18/2026 05:12:30,2.268,74.042,11.74,0.24616,71.774
13493,07/18/2026 05:22:30,2.271,74.047,11.64,0.24637,71.776
13494,07/18/2026 05:32:30,2.266,74.047,11.64,0.24588,71.781
13495,07/18/2026 05:42:30,2.268,74.055,11.54,0.24615,71.787
13496,07/18/2026 05:52:30,2.257,74.052,11.44,0.24496,71.795
13497,07/18/2026 06:02:30,2.248,74.052,11.44,0.24404,71.804
13498,07/18/2026 06:12:30,2.267,74.060,11.35,0.24608,71.793
13499,07/18/2026 06:22:30,2.272,74.077,11.35,0.24650,71.805
13500,07/18/2026 06:32:30,2.246,74.053,11.25,0.24383,71.807
13501,07/18/2026 06:42:30,2.249,74.061,11.25,0.24418,71.812
13502,07/18/2026 06:52:30,2.248,74.058,11.15,0.24403,71.810
13503,07/18/2026 07:02:30,2.245,74.049,11.15,0.24382,71.804
13504,07/18/2026 07:12:30,2.243,74.054,11.15,0.24347,71.811
13505,07/18/2026 07:22:30,2.246,74.050,11.05,0.24389,71.804
13506,07/18/2026 07:32:30,2.220,74.022,11.05,0.24122,71.802
13507,07/18/2026 07:42:30,2.240,74.038,11.05,0.24326,71.798
13508,07/18/2026 07:52:30,2.221,74.021,11.15,0.24136,71.800
13509,07/18/2026 08:02:30,2.219,74.017,11.15,0.24115,71.798
13510,07/18/2026 08:12:30,2.222,74.009,11.15,0.24143,71.787
13511,07/18/2026 08:22:30,2.217,74.005,11.25,0.24087,71.788
13512,07/18/2026 08:32:30,2.208,73.996,11.35,0.23996,71.788
13513,07/18/2026 08:42:30,2.217,74.007,11.44,0.24095,71.790
13514,07/18/2026 08:52:30,2.212,74.003,11.44,0.24045,71.791
13515,07/18/2026 09:02:30,2.213,73.998,11.64,0.24053,71.785
13516,07/18/2026 09:12:30,2.210,74.002,11.74,0.24018,71.792
13517,07/18/2026 09:22:30,2.208,73.989,11.83,0.24004,71.781
13518,07/18/2026 09:32:30,2.203,73.976,12.03,0.23948,71.773
13519,07/18/2026 09:42:30,2.214,73.979,12.22,0.24062,71.765
13520,07/18/2026 09:52:30,2.207,73.961,12.51,0.23992,71.754
13521,07/18/2026 10:02:30,2.217,73.956,12.71,0.24098,71.739
13522,07/18/2026 10:12:30,2.220,73.955,13.00,0.24120,71.735
13523,07/18/2026 10:22:30,2.212,73.937,13.19,0.24050,71.725
13524,07/18/2026 10:32:30,2.232,73.956,13.48,0.24248,71.724
13525,07/18/2026 10:42:30,2.241,73.959,13.77,0.24341,71.718
13526,07/18/2026 10:52:30,2.232,73.957,14.15,0.24251,71.725
13527,07/18/2026 11:02:30,2.235,73.964,14.44,0.24280,71.729
13528,07/18/2026 11:12:30,2.260,73.978,14.73,0.24541,71.718
13529,07/18/2026 11:22:30,2.259,73.977,15.01,0.24528,71.718
13530,07/18/2026 11:32:30,2.269,73.980,15.30,0.24635,71.711
13531,07/18/2026 11:42:30,2.278,73.978,15.68,0.24728,71.700
13532,07/18/2026 11:52:30,2.262,73.965,15.87,0.24567,71.703
13533,07/18/2026 12:02:30,2.280,73.980,16.25,0.24744,71.700
13534,07/18/2026 12:12:30,2.282,73.978,16.64,0.24774,71.696
13535,07/18/2026 12:22:30,2.288,73.977,16.92,0.24839,71.689
13536,07/18/2026 12:32:30,2.277,73.952,17.21,0.24720,71.675
13537,07/18/2026 12:42:30,2.285,73.963,17.40,0.24806,71.678
13538,07/18/2026 12:52:30,2.289,73.962,17.68,0.24849,71.673
13539,07/18/2026 13:02:30,2.271,73.929,17.97,0.24660,71.658
13540,07/18/2026 13:12:30,2.277,73.928,18.26,0.24725,71.651
13541,07/18/2026 13:22:30,2.282,73.931,18.54,0.24776,71.649
13542,07/18/2026 13:32:30,2.277,73.926,18.83,0.24728,71.649
13543,07/18/2026 13:42:30,2.276,73.913,19.11,0.24722,71.637
13544,07/18/2026 13:52:30,2.269,73.900,19.40,0.24653,71.631
13545,07/18/2026 14:02:30,2.285,73.903,19.59,0.24816,71.618
13546,07/18/2026 14:12:30,2.276,73.887,19.68,0.24725,71.611
13547,07/18/2026 14:22:30,2.276,73.891,19.59,0.24724,71.615
13548,07/18/2026 14:32:30,2.270,73.880,19.30,0.24659,71.610
13549,07/18/2026 14:42:30,2.271,73.885,19.02,0.24672,71.614
13550,07/18/2026 14:52:30,2.266,73.881,18.83,0.24622,71.615
13551,07/18/2026 15:02:30,2.269,73.878,18.64,0.24649,71.609
13552,07/18/2026 15:12:30,2.263,73.870,18.54,0.24592,71.607
13553,07/18/2026 15:22:30,2.271,73.862,18.73,0.24664,71.591
13554,07/18/2026 15:32:30,2.277,73.849,18.92,0.24728,71.572
13555,07/18/2026 15:42:30,2.265,73.820,19.11,0.24609,71.555
13556,07/18/2026 15:52:30,2.282,73.827,19.40,0.24787,71.545
13557,07/18/2026 16:02:30,2.271,73.806,19.59,0.24675,71.535
13558,07/18/2026 16:12:30,2.273,73.789,19.88,0.24698,71.516
13559,07/18/2026 16:22:30,2.272,73.781,20.07,0.24684,71.509
13560,07/18/2026 16:32:30,2.273,73.768,20.16,0.24699,71.495
13561,07/18/2026 16:42:30,2.266,73.756,20.35,0.24622,71.490
13562,07/18/2026 16:52:30,2.288,73.772,20.45,0.24848,71.484
13563,07/18/2026 17:02:30,2.253,73.748,20.35,0.24489,71.495
13564,07/18/2026 17:12:30,2.269,73.768,20.16,0.24657,71.499
13565,07/18/2026 17:22:30,2.268,73.781,19.88,0.24648,71.513
13566,07/18/2026 17:32:30,2.263,73.774,19.68,0.24591,71.511
13567,07/18/2026 17:42:30,2.250,73.750,19.49,0.24456,71.500
13568,07/18/2026 17:52:30,2.254,73.763,19.30,0.24497,71.509
13569,07/18/2026 18:02:30,2.249,73.763,19.21,0.24448,71.514
13570,07/18/2026 18:12:30,2.254,73.760,19.02,0.24496,71.506
13571,07/18/2026 18:22:30,2.247,73.760,18.92,0.24425,71.513
13572,07/18/2026 18:32:30,2.254,73.764,18.83,0.24502,71.510
13573,07/18/2026 18:42:30,2.253,73.776,18.83,0.24488,71.523
13574,07/18/2026 18:52:30,2.253,73.785,18.73,0.24481,71.532
13575,07/18/2026 19:02:30,2.252,73.798,18.54,0.24473,71.546
13576,07/18/2026 19:12:30,2.249,73.814,18.45,0.24444,71.565
13577,07/18/2026 19:22:30,2.236,73.818,18.35,0.24317,71.582
13578,07/18/2026 19:32:30,2.231,73.823,18.26,0.24253,71.592
13579,07/18/2026 19:42:30,2.230,73.836,18.07,0.24245,71.606
13580,07/18/2026 19:52:30,2.229,73.856,17.97,0.24238,71.627
13581,07/18/2026 20:02:30,2.224,73.856,17.88,0.24188,71.632
13582,07/18/2026 20:12:30,2.226,73.873,17.78,0.24202,71.647
13583,07/18/2026 20:22:30,2.242,73.897,17.68,0.24370,71.655
13584,07/18/2026 20:32:30,2.217,73.886,17.59,0.24109,71.669
13585,07/18/2026 20:42:30,2.229,73.910,17.49,0.24236,71.681
13586,07/18/2026 20:52:30,2.229,73.927,17.40,0.24235,71.698
13587,07/18/2026 21:02:30,2.210,73.903,17.30,0.24038,71.693
13588,07/18/2026 21:12:30,2.212,73.919,17.21,0.24065,71.707
13589,07/18/2026 21:22:30,2.205,73.932,17.11,0.23988,71.727
13590,07/18/2026 21:32:30,2.213,73.956,17.11,0.24072,71.743
13591,07/18/2026 21:42:30,2.212,73.961,17.02,0.24058,71.749
13592,07/18/2026 21:52:30,2.221,73.981,16.92,0.24149,71.760
13593,07/18/2026 22:02:30,2.219,73.981,16.92,0.24128,71.762
13594,07/18/2026 22:12:30,2.212,73.990,16.83,0.24057,71.778
13595,07/18/2026 22:22:30,2.216,73.994,16.73,0.24099,71.778
13596,07/18/2026 22:32:30,2.207,73.986,16.73,0.24007,71.779
13597,07/18/2026 22:42:30,2.221,74.002,16.64,0.24155,71.781
13598,07/18/2026 22:52:30,2.198,73.979,16.54,0.23908,71.781
13599,07/18/2026 23:02:30,2.205,73.991,16.54,0.23985,71.786
13600,07/18/2026 23:12:30,2.215,73.999,16.45,0.24090,71.784
13601,07/18/2026 23:22:30,2.212,73.995,16.45,0.24055,71.783
13602,07/18/2026 23:32:30,2.195,73.975,16.35,0.23886,71.780
13603,07/18/2026 23:42:30,2.210,73.987,16.35,0.24041,71.777
13604,07/18/2026 23:52:30,2.212,74.000,16.25,0.24054,71.788
13605,07/19/2026 00:02:30,2.212,74.004,16.25,0.24054,71.792
13606,07/19/2026 00:12:30,2.201,73.992,16.16,0.23948,71.791
13607,07/19/2026 00:22:30,2.211,73.997,16.06,0.24040,71.786
13608,07/19/2026 00:32:30,2.210,73.993,16.06,0.24033,71.783
13609,07/19/2026 00:42:30,2.203,73.977,15.97,0.23962,71.774
13610,07/19/2026 00:52:30,2.212,73.989,15.97,0.24053,71.777
13611,07/19/2026 01:02:30,2.205,73.989,15.87,0.23990,71.784
13612,07/19/2026 01:12:30,2.206,73.986,15.78,0.23989,71.780
13613,07/19/2026 01:22:30,2.209,73.994,15.68,0.24024,71.785
13614,07/19/2026 01:32:30,2.201,73.974,15.68,0.23940,71.773
13615,07/19/2026 01:42:30,2.200,73.970,15.59,0.23932,71.770
13616,07/19/2026 01:52:30,2.198,73.979,15.49,0.23911,71.781
13617,07/19/2026 02:02:30,2.194,73.975,15.40,0.23875,71.781
13618,07/19/2026 02:12:30,2.212,74.000,15.30,0.24051,71.788
13619,07/19/2026 02:22:30,2.200,73.984,15.20,0.23931,71.784
13620,07/19/2026 02:32:30,2.206,73.984,15.20,0.23994,71.778
13621,07/19/2026 02:42:30,2.194,73.973,15.11,0.23860,71.779
13622,07/19/2026 02:52:30,2.199,73.977,15.01,0.23916,71.778
13623,07/19/2026 03:02:30,2.198,73.977,14.92,0.23916,71.779
13624,07/19/2026 03:12:30,2.196,73.974,14.82,0.23887,71.778
13625,07/19/2026 03:22:30,2.192,73.974,14.82,0.23845,71.782
13626,07/19/2026 03:32:30,2.191,73.970,14.73,0.23838,71.779
13627,07/19/2026 03:42:30,2.190,73.963,14.63,0.23823,71.773
13628,07/19/2026 03:52:30,2.193,73.975,14.53,0.23858,71.782
13629,07/19/2026 04:02:30,2.192,73.964,14.44,0.23844,71.772
13630,07/19/2026 04:12:30,2.187,73.972,14.34,0.23794,71.785
13631,07/19/2026 04:22:30,2.188,73.972,14.34,0.23808,71.784
13632,07/19/2026 04:32:30,2.180,73.977,14.25,0.23716,71.797
13633,07/19/2026 04:42:30,2.188,73.981,14.15,0.23807,71.793
13634,07/19/2026 04:52:30,2.193,73.990,14.05,0.23849,71.797
13635,07/19/2026 05:02:30,2.178,73.973,14.05,0.23709,71.795
13636,07/19/2026 05:12:30,2.165,73.958,13.96,0.23567,71.793
13637,07/19/2026 05:22:30,2.173,73.954,13.86,0.23652,71.781
13638,07/19/2026 05:32:30,2.175,73.955,13.77,0.23665,71.780
13639,07/19/2026 05:42:30,2.173,73.955,13.77,0.23644,71.782
13640,07/19/2026 05:52:30,2.179,73.963,13.67,0.23714,71.784
13641,07/19/2026 06:02:30,2.178,73.956,13.57,0.23693,71.778
13642,07/19/2026 06:12:30,2.175,73.952,13.48,0.23671,71.777
13643,07/19/2026 06:22:30,2.155,73.941,13.38,0.23460,71.786
13644,07/19/2026 06:32:30,2.165,73.961,13.38,0.23566,71.796
13645,07/19/2026 06:42:30,2.171,73.977,13.28,0.23629,71.806
13646,07/19/2026 06:52:30,2.155,73.965,13.28,0.23467,71.810
13647,07/19/2026 07:02:30,2.162,73.970,13.19,0.23530,71.808
13648,07/19/2026 07:12:30,2.143,73.950,13.19,0.23340,71.807
13649,07/19/2026 07:22:30,2.146,73.954,13.09,0.23375,71.808
13650,07/19/2026 07:32:30,2.150,73.966,13.09,0.23417,71.816
13651,07/19/2026 07:42:30,2.131,73.950,13.09,0.23220,71.819
13652,07/19/2026 07:52:30,2.149,73.966,13.09,0.23403,71.817
13653,07/19/2026 08:02:30,2.128,73.946,13.09,0.23185,71.818
13654,07/19/2026 08:12:30,2.134,73.946,13.19,0.23241,71.812
13655,07/19/2026 08:22:30,2.128,73.933,13.19,0.23192,71.805
13656,07/19/2026 08:32:30,2.127,73.921,13.28,0.23178,71.794
13657,07/19/2026 08:42:30,2.128,73.917,13.28,0.23185,71.789
13658,07/19/2026 08:52:30,2.132,73.904,13.38,0.23228,71.772
13659,07/19/2026 09:02:30,2.129,73.892,13.48,0.23193,71.763
13660,07/19/2026 09:12:30,2.118,73.875,13.67,0.23081,71.757
13661,07/19/2026 09:22:30,2.126,73.874,13.86,0.23166,71.748
13662,07/19/2026 09:32:30,2.119,73.860,14.05,0.23103,71.741
13663,07/19/2026 09:42:30,2.124,73.860,14.25,0.23146,71.736
13664,07/19/2026 09:52:30,2.135,73.851,14.44,0.23259,71.716
13665,07/19/2026 10:02:30,2.126,73.833,14.73,0.23176,71.707
13666,07/19/2026 10:12:30,2.114,73.808,14.92,0.23050,71.694
13667,07/19/2026 10:22:30,2.116,73.803,15.20,0.23065,71.687
13668,07/19/2026 10:32:30,2.121,73.805,15.49,0.23129,71.684
13669,07/19/2026 10:42:30,2.125,73.796,15.78,0.23166,71.671
13670,07/19/2026 10:52:30,2.127,73.790,16.16,0.23195,71.663
13671,07/19/2026 11:02:30,2.121,73.777,16.45,0.23126,71.656
13672,07/19/2026 11:12:30,2.120,73.764,16.73,0.23120,71.644
13673,07/19/2026 11:22:30,2.112,73.746,17.11,0.23044,71.634
13674,07/19/2026 11:32:30,2.120,73.753,17.49,0.23123,71.633
13675,07/19/2026 11:42:30,2.112,73.740,17.78,0.23040,71.628
13676,07/19/2026 11:52:30,2.133,73.755,18.07,0.23252,71.622
13677,07/19/2026 12:02:30,2.121,73.742,18.26,0.23133,71.621
13678,07/19/2026 12:12:30,2.135,73.749,18.45,0.23282,71.614
13679,07/19/2026 12:22:30,2.135,73.744,18.73,0.23283,71.609
13680,07/19/2026 12:32:30,2.130,73.727,19.02,0.23235,71.597
13681,07/19/2026 12:42:30,2.131,73.726,19.30,0.23244,71.595
13682,07/19/2026 12:52:30,2.132,73.717,19.68,0.23252,71.585
13683,07/19/2026 13:02:30,2.127,73.700,19.88,0.23211,71.573
13684,07/19/2026 13:12:30,2.129,73.700,19.88,0.23232,71.571
13685,07/19/2026 13:22:30,2.145,73.705,19.78,0.23387,71.560
13686,07/19/2026 13:32:30,2.152,73.713,19.78,0.23457,71.561
13687,07/19/2026 13:42:30,2.150,73.709,19.78,0.23436,71.559
13688,07/19/2026 13:52:30,2.142,73.693,19.78,0.23351,71.551
13689,07/19/2026 14:02:30,2.159,73.717,19.68,0.23534,71.558
13690,07/19/2026 14:12:30,2.151,73.701,19.59,0.23449,71.550
13691,07/19/2026 14:22:30,2.167,73.710,19.49,0.23611,71.543
13692,07/19/2026 14:32:30,2.166,73.702,19.40,0.23596,71.536
13693,07/19/2026 14:42:30,2.182,73.710,19.30,0.23765,71.528
13694,07/19/2026 14:52:30,2.161,73.690,19.30,0.23547,71.529
13695,07/19/2026 15:02:30,2.167,73.686,19.30,0.23610,71.519
13696,07/19/2026 15:12:30,2.186,73.694,19.40,0.23801,71.508
13697,07/19/2026 15:22:30,2.189,73.706,19.30,0.23835,71.517
13698,07/19/2026 15:32:30,2.188,73.698,19.21,0.23828,71.510
13699,07/19/2026 15:42:30,2.194,73.699,19.11,0.23884,71.505
13700,07/19/2026 15:52:30,2.192,73.691,19.02,0.23862,71.499
13701,07/19/2026 16:02:30,2.192,73.679,19.02,0.23862,71.487
13702,07/19/2026 16:12:30,2.188,73.658,19.11,0.23827,71.470
13703,07/19/2026 16:22:30,2.201,73.657,19.40,0.23956,71.457
13704,07/19/2026 16:32:30,2.202,73.640,19.68,0.23971,71.438
13705,07/19/2026 16:42:30,2.212,73.661,19.68,0.24070,71.449
13706,07/19/2026 16:52:30,2.206,73.649,19.68,0.24006,71.443
13707,07/19/2026 17:02:30,2.190,73.645,19.59,0.23844,71.455
13708,07/19/2026 17:12:30,2.191,73.633,19.49,0.23857,71.442
13709,07/19/2026 17:22:30,2.193,73.637,19.40,0.23878,71.444
13710,07/19/2026 17:32:30,2.191,73.638,19.30,0.23849,71.447
13711,07/19/2026 17:42:30,2.187,73.638,19.30,0.23807,71.451
13712,07/19/2026 17:52:30,2.198,73.650,19.21,0.23926,71.452
13713,07/19/2026 18:02:30,2.180,73.634,19.11,0.23743,71.454
13714,07/19/2026 18:12:30,2.186,73.639,19.02,0.23799,71.453
13715,07/19/2026 18:22:30,2.193,73.655,19.02,0.23869,71.462
13716,07/19/2026 18:32:30,2.192,73.651,18.92,0.23862,71.459
13717,07/19/2026 18:42:30,2.191,73.639,18.83,0.23854,71.448
13718,07/19/2026 18:52:30,2.183,73.631,18.73,0.23776,71.448
13719,07/19/2026 19:02:30,2.188,73.640,18.64,0.23818,71.452
13720,07/19/2026 19:12:30,2.192,73.652,18.54,0.23867,71.460
13721,07/19/2026 19:22:30,2.193,73.669,18.45,0.23867,71.476
13722,07/19/2026 19:32:30,2.205,73.685,18.35,0.23993,71.480
13723,07/19/2026 19:42:30,2.197,73.685,18.26,0.23915,71.488
13724,07/19/2026 19:52:30,2.202,73.694,18.16,0.23964,71.492
13725,07/19/2026 20:02:30,2.215,73.723,18.07,0.24090,71.508
13726,07/19/2026 20:12:30,2.202,73.727,17.97,0.23963,71.525
13727,07/19/2026 20:22:30,2.209,73.735,17.88,0.24033,71.526
13728,07/19/2026 20:32:30,2.206,73.744,17.78,0.23997,71.538
13729,07/19/2026 20:42:30,2.199,73.756,17.68,0.23934,71.557
13730,07/19/2026 20:52:30,2.210,73.777,17.59,0.24039,71.567
13731,07/19/2026 21:02:30,2.202,73.777,17.59,0.23954,71.575
13732,07/19/2026 21:12:30,2.198,73.785,17.49,0.23919,71.587
13733,07/19/2026 21:22:30,2.204,73.794,17.40,0.23975,71.590
13734,07/19/2026 21:32:30,2.188,73.794,17.30,0.23812,71.606
13735,07/19/2026 21:42:30,2.200,73.819,17.21,0.23932,71.619
13736,07/19/2026 21:52:30,2.198,73.823,17.11,0.23917,71.625
13737,07/19/2026 22:02:30,2.181,73.823,17.02,0.23748,71.642
13738,07/19/2026 22:12:30,2.197,73.840,16.92,0.23902,71.643
13739,07/19/2026 22:22:30,2.197,73.848,16.83,0.23909,71.651
13740,07/19/2026 22:32:30,2.193,73.845,16.73,0.23859,71.652
13741,07/19/2026 22:42:30,2.195,73.853,16.64,0.23887,71.658
13742,07/19/2026 22:52:30,2.190,73.861,16.64,0.23831,71.671
13743,07/19/2026 23:02:30,2.195,73.870,16.54,0.23880,71.675
13744,07/19/2026 23:12:30,2.192,73.874,16.45,0.23851,71.682
13745,07/19/2026 23:22:30,2.194,73.882,16.35,0.23879,71.688
13746,07/19/2026 23:32:30,2.196,73.887,16.25,0.23893,71.691
13747,07/19/2026 23:42:30,2.194,73.891,16.25,0.23871,71.697
13748,07/19/2026 23:52:30,2.199,73.895,16.16,0.23927,71.696
13749,07/20/2026 00:02:30,2.202,73.896,16.06,0.23948,71.694
13750,07/20/2026 00:12:30,2.199,73.892,15.97,0.23927,71.693
13751,07/20/2026 00:22:30,2.200,73.900,15.97,0.23934,71.700
13752,07/20/2026 00:32:30,2.186,73.884,15.87,0.23792,71.698
13753,07/20/2026 00:42:30,2.192,73.901,15.78,0.23848,71.709
13754,07/20/2026 00:52:30,2.202,73.913,15.78,0.23954,71.711
13755,07/20/2026 01:02:30,2.190,73.889,15.68,0.23834,71.699
13756,07/20/2026 01:12:30,2.180,73.881,15.68,0.23728,71.701
13757,07/20/2026 01:22:30,2.191,73.894,15.59,0.23834,71.703
13758,07/20/2026 01:32:30,2.191,73.894,15.49,0.23840,71.703
13759,07/20/2026 01:42:30,2.191,73.898,15.49,0.23840,71.707
13760,07/20/2026 01:52:30,2.189,73.895,15.40,0.23812,71.706
13761,07/20/2026 02:02:30,2.178,73.887,15.30,0.23706,71.709
13762,07/20/2026 02:12:30,2.186,73.891,15.20,0.23790,71.705
13763,07/20/2026 02:22:30,2.180,73.888,15.11,0.23726,71.708
13764,07/20/2026 02:32:30,2.169,73.872,15.01,0.23613,71.703
13765,07/20/2026 02:42:30,2.150,73.848,15.01,0.23416,71.698
13766,07/20/2026 02:52:30,2.139,73.828,14.92,0.23310,71.689
13767,07/20/2026 03:02:30,2.143,73.821,14.82,0.23338,71.678
13768,07/20/2026 03:12:30,2.136,73.817,14.73,0.23274,71.681
13769,07/20/2026 03:22:30,2.125,73.801,14.63,0.23162,71.676
13770,07/20/2026 03:32:30,2.124,73.806,14.53,0.23147,71.682
13771,07/20/2026 03:42:30,2.117,73.798,14.44,0.23083,71.681
13772,07/20/2026 03:52:30,2.117,73.795,14.34,0.23076,71.678
13773,07/20/2026 04:02:30,2.124,73.815,14.34,0.23146,71.691
13774,07/20/2026 04:12:30,2.118,73.807,14.25,0.23090,71.689
13775,07/20/2026 04:22:30,2.119,73.820,14.15,0.23097,71.701
13776,07/20/2026 04:32:30,2.112,73.816,14.05,0.23026,71.704
13777,07/20/2026 04:42:30,2.111,73.821,13.96,0.23011,71.710
13778,07/20/2026 04:52:30,2.110,73.817,13.86,0.23004,71.707
13779,07/20/2026 05:02:30,2.110,73.818,13.77,0.23004,71.708
13780,07/20/2026 05:12:30,2.115,73.818,13.77,0.23053,71.703
13781,07/20/2026 05:22:30,2.101,73.810,13.67,0.22912,71.709
13782,07/20/2026 05:32:30,2.107,73.819,13.57,0.22968,71.712
13783,07/20/2026 05:42:30,2.099,73.815,13.48,0.22890,71.716
13784,07/20/2026 05:52:30,2.106,73.824,13.38,0.22960,71.718
13785,07/20/2026 06:02:30,2.115,73.844,13.38,0.23052,71.729
13786,07/20/2026 06:12:30,2.116,73.840,13.28,0.23066,71.724
13787,07/20/2026 06:22:30,2.122,73.845,13.19,0.23122,71.723
13788,07/20/2026 06:32:30,2.126,73.845,13.09,0.23171,71.719
13789,07/20/2026 06:42:30,2.116,73.829,13.09,0.23065,71.713
13790,07/20/2026 06:52:30,2.128,73.850,13.00,0.23184,71.722
13791,07/20/2026 07:02:30,2.114,73.858,13.00,0.23044,71.744
13792,07/20/2026 07:12:30,2.139,73.874,13.00,0.23297,71.735
13793,07/20/2026 07:22:30,2.127,73.866,13.00,0.23177,71.739
13794,07/20/2026 07:32:30,2.125,73.874,12.90,0.23163,71.749
13795,07/20/2026 07:42:30,2.123,73.870,13.00,0.23135,71.747
13796,07/20/2026 07:52:30,2.128,73.882,13.00,0.23184,71.754
13797,07/20/2026 08:02:30,2.122,73.886,13.00,0.23128,71.764
13798,07/20/2026 08:12:30,2.134,73.894,13.00,0.23248,71.760
13799,07/20/2026 08:22:30,2.147,73.902,13.09,0.23375,71.755
13800,07/20/2026 08:32:30,2.132,73.877,13.09,0.23234,71.745
13801,07/20/2026 08:42:30,2.130,73.869,13.19,0.23206,71.739
13802,07/20/2026 08:52:30,2.134,73.872,13.28,0.23256,71.738
13803,07/20/2026 09:02:30,2.133,73.852,13.38,0.23235,71.719
13804,07/20/2026 09:12:30,2.124,73.839,13.57,0.23144,71.715
13805,07/20/2026 09:22:30,2.120,73.830,13.67,0.23109,71.710
13806,07/20/2026 09:32:30,2.128,73.825,13.86,0.23194,71.697
13807,07/20/2026 09:42:30,2.127,73.816,14.05,0.23181,71.689
13808,07/20/2026 09:52:30,2.136,73.807,14.34,0.23266,71.671
13809,07/20/2026 10:02:30,2.113,73.778,14.53,0.23034,71.665
13810,07/20/2026 10:12:30,2.121,73.772,14.82,0.23120,71.651
13811,07/20/2026 10:22:30,2.105,73.751,15.11,0.22952,71.646
13812,07/20/2026 10:32:30,2.106,73.741,15.40,0.22974,71.635
13813,07/20/2026 10:42:30,2.100,73.736,15.68,0.22912,71.636
13814,07/20/2026 10:52:30,2.103,73.726,16.06,0.22948,71.623
13815,07/20/2026 11:02:30,2.111,73.737,16.35,0.23027,71.626
13816,07/20/2026 11:12:30,2.112,73.740,16.64,0.23035,71.628
13817,07/20/2026 11:22:30,2.124,73.755,16.92,0.23163,71.631
13818,07/20/2026 11:32:30,2.132,73.758,17.11,0.23248,71.626
13819,07/20/2026 11:42:30,2.125,73.742,17.21,0.23171,71.617
13820,07/20/2026 11:52:30,2.127,73.737,17.30,0.23200,71.610
13821,07/20/2026 12:02:30,2.144,73.741,17.49,0.23362,71.597
13822,07/20/2026 12:12:30,2.128,73.728,17.78,0.23202,71.600
13823,07/20/2026 12:22:30,2.145,73.731,18.07,0.23372,71.586
13824,07/20/2026 12:32:30,2.145,73.717,18.45,0.23381,71.572
13825,07/20/2026 12:42:30,2.138,73.707,18.92,0.23319,71.569
13826,07/20/2026 12:52:30,2.156,73.719,19.21,0.23497,71.563
13827,07/20/2026 13:02:30,2.150,73.706,19.40,0.23434,71.556
13828,07/20/2026 13:12:30,2.134,73.682,19.40,0.23272,71.548
13829,07/20/2026 13:22:30,2.167,73.702,19.49,0.23604,71.535
13830,07/20/2026 13:32:30,2.156,73.669,19.68,0.23499,71.513
13831,07/20/2026 13:42:30,2.158,73.668,19.97,0.23521,71.510
13832,07/20/2026 13:52:30,2.153,73.659,20.26,0.23474,71.506
13833,07/20/2026 14:02:30,2.170,73.662,20.64,0.23644,71.492
13834,07/20/2026 14:12:30,2.173,73.649,21.02,0.23675,71.476
13835,07/20/2026 14:22:30,2.172,73.644,21.21,0.23676,71.472
13836,07/20/2026 14:32:30,2.148,73.624,21.31,0.23422,71.476
13837,07/20/2026 14:42:30,2.149,73.624,21.21,0.23436,71.475
13838,07/20/2026 14:52:30,2.158,73.645,20.92,0.23526,71.487
13839,07/20/2026 15:02:30,2.163,73.650,20.64,0.23574,71.487
13840,07/20/2026 15:12:30,2.152,73.647,20.35,0.23460,71.495
13841,07/20/2026 15:22:30,2.167,73.667,20.16,0.23614,71.500
13842,07/20/2026 15:32:30,2.153,73.668,19.88,0.23472,71.515
13843,07/20/2026 15:42:30,2.181,73.746,19.59,0.23752,71.565
13844,07/20/2026 15:52:30,2.156,73.726,19.30,0.23504,71.570
13845,07/20/2026 16:02:30,2.149,73.699,19.02,0.23425,71.550
13846,07/20/2026 16:12:30,2.156,73.708,18.83,0.23495,71.552
13847,07/20/2026 16:22:30,2.150,73.696,18.64,0.23438,71.546
13848,07/20/2026 16:32:30,2.153,73.693,18.54,0.23459,71.540
13849,07/20/2026 16:42:30,2.140,73.681,18.45,0.23331,71.541
13850,07/20/2026 16:52:30,2.143,73.689,18.35,0.23359,71.546
13851,07/20/2026 17:02:30,2.134,73.662,18.16,0.23267,71.528
13852,07/20/2026 17:12:30,2.148,73.654,18.16,0.23408,71.506
13853,07/20/2026 17:22:30,2.156,73.670,18.07,0.23492,71.514
13854,07/20/2026 17:32:30,2.167,73.674,17.97,0.23611,71.507
13855,07/20/2026 17:42:30,2.143,73.678,17.97,0.23364,71.535
13856,07/20/2026 17:52:30,2.162,73.703,17.97,0.23548,71.541
13857,07/20/2026 18:02:30,2.165,73.707,17.97,0.23583,71.542
13858,07/20/2026 18:12:30,2.170,73.723,17.97,0.23632,71.553
13859,07/20/2026 18:22:30,2.176,73.735,17.97,0.23695,71.559
13860,07/20/2026 18:32:30,2.183,73.760,17.88,0.23758,71.577
13861,07/20/2026 18:42:30,2.175,73.788,17.88,0.23681,71.613
13862,07/20/2026 18:52:30,2.182,73.837,17.78,0.23751,71.655
13863,07/20/2026 19:02:30,2.180,73.869,17.68,0.23736,71.689
13864,07/20/2026 19:12:30,2.178,73.853,17.59,0.23722,71.675
13865,07/20/2026 19:22:30,2.192,73.878,17.49,0.23855,71.686
13866,07/20/2026 19:32:30,2.195,73.894,17.40,0.23890,71.699
13867,07/20/2026 19:42:30,2.204,73.939,17.30,0.23981,71.735
13868,07/20/2026 19:52:30,2.204,73.948,17.21,0.23974,71.744
13869,07/20/2026 20:02:30,2.206,73.960,17.11,0.24002,71.754
13870,07/20/2026 20:12:30,2.192,73.936,17.02,0.23860,71.744
13871,07/20/2026 20:22:30,2.196,73.957,16.92,0.23895,71.761
13872,07/20/2026 20:32:30,2.196,73.957,16.83,0.23895,71.761
13873,07/20/2026 20:42:30,2.196,73.957,16.83,0.23895,71.761
13874,07/20/2026 20:52:30,2.200,73.941,16.73,0.23944,71.741
13875,07/20/2026 21:02:30,2.205,73.946,16.64,0.23986,71.741
13876,07/20/2026 21:12:30,2.186,73.922,16.54,0.23795,71.736
13877,07/20/2026 21:22:30,2.206,73.963,16.45,0.23992,71.757
13878,07/20/2026 21:32:30,2.214,73.967,16.35,0.24076,71.753
13879,07/20/2026 21:42:30,2.213,73.972,16.25,0.24061,71.759
13880,07/20/2026 21:52:30,2.202,73.955,16.25,0.23949,71.754
13881,07/20/2026 22:02:30,2.218,73.980,16.16,0.24117,71.762
13882,07/20/2026 22:12:30,2.210,73.972,16.06,0.24040,71.762
13883,07/20/2026 22:22:30,2.219,74.001,15.97,0.24131,71.782
13884,07/20/2026 22:32:30,2.215,73.997,15.97,0.24089,71.782
13885,07/20/2026 22:42:30,2.208,73.977,15.87,0.24018,71.769
13886,07/20/2026 22:52:30,2.202,73.962,15.78,0.23947,71.760
13887,07/20/2026 23:02:30,2.215,73.982,15.68,0.24087,71.767
13888,07/20/2026 23:12:30,2.214,73.999,15.59,0.24073,71.785
13889,07/20/2026 23:22:30,2.213,74.007,15.59,0.24059,71.794
13890,07/20/2026 23:32:30,2.209,74.015,15.49,0.24023,71.806
13891,07/20/2026 23:42:30,2.208,74.012,15.40,0.24009,71.804
13892,07/20/2026 23:52:30,2.203,74.000,15.40,0.23953,71.797
13893,07/21/2026 00:02:30,2.196,73.984,15.30,0.23889,71.788
13894,07/21/2026 00:12:30,2.192,73.984,15.20,0.23853,71.792
13895,07/21/2026 00:22:30,2.174,73.964,15.11,0.23670,71.790
13896,07/21/2026 00:32:30,2.175,73.961,15.01,0.23670,71.786
13897,07/21/2026 00:42:30,2.167,73.953,15.01,0.23592,71.786
13898,07/21/2026 00:52:30,2.153,73.941,14.92,0.23451,71.788
13899,07/21/2026 01:02:30,2.143,73.925,14.82,0.23352,71.782
13900,07/21/2026 01:12:30,2.145,73.922,14.73,0.23366,71.777
13901,07/21/2026 01:22:30,2.136,73.922,14.63,0.23274,71.786
13902,07/21/2026 01:32:30,2.122,73.911,14.53,0.23126,71.789
13903,07/21/2026 01:42:30,2.119,73.907,14.44,0.23098,71.788
13904,07/21/2026 01:52:30,2.115,73.899,14.34,0.23062,71.784
13905,07/21/2026 02:02:30,2.104,73.884,14.25,0.22942,71.780
13906,07/21/2026 02:12:30,2.105,73.888,14.15,0.22956,71.783
13907,07/21/2026 02:22:30,2.111,73.880,14.15,0.23019,71.769
13908,07/21/2026 02:32:30,2.109,73.889,14.05,0.22991,71.780
13909,07/21/2026 02:42:30,2.114,73.893,13.96,0.23047,71.779
13910,07/21/2026 02:52:30,2.125,73.906,13.86,0.23159,71.781
13911,07/21/2026 03:02:30,2.132,73.902,13.86,0.23229,71.770
13912,07/21/2026 03:12:30,2.152,73.930,13.77,0.23426,71.779
13913,07/21/2026 03:22:30,2.142,73.919,13.67,0.23334,71.777
13914,07/21/2026 03:32:30,2.143,73.911,13.57,0.23348,71.768
13915,07/21/2026 03:42:30,2.146,73.907,13.57,0.23376,71.761
13916,07/21/2026 03:52:30,2.162,73.928,13.48,0.23538,71.766
13917,07/21/2026 04:02:30,2.158,73.932,13.38,0.23502,71.774
13918,07/21/2026 04:12:30,2.151,73.928,13.38,0.23425,71.777
13919,07/21/2026 04:22:30,2.152,73.921,13.28,0.23432,71.769
13920,07/21/2026 04:32:30,2.151,73.921,13.19,0.23424,71.770
13921,07/21/2026 04:42:30,2.146,73.905,13.19,0.23375,71.759
13922,07/21/2026 04:52:30,2.154,73.922,13.09,0.23452,71.768
13923,07/21/2026 05:02:30,2.144,73.906,13.09,0.23347,71.762
13924,07/21/2026 05:12:30,2.143,73.914,13.00,0.23346,71.771
13925,07/21/2026 05:22:30,2.141,73.923,12.90,0.23318,71.782
13926,07/21/2026 05:32:30,2.156,73.943,12.90,0.23473,71.787
13927,07/21/2026 05:42:30,2.161,73.956,12.80,0.23522,71.795
13928,07/21/2026 05:52:30,2.143,73.948,12.80,0.23339,71.805
13929,07/21/2026 06:02:30,2.162,73.964,12.71,0.23535,71.802
13930,07/21/2026 06:12:30,2.164,73.964,12.71,0.23556,71.800
13931,07/21/2026 06:22:30,2.151,73.961,12.61,0.23415,71.810
13932,07/21/2026 06:32:30,2.150,73.973,12.51,0.23415,71.823
13933,07/21/2026 06:42:30,2.135,73.965,12.51,0.23260,71.830
13934,07/21/2026 06:52:30,2.151,73.978,12.42,0.23422,71.827
13935,07/21/2026 07:02:30,2.126,73.958,12.42,0.23162,71.832
13936,07/21/2026 07:12:30,2.133,73.958,12.42,0.23232,71.825
13937,07/21/2026 07:22:30,2.139,73.966,12.32,0.23302,71.827
13938,07/21/2026 07:32:30,2.127,73.958,12.32,0.23175,71.831
13939,07/21/2026 07:42:30,2.120,73.962,12.32,0.23105,71.842
13940,07/21/2026 07:52:30,2.132,73.974,12.32,0.23232,71.842
13941,07/21/2026 08:02:30,2.131,73.966,12.42,0.23211,71.835
13942,07/21/2026 08:12:30,2.128,73.966,12.42,0.23183,71.838
13943,07/21/2026 08:22:30,2.128,73.961,12.51,0.23190,71.833
13944,07/21/2026 08:32:30,2.132,73.965,12.51,0.23232,71.833
13945,07/21/2026 08:42:30,2.135,73.965,12.61,0.23254,71.830
13946,07/21/2026 08:52:30,2.128,73.956,12.71,0.23191,71.828
13947,07/21/2026 09:02:30,2.132,73.952,12.80,0.23226,71.820
13948,07/21/2026 09:12:30,2.136,73.951,13.00,0.23262,71.815
13949,07/21/2026 09:22:30,2.124,73.937,13.19,0.23150,71.813
13950,07/21/2026 09:32:30,2.130,73.932,13.38,0.23214,71.802
13951,07/21/2026 09:42:30,2.147,73.944,13.57,0.23376,71.797
13952,07/21/2026 09:52:30,2.129,73.918,13.86,0.23201,71.789
13953,07/21/2026 10:02:30,2.129,73.921,14.05,0.23202,71.792
13954,07/21/2026 10:12:30,2.123,73.920,14.34,0.23139,71.797
13955,07/21/2026 10:22:30,2.136,73.934,14.63,0.23281,71.798
13956,07/21/2026 10:32:30,2.129,73.937,14.92,0.23205,71.808
13957,07/21/2026 10:42:30,2.113,73.920,15.20,0.23037,71.807
13958,07/21/2026 10:52:30,2.115,73.930,15.49,0.23059,71.816
13959,07/21/2026 11:02:30,2.120,73.930,15.68,0.23109,71.810
13960,07/21/2026 11:12:30,2.116,73.924,16.06,0.23075,71.808
13961,07/21/2026 11:22:30,2.112,73.919,16.35,0.23034,71.807
13962,07/21/2026 11:32:30,2.124,73.938,16.64,0.23155,71.814
13963,07/21/2026 11:42:30,2.125,73.929,16.83,0.23170,71.804
13964,07/21/2026 11:52:30,2.135,73.952,17.21,0.23270,71.817
13965,07/21/2026 12:02:30,2.142,73.955,17.49,0.23341,71.813
13966,07/21/2026 12:12:30,2.155,73.958,17.78,0.23476,71.803
13967,07/21/2026 12:22:30,2.152,73.957,17.88,0.23456,71.805
13968,07/21/2026 12:32:30,2.165,73.961,17.97,0.23583,71.796
13969,07/21/2026 12:42:30,2.167,73.972,18.16,0.23612,71.805
13970,07/21/2026 12:52:30,2.191,73.992,18.35,0.23852,71.801
13971,07/21/2026 13:02:30,2.180,73.967,18.73,0.23734,71.787
13972,07/21/2026 13:12:30,2.181,73.974,18.92,0.23749,71.793
13973,07/21/2026 13:22:30,2.172,73.969,19.21,0.23659,71.797
13974,07/21/2026 13:32:30,2.178,73.968,19.40,0.23730,71.790
13975,07/21/2026 13:42:30,2.181,73.964,19.49,0.23752,71.783
13976,07/21/2026 13:52:30,2.182,73.956,19.59,0.23759,71.774
13977,07/21/2026 14:02:30,2.180,73.951,19.68,0.23746,71.771
13978,07/21/2026 14:12:30,2.192,73.959,19.88,0.23866,71.767
13979,07/21/2026 14:22:30,2.182,73.942,20.07,0.23769,71.760
13980,07/21/2026 14:32:30,2.190,73.941,20.35,0.23854,71.751
13981,07/21/2026 14:42:30,2.176,73.913,20.45,0.23707,71.737
13982,07/21/2026 14:52:30,2.173,73.901,20.54,0.23672,71.728
13983,07/21/2026 15:02:30,2.173,73.872,20.73,0.23673,71.699
13984,07/21/2026 15:12:30,2.177,73.872,20.83,0.23716,71.695
13985,07/21/2026 15:22:30,2.167,73.851,21.02,0.23618,71.684
13986,07/21/2026 15:32:30,2.191,73.875,21.12,0.23865,71.684
13987,07/21/2026 15:42:30,2.181,73.871,20.92,0.23766,71.690
13988,07/21/2026 15:52:30,2.173,73.852,20.64,0.23673,71.679
13989,07/21/2026 16:02:30,2.181,73.844,20.45,0.23763,71.663
13990,07/21/2026 16:12:30,2.191,73.836,20.45,0.23862,71.645
13991,07/21/2026 16:22:30,2.181,73.816,20.54,0.23757,71.635
13992,07/21/2026 16:32:30,2.185,73.815,20.64,0.23807,71.630
13993,07/21/2026 16:42:30,2.180,73.803,20.64,0.23750,71.623
13994,07/21/2026 16:52:30,2.162,73.800,20.54,0.23559,71.638
13995,07/21/2026 17:02:30,2.161,73.804,20.45,0.23552,71.643
13996,07/21/2026 17:12:30,2.167,73.808,20.26,0.23621,71.641
13997,07/21/2026 17:22:30,2.159,73.784,20.16,0.23536,71.625
13998,07/21/2026 17:32:30,2.156,73.768,20.16,0.23501,71.612
13999,07/21/2026 17:42:30,2.157,73.768,20.16,0.23515,71.611
14000,07/21/2026 17:52:30,2.152,73.760,20.16,0.23466,71.608
14001,07/21/2026 18:02:30,2.169,73.784,20.16,0.23642,71.615
14002,07/21/2026 18:12:30,2.159,73.773,20.07,0.23529,71.614
14003,07/21/2026 18:22:30,2.160,73.785,19.88,0.23542,71.625
14004,07/21/2026 18:32:30,2.147,73.782,19.68,0.23407,71.635
14005,07/21/2026 18:42:30,2.143,73.778,19.59,0.23365,71.635
14006,07/21/2026 18:52:30,2.125,73.754,19.40,0.23188,71.629
14007,07/21/2026 19:02:30,2.134,73.767,19.30,0.23272,71.633
14008,07/21/2026 19:12:30,2.148,73.779,19.21,0.23419,71.631
14009,07/21/2026 19:22:30,2.148,73.788,19.11,0.23412,71.640
14010,07/21/2026 19:32:30,2.129,73.788,19.02,0.23221,71.659
14011,07/21/2026 19:42:30,2.133,73.793,18.83,0.23256,71.660
14012,07/21/2026 19:52:30,2.153,73.809,18.73,0.23466,71.656
14013,07/21/2026 20:02:30,2.144,73.813,18.64,0.23374,71.669
14014,07/21/2026 20:12:30,2.139,73.818,18.54,0.23318,71.679
14015,07/21/2026 20:22:30,2.126,73.818,18.35,0.23190,71.692
14016,07/21/2026 20:32:30,2.127,73.843,18.26,0.23197,71.716
14017,07/21/2026 20:42:30,2.115,73.843,18.16,0.23077,71.728
14018,07/21/2026 20:52:30,2.125,73.860,18.07,0.23175,71.735
14019,07/21/2026 21:02:30,2.125,73.864,17.97,0.23174,71.739
14020,07/21/2026 21:12:30,2.115,73.860,17.88,0.23075,71.745
14021,07/21/2026 21:22:30,2.118,73.865,17.78,0.23103,71.747
14022,07/21/2026 21:32:30,2.111,73.866,17.59,0.23025,71.755
14023,07/21/2026 21:42:30,2.128,73.882,17.49,0.23201,71.754
14024,07/21/2026 21:52:30,2.118,73.886,17.40,0.23109,71.768
14025,07/21/2026 22:02:30,2.123,73.907,17.30,0.23150,71.784
14026,07/21/2026 22:12:30,2.132,73.927,17.21,0.23249,71.795
14027,07/21/2026 22:22:30,2.139,73.944,17.11,0.23312,71.805
14028,07/21/2026 22:32:30,2.128,73.940,17.02,0.23206,71.812
14029,07/21/2026 22:42:30,2.129,73.940,17.02,0.23213,71.811
14030,07/21/2026 22:52:30,2.137,73.949,16.92,0.23290,71.812
14031,07/21/2026 23:02:30,2.126,73.957,16.83,0.23184,71.831
14032,07/21/2026 23:12:30,2.139,73.974,16.73,0.23310,71.835
14033,07/21/2026 23:22:30,2.137,73.970,16.64,0.23296,71.833
14034,07/21/2026 23:32:30,2.133,73.974,16.64,0.23253,71.841
14035,07/21/2026 23:42:30,2.133,73.970,16.54,0.23253,71.837
14036,07/21/2026 23:52:30,2.127,73.970,16.54,0.23197,71.843
14037,07/22/2026 00:02:30,2.142,73.987,16.54,0.23337,71.845
14038,07/22/2026 00:12:30,2.134,73.975,16.45,0.23260,71.841
14039,07/22/2026 00:22:30,2.128,73.975,16.45,0.23196,71.847
14040,07/22/2026 00:32:30,2.130,73.975,16.35,0.23224,71.845
14041,07/22/2026 00:42:30,2.140,73.987,16.35,0.23323,71.847
14042,07/22/2026 00:52:30,2.136,73.960,16.25,0.23273,71.824
14043,07/22/2026 01:02:30,2.120,73.939,16.25,0.23118,71.819
14044,07/22/2026 01:12:30,2.121,73.932,16.16,0.23125,71.811
14045,07/22/2026 01:22:30,2.122,73.928,16.16,0.23132,71.806
14046,07/22/2026 01:32:30,2.116,73.928,16.06,0.23075,71.812
14047,07/22/2026 01:42:30,2.122,73.932,16.06,0.23139,71.810
14048,07/22/2026 01:52:30,2.127,73.941,15.97,0.23180,71.814
14049,07/22/2026 02:02:30,2.126,73.937,15.97,0.23173,71.811
14050,07/22/2026 02:12:30,2.121,73.921,15.87,0.23124,71.800
14051,07/22/2026 02:22:30,2.129,73.925,15.87,0.23208,71.796
14052,07/22/2026 02:32:30,2.111,73.905,15.78,0.23025,71.794
14053,07/22/2026 02:42:30,2.129,73.918,15.68,0.23200,71.789
14054,07/22/2026 02:52:30,2.104,73.901,15.68,0.22954,71.797
14055,07/22/2026 03:02:30,2.120,73.902,15.59,0.23116,71.782
14056,07/22/2026 03:12:30,2.126,73.902,15.49,0.23179,71.776
14057,07/22/2026 03:22:30,2.115,73.898,15.49,0.23066,71.783
14058,07/22/2026 03:32:30,2.116,73.903,15.40,0.23073,71.787
14059,07/22/2026 03:42:30,2.126,73.915,15.30,0.23178,71.789
14060,07/22/2026 03:52:30,2.116,73.908,15.20,0.23065,71.792
14061,07/22/2026 04:02:30,2.117,73.916,15.20,0.23079,71.799
14062,07/22/2026 04:12:30,2.116,73.920,15.11,0.23072,71.804
14063,07/22/2026 04:22:30,2.108,73.912,15.01,0.22994,71.804
14064,07/22/2026 04:32:30,2.112,73.913,14.92,0.23029,71.801
14065,07/22/2026 04:42:30,2.102,73.909,14.82,0.22930,71.807
14066,07/22/2026 04:52:30,2.100,73.902,14.73,0.22901,71.802
14067,07/22/2026 05:02:30,2.095,73.898,14.73,0.22852,71.803
14068,07/22/2026 05:12:30,2.096,73.898,14.63,0.22866,71.802
14069,07/22/2026 05:22:30,2.095,73.895,14.53,0.22852,71.800
14070,07/22/2026 05:32:30,2.085,73.887,14.44,0.22753,71.802
14071,07/22/2026 05:42:30,2.088,73.891,14.34,0.22788,71.803
14072,07/22/2026 05:52:30,2.095,73.908,14.34,0.22851,71.813
14073,07/22/2026 06:02:30,2.103,73.924,14.25,0.22935,71.821
14074,07/22/2026 06:12:30,2.070,73.896,14.15,0.22604,71.826
14075,07/22/2026 06:22:30,2.077,73.904,14.15,0.22674,71.827
14076,07/22/2026 06:32:30,2.073,73.909,14.05,0.22625,71.836
14077,07/22/2026 06:42:30,2.083,73.921,14.05,0.22730,71.838
14078,07/22/2026 06:52:30,2.095,73.930,13.96,0.22850,71.835
14079,07/22/2026 07:02:30,2.090,73.930,13.96,0.22800,71.840
14080,07/22/2026 07:12:30,2.072,73.921,13.96,0.22624,71.849
14081,07/22/2026 07:22:30,2.061,73.905,13.96,0.22512,71.844
14082,07/22/2026 07:32:30,2.064,73.909,13.96,0.22540,71.845
14083,07/22/2026 07:42:30,2.081,73.926,13.96,0.22709,71.845
14084,07/22/2026 07:52:30,2.068,73.913,13.96,0.22582,71.845
14085,07/22/2026 08:02:30,2.078,73.926,13.96,0.22674,71.848
14086,07/22/2026 08:12:30,2.076,73.926,13.96,0.22653,71.850
14087,07/22/2026 08:22:30,2.071,73.909,13.96,0.22610,71.838
14088,07/22/2026 08:32:30,2.066,73.909,14.05,0.22554,71.843
14089,07/22/2026 08:42:30,2.081,73.925,14.05,0.22709,71.844
14090,07/22/2026 08:52:30,2.073,73.917,14.15,0.22625,71.844
14091,07/22/2026 09:02:30,2.080,73.920,14.25,0.22703,71.840
14092,07/22/2026 09:12:30,2.080,73.899,14.34,0.22703,71.819
14093,07/22/2026 09:22:30,2.078,73.890,14.53,0.22690,71.812
14094,07/22/2026 09:32:30,2.086,73.894,14.73,0.22761,71.808
14095,07/22/2026 09:42:30,2.095,73.897,14.92,0.22853,71.802
14096,07/22/2026 09:52:30,2.073,73.876,15.11,0.22628,71.803
14097,07/22/2026 10:02:30,2.081,73.870,15.40,0.22721,71.789
14098,07/22/2026 10:12:30,2.090,73.873,15.68,0.22813,71.783
14099,07/22/2026 10:22:30,2.088,73.876,15.87,0.22793,71.788
14100,07/22/2026 10:32:30,2.086,73.872,16.06,0.22765,71.786
14101,07/22/2026 10:42:30,2.081,73.867,16.16,0.22716,71.786
14102,07/22/2026 10:52:30,2.080,73.867,16.16,0.22709,71.787
14103,07/22/2026 11:02:30,2.094,73.871,16.16,0.22850,71.777
14104,07/22/2026 11:12:30,2.094,73.863,16.16,0.22850,71.769
14105,07/22/2026 11:22:30,2.094,73.859,16.16,0.22850,71.765
14106,07/22/2026 11:32:30,2.088,73.859,16.16,0.22787,71.771
14107,07/22/2026 11:42:30,2.092,73.855,16.06,0.22836,71.763
14108,07/22/2026 11:52:30,2.095,73.859,16.06,0.22864,71.764
14109,07/22/2026 12:02:30,2.090,73.851,16.06,0.22815,71.761
14110,07/22/2026 12:12:30,2.104,73.855,16.06,0.22956,71.751
14111,07/22/2026 12:22:30,2.092,73.831,16.16,0.22829,71.739
14112,07/22/2026 12:32:30,2.108,73.831,16.16,0.22991,71.723
14113,07/22/2026 12:42:30,2.106,73.814,16.35,0.22971,71.708
14114,07/22/2026 12:52:30,2.109,73.804,16.73,0.23007,71.695
14115,07/22/2026 13:02:30,2.108,73.787,17.11,0.22995,71.679
14116,07/22/2026 13:12:30,2.115,73.777,17.40,0.23073,71.662
14117,07/22/2026 13:22:30,2.121,73.776,17.78,0.23131,71.655
14118,07/22/2026 13:32:30,2.117,73.754,18.35,0.23091,71.637
14119,07/22/2026 13:42:30,2.126,73.756,18.83,0.23192,71.630
14120,07/22/2026 13:52:30,2.137,73.735,19.30,0.23300,71.598
14121,07/22/2026 14:02:30,2.122,73.721,19.78,0.23154,71.599
14122,07/22/2026 14:12:30,2.131,73.732,20.16,0.23248,71.601
14123,07/22/2026 14:22:30,2.137,73.744,20.26,0.23304,71.607
14124,07/22/2026 14:32:30,2.133,73.748,20.07,0.23268,71.615
14125,07/22/2026 14:42:30,2.135,73.773,19.78,0.23288,71.638
14126,07/22/2026 14:52:30,2.138,73.799,19.49,0.23308,71.661
14127,07/22/2026 15:02:30,2.139,73.827,19.30,0.23328,71.688
14128,07/22/2026 15:12:30,2.153,73.869,19.02,0.23461,71.716
14129,07/22/2026 15:22:30,2.149,73.873,18.83,0.23425,71.724
14130,07/22/2026 15:32:30,2.150,73.886,18.64,0.23431,71.736
14131,07/22/2026 15:42:30,2.151,73.894,18.54,0.23444,71.743
14132,07/22/2026 15:52:30,2.158,73.911,18.54,0.23508,71.753
14133,07/22/2026 16:02:30,2.154,73.907,18.45,0.23472,71.753
14134,07/22/2026 16:12:30,2.145,73.891,18.45,0.23381,71.746
14135,07/22/2026 16:22:30,2.150,73.883,18.45,0.23430,71.733
14136,07/22/2026 16:32:30,2.157,73.866,18.73,0.23502,71.709
14137,07/22/2026 16:42:30,2.160,73.857,18.92,0.23538,71.697
14138,07/22/2026 16:52:30,2.143,73.836,19.02,0.23369,71.693
14139,07/22/2026 17:02:30,2.140,73.824,19.02,0.23334,71.684
14140,07/22/2026 17:12:30,2.146,73.820,19.02,0.23397,71.674
14141,07/22/2026 17:22:30,2.147,73.808,19.11,0.23405,71.661
14142,07/22/2026 17:32:30,2.143,73.787,19.21,0.23370,71.644
14143,07/22/2026 17:42:30,2.143,73.771,19.21,0.23363,71.628
14144,07/22/2026 17:52:30,2.159,73.767,19.30,0.23525,71.608
14145,07/22/2026 18:02:30,2.150,73.751,19.30,0.23434,71.601
14146,07/22/2026 18:12:30,2.154,73.751,19.30,0.23476,71.597
14147,07/22/2026 18:22:30,2.145,73.751,19.21,0.23384,71.606
14148,07/22/2026 18:32:30,2.142,73.760,19.02,0.23348,71.618
14149,07/22/2026 18:42:30,2.147,73.776,18.83,0.23410,71.629
14150,07/22/2026 18:52:30,2.135,73.761,18.73,0.23276,71.626
14151,07/22/2026 19:02:30,2.144,73.769,18.64,0.23374,71.625
14152,07/22/2026 19:12:30,2.140,73.765,18.54,0.23332,71.625
14153,07/22/2026 19:22:30,2.145,73.774,18.45,0.23381,71.629
14154,07/22/2026 19:32:30,2.146,73.778,18.35,0.23394,71.632
14155,07/22/2026 19:42:30,2.141,73.807,18.26,0.23338,71.666
14156,07/22/2026 19:52:30,2.145,73.811,18.16,0.23379,71.666
14157,07/22/2026 20:02:30,2.148,73.823,18.07,0.23414,71.675
14158,07/22/2026 20:12:30,2.140,73.820,17.97,0.23322,71.680
14159,07/22/2026 20:22:30,2.133,73.832,17.88,0.23258,71.699
14160,07/22/2026 20:32:30,2.151,73.861,17.78,0.23434,71.710
14161,07/22/2026 20:42:30,2.135,73.845,17.68,0.23279,71.710
14162,07/22/2026 20:52:30,2.155,73.878,17.59,0.23476,71.723
14163,07/22/2026 21:02:30,2.155,73.870,17.49,0.23475,71.715
14164,07/22/2026 21:12:30,2.148,73.862,17.40,0.23411,71.714
14165,07/22/2026 21:22:30,2.137,73.867,17.30,0.23291,71.730
14166,07/22/2026 21:32:30,2.136,73.883,17.30,0.23284,71.747
14167,07/22/2026 21:42:30,2.146,73.883,17.21,0.23389,71.737
14168,07/22/2026 21:52:30,2.144,73.892,17.11,0.23361,71.748
14169,07/22/2026 22:02:30,2.134,73.896,17.02,0.23262,71.762
14170,07/22/2026 22:12:30,2.147,73.908,17.02,0.23396,71.761
14171,07/22/2026 22:22:30,2.140,73.916,16.92,0.23332,71.776
14172,07/22/2026 22:32:30,2.147,73.941,16.83,0.23395,71.794
14173,07/22/2026 22:42:30,2.133,73.937,16.83,0.23254,71.804
14174,07/22/2026 22:52:30,2.134,73.937,16.73,0.23268,71.803
14175,07/22/2026 23:02:30,2.138,73.937,16.73,0.23310,71.799
14176,07/22/2026 23:12:30,2.152,73.946,16.64,0.23443,71.794
14177,07/22/2026 23:22:30,2.136,73.918,16.64,0.23275,71.782
14178,07/22/2026 23:32:30,2.141,73.918,16.54,0.23330,71.777
14179,07/22/2026 23:42:30,2.138,73.922,16.45,0.23309,71.784
14180,07/22/2026 23:52:30,2.150,73.943,16.35,0.23421,71.793
14181,07/23/2026 00:02:30,2.146,73.947,16.25,0.23386,71.801
14182,07/23/2026 00:12:30,2.149,73.951,16.25,0.23421,71.802
14183,07/23/2026 00:22:30,2.137,73.944,16.16,0.23287,71.807
14184,07/23/2026 00:32:30,2.161,73.964,16.06,0.23540,71.803
14185,07/23/2026 00:42:30,2.161,73.972,16.06,0.23540,71.811
14186,07/23/2026 00:52:30,2.144,73.957,15.97,0.23356,71.813
14187,07/23/2026 01:02:30,2.147,73.949,15.97,0.23385,71.802
14188,07/23/2026 01:12:30,2.155,73.941,15.87,0.23469,71.786
14189,07/23/2026 01:22:30,2.147,73.925,15.87,0.23391,71.778
14190,07/23/2026 01:32:30,2.155,73.933,15.87,0.23469,71.778
14191,07/23/2026 01:42:30,2.145,73.913,15.87,0.23370,71.768
14192,07/23/2026 01:52:30,2.155,73.913,15.78,0.23475,71.758
14193,07/23/2026 02:02:30,2.142,73.893,15.78,0.23342,71.751
14194,07/23/2026 02:12:30,2.143,73.889,15.68,0.23355,71.746
14195,07/23/2026 02:22:30,2.149,73.897,15.68,0.23412,71.748
14196,07/23/2026 02:32:30,2.132,73.886,15.59,0.23235,71.754
14197,07/23/2026 02:42:30,2.159,73.906,15.59,0.23510,71.747
14198,07/23/2026 02:52:30,2.149,73.894,15.59,0.23411,71.745
14199,07/23/2026 03:02:30,2.146,73.878,15.49,0.23383,71.732
14200,07/23/2026 03:12:30,2.135,73.878,15.49,0.23270,71.743
14201,07/23/2026 03:22:30,2.141,73.878,15.49,0.23326,71.737
14202,07/23/2026 03:32:30,2.139,73.866,15.40,0.23312,71.727
14203,07/23/2026 03:42:30,2.140,73.870,15.40,0.23319,71.730
14204,07/23/2026 03:52:30,2.140,73.855,15.30,0.23312,71.715
14205,07/23/2026 04:02:30,2.138,73.855,15.30,0.23291,71.717
14206,07/23/2026 04:12:30,2.129,73.835,15.30,0.23199,71.706
14207,07/23/2026 04:22:30,2.132,73.851,15.20,0.23234,71.719
14208,07/23/2026 04:32:30,2.126,73.843,15.20,0.23171,71.717
14209,07/23/2026 04:42:30,2.130,73.855,15.20,0.23213,71.725
14210,07/23/2026 04:52:30,2.119,73.851,15.11,0.23107,71.732
14211,07/23/2026 05:02:30,2.105,73.839,15.11,0.22966,71.734
14212,07/23/2026 05:12:30,2.124,73.856,15.11,0.23149,71.732
14213,07/23/2026 05:22:30,2.114,73.852,15.01,0.23050,71.738
14214,07/23/2026 05:32:30,2.115,73.860,15.01,0.23064,71.745
14215,07/23/2026 05:42:30,2.103,73.852,15.01,0.22938,71.749
14216,07/23/2026 05:52:30,2.117,73.869,14.92,0.23078,71.752
14217,07/23/2026 06:02:30,2.111,73.873,14.92,0.23015,71.762
14218,07/23/2026 06:12:30,2.100,73.864,14.92,0.22909,71.764
14219,07/23/2026 06:22:30,2.104,73.869,14.92,0.22944,71.765
14220,07/23/2026 06:32:30,2.105,73.877,14.82,0.22958,71.772
14221,07/23/2026 06:42:30,2.115,73.893,14.82,0.23064,71.778
14222,07/23/2026 06:52:30,2.097,73.881,14.82,0.22881,71.784
14223,07/23/2026 07:02:30,2.092,73.877,14.73,0.22831,71.785
14224,07/23/2026 07:12:30,2.091,73.882,14.73,0.22810,71.791
14225,07/23/2026 07:22:30,2.093,73.890,14.73,0.22831,71.797
14226,07/23/2026 07:32:30,2.086,73.882,14.73,0.22761,71.796
14227,07/23/2026 07:42:30,2.091,73.890,14.73,0.22810,71.799
14228,07/23/2026 07:52:30,2.079,73.885,14.82,0.22691,71.806
14229,07/23/2026 08:02:30,2.083,73.881,14.82,0.22733,71.798
14230,07/23/2026 08:12:30,2.088,73.897,14.82,0.22789,71.809
14231,07/23/2026 08:22:30,2.084,73.905,14.82,0.22747,71.821
14232,07/23/2026 08:32:30,2.089,73.913,14.92,0.22796,71.824
14233,07/23/2026 08:42:30,2.096,73.921,14.92,0.22867,71.825
14234,07/23/2026 08:52:30,2.090,73.912,15.01,0.22811,71.822
14235,07/23/2026 09:02:30,2.093,73.908,15.11,0.22839,71.815
14236,07/23/2026 09:12:30,2.097,73.916,15.11,0.22882,71.819
14237,07/23/2026 09:22:30,2.103,73.916,15.20,0.22938,71.813
14238,07/23/2026 09:32:30,2.107,73.916,15.20,0.22973,71.809
14239,07/23/2026 09:42:30,2.113,73.915,15.30,0.23044,71.802
14240,07/23/2026 09:52:30,2.128,73.931,15.40,0.23192,71.803
14241,07/23/2026 10:02:30,2.126,73.935,15.49,0.23172,71.809
14242,07/23/2026 10:12:30,2.127,73.934,15.59,0.23186,71.807
14243,07/23/2026 10:22:30,2.132,73.942,15.59,0.23235,71.810
14244,07/23/2026 10:32:30,2.127,73.946,15.59,0.23186,71.819
14245,07/23/2026 10:42:30,2.157,73.970,15.68,0.23489,71.813
14246,07/23/2026 10:52:30,2.155,73.970,15.78,0.23468,71.815
14247,07/23/2026 11:02:30,2.174,73.998,15.78,0.23665,71.824
14248,07/23/2026 11:12:30,2.183,74.022,15.87,0.23757,71.839
14249,07/23/2026 11:22:30,2.181,74.022,15.87,0.23736,71.841
14250,07/23/2026 11:32:30,2.185,74.030,15.87,0.23778,71.845
14251,07/23/2026 11:42:30,2.203,74.037,15.97,0.23969,71.834
14252,07/23/2026 11:52:30,2.209,74.041,16.06,0.24026,71.832
14253,07/23/2026 12:02:30,2.218,74.045,16.16,0.24110,71.827
14254,07/23/2026 12:12:30,2.232,74.048,16.35,0.24259,71.816
14255,07/23/2026 12:22:30,2.243,74.055,16.54,0.24379,71.812
14256,07/23/2026 12:32:30,2.235,74.059,16.54,0.24295,71.824
14257,07/23/2026 12:42:30,2.257,74.075,16.64,0.24521,71.818
14258,07/23/2026 12:52:30,2.256,74.067,16.64,0.24507,71.811
14259,07/23/2026 13:02:30,2.268,74.079,16.73,0.24627,71.811
14260,07/23/2026 13:12:30,2.250,74.050,16.73,0.24451,71.800
14261,07/23/2026 13:22:30,2.257,74.046,16.83,0.24521,71.789
14262,07/23/2026 13:32:30,2.256,74.029,17.02,0.24508,71.773
14263,07/23/2026 13:42:30,2.278,74.045,17.21,0.24727,71.767
14264,07/23/2026 13:52:30,2.282,74.052,17.30,0.24777,71.770
14265,07/23/2026 14:02:30,2.279,74.052,17.30,0.24749,71.773
14266,07/23/2026 14:12:30,2.287,74.057,17.21,0.24826,71.770
14267,07/23/2026 14:22:30,2.278,74.036,17.30,0.24735,71.758
14268,07/23/2026 14:32:30,2.296,74.044,17.40,0.24918,71.748
14269,07/23/2026 14:42:30,2.306,74.043,17.59,0.25025,71.737
14270,07/23/2026 14:52:30,2.317,74.042,17.88,0.25139,71.725
14271,07/23/2026 15:02:30,2.323,74.029,18.26,0.25197,71.706
14272,07/23/2026 15:12:30,2.316,74.019,18.73,0.25129,71.703
14273,07/23/2026 15:22:30,2.329,74.034,19.11,0.25264,71.705
14274,07/23/2026 15:32:30,2.339,74.042,19.21,0.25363,71.703
14275,07/23/2026 15:42:30,2.331,74.038,19.02,0.25285,71.707
14276,07/23/2026 15:52:30,2.346,74.047,18.92,0.25432,71.701
14277,07/23/2026 16:02:30,2.334,74.072,18.73,0.25305,71.738
14278,07/23/2026 16:12:30,2.338,74.104,18.54,0.25360,71.766
14279,07/23/2026 16:22:30,2.358,74.109,18.35,0.25556,71.751