#,Date-Time (MDT),"Differential Pressure , kPa","Absolute Pressure , kPa","Temperature , °C","Water Level , m","Barometric Pressure , kPa"
1,04/03/2026 12:57:48,3.343,73.828,2.95,0.40808,70.485
2,04/03/2026 13:07:48,3.347,73.822,2.85,0.40857,70.475
3,04/03/2026 13:17:48,3.387,73.851,3.06,0.41258,70.464
4,04/03/2026 13:27:48,3.380,73.852,3.16,0.41187,70.472
5,04/03/2026 13:37:48,3.345,73.825,3.16,0.40829,70.480
6,04/03/2026 13:47:48,3.327,73.821,3.27,0.40646,70.494
7,04/03/2026 13:57:48,3.338,73.845,3.48,0.40759,70.507
8,04/03/2026 14:07:48,3.322,73.833,3.69,0.40597,70.511
9,04/03/2026 14:17:48,3.354,73.865,3.80,0.40927,70.511
10,04/03/2026 14:27:48,3.339,73.857,3.90,0.40766,70.518
11,04/03/2026 14:37:48,3.326,73.845,4.22,0.40639,70.519
12,04/03/2026 14:47:48,3.342,73.866,4.63,0.40809,70.524
13,04/03/2026 14:57:48,3.347,73.891,4.84,0.40858,70.543
14,04/03/2026 15:07:48,3.346,73.897,5.15,0.40844,70.551
15,04/03/2026 15:17:48,3.332,73.889,5.25,0.40704,70.557
16,04/03/2026 15:27:48,3.364,73.916,5.25,0.41027,70.552
17,04/03/2026 15:37:48,3.387,73.936,5.46,0.41259,70.549
18,04/03/2026 15:47:48,3.337,73.892,5.67,0.40753,70.555
19,04/03/2026 15:57:48,3.373,73.940,5.97,0.41120,70.567
20,04/03/2026 16:07:48,3.372,73.941,6.07,0.41106,70.569
21,04/03/2026 16:17:48,3.350,73.932,6.18,0.40888,70.582
22,04/03/2026 16:27:48,3.348,73.951,6.28,0.40867,70.603
23,04/03/2026 16:37:48,3.348,73.952,6.38,0.40867,70.604
24,04/03/2026 16:47:48,3.348,73.975,6.38,0.40860,70.627
25,04/03/2026 16:57:48,3.365,73.998,6.48,0.41043,70.633
26,04/03/2026 17:07:48,3.366,74.020,6.38,0.41050,70.654
27,04/03/2026 17:17:48,3.362,74.020,6.38,0.41008,70.658
28,04/03/2026 17:27:48,3.369,74.050,6.18,0.41078,70.681
29,04/03/2026 17:37:48,3.339,74.030,5.97,0.40775,70.691
30,04/03/2026 17:47:48,3.359,74.060,5.77,0.40979,70.701
31,04/03/2026 17:57:48,3.339,74.045,5.56,0.40774,70.706
32,04/03/2026 18:07:48,3.340,74.063,5.46,0.40781,70.723
33,04/03/2026 18:17:48,3.319,74.066,5.36,0.40570,70.747
34,04/03/2026 18:27:48,3.325,74.088,5.25,0.40633,70.763
35,04/03/2026 18:37:48,3.319,74.096,5.05,0.40563,70.777
36,04/03/2026 18:47:48,3.299,74.081,4.84,0.40359,70.782
37,04/03/2026 18:57:48,3.319,74.106,4.63,0.40569,70.787
38,04/03/2026 19:07:48,3.309,74.104,4.32,0.40464,70.795
39,04/03/2026 19:17:48,3.314,74.107,4.11,0.40520,70.793
40,04/03/2026 19:27:48,3.313,74.101,3.90,0.40506,70.788
41,04/03/2026 19:37:48,3.321,74.122,3.69,0.40590,70.801
42,04/03/2026 19:47:48,3.295,74.097,3.38,0.40330,70.802
43,04/03/2026 19:57:48,3.284,74.092,3.16,0.40203,70.808
44,04/03/2026 20:07:48,3.289,74.117,2.95,0.40266,70.828
45,04/03/2026 20:17:48,3.271,74.111,2.74,0.40084,70.840
46,04/03/2026 20:27:48,3.296,74.164,2.53,0.40337,70.868
47,04/03/2026 20:37:48,3.259,74.140,2.31,0.39957,70.881
48,04/03/2026 20:47:48,3.284,74.171,2.20,0.40210,70.887
49,04/03/2026 20:57:48,3.279,74.170,1.99,0.40161,70.891
50,04/03/2026 21:07:48,3.283,74.187,1.77,0.40196,70.904
51,04/03/2026 21:17:48,3.263,74.181,1.67,0.40000,70.918
52,04/03/2026 21:27:48,3.263,74.180,1.45,0.40000,70.917
53,04/03/2026 21:37:48,3.222,74.157,1.34,0.39578,70.935
54,04/03/2026 21:47:48,3.214,74.156,1.12,0.39494,70.942
55,04/03/2026 21:57:48,3.189,74.141,1.01,0.39248,70.952
56,04/03/2026 22:07:48,3.168,74.126,0.79,0.39030,70.958
57,04/03/2026 22:17:48,3.117,74.081,0.68,0.38503,70.964
58,04/03/2026 22:27:48,3.103,74.066,0.57,0.38369,70.963
59,04/03/2026 22:37:48,3.080,74.048,0.46,0.38130,70.968
60,04/03/2026 22:47:48,3.073,74.038,0.35,0.38060,70.965
61,04/03/2026 22:57:48,3.044,74.010,0.24,0.37765,70.966
62,04/03/2026 23:07:48,3.011,73.982,0.13,0.37435,70.971
63,04/03/2026 23:17:48,2.983,73.955,0.13,0.37147,70.972
64,04/03/2026 23:27:48,2.984,73.959,0.02,0.37154,70.975
65,04/03/2026 23:37:48,2.962,73.941,-0.09,0.36922,70.979
66,04/03/2026 23:47:48,2.953,73.941,-0.09,0.36830,70.988
67,04/03/2026 23:57:48,2.951,73.949,-0.20,0.36817,70.998
68,04/04/2026 00:07:48,2.959,73.963,-0.20,0.36894,71.004
69,04/04/2026 00:17:48,3.027,74.044,-0.20,0.37590,71.017
70,04/04/2026 00:27:48,3.054,74.072,-0.09,0.37864,71.018
71,04/04/2026 00:37:48,3.087,74.112,-0.20,0.38202,71.025
72,04/04/2026 00:47:48,3.121,74.149,-0.09,0.38546,71.028
73,04/04/2026 00:57:48,3.156,74.184,-0.20,0.38912,71.028
74,04/04/2026 01:07:48,3.182,74.216,-0.20,0.39172,71.034
75,04/04/2026 01:17:48,3.237,74.270,-0.20,0.39735,71.033
76,04/04/2026 01:27:48,3.252,74.284,-0.20,0.39882,71.032
77,04/04/2026 01:37:48,3.288,74.320,-0.20,0.40255,71.032
78,04/04/2026 01:47:48,3.362,74.393,-0.09,0.41007,71.031
79,04/04/2026 01:57:48,3.399,74.425,-0.09,0.41380,71.026
80,04/04/2026 02:07:48,3.442,74.479,-0.09,0.41823,71.037
81,04/04/2026 02:17:48,3.461,74.506,-0.09,0.42020,71.045
82,04/04/2026 02:27:48,3.503,74.542,-0.09,0.42449,71.039
83,04/04/2026 02:37:48,3.530,74.560,-0.09,0.42723,71.030
84,04/04/2026 02:47:48,3.550,74.578,-0.09,0.42927,71.028
85,04/04/2026 02:57:48,3.557,74.583,-0.09,0.42997,71.026
86,04/04/2026 03:07:48,3.543,74.574,-0.09,0.42850,71.031
87,04/04/2026 03:17:48,3.533,74.565,-0.09,0.42751,71.032
88,04/04/2026 03:27:48,3.520,74.569,-0.09,0.42625,71.049
89,04/04/2026 03:37:48,3.531,74.578,-0.09,0.42737,71.047
90,04/04/2026 03:47:48,3.537,74.592,-0.09,0.42793,71.055
91,04/04/2026 03:57:48,3.529,74.583,-0.09,0.42709,71.054
92,04/04/2026 04:07:48,3.540,74.596,-0.09,0.42829,71.056
93,04/04/2026 04:17:48,3.530,74.596,-0.09,0.42723,71.066
94,04/04/2026 04:27:48,3.536,74.610,-0.09,0.42786,71.074
95,04/04/2026 04:37:48,3.557,74.619,-0.09,0.42997,71.062
96,04/04/2026 04:47:48,3.522,74.587,-0.09,0.42646,71.065
97,04/04/2026 04:57:48,3.503,74.569,-0.09,0.42449,71.066
98,04/04/2026 05:07:48,3.532,74.605,-0.09,0.42744,71.073
99,04/04/2026 05:17:48,3.510,74.587,-0.09,0.42519,71.077
100,04/04/2026 05:27:48,3.531,74.605,-0.09,0.42737,71.074
101,04/04/2026 05:37:48,3.552,74.637,-0.09,0.42948,71.085
102,04/04/2026 05:47:48,3.563,74.651,-0.09,0.43054,71.088
103,04/04/2026 05:57:48,3.560,74.651,-0.09,0.43026,71.091
104,04/04/2026 06:07:48,3.569,74.660,-0.09,0.43117,71.091
105,04/04/2026 06:17:48,3.572,74.664,-0.09,0.43152,71.092
106,04/04/2026 06:27:48,3.589,74.682,-0.09,0.43328,71.093
107,04/04/2026 06:37:48,3.594,74.700,-0.09,0.43377,71.106
108,04/04/2026 06:47:48,3.615,74.728,-0.09,0.43588,71.113
109,04/04/2026 06:57:48,3.598,74.723,-0.09,0.43419,71.125
110,04/04/2026 07:07:48,3.642,74.773,-0.09,0.43862,71.131
111,04/04/2026 07:17:48,3.636,74.782,-0.09,0.43799,71.146
112,04/04/2026 07:27:48,3.656,74.809,-0.09,0.44010,71.153
113,04/04/2026 07:37:48,3.672,74.832,-0.09,0.44165,71.160
114,04/04/2026 07:47:48,3.679,74.850,-0.09,0.44242,71.171
115,04/04/2026 07:57:48,3.691,74.863,-0.09,0.44369,71.172
116,04/04/2026 08:07:48,3.700,74.877,-0.09,0.44453,71.177
117,04/04/2026 08:17:48,3.726,74.895,-0.09,0.44720,71.169
118,04/04/2026 08:27:48,3.756,74.918,-0.09,0.45023,71.162
119,04/04/2026 08:37:48,3.789,74.936,-0.09,0.45360,71.147
120,04/04/2026 08:47:48,3.823,74.958,-0.09,0.45712,71.135
121,04/04/2026 08:57:48,3.893,75.017,-0.09,0.46429,71.124
122,04/04/2026 09:07:48,3.971,75.094,-0.09,0.47224,71.123
123,04/04/2026 09:17:48,4.012,75.135,-0.09,0.47638,71.123
124,04/04/2026 09:27:48,4.045,75.176,-0.09,0.47969,71.131
125,04/04/2026 09:37:48,4.094,75.225,-0.09,0.48475,71.131
126,04/04/2026 09:47:48,4.134,75.266,-0.09,0.48883,71.132
127,04/04/2026 09:57:48,4.228,75.366,-0.09,0.49839,71.138
128,04/04/2026 10:07:48,4.295,75.429,-0.09,0.50521,71.134
129,04/04/2026 10:17:48,4.266,75.415,-0.09,0.50233,71.149
130,04/04/2026 10:27:48,4.289,75.443,-0.09,0.50458,71.154
131,04/04/2026 10:37:48,4.144,75.298,-0.09,0.48981,71.154
132,04/04/2026 10:47:48,4.097,75.253,-0.09,0.48496,71.156
133,04/04/2026 10:57:48,3.978,75.136,0.13,0.47293,71.158
134,04/04/2026 11:07:48,3.994,75.146,0.35,0.47455,71.152
135,04/04/2026 11:17:48,3.876,75.029,0.46,0.46252,71.153
136,04/04/2026 11:27:48,3.731,74.872,0.68,0.44775,71.141
137,04/04/2026 11:37:48,3.712,74.856,0.90,0.44571,71.144
138,04/04/2026 11:47:48,3.697,74.834,1.01,0.44416,71.137
139,04/04/2026 11:57:48,3.642,74.771,1.12,0.43860,71.129
140,04/04/2026 12:07:48,3.637,74.759,1.34,0.43811,71.122
141,04/04/2026 12:17:48,3.589,74.710,1.45,0.43319,71.121
142,04/04/2026 12:27:48,3.585,74.693,1.67,0.43276,71.108
143,04/04/2026 12:37:48,3.586,74.694,1.88,0.43290,71.108
144,04/04/2026 12:47:48,3.584,74.690,1.99,0.43276,71.106
145,04/04/2026 12:57:48,3.541,74.641,2.10,0.42833,71.100
146,04/04/2026 13:07:48,3.550,74.643,2.31,0.42917,71.093
147,04/04/2026 13:17:48,3.504,74.607,2.42,0.42453,71.103
148,04/04/2026 13:27:48,3.527,74.627,2.63,0.42685,71.100
149,04/04/2026 13:37:48,3.516,74.618,2.74,0.42580,71.102
150,04/04/2026 13:47:48,3.504,74.606,2.95,0.42453,71.102
151,04/04/2026 13:57:48,3.479,74.589,3.06,0.42193,71.110
152,04/04/2026 14:07:48,3.460,74.577,3.27,0.42003,71.117
153,04/04/2026 14:17:48,3.453,74.564,3.48,0.41940,71.111
154,04/04/2026 14:27:48,3.442,74.552,3.69,0.41827,71.110
155,04/04/2026 14:37:48,3.460,74.563,3.90,0.42003,71.103
156,04/04/2026 14:47:48,3.473,74.569,4.11,0.42137,71.096
157,04/04/2026 14:57:48,3.485,74.579,4.32,0.42264,71.094
158,04/04/2026 15:07:48,3.491,74.573,4.63,0.42320,71.082
159,04/04/2026 15:17:48,3.484,74.570,4.84,0.42243,71.086
160,04/04/2026 15:27:48,3.487,74.567,5.05,0.42279,71.080
161,04/04/2026 15:37:48,3.526,74.600,5.25,0.42680,71.074
162,04/04/2026 15:47:48,3.524,74.610,5.46,0.42666,71.086
163,04/04/2026 15:57:48,3.541,74.630,5.67,0.42835,71.089
164,04/04/2026 16:07:48,3.553,74.641,5.87,0.42955,71.088
165,04/04/2026 16:17:48,3.567,74.651,6.07,0.43103,71.084
166,04/04/2026 16:27:48,3.568,74.648,6.18,0.43110,71.080
167,04/04/2026 16:37:48,3.549,74.635,6.28,0.42913,71.086
168,04/04/2026 16:47:48,3.559,74.644,6.28,0.43019,71.085
169,04/04/2026 16:57:48,3.553,74.649,6.28,0.42955,71.096
170,04/04/2026 17:07:48,3.543,74.639,6.28,0.42857,71.096
171,04/04/2026 17:17:48,3.540,74.639,6.28,0.42829,71.099
172,04/04/2026 17:27:48,3.550,74.649,6.28,0.42920,71.099
173,04/04/2026 17:37:48,3.548,74.648,6.18,0.42906,71.100
174,04/04/2026 17:47:48,3.568,74.674,6.07,0.43110,71.106
175,04/04/2026 17:57:48,3.567,74.673,5.97,0.43103,71.106
176,04/04/2026 18:07:48,3.552,74.660,5.97,0.42941,71.108
177,04/04/2026 18:17:48,3.550,74.663,5.77,0.42919,71.113
178,04/04/2026 18:27:48,3.542,74.657,5.67,0.42849,71.115
179,04/04/2026 18:37:48,3.531,74.642,5.46,0.42736,71.111
180,04/04/2026 18:47:48,3.511,74.622,5.25,0.42532,71.111
181,04/04/2026 18:57:48,3.534,74.639,5.05,0.42764,71.105
182,04/04/2026 19:07:48,3.532,74.638,4.94,0.42743,71.106
183,04/04/2026 19:17:48,3.503,74.614,4.74,0.42447,71.111
184,04/04/2026 19:27:48,3.546,74.653,4.53,0.42883,71.107
185,04/04/2026 19:37:48,3.531,74.643,4.32,0.42728,71.112
186,04/04/2026 19:47:48,3.502,74.623,4.11,0.42432,71.121
187,04/04/2026 19:57:48,3.500,74.626,3.90,0.42418,71.126
188,04/04/2026 20:07:48,3.478,74.611,3.69,0.42193,71.133
189,04/04/2026 20:17:48,3.487,74.632,3.48,0.42284,71.145
190,04/04/2026 20:27:48,3.502,74.663,3.27,0.42432,71.161
191,04/04/2026 20:37:48,3.475,74.643,3.06,0.42158,71.168
192,04/04/2026 20:47:48,3.472,74.651,2.85,0.42123,71.179
193,04/04/2026 20:57:48,3.475,74.667,2.63,0.42165,71.192
194,04/04/2026 21:07:48,3.438,74.639,2.42,0.41778,71.201
195,04/04/2026 21:17:48,3.476,74.679,2.31,0.42165,71.203
196,04/04/2026 21:27:48,3.441,74.650,2.10,0.41813,71.209
197,04/04/2026 21:37:48,3.430,74.635,1.88,0.41701,71.205
198,04/04/2026 21:47:48,3.441,74.653,1.77,0.41807,71.212
199,04/04/2026 21:57:48,3.401,74.620,1.56,0.41399,71.219
200,04/04/2026 22:07:48,3.395,74.610,1.45,0.41343,71.215
201,04/04/2026 22:17:48,3.351,74.564,1.34,0.40893,71.213
202,04/04/2026 22:27:48,3.359,74.576,1.12,0.40977,71.217
203,04/04/2026 22:37:48,3.315,74.526,1.01,0.40528,71.211
204,04/04/2026 22:47:48,3.300,74.507,0.90,0.40373,71.207
205,04/04/2026 22:57:48,3.251,74.461,0.79,0.39881,71.210
206,04/04/2026 23:07:48,3.239,74.452,0.68,0.39747,71.213
207,04/04/2026 23:17:48,3.203,74.415,0.57,0.39382,71.212
208,04/04/2026 23:27:48,3.201,74.419,0.46,0.39361,71.218
209,04/04/2026 23:37:48,3.209,74.432,0.35,0.39446,71.223
210,04/04/2026 23:47:48,3.166,74.395,0.35,0.39010,71.229
211,04/04/2026 23:57:48,3.132,74.368,0.24,0.38658,71.236
212,04/05/2026 00:07:48,3.108,74.344,0.13,0.38419,71.236
213,04/05/2026 00:17:48,3.105,74.339,0.02,0.38391,71.234
214,04/05/2026 00:27:48,3.064,74.294,0.02,0.37969,71.230
215,04/05/2026 00:37:48,3.047,74.280,0.02,0.37801,71.233
216,04/05/2026 00:47:48,3.032,74.271,-0.09,0.37639,71.239
217,04/05/2026 00:57:48,3.006,74.248,-0.09,0.37379,71.242
218,04/05/2026 01:07:48,2.978,74.216,-0.09,0.37098,71.238
219,04/05/2026 01:17:48,3.035,74.279,-0.20,0.37674,71.244
220,04/05/2026 01:27:48,3.084,74.338,-0.20,0.38174,71.254
221,04/05/2026 01:37:48,3.169,74.415,-0.20,0.39039,71.246
222,04/05/2026 01:47:48,3.235,74.483,-0.20,0.39714,71.248
223,04/05/2026 01:57:48,3.272,74.519,-0.20,0.40093,71.247
224,04/05/2026 02:07:48,3.310,74.565,-0.09,0.40473,71.255
225,04/05/2026 02:17:48,3.359,74.609,-0.20,0.40979,71.250
226,04/05/2026 02:27:48,3.405,74.655,-0.20,0.41444,71.250
227,04/05/2026 02:37:48,3.437,74.682,-0.20,0.41774,71.245
228,04/05/2026 02:47:48,3.480,74.723,-0.09,0.42210,71.243
229,04/05/2026 02:57:48,3.493,74.737,-0.09,0.42343,71.244
230,04/05/2026 03:07:48,3.522,74.768,-0.09,0.42646,71.246
231,04/05/2026 03:17:48,3.533,74.782,-0.09,0.42751,71.249
232,04/05/2026 03:27:48,3.563,74.809,-0.09,0.43061,71.246
233,04/05/2026 03:37:48,3.592,74.836,-0.09,0.43356,71.244
234,04/05/2026 03:47:48,3.578,74.823,-0.09,0.43208,71.245
235,04/05/2026 03:57:48,3.587,74.832,-0.09,0.43300,71.245
236,04/05/2026 04:07:48,3.612,74.850,-0.09,0.43553,71.238
237,04/05/2026 04:17:48,3.637,74.877,-0.09,0.43813,71.240
238,04/05/2026 04:27:48,3.646,74.885,-0.20,0.43912,71.239
239,04/05/2026 04:37:48,3.654,74.900,-0.09,0.43982,71.246
240,04/05/2026 04:47:48,3.679,74.927,-0.09,0.44242,71.248
241,04/05/2026 04:57:48,3.670,74.918,-0.09,0.44144,71.248
242,04/05/2026 05:07:48,3.662,74.913,-0.09,0.44066,71.251
243,04/05/2026 05:17:48,3.684,74.936,-0.09,0.44291,71.252
244,04/05/2026 05:27:48,3.667,74.922,-0.09,0.44122,71.255
245,04/05/2026 05:37:48,3.673,74.927,-0.09,0.44179,71.254
246,04/05/2026 05:47:48,3.686,74.945,-0.09,0.44312,71.259
247,04/05/2026 05:57:48,3.705,74.958,-0.09,0.44509,71.253
248,04/05/2026 06:07:48,3.715,74.967,-0.09,0.44615,71.252
249,04/05/2026 06:17:48,3.687,74.940,-0.20,0.44320,71.253
250,04/05/2026 06:27:48,3.713,74.972,-0.09,0.44587,71.259
251,04/05/2026 06:37:48,3.690,74.949,-0.09,0.44355,71.259
252,04/05/2026 06:47:48,3.693,74.963,-0.09,0.44383,71.270
253,04/05/2026 06:57:48,3.692,74.976,-0.09,0.44376,71.284
254,04/05/2026 07:07:48,3.685,74.976,-0.09,0.44305,71.291
255,04/05/2026 07:17:48,3.652,74.940,-0.09,0.43968,71.288
256,04/05/2026 07:27:48,3.675,74.967,-0.09,0.44207,71.292
257,04/05/2026 07:37:48,3.669,74.963,-0.09,0.44137,71.294
258,04/05/2026 07:47:48,3.656,74.954,-0.09,0.44003,71.298
259,04/05/2026 07:57:48,3.668,74.963,-0.09,0.44130,71.295
260,04/05/2026 08:07:48,3.690,74.981,-0.09,0.44355,71.291
261,04/05/2026 08:17:48,3.669,74.967,-0.09,0.44144,71.298
262,04/05/2026 08:27:48,3.675,74.972,-0.09,0.44200,71.297
263,04/05/2026 08:37:48,3.706,74.990,-0.09,0.44516,71.284
264,04/05/2026 08:47:48,3.768,75.049,-0.09,0.45149,71.281
265,04/05/2026 08:57:48,3.830,75.112,-0.09,0.45782,71.282
266,04/05/2026 09:07:48,3.826,75.112,-0.09,0.45740,71.286
267,04/05/2026 09:17:48,3.852,75.144,-0.09,0.46007,71.292
268,04/05/2026 09:27:48,3.874,75.167,-0.09,0.46225,71.293
269,04/05/2026 09:37:48,3.836,75.135,-0.09,0.45838,71.299
270,04/05/2026 09:47:48,3.962,75.266,-0.09,0.47132,71.304
271,04/05/2026 09:57:48,4.083,75.384,-0.09,0.48363,71.301
272,04/05/2026 10:07:48,3.903,75.216,-0.09,0.46527,71.313
273,04/05/2026 10:17:48,3.818,75.126,-0.09,0.45655,71.308
274,04/05/2026 10:27:48,3.740,75.049,-0.09,0.44861,71.309
275,04/05/2026 10:37:48,3.797,75.096,0.24,0.45444,71.299
276,04/05/2026 10:47:48,3.740,75.039,0.57,0.44867,71.299
277,04/05/2026 10:57:48,3.746,75.036,0.79,0.44923,71.290
278,04/05/2026 11:07:48,3.807,75.104,0.90,0.45548,71.297
279,04/05/2026 11:17:48,3.775,75.070,1.12,0.45217,71.295
280,04/05/2026 11:27:48,3.784,75.075,1.34,0.45316,71.291
281,04/05/2026 11:37:48,3.720,75.008,1.45,0.44662,71.288
282,04/05/2026 11:47:48,3.649,74.928,1.67,0.43937,71.279
283,04/05/2026 11:57:48,3.612,74.889,1.88,0.43550,71.277
284,04/05/2026 12:07:48,3.585,74.849,1.99,0.43276,71.264
285,04/05/2026 12:17:48,3.522,74.782,2.20,0.42643,71.260
286,04/05/2026 12:27:48,3.579,74.820,2.42,0.43220,71.241
287,04/05/2026 12:37:48,3.538,74.776,2.63,0.42798,71.238
288,04/05/2026 12:47:48,3.524,74.750,2.85,0.42657,71.226
289,04/05/2026 12:57:48,3.506,74.724,3.06,0.42481,71.218
290,04/05/2026 13:07:48,3.525,74.744,3.27,0.42671,71.219
291,04/05/2026 13:17:48,3.510,74.723,3.48,0.42516,71.213
292,04/05/2026 13:27:48,3.498,74.706,3.69,0.42397,71.208
293,04/05/2026 13:37:48,3.517,74.717,4.01,0.42594,71.200
294,04/05/2026 13:47:48,3.491,74.688,4.32,0.42320,71.197
295,04/05/2026 13:57:48,3.478,74.668,4.63,0.42187,71.190
296,04/05/2026 14:07:48,3.509,74.693,4.94,0.42503,71.184
297,04/05/2026 14:17:48,3.542,74.731,5.25,0.42841,71.189
298,04/05/2026 14:27:48,3.560,74.747,5.56,0.43032,71.187
299,04/05/2026 14:37:48,3.565,74.740,5.87,0.43081,71.175
300,04/05/2026 14:47:48,3.615,74.784,6.18,0.43588,71.169
301,04/05/2026 14:57:48,3.668,74.840,6.48,0.44137,71.172
302,04/05/2026 15:07:48,3.703,74.860,6.68,0.44489,71.157
303,04/05/2026 15:17:48,3.745,74.889,6.89,0.44919,71.144
304,04/05/2026 15:27:48,3.752,74.896,7.19,0.44990,71.144
305,04/05/2026 15:37:48,3.831,74.966,7.39,0.45792,71.135
306,04/05/2026 15:47:48,3.804,74.939,7.49,0.45525,71.135
307,04/05/2026 15:57:48,3.847,74.972,7.59,0.45961,71.125
308,04/05/2026 16:07:48,3.908,75.023,7.69,0.46580,71.115
309,04/05/2026 16:17:48,3.898,75.018,7.69,0.46482,71.120
310,04/05/2026 16:27:48,3.910,75.027,7.69,0.46601,71.117
311,04/05/2026 16:37:48,3.968,75.095,7.69,0.47192,71.127
312,04/05/2026 16:47:48,3.969,75.103,7.59,0.47206,71.134
313,04/05/2026 16:57:48,3.982,75.117,7.59,0.47332,71.135
314,04/05/2026 17:07:48,4.036,75.170,7.49,0.47888,71.134
315,04/05/2026 17:17:48,4.064,75.183,7.39,0.48176,71.119
316,04/05/2026 17:27:48,4.075,75.204,7.19,0.48281,71.129
317,04/05/2026 17:37:48,4.096,75.221,7.09,0.48498,71.125
318,04/05/2026 17:47:48,4.041,75.174,6.89,0.47942,71.133
319,04/05/2026 17:57:48,4.094,75.227,6.68,0.48476,71.133
320,04/05/2026 18:07:48,4.079,75.212,6.48,0.48321,71.133
321,04/05/2026 18:17:48,4.073,75.197,6.28,0.48257,71.124
322,04/05/2026 18:27:48,4.057,75.177,6.07,0.48095,71.120
323,04/05/2026 18:37:48,4.085,75.202,5.77,0.48376,71.117
324,04/05/2026 18:47:48,4.060,75.173,5.56,0.48122,71.113
325,04/05/2026 18:57:48,4.040,75.152,5.25,0.47925,71.112
326,04/05/2026 19:07:48,4.060,75.164,5.05,0.48129,71.104
327,04/05/2026 19:17:48,4.071,75.176,4.74,0.48234,71.105
328,04/05/2026 19:27:48,4.048,75.147,4.53,0.48002,71.099
329,04/05/2026 19:37:48,4.042,75.149,4.22,0.47945,71.107
330,04/05/2026 19:47:48,4.034,75.139,4.01,0.47853,71.105
331,04/05/2026 19:57:48,4.001,75.109,3.69,0.47523,71.108
332,04/05/2026 20:07:48,4.032,75.144,3.48,0.47839,71.112
333,04/05/2026 20:17:48,3.999,75.115,3.27,0.47502,71.116
334,04/05/2026 20:27:48,3.975,75.105,3.06,0.47256,71.130
335,04/05/2026 20:37:48,3.937,75.071,2.74,0.46869,71.134
336,04/05/2026 20:47:48,3.995,75.137,2.53,0.47467,71.142
337,04/05/2026 20:57:48,3.957,75.104,2.31,0.47080,71.147
338,04/05/2026 21:07:48,3.910,75.062,2.10,0.46595,71.152
339,04/05/2026 21:17:48,3.960,75.111,1.99,0.47108,71.151
340,04/05/2026 21:27:48,3.901,75.056,1.77,0.46497,71.155
341,04/05/2026 21:37:48,3.907,75.064,1.67,0.46560,71.157
342,04/05/2026 21:47:48,3.826,74.986,1.45,0.45737,71.160
343,04/05/2026 21:57:48,3.851,75.008,1.34,0.45991,71.157
344,04/05/2026 22:07:48,3.795,74.953,1.23,0.45421,71.158
345,04/05/2026 22:17:48,3.787,74.942,1.01,0.45344,71.155
346,04/05/2026 22:27:48,3.763,74.919,0.90,0.45098,71.156
347,04/05/2026 22:37:48,3.740,74.896,0.79,0.44859,71.156
348,04/05/2026 22:47:48,3.689,74.841,0.68,0.44339,71.152
349,04/05/2026 22:57:48,3.670,74.817,0.57,0.44149,71.147
350,04/05/2026 23:07:48,3.631,74.781,0.46,0.43749,71.150
351,04/05/2026 23:17:48,3.590,74.739,0.35,0.43334,71.149
352,04/05/2026 23:27:48,3.583,74.739,0.35,0.43264,71.156
353,04/05/2026 23:37:48,3.549,74.702,0.24,0.42919,71.153
354,04/05/2026 23:47:48,3.512,74.666,0.13,0.42533,71.154
355,04/05/2026 23:57:48,3.504,74.661,0.13,0.42456,71.157
356,04/06/2026 00:07:48,3.470,74.624,0.02,0.42111,71.154
357,04/06/2026 00:17:48,3.450,74.602,0.02,0.41900,71.152
358,04/06/2026 00:27:48,3.413,74.574,-0.09,0.41528,71.161
359,04/06/2026 00:37:48,3.376,74.542,-0.09,0.41155,71.166
360,04/06/2026 00:47:48,3.378,74.551,-0.09,0.41176,71.173
361,04/06/2026 00:57:48,3.363,74.542,-0.09,0.41021,71.179
362,04/06/2026 01:07:48,3.322,74.497,-0.09,0.40600,71.175
363,04/06/2026 01:17:48,3.305,74.483,-0.20,0.40424,71.178
364,04/06/2026 01:27:48,3.333,74.505,-0.20,0.40719,71.172
365,04/06/2026 01:37:48,3.372,74.551,-0.20,0.41106,71.179
366,04/06/2026 01:47:48,3.437,74.609,-0.20,0.41781,71.172
367,04/06/2026 01:57:48,3.474,74.641,-0.20,0.42154,71.167
368,04/06/2026 02:07:48,3.516,74.682,-0.20,0.42576,71.166
369,04/06/2026 02:17:48,3.524,74.682,-0.09,0.42667,71.158
370,04/06/2026 02:27:48,3.567,74.722,-0.20,0.43103,71.155
371,04/06/2026 02:37:48,3.580,74.732,-0.09,0.43236,71.152
372,04/06/2026 02:47:48,3.605,74.755,-0.09,0.43483,71.150
373,04/06/2026 02:57:48,3.624,74.773,-0.09,0.43679,71.149
374,04/06/2026 03:07:48,3.672,74.814,-0.09,0.44165,71.142
375,04/06/2026 03:17:48,3.666,74.800,-0.09,0.44108,71.134
376,04/06/2026 03:27:48,3.716,74.845,-0.09,0.44622,71.129
377,04/06/2026 03:37:48,3.759,74.886,-0.09,0.45058,71.127
378,04/06/2026 03:47:48,3.789,74.913,-0.09,0.45367,71.124
379,04/06/2026 03:57:48,3.806,74.922,-0.09,0.45536,71.116
380,04/06/2026 04:07:48,3.807,74.909,-0.09,0.45543,71.102
381,04/06/2026 04:17:48,3.807,74.908,-0.20,0.45550,71.101
382,04/06/2026 04:27:48,3.833,74.927,-0.09,0.45810,71.094
383,04/06/2026 04:37:48,3.827,74.922,-0.09,0.45754,71.095
384,04/06/2026 04:47:48,3.826,74.913,-0.09,0.45740,71.087
385,04/06/2026 04:57:48,3.830,74.913,-0.09,0.45782,71.083
386,04/06/2026 05:07:48,3.824,74.904,-0.09,0.45719,71.080
387,04/06/2026 05:17:48,3.833,74.922,-0.20,0.45810,71.089
388,04/06/2026 05:27:48,3.803,74.891,-0.09,0.45501,71.088
389,04/06/2026 05:37:48,3.815,74.900,-0.09,0.45627,71.085
390,04/06/2026 05:47:48,3.828,74.918,-0.09,0.45761,71.090
391,04/06/2026 05:57:48,3.825,74.913,-0.20,0.45726,71.088
392,04/06/2026 06:07:48,3.825,74.913,-0.20,0.45726,71.088
393,04/06/2026 06:17:48,3.814,74.895,-0.09,0.45620,71.081
394,04/06/2026 06:27:48,3.824,74.900,-0.09,0.45719,71.076
395,04/06/2026 06:37:48,3.814,74.895,-0.09,0.45620,71.081
396,04/06/2026 06:47:48,3.816,74.909,-0.09,0.45634,71.093
397,04/06/2026 06:57:48,3.831,74.927,-0.09,0.45789,71.096
398,04/06/2026 07:07:48,3.826,74.927,-0.09,0.45740,71.101
399,04/06/2026 07:17:48,3.839,74.944,-0.20,0.45874,71.105
400,04/06/2026 07:27:48,3.827,74.931,-0.09,0.45754,71.104
401,04/06/2026 07:37:48,3.845,74.945,-0.09,0.45930,71.100
402,04/06/2026 07:47:48,3.845,74.954,-0.09,0.45930,71.109
403,04/06/2026 07:57:48,3.862,74.963,-0.09,0.46105,71.101
404,04/06/2026 08:07:48,3.838,74.936,-0.09,0.45859,71.098
405,04/06/2026 08:17:48,3.839,74.936,-0.09,0.45873,71.097
406,04/06/2026 08:27:48,3.855,74.949,-0.09,0.46042,71.094
407,04/06/2026 08:37:48,3.874,74.967,-0.09,0.46232,71.093
408,04/06/2026 08:47:48,3.907,74.999,-0.09,0.46570,71.092
409,04/06/2026 08:57:48,3.898,74.986,-0.09,0.46471,71.088
410,04/06/2026 09:07:48,3.914,74.999,-0.09,0.46640,71.085
411,04/06/2026 09:17:48,3.911,74.999,-0.09,0.46612,71.088
412,04/06/2026 09:27:48,3.927,75.017,-0.09,0.46773,71.090
413,04/06/2026 09:37:48,3.927,75.008,-0.09,0.46773,71.081
414,04/06/2026 09:47:48,3.954,75.035,-0.09,0.47048,71.081
415,04/06/2026 09:57:48,3.931,75.008,-0.09,0.46816,71.077
416,04/06/2026 10:07:48,3.731,74.805,-0.09,0.44769,71.074
417,04/06/2026 10:17:48,3.777,74.846,0.02,0.45240,71.069
418,04/06/2026 10:27:48,3.792,74.854,0.57,0.45387,71.062
419,04/06/2026 10:37:48,3.799,74.855,0.79,0.45464,71.056
420,04/06/2026 10:47:48,3.792,74.837,0.90,0.45394,71.045
421,04/06/2026 10:57:48,3.827,74.866,1.12,0.45745,71.039
422,04/06/2026 11:07:48,3.879,74.912,1.23,0.46279,71.033
423,04/06/2026 11:17:48,3.899,74.926,1.34,0.46483,71.027
424,04/06/2026 11:27:48,3.893,74.914,1.56,0.46419,71.021
425,04/06/2026 11:37:48,3.819,74.829,1.77,0.45667,71.010
426,04/06/2026 11:47:48,3.742,74.740,1.99,0.44879,70.998
427,04/06/2026 11:57:48,3.734,74.723,2.20,0.44802,70.989
428,04/06/2026 12:07:48,3.682,74.652,2.42,0.44274,70.970
429,04/06/2026 12:17:48,3.629,74.581,2.63,0.43733,70.952
430,04/06/2026 12:27:48,3.673,74.623,2.85,0.44183,70.950
431,04/06/2026 12:37:48,3.641,74.580,3.06,0.43845,70.939
432,04/06/2026 12:47:48,3.631,74.549,3.27,0.43754,70.918
433,04/06/2026 12:57:48,3.660,74.565,3.59,0.44049,70.905
434,04/06/2026 13:07:48,3.686,74.567,3.90,0.44317,70.881
435,04/06/2026 13:17:48,3.697,74.570,4.22,0.44415,70.873
436,04/06/2026 13:27:48,3.737,74.597,4.22,0.44830,70.860
437,04/06/2026 13:37:48,3.761,74.604,4.53,0.45070,70.843
438,04/06/2026 13:47:48,3.790,74.631,5.15,0.45373,70.841
439,04/06/2026 13:57:48,3.855,74.690,5.15,0.46034,70.835
440,04/06/2026 14:07:48,3.871,74.700,5.36,0.46203,70.829
441,04/06/2026 14:17:48,3.958,74.783,5.46,0.47082,70.825
442,04/06/2026 14:27:48,3.973,74.785,5.77,0.47237,70.812
443,04/06/2026 14:37:48,4.007,74.817,5.87,0.47589,70.810
444,04/06/2026 14:47:48,4.051,74.842,6.07,0.48032,70.791
445,04/06/2026 14:57:48,4.068,74.858,6.38,0.48208,70.790
446,04/06/2026 15:07:48,4.103,74.885,6.38,0.48567,70.782
447,04/06/2026 15:17:48,4.155,74.921,6.38,0.49102,70.766
448,04/06/2026 15:27:48,4.194,74.967,6.48,0.49496,70.773
449,04/06/2026 15:37:48,4.194,74.958,6.48,0.49496,70.764
450,04/06/2026 15:47:48,4.198,74.954,6.48,0.49531,70.756
451,04/06/2026 15:57:48,4.263,74.999,6.48,0.50199,70.736
452,04/06/2026 16:07:48,4.278,75.009,6.58,0.50347,70.731
453,04/06/2026 16:17:48,4.259,74.986,6.58,0.50157,70.727
454,04/06/2026 16:27:48,4.304,75.018,6.58,0.50614,70.714
455,04/06/2026 16:37:48,4.355,75.063,6.58,0.51141,70.708
456,04/06/2026 16:47:48,4.336,75.058,6.48,0.50944,70.722
457,04/06/2026 16:57:48,4.348,75.052,6.38,0.51070,70.704
458,04/06/2026 17:07:48,4.393,75.092,6.28,0.51527,70.699
459,04/06/2026 17:17:48,4.457,75.163,6.07,0.52181,70.706
460,04/06/2026 17:27:48,4.429,75.126,5.97,0.51892,70.697
461,04/06/2026 17:37:48,4.433,75.130,5.87,0.51927,70.697
462,04/06/2026 17:47:48,4.381,75.088,5.67,0.51399,70.707
463,04/06/2026 17:57:48,4.421,75.118,5.46,0.51807,70.697
464,04/06/2026 18:07:48,4.417,75.112,5.25,0.51764,70.695
465,04/06/2026 18:17:48,4.404,75.093,5.15,0.51631,70.689
466,04/06/2026 18:27:48,4.393,75.078,4.94,0.51518,70.685
467,04/06/2026 18:37:48,4.408,75.099,4.74,0.51672,70.691
468,04/06/2026 18:47:48,4.337,75.016,4.53,0.50948,70.679
469,04/06/2026 18:57:48,4.326,75.000,4.32,0.50842,70.674
470,04/06/2026 19:07:48,4.277,74.940,4.11,0.50336,70.663
471,04/06/2026 19:17:48,4.303,74.966,3.90,0.50603,70.663
472,04/06/2026 19:27:48,4.287,74.946,3.69,0.50441,70.659
473,04/06/2026 19:37:48,4.240,74.890,3.48,0.49963,70.650
474,04/06/2026 19:47:48,4.234,74.884,3.27,0.49899,70.650
475,04/06/2026 19:57:48,4.200,74.851,3.06,0.49555,70.651
476,04/06/2026 20:07:48,4.189,74.846,2.95,0.49442,70.657
477,04/06/2026 20:17:48,4.169,74.826,2.74,0.49238,70.657
478,04/06/2026 20:27:48,4.106,74.762,2.63,0.48598,70.656
479,04/06/2026 20:37:48,4.111,74.770,2.42,0.48641,70.659
480,04/06/2026 20:47:48,4.088,74.747,2.31,0.48409,70.659
481,04/06/2026 20:57:48,4.061,74.719,2.20,0.48135,70.658
482,04/06/2026 21:07:48,4.044,74.709,2.10,0.47959,70.665
483,04/06/2026 21:17:48,4.017,74.690,1.88,0.47685,70.673
484,04/06/2026 21:27:48,4.007,74.680,1.77,0.47579,70.673
485,04/06/2026 21:37:48,4.008,74.684,1.67,0.47594,70.676
486,04/06/2026 21:47:48,3.973,74.651,1.56,0.47242,70.678
487,04/06/2026 21:57:48,3.983,74.664,1.45,0.47341,70.681
488,04/06/2026 22:07:48,3.924,74.609,1.34,0.46743,70.685
489,04/06/2026 22:17:48,3.937,74.609,1.34,0.46877,70.672
490,04/06/2026 22:27:48,3.922,74.591,1.23,0.46715,70.669
491,04/06/2026 22:37:48,3.863,74.527,1.12,0.46110,70.664
492,04/06/2026 22:47:48,3.855,74.521,1.01,0.46040,70.666
493,04/06/2026 22:57:48,3.877,74.539,1.01,0.46265,70.662
494,04/06/2026 23:07:48,3.856,74.516,0.90,0.46048,70.660
495,04/06/2026 23:17:48,3.862,74.511,0.79,0.46104,70.649
496,04/06/2026 23:27:48,3.800,74.439,0.79,0.45471,70.639
497,04/06/2026 23:37:48,3.768,74.411,0.68,0.45148,70.643
498,04/06/2026 23:47:48,3.764,74.406,0.68,0.45113,70.642
499,04/06/2026 23:57:48,3.741,74.379,0.57,0.44867,70.638
500,04/07/2026 00:07:48,3.738,74.374,0.57,0.44846,70.636
501,04/07/2026 00:17:48,3.719,74.351,0.46,0.44649,70.632
502,04/07/2026 00:27:48,3.706,74.333,0.46,0.44515,70.627
503,04/07/2026 00:37:48,3.670,74.305,0.35,0.44150,70.635
504,04/07/2026 00:47:48,3.634,74.273,0.35,0.43784,70.639
505,04/07/2026 00:57:48,3.619,74.268,0.24,0.43630,70.649
506,04/07/2026 01:07:48,3.632,74.282,0.24,0.43756,70.650
507,04/07/2026 01:17:48,3.571,74.213,0.13,0.43145,70.642
508,04/07/2026 01:27:48,3.526,74.163,0.13,0.42688,70.637
509,04/07/2026 01:37:48,3.526,74.154,0.02,0.42681,70.628
510,04/07/2026 01:47:48,3.526,74.149,0.02,0.42681,70.623
511,04/07/2026 01:57:48,3.495,74.127,0.02,0.42357,70.632
512,04/07/2026 02:07:48,3.452,74.076,-0.09,0.41929,70.624
513,04/07/2026 02:17:48,3.434,74.058,-0.09,0.41746,70.624
514,04/07/2026 02:27:48,3.426,74.040,-0.09,0.41661,70.614
515,04/07/2026 02:37:48,3.425,74.040,-0.09,0.41654,70.615
516,04/07/2026 02:47:48,3.383,73.999,-0.09,0.41225,70.616
517,04/07/2026 02:57:48,3.345,73.967,-0.20,0.40839,70.622
518,04/07/2026 03:07:48,3.371,73.994,-0.20,0.41106,70.623
519,04/07/2026 03:17:48,3.402,74.017,-0.20,0.41415,70.615
520,04/07/2026 03:27:48,3.460,74.071,-0.20,0.42006,70.611
521,04/07/2026 03:37:48,3.494,74.107,-0.20,0.42358,70.613
522,04/07/2026 03:47:48,3.552,74.166,-0.20,0.42948,70.614
523,04/07/2026 03:57:48,3.580,74.193,-0.20,0.43237,70.613
524,04/07/2026 04:07:48,3.665,74.270,-0.20,0.44102,70.605
525,04/07/2026 04:17:48,3.673,74.275,-0.20,0.44179,70.602
526,04/07/2026 04:27:48,3.670,74.262,-0.09,0.44144,70.592
527,04/07/2026 04:37:48,3.729,74.320,-0.09,0.44755,70.591
528,04/07/2026 04:47:48,3.746,74.339,-0.09,0.44924,70.593
529,04/07/2026 04:57:48,3.725,74.320,-0.20,0.44706,70.595
530,04/07/2026 05:07:48,3.757,74.352,-0.09,0.45037,70.595
531,04/07/2026 05:17:48,3.768,74.361,-0.09,0.45149,70.593
532,04/07/2026 05:27:48,3.764,74.361,-0.09,0.45107,70.597
533,04/07/2026 05:37:48,3.804,74.402,-0.09,0.45515,70.598
534,04/07/2026 05:47:48,3.811,74.406,-0.09,0.45592,70.595
535,04/07/2026 05:57:48,3.817,74.415,-0.09,0.45655,70.598
536,04/07/2026 06:07:48,3.824,74.434,-0.09,0.45719,70.610
537,04/07/2026 06:17:48,3.828,74.447,-0.09,0.45761,70.619
538,04/07/2026 06:27:48,3.837,74.452,-0.09,0.45852,70.615
539,04/07/2026 06:37:48,3.864,74.483,-0.09,0.46134,70.619
540,04/07/2026 06:47:48,3.874,74.492,-0.09,0.46232,70.618
541,04/07/2026 06:57:48,3.872,74.506,-0.09,0.46211,70.634
542,04/07/2026 07:07:48,3.893,74.523,-0.20,0.46429,70.630
543,04/07/2026 07:17:48,3.913,74.542,-0.09,0.46633,70.629
544,04/07/2026 07:27:48,3.923,74.556,-0.09,0.46724,70.633
545,04/07/2026 07:37:48,3.929,74.560,-0.09,0.46795,70.631
546,04/07/2026 07:47:48,3.940,74.578,-0.09,0.46907,70.638
547,04/07/2026 07:57:48,3.964,74.605,-0.09,0.47153,70.641
548,04/07/2026 08:07:48,3.959,74.605,-0.09,0.47104,70.646
549,04/07/2026 08:17:48,3.982,74.624,-0.09,0.47329,70.642
550,04/07/2026 08:27:48,3.993,74.633,-0.09,0.47442,70.640
551,04/07/2026 08:37:48,4.039,74.682,-0.09,0.47920,70.643
552,04/07/2026 08:47:48,4.076,74.719,-0.09,0.48285,70.643
553,04/07/2026 08:57:48,4.073,74.723,-0.09,0.48264,70.650
554,04/07/2026 09:07:48,4.064,74.714,-0.09,0.48166,70.650
555,04/07/2026 09:17:48,3.773,74.425,-0.09,0.45198,70.652
556,04/07/2026 09:27:48,3.572,74.219,0.35,0.43151,70.647
557,04/07/2026 09:37:48,3.624,74.274,0.57,0.43685,70.650
558,04/07/2026 09:47:48,3.742,74.393,0.79,0.44887,70.651
559,04/07/2026 09:57:48,3.827,74.481,1.01,0.45745,70.654
560,04/07/2026 10:07:48,3.935,74.585,1.01,0.46849,70.650
561,04/07/2026 10:17:48,3.972,74.625,1.01,0.47236,70.653
562,04/07/2026 10:27:48,3.905,74.554,1.23,0.46546,70.649
563,04/07/2026 10:37:48,3.834,74.491,1.23,0.45822,70.657
564,04/07/2026 10:47:48,3.745,74.401,1.23,0.44908,70.656
565,04/07/2026 10:57:48,3.705,74.361,1.45,0.44507,70.656
566,04/07/2026 11:07:48,3.626,74.267,1.67,0.43705,70.641
567,04/07/2026 11:17:48,3.576,74.218,1.77,0.43192,70.642
568,04/07/2026 11:27:48,3.606,74.242,1.99,0.43494,70.636
569,04/07/2026 11:37:48,3.582,74.204,2.31,0.43248,70.622
570,04/07/2026 11:47:48,3.566,74.173,2.42,0.43079,70.607
571,04/07/2026 11:57:48,3.602,74.201,2.63,0.43452,70.599
572,04/07/2026 12:07:48,3.604,74.193,2.85,0.43480,70.589
573,04/07/2026 12:17:48,3.585,74.165,3.27,0.43276,70.580
574,04/07/2026 12:27:48,3.604,74.171,3.48,0.43473,70.567
575,04/07/2026 12:37:48,3.600,74.155,3.90,0.43438,70.555
576,04/07/2026 12:47:48,3.598,74.144,4.22,0.43410,70.546
577,04/07/2026 12:57:48,3.617,74.150,4.43,0.43607,70.533
578,04/07/2026 13:07:48,3.667,74.215,4.63,0.44113,70.548
579,04/07/2026 13:17:48,3.656,74.190,4.94,0.44008,70.534
580,04/07/2026 13:27:48,3.701,74.220,5.36,0.44466,70.519
581,04/07/2026 13:37:48,3.733,74.253,5.46,0.44789,70.520
582,04/07/2026 13:47:48,3.782,74.334,6.07,0.45297,70.552
583,04/07/2026 13:57:48,3.817,74.381,6.18,0.45641,70.564
584,04/07/2026 14:07:48,3.831,74.400,6.38,0.45797,70.569
585,04/07/2026 14:17:48,3.858,74.425,6.58,0.46064,70.567
586,04/07/2026 14:27:48,3.922,74.487,6.99,0.46719,70.565
587,04/07/2026 14:37:48,3.983,74.544,7.39,0.47346,70.561
588,04/07/2026 14:47:48,3.981,74.519,7.59,0.47325,70.538
589,04/07/2026 14:57:48,4.010,74.543,7.79,0.47621,70.533
590,04/07/2026 15:07:48,4.049,74.554,7.99,0.48023,70.505
591,04/07/2026 15:17:48,4.080,74.563,7.99,0.48339,70.483
592,04/07/2026 15:27:48,4.104,74.578,8.09,0.48579,70.474
593,04/07/2026 15:37:48,4.169,74.649,7.99,0.49246,70.480
594,04/07/2026 15:47:48,4.174,74.704,8.09,0.49296,70.530
595,04/07/2026 15:57:48,4.204,74.766,7.89,0.49605,70.562
596,04/07/2026 16:07:48,4.235,74.773,7.69,0.49921,70.538
597,04/07/2026 16:17:48,4.252,74.790,7.49,0.50089,70.538
598,04/07/2026 16:27:48,4.257,74.781,7.49,0.50138,70.524
599,04/07/2026 16:37:48,4.246,74.777,7.59,0.50026,70.531
600,04/07/2026 16:47:48,4.274,74.784,7.39,0.50321,70.510
601,04/07/2026 16:57:48,4.246,74.747,7.19,0.50025,70.501
602,04/07/2026 17:07:48,4.233,74.723,7.09,0.49898,70.490
603,04/07/2026 17:17:48,4.260,74.736,6.99,0.50165,70.476
604,04/07/2026 17:27:48,4.258,74.730,6.89,0.50150,70.472
605,04/07/2026 17:37:48,4.256,74.724,6.68,0.50129,70.468
606,04/07/2026 17:47:48,4.219,74.700,6.48,0.49749,70.481
607,04/07/2026 17:57:48,4.202,74.677,6.48,0.49580,70.475
608,04/07/2026 18:07:48,4.181,74.671,6.28,0.49361,70.490
609,04/07/2026 18:17:48,4.211,74.697,6.07,0.49663,70.486
610,04/07/2026 18:27:48,4.180,74.659,5.87,0.49347,70.479
611,04/07/2026 18:37:48,4.168,74.635,5.67,0.49227,70.467
612,04/07/2026 18:47:48,4.174,74.642,5.46,0.49290,70.468
613,04/07/2026 18:57:48,4.165,74.632,5.25,0.49191,70.467
614,04/07/2026 19:07:48,4.150,74.621,5.05,0.49043,70.471
615,04/07/2026 19:17:48,4.198,74.669,4.84,0.49535,70.471
616,04/07/2026 19:27:48,4.139,74.609,4.63,0.48930,70.470
617,04/07/2026 19:37:48,4.146,74.612,4.43,0.49000,70.466
618,04/07/2026 19:47:48,4.104,74.573,4.11,0.48578,70.469
619,04/07/2026 19:57:48,4.130,74.604,3.90,0.48831,70.474
620,04/07/2026 20:07:48,4.104,74.588,3.69,0.48578,70.484
621,04/07/2026 20:17:48,4.103,74.592,3.48,0.48556,70.489
622,04/07/2026 20:27:48,4.065,74.554,3.27,0.48177,70.489
623,04/07/2026 20:37:48,4.064,74.562,3.16,0.48170,70.498
624,04/07/2026 20:47:48,4.032,74.534,2.95,0.47832,70.502
625,04/07/2026 20:57:48,4.038,74.537,2.74,0.47895,70.499
626,04/07/2026 21:07:48,4.032,74.532,2.63,0.47832,70.500
627,04/07/2026 21:17:48,4.035,74.549,2.53,0.47867,70.514
628,04/07/2026 21:27:48,4.003,74.525,2.31,0.47544,70.522
629,04/07/2026 21:37:48,3.969,74.493,2.20,0.47192,70.524
630,04/07/2026 21:47:48,3.948,74.478,2.10,0.46982,70.530
631,04/07/2026 21:57:48,3.937,74.469,1.99,0.46862,70.532
632,04/07/2026 22:07:48,3.941,74.472,1.88,0.46911,70.531
633,04/07/2026 22:17:48,3.924,74.453,1.67,0.46736,70.529
634,04/07/2026 22:27:48,3.919,74.443,1.56,0.46687,70.524
635,04/07/2026 22:37:48,3.879,74.406,1.45,0.46286,70.527
636,04/07/2026 22:47:48,3.875,74.393,1.45,0.46237,70.518
637,04/07/2026 22:57:48,3.863,74.379,1.34,0.46110,70.516
638,04/07/2026 23:07:48,3.844,74.360,1.23,0.45921,70.516
639,04/07/2026 23:17:48,3.842,74.364,1.12,0.45900,70.522
640,04/07/2026 23:27:48,3.816,74.340,1.01,0.45640,70.524
641,04/07/2026 23:37:48,3.813,74.336,1.01,0.45604,70.523
642,04/07/2026 23:47:48,3.772,74.290,0.90,0.45190,70.518
643,04/07/2026 23:57:48,3.780,74.294,0.79,0.45267,70.514
644,04/08/2026 00:07:48,3.759,74.271,0.79,0.45056,70.512
645,04/08/2026 00:17:48,3.721,74.239,0.68,0.44670,70.518
646,04/08/2026 00:27:48,3.717,74.234,0.68,0.44634,70.517
647,04/08/2026 00:37:48,3.731,74.252,0.57,0.44768,70.521
648,04/08/2026 00:47:48,3.695,74.220,0.46,0.44403,70.525
649,04/08/2026 00:57:48,3.684,74.220,0.46,0.44290,70.536
650,04/08/2026 01:07:48,3.641,74.165,0.35,0.43847,70.524
651,04/08/2026 01:17:48,3.653,74.183,0.35,0.43974,70.530
652,04/08/2026 01:27:48,3.605,74.124,0.35,0.43489,70.519
653,04/08/2026 01:37:48,3.543,74.060,0.24,0.42856,70.517
654,04/08/2026 01:47:48,3.531,74.042,0.24,0.42730,70.511
655,04/08/2026 01:57:48,3.522,74.032,0.13,0.42645,70.510
656,04/08/2026 02:07:48,3.509,74.010,0.13,0.42505,70.501
657,04/08/2026 02:17:48,3.488,73.987,0.13,0.42294,70.499
658,04/08/2026 02:27:48,3.472,73.964,0.02,0.42125,70.492
659,04/08/2026 02:37:48,3.465,73.946,0.02,0.42055,70.481
660,04/08/2026 02:47:48,3.475,73.950,0.02,0.42160,70.475
661,04/08/2026 02:57:48,3.444,73.914,0.02,0.41844,70.470
662,04/08/2026 03:07:48,3.435,73.904,-0.09,0.41760,70.469
663,04/08/2026 03:17:48,3.415,73.882,-0.09,0.41549,70.467
664,04/08/2026 03:27:48,3.394,73.859,-0.09,0.41338,70.465
665,04/08/2026 03:37:48,3.387,73.850,-0.09,0.41268,70.463
666,04/08/2026 03:47:48,3.353,73.818,-0.09,0.40923,70.465
667,04/08/2026 03:57:48,3.353,73.814,-0.09,0.40916,70.461
668,04/08/2026 04:07:48,3.331,73.796,-0.09,0.40691,70.465
669,04/08/2026 04:17:48,3.314,73.777,-0.20,0.40522,70.463
670,04/08/2026 04:27:48,3.325,73.786,-0.20,0.40635,70.461
671,04/08/2026 04:37:48,3.375,73.840,-0.20,0.41148,70.465
672,04/08/2026 04:47:48,3.437,73.899,-0.20,0.41774,70.462
673,04/08/2026 04:57:48,3.498,73.963,-0.09,0.42400,70.465
674,04/08/2026 05:07:48,3.542,73.994,-0.20,0.42850,70.452
675,04/08/2026 05:17:48,3.593,74.058,-0.20,0.43363,70.465
676,04/08/2026 05:27:48,3.617,74.085,-0.09,0.43609,70.468
677,04/08/2026 05:37:48,3.653,74.125,-0.20,0.43982,70.472
678,04/08/2026 05:47:48,3.661,74.135,-0.09,0.44059,70.474
679,04/08/2026 05:57:48,3.683,74.162,-0.09,0.44284,70.479
680,04/08/2026 06:07:48,3.699,74.184,-0.20,0.44446,70.485
681,04/08/2026 06:17:48,3.714,74.203,-0.09,0.44601,70.489
682,04/08/2026 06:27:48,3.702,74.198,-0.09,0.44481,70.496
683,04/08/2026 06:37:48,3.728,74.235,-0.09,0.44734,70.507
684,04/08/2026 06:47:48,3.731,74.244,-0.09,0.44769,70.513
685,04/08/2026 06:57:48,3.752,74.271,-0.09,0.44980,70.519
686,04/08/2026 07:07:48,3.784,74.311,-0.09,0.45318,70.527
687,04/08/2026 07:17:48,3.771,74.298,-0.09,0.45177,70.527
688,04/08/2026 07:27:48,3.787,74.325,-0.09,0.45346,70.538
689,04/08/2026 07:37:48,3.792,74.330,-0.09,0.45388,70.538
690,04/08/2026 07:47:48,3.803,74.343,-0.09,0.45508,70.540
691,04/08/2026 07:57:48,3.817,74.357,-0.09,0.45648,70.540
692,04/08/2026 08:07:48,3.844,74.384,-0.09,0.45923,70.540
693,04/08/2026 08:17:48,3.870,74.415,-0.09,0.46197,70.545
694,04/08/2026 08:27:48,3.898,74.443,-0.09,0.46471,70.545
695,04/08/2026 08:37:48,3.950,74.497,-0.09,0.47006,70.547
696,04/08/2026 08:47:48,4.007,74.556,-0.09,0.47582,70.549
697,04/08/2026 08:57:48,3.994,74.542,-0.09,0.47456,70.548
698,04/08/2026 09:07:48,3.884,74.434,-0.09,0.46330,70.550
699,04/08/2026 09:17:48,3.529,74.082,0.13,0.42709,70.553
700,04/08/2026 09:27:48,3.487,74.048,0.46,0.42279,70.561
701,04/08/2026 09:37:48,3.530,74.094,0.68,0.42722,70.564
702,04/08/2026 09:47:48,3.651,74.226,0.79,0.43952,70.575
703,04/08/2026 09:57:48,3.743,74.322,0.90,0.44887,70.579
704,04/08/2026 10:07:48,3.852,74.435,1.01,0.46005,70.583
705,04/08/2026 10:17:48,3.881,74.477,1.23,0.46307,70.596
706,04/08/2026 10:27:48,3.853,74.456,1.45,0.46012,70.603
707,04/08/2026 10:37:48,3.746,74.362,1.56,0.44922,70.616
708,04/08/2026 10:47:48,3.685,74.309,1.88,0.44303,70.624
709,04/08/2026 10:57:48,3.595,74.220,2.10,0.43389,70.625
710,04/08/2026 11:07:48,3.586,74.217,2.31,0.43290,70.631
711,04/08/2026 11:17:48,3.573,74.187,2.53,0.43156,70.614
712,04/08/2026 11:27:48,3.583,74.221,2.85,0.43255,70.638
713,04/08/2026 11:37:48,3.593,74.236,3.16,0.43367,70.643
714,04/08/2026 11:47:48,3.579,74.220,3.38,0.43213,70.641
715,04/08/2026 11:57:48,3.578,74.223,3.80,0.43206,70.645
716,04/08/2026 12:07:48,3.565,74.189,4.11,0.43072,70.624
717,04/08/2026 12:17:48,3.596,74.219,4.53,0.43389,70.623
718,04/08/2026 12:27:48,3.610,74.253,4.94,0.43537,70.643
719,04/08/2026 12:37:48,3.596,74.229,5.36,0.43397,70.633
720,04/08/2026 12:47:48,3.589,74.246,5.77,0.43320,70.657
721,04/08/2026 12:57:48,3.573,74.190,6.18,0.43166,70.617
722,04/08/2026 13:07:48,3.604,74.243,6.58,0.43483,70.639
723,04/08/2026 13:17:48,3.578,74.200,6.79,0.43210,70.622
724,04/08/2026 13:27:48,3.577,74.199,6.68,0.43202,70.622
725,04/08/2026 13:37:48,3.618,74.237,6.89,0.43618,70.619
726,04/08/2026 13:47:48,3.595,74.220,7.09,0.43393,70.625
727,04/08/2026 13:57:48,3.615,74.225,7.09,0.43590,70.610
728,04/08/2026 14:07:48,3.629,74.248,7.19,0.43738,70.619
729,04/08/2026 14:17:48,3.635,74.267,7.29,0.43801,70.632
730,04/08/2026 14:27:48,3.650,74.285,7.29,0.43949,70.635
731,04/08/2026 14:37:48,3.620,74.232,7.39,0.43640,70.612
732,04/08/2026 14:47:48,3.616,74.226,7.79,0.43606,70.610
733,04/08/2026 14:57:48,3.653,74.260,8.09,0.43986,70.607
734,04/08/2026 15:07:48,3.657,74.279,8.19,0.44029,70.622
735,04/08/2026 15:17:48,3.694,74.308,8.39,0.44402,70.614
736,04/08/2026 15:27:48,3.683,74.296,8.49,0.44283,70.613
737,04/08/2026 15:37:48,3.713,74.336,8.49,0.44599,70.623
738,04/08/2026 15:47:48,3.700,74.329,8.69,0.44459,70.629
739,04/08/2026 15:57:48,3.713,74.342,8.59,0.44593,70.629
740,04/08/2026 16:07:48,3.703,74.320,8.69,0.44494,70.617
741,04/08/2026 16:17:48,3.755,74.384,8.79,0.45029,70.629
742,04/08/2026 16:27:48,3.754,74.384,8.79,0.45015,70.630
743,04/08/2026 16:37:48,3.762,74.393,8.79,0.45100,70.631
744,04/08/2026 16:47:48,3.806,74.435,8.89,0.45543,70.629
745,04/08/2026 16:57:48,3.816,74.449,8.99,0.45649,70.633
746,04/08/2026 17:07:48,3.817,74.440,8.99,0.45663,70.623
747,04/08/2026 17:17:48,3.830,74.454,8.99,0.45790,70.624
748,04/08/2026 17:27:48,3.841,74.472,8.99,0.45902,70.631
749,04/08/2026 17:37:48,3.845,74.498,8.79,0.45937,70.653
750,04/08/2026 17:47:48,3.825,74.479,8.69,0.45732,70.654
751,04/08/2026 17:57:48,3.819,74.468,8.49,0.45675,70.649
752,04/08/2026 18:07:48,3.838,74.493,8.29,0.45872,70.655
753,04/08/2026 18:17:48,3.806,74.451,8.09,0.45541,70.645
754,04/08/2026 18:27:48,3.850,74.494,7.89,0.45990,70.644
755,04/08/2026 18:37:48,3.852,74.505,7.59,0.46010,70.653
756,04/08/2026 18:47:48,3.829,74.472,7.39,0.45771,70.643
757,04/08/2026 18:57:48,3.796,74.443,7.19,0.45440,70.647
758,04/08/2026 19:07:48,3.823,74.463,6.89,0.45713,70.640
759,04/08/2026 19:17:48,3.799,74.439,6.68,0.45467,70.640
760,04/08/2026 19:27:48,3.830,74.464,6.48,0.45790,70.634
761,04/08/2026 19:37:48,3.794,74.444,6.18,0.45416,70.650
762,04/08/2026 19:47:48,3.819,74.474,5.97,0.45669,70.655
763,04/08/2026 19:57:48,3.783,74.427,5.77,0.45303,70.644
764,04/08/2026 20:07:48,3.806,74.453,5.56,0.45535,70.647
765,04/08/2026 20:17:48,3.792,74.446,5.25,0.45394,70.654
766,04/08/2026 20:27:48,3.778,74.440,5.05,0.45246,70.662
767,04/08/2026 20:37:48,3.762,74.429,4.84,0.45091,70.667
768,04/08/2026 20:47:48,3.786,74.464,4.63,0.45330,70.678
769,04/08/2026 20:57:48,3.794,74.485,4.43,0.45414,70.691
770,04/08/2026 21:07:48,3.751,74.439,4.32,0.44971,70.688
771,04/08/2026 21:17:48,3.718,74.410,4.11,0.44640,70.692
772,04/08/2026 21:27:48,3.782,74.472,3.90,0.45294,70.690
773,04/08/2026 21:37:48,3.730,74.426,3.69,0.44752,70.696
774,04/08/2026 21:47:48,3.757,74.466,3.59,0.45027,70.709
775,04/08/2026 21:57:48,3.747,74.460,3.38,0.44928,70.713
776,04/08/2026 22:07:48,3.704,74.418,3.27,0.44492,70.714
777,04/08/2026 22:17:48,3.709,74.426,3.06,0.44541,70.717
778,04/08/2026 22:27:48,3.689,74.411,2.95,0.44345,70.722
779,04/08/2026 22:37:48,3.665,74.374,2.74,0.44091,70.709
780,04/08/2026 22:47:48,3.667,74.373,2.63,0.44120,70.706
781,04/08/2026 22:57:48,3.690,74.395,2.53,0.44352,70.705
782,04/08/2026 23:07:48,3.663,74.367,2.42,0.44077,70.704
783,04/08/2026 23:17:48,3.633,74.344,2.31,0.43768,70.711
784,04/08/2026 23:27:48,3.642,74.352,2.20,0.43867,70.710
785,04/08/2026 23:37:48,3.612,74.324,2.10,0.43557,70.712
786,04/08/2026 23:47:48,3.593,74.310,1.99,0.43360,70.717
787,04/08/2026 23:57:48,3.584,74.305,1.88,0.43269,70.721
788,04/09/2026 00:07:48,3.586,74.304,1.77,0.43290,70.718
789,04/09/2026 00:17:48,3.562,74.286,1.67,0.43044,70.724
790,04/09/2026 00:27:48,3.565,74.280,1.56,0.43079,70.715
791,04/09/2026 00:37:48,3.565,74.284,1.45,0.43080,70.719
792,04/09/2026 00:47:48,3.541,74.265,1.34,0.42834,70.724
793,04/09/2026 00:57:48,3.521,74.243,1.34,0.42623,70.722
794,04/09/2026 01:07:48,3.517,74.233,1.23,0.42588,70.716
795,04/09/2026 01:17:48,3.514,74.224,1.23,0.42559,70.710
796,04/09/2026 01:27:48,3.476,74.183,1.12,0.42166,70.707
797,04/09/2026 01:37:48,3.511,74.209,1.01,0.42532,70.698
798,04/09/2026 01:47:48,3.505,74.200,1.01,0.42468,70.695
799,04/09/2026 01:57:48,3.488,74.168,0.90,0.42293,70.680
800,04/09/2026 02:07:48,3.454,74.140,0.79,0.41948,70.686
801,04/09/2026 02:17:48,3.463,74.145,0.79,0.42033,70.682
802,04/09/2026 02:27:48,3.466,74.139,0.68,0.42075,70.673
803,04/09/2026 02:37:48,3.471,74.144,0.68,0.42117,70.673
804,04/09/2026 02:47:48,3.459,74.134,0.57,0.41998,70.675
805,04/09/2026 02:57:48,3.426,74.102,0.46,0.41660,70.676
806,04/09/2026 03:07:48,3.419,74.093,0.46,0.41590,70.674
807,04/09/2026 03:17:48,3.407,74.088,0.35,0.41464,70.681
808,04/09/2026 03:27:48,3.401,74.083,0.35,0.41407,70.682
809,04/09/2026 03:37:48,3.382,74.065,0.24,0.41204,70.683
810,04/09/2026 03:47:48,3.338,74.019,0.24,0.40768,70.681
811,04/09/2026 03:57:48,3.345,74.028,0.24,0.40838,70.683
812,04/09/2026 04:07:48,3.335,74.019,0.13,0.40733,70.684
813,04/09/2026 04:17:48,3.288,73.969,0.13,0.40255,70.681
814,04/09/2026 04:27:48,3.303,73.987,0.13,0.40409,70.684
815,04/09/2026 04:37:48,3.276,73.964,0.02,0.40128,70.688
816,04/09/2026 04:47:48,3.273,73.950,0.02,0.40100,70.677
817,04/09/2026 04:57:48,3.268,73.946,0.02,0.40044,70.678
818,04/09/2026 05:07:48,3.251,73.919,0.02,0.39875,70.668
819,04/09/2026 05:17:48,3.226,73.891,-0.09,0.39622,70.665
820,04/09/2026 05:27:48,3.233,73.913,-0.09,0.39699,70.680
821,04/09/2026 05:37:48,3.249,73.927,-0.09,0.39854,70.678
822,04/09/2026 05:47:48,3.234,73.918,-0.09,0.39699,70.684
823,04/09/2026 05:57:48,3.235,73.931,-0.09,0.39721,70.696
824,04/09/2026 06:07:48,3.228,73.927,-0.09,0.39643,70.699
825,04/09/2026 06:17:48,3.209,73.891,-0.09,0.39446,70.682
826,04/09/2026 06:27:48,3.207,73.886,-0.09,0.39432,70.679
827,04/09/2026 06:37:48,3.190,73.882,-0.09,0.39249,70.692
828,04/09/2026 06:47:48,3.178,73.877,-0.09,0.39137,70.699
829,04/09/2026 06:57:48,3.179,73.877,-0.09,0.39144,70.698
830,04/09/2026 07:07:48,3.171,73.881,-0.20,0.39060,70.710
831,04/09/2026 07:17:48,3.192,73.900,-0.09,0.39270,70.708
832,04/09/2026 07:27:48,3.180,73.900,-0.09,0.39151,70.720
833,04/09/2026 07:37:48,3.194,73.922,-0.09,0.39299,70.728
834,04/09/2026 07:47:48,3.195,73.931,-0.09,0.39313,70.736
835,04/09/2026 07:57:48,3.191,73.931,-0.09,0.39270,70.740
836,04/09/2026 08:07:48,3.240,73.977,-0.09,0.39763,70.737
837,04/09/2026 08:17:48,3.239,73.981,-0.09,0.39756,70.742
838,04/09/2026 08:27:48,3.215,73.954,-0.09,0.39510,70.739
839,04/09/2026 08:37:48,3.204,73.946,0.02,0.39397,70.742
840,04/09/2026 08:47:48,3.243,73.992,0.13,0.39790,70.749
841,04/09/2026 08:57:48,3.289,74.033,0.24,0.40261,70.744
842,04/09/2026 09:07:48,3.336,74.079,0.46,0.40746,70.743
843,04/09/2026 09:17:48,3.445,74.194,0.68,0.41850,70.749
844,04/09/2026 09:27:48,3.544,74.307,0.79,0.42869,70.763
845,04/09/2026 09:37:48,3.654,74.421,0.90,0.43987,70.767
846,04/09/2026 09:47:48,3.671,74.441,1.12,0.44156,70.770
847,04/09/2026 09:57:48,3.684,74.450,1.23,0.44296,70.766
848,04/09/2026 10:07:48,3.664,74.434,1.45,0.44092,70.769
849,04/09/2026 10:17:48,3.621,74.385,1.67,0.43649,70.764
850,04/09/2026 10:27:48,3.545,74.314,1.88,0.42875,70.769
851,04/09/2026 10:37:48,3.466,74.238,2.10,0.42074,70.772
852,04/09/2026 10:47:48,3.424,74.198,2.10,0.41638,70.774
853,04/09/2026 10:57:48,3.404,74.189,2.20,0.41441,70.785
854,04/09/2026 11:07:48,3.386,74.177,2.42,0.41251,70.791
855,04/09/2026 11:17:48,3.403,74.197,2.63,0.41420,70.794
856,04/09/2026 11:27:48,3.435,74.230,2.85,0.41750,70.795
857,04/09/2026 11:37:48,3.410,74.196,3.16,0.41490,70.786
858,04/09/2026 11:47:48,3.424,74.194,3.59,0.41638,70.770
859,04/09/2026 11:57:48,3.429,74.192,4.01,0.41694,70.763
860,04/09/2026 12:07:48,3.419,74.198,4.22,0.41589,70.779
861,04/09/2026 12:17:48,3.396,74.167,4.22,0.41350,70.771
862,04/09/2026 12:27:48,3.386,74.149,4.32,0.41251,70.763
863,04/09/2026 12:37:48,3.396,74.168,4.43,0.41357,70.772
864,04/09/2026 12:47:48,3.403,74.174,4.63,0.41427,70.771
865,04/09/2026 12:57:48,3.392,74.157,4.74,0.41308,70.765
866,04/09/2026 13:07:48,3.379,74.158,4.84,0.41174,70.779
867,04/09/2026 13:17:48,3.410,74.173,5.15,0.41498,70.763
868,04/09/2026 13:27:48,3.400,74.143,5.87,0.41394,70.743
869,04/09/2026 13:37:48,3.397,74.154,6.18,0.41366,70.757
870,04/09/2026 13:47:48,3.400,74.108,6.58,0.41395,70.708
871,04/09/2026 13:57:48,3.425,74.154,6.68,0.41648,70.729
872,04/09/2026 14:07:48,3.421,74.140,6.68,0.41613,70.719
873,04/09/2026 14:17:48,3.434,74.150,6.79,0.41740,70.716
874,04/09/2026 14:27:48,3.412,74.124,6.89,0.41515,70.712
875,04/09/2026 14:37:48,3.401,74.116,7.09,0.41410,70.715
876,04/09/2026 14:47:48,3.392,74.105,7.39,0.41319,70.713
877,04/09/2026 14:57:48,3.418,74.119,7.39,0.41579,70.701
878,04/09/2026 15:07:48,3.395,74.112,7.69,0.41348,70.717
879,04/09/2026 15:17:48,3.410,74.097,8.09,0.41504,70.687
880,04/09/2026 15:27:48,3.429,74.121,8.19,0.41694,70.692
881,04/09/2026 15:37:48,3.429,74.112,8.19,0.41694,70.683
882,04/09/2026 15:47:48,3.411,74.122,8.29,0.41511,70.711
883,04/09/2026 15:57:48,3.430,74.119,8.49,0.41709,70.689
884,04/09/2026 16:07:48,3.440,74.129,8.59,0.41808,70.689
885,04/09/2026 16:17:48,3.447,74.127,8.89,0.41879,70.680
886,04/09/2026 16:27:48,3.433,74.131,8.89,0.41745,70.698
887,04/09/2026 16:37:48,3.466,74.157,8.69,0.42075,70.691
888,04/09/2026 16:47:48,3.473,74.159,8.89,0.42146,70.686
889,04/09/2026 16:57:48,3.474,74.160,9.09,0.42161,70.686
890,04/09/2026 17:07:48,3.476,74.187,8.99,0.42174,70.711
891,04/09/2026 17:17:48,3.427,74.123,8.99,0.41682,70.696
892,04/09/2026 17:27:48,3.484,74.177,8.89,0.42259,70.693
893,04/09/2026 17:37:48,3.482,74.176,8.79,0.42237,70.694
894,04/09/2026 17:47:48,3.478,74.172,8.89,0.42202,70.694
895,04/09/2026 17:57:48,3.487,74.181,8.89,0.42294,70.694
896,04/09/2026 18:07:48,3.465,74.167,8.79,0.42061,70.702
897,04/09/2026 18:17:48,3.481,74.183,8.59,0.42230,70.702
898,04/09/2026 18:27:48,3.475,74.186,8.39,0.42166,70.711
899,04/09/2026 18:37:48,3.484,74.194,8.29,0.42257,70.710
900,04/09/2026 18:47:48,3.463,74.171,8.19,0.42038,70.708
901,04/09/2026 18:57:48,3.470,74.178,7.99,0.42115,70.708
902,04/09/2026 19:07:48,3.471,74.190,7.79,0.42122,70.719
903,04/09/2026 19:17:48,3.491,74.207,7.69,0.42333,70.716
904,04/09/2026 19:27:48,3.501,74.214,7.39,0.42423,70.713
905,04/09/2026 19:37:48,3.482,74.195,7.29,0.42233,70.713
906,04/09/2026 19:47:48,3.492,74.206,6.99,0.42338,70.714
907,04/09/2026 19:57:48,3.503,74.218,6.79,0.42443,70.715
908,04/09/2026 20:07:48,3.478,74.203,6.58,0.42189,70.725
909,04/09/2026 20:17:48,3.509,74.233,6.38,0.42506,70.724
910,04/09/2026 20:27:48,3.495,74.231,6.18,0.42365,70.736
911,04/09/2026 20:37:48,3.492,74.234,5.97,0.42336,70.742
912,04/09/2026 20:47:48,3.482,74.237,5.77,0.42230,70.755
913,04/09/2026 20:57:48,3.494,74.257,5.46,0.42356,70.763
914,04/09/2026 21:07:48,3.505,74.275,5.36,0.42462,70.770
915,04/09/2026 21:17:48,3.479,74.264,5.15,0.42201,70.785
916,04/09/2026 21:27:48,3.478,74.281,4.94,0.42187,70.803
917,04/09/2026 21:37:48,3.479,74.293,4.74,0.42194,70.814
918,04/09/2026 21:47:48,3.466,74.283,4.63,0.42067,70.817
919,04/09/2026 21:57:48,3.433,74.254,4.43,0.41729,70.821
920,04/09/2026 22:07:48,3.449,74.267,4.32,0.41891,70.818
921,04/09/2026 22:17:48,3.451,74.266,4.11,0.41912,70.815
922,04/09/2026 22:27:48,3.466,74.292,4.01,0.42067,70.826
923,04/09/2026 22:37:48,3.451,74.281,3.80,0.41919,70.830
924,04/09/2026 22:47:48,3.445,74.276,3.69,0.41856,70.831
925,04/09/2026 22:57:48,3.459,74.302,3.48,0.41996,70.843
926,04/09/2026 23:07:48,3.430,74.274,3.38,0.41701,70.844
927,04/09/2026 23:17:48,3.452,74.296,3.27,0.41926,70.844
928,04/09/2026 23:27:48,3.444,74.291,3.16,0.41841,70.847
929,04/09/2026 23:37:48,3.444,74.289,2.95,0.41841,70.845
930,04/09/2026 23:47:48,3.444,74.289,2.85,0.41834,70.845
931,04/09/2026 23:57:48,3.437,74.279,2.74,0.41771,70.842
932,04/10/2026 00:07:48,3.434,74.274,2.63,0.41736,70.840
933,04/10/2026 00:17:48,3.455,74.295,2.53,0.41961,70.840
934,04/10/2026 00:27:48,3.418,74.259,2.42,0.41574,70.841
935,04/10/2026 00:37:48,3.411,74.259,2.42,0.41504,70.848
936,04/10/2026 00:47:48,3.404,74.244,2.31,0.41441,70.840
937,04/10/2026 00:57:48,3.401,74.248,2.20,0.41406,70.847
938,04/10/2026 01:07:48,3.383,74.229,2.10,0.41223,70.846
939,04/10/2026 01:17:48,3.415,74.261,2.10,0.41546,70.846
940,04/10/2026 01:27:48,3.405,74.251,1.99,0.41448,70.846
941,04/10/2026 01:37:48,3.407,74.260,1.88,0.41462,70.853
942,04/10/2026 01:47:48,3.390,74.232,1.77,0.41293,70.842
943,04/10/2026 01:57:48,3.395,74.227,1.77,0.41350,70.832
944,04/10/2026 02:07:48,3.390,74.227,1.67,0.41286,70.837
945,04/10/2026 02:17:48,3.391,74.226,1.56,0.41301,70.835
946,04/10/2026 02:27:48,3.372,74.199,1.56,0.41104,70.827
947,04/10/2026 02:37:48,3.382,74.198,1.45,0.41209,70.816
948,04/10/2026 02:47:48,3.378,74.193,1.34,0.41167,70.815
949,04/10/2026 02:57:48,3.356,74.170,1.34,0.40949,70.814
950,04/10/2026 03:07:48,3.371,74.179,1.23,0.41097,70.808
951,04/10/2026 03:17:48,3.363,74.170,1.23,0.41013,70.807
952,04/10/2026 03:27:48,3.358,74.169,1.12,0.40970,70.811
953,04/10/2026 03:37:48,3.349,74.164,1.01,0.40872,70.815
954,04/10/2026 03:47:48,3.355,74.159,1.01,0.40942,70.804
955,04/10/2026 03:57:48,3.369,74.177,0.90,0.41076,70.808
956,04/10/2026 04:07:48,3.326,74.136,0.90,0.40640,70.810
957,04/10/2026 04:17:48,3.355,74.163,0.79,0.40936,70.808
958,04/10/2026 04:27:48,3.330,74.139,0.68,0.40683,70.809
959,04/10/2026 04:37:48,3.310,74.126,0.68,0.40472,70.816
960,04/10/2026 04:47:48,3.326,74.148,0.57,0.40641,70.822
961,04/10/2026 04:57:48,3.308,74.130,0.57,0.40451,70.822
962,04/10/2026 05:07:48,3.322,74.147,0.46,0.40599,70.825
963,04/10/2026 05:17:48,3.320,74.143,0.46,0.40577,70.823
964,04/10/2026 05:27:48,3.280,74.097,0.35,0.40170,70.817
965,04/10/2026 05:37:48,3.267,74.088,0.35,0.40036,70.821
966,04/10/2026 05:47:48,3.231,74.055,0.24,0.39678,70.824
967,04/10/2026 05:57:48,3.236,74.065,0.24,0.39720,70.829
968,04/10/2026 06:07:48,3.229,74.060,0.24,0.39650,70.831
969,04/10/2026 06:17:48,3.216,74.050,0.13,0.39523,70.834
970,04/10/2026 06:27:48,3.220,74.055,0.13,0.39558,70.835
971,04/10/2026 06:37:48,3.185,74.023,0.13,0.39207,70.838
972,04/10/2026 06:47:48,3.197,74.037,0.13,0.39319,70.840
973,04/10/2026 06:57:48,3.179,74.027,0.02,0.39144,70.848
974,04/10/2026 07:07:48,3.178,74.032,0.02,0.39130,70.854
975,04/10/2026 07:17:48,3.177,74.036,0.02,0.39123,70.859
976,04/10/2026 07:27:48,3.199,74.059,0.02,0.39341,70.860
977,04/10/2026 07:37:48,3.208,74.077,0.02,0.39439,70.869
978,04/10/2026 07:47:48,3.221,74.100,0.13,0.39572,70.879
979,04/10/2026 07:57:48,3.202,74.082,0.13,0.39376,70.880
980,04/10/2026 08:07:48,3.200,74.087,0.13,0.39347,70.887
981,04/10/2026 08:17:48,3.223,74.118,0.13,0.39594,70.895
982,04/10/2026 08:27:48,3.250,74.146,0.24,0.39868,70.896
983,04/10/2026 08:37:48,3.298,74.196,0.24,0.40353,70.898
984,04/10/2026 08:47:48,3.366,74.269,0.35,0.41049,70.903
985,04/10/2026 08:57:48,3.421,74.319,0.46,0.41611,70.898
986,04/10/2026 09:07:48,3.489,74.383,0.57,0.42300,70.894
987,04/10/2026 09:17:48,3.504,74.393,0.68,0.42455,70.889
988,04/10/2026 09:27:48,3.493,74.384,0.79,0.42349,70.891
989,04/10/2026 09:37:48,3.440,74.331,1.01,0.41807,70.891
990,04/10/2026 09:47:48,3.402,74.292,1.23,0.41413,70.890
991,04/10/2026 09:57:48,3.327,74.216,1.45,0.40654,70.889
992,04/10/2026 10:07:48,3.284,74.168,1.67,0.40211,70.884
993,04/10/2026 10:17:48,3.326,74.210,1.88,0.40639,70.884
994,04/10/2026 10:27:48,3.328,74.216,2.10,0.40660,70.888
995,04/10/2026 10:37:48,3.297,74.185,2.31,0.40351,70.888
996,04/10/2026 10:47:48,3.320,74.205,2.53,0.40576,70.885
997,04/10/2026 10:57:48,3.301,74.184,2.74,0.40379,70.883
998,04/10/2026 11:07:48,3.313,74.203,2.95,0.40505,70.890
999,04/10/2026 11:17:48,3.303,74.196,3.16,0.40400,70.893
1000,04/10/2026 11:27:48,3.336,74.211,3.38,0.40738,70.875
1001,04/10/2026 11:37:48,3.316,74.189,3.59,0.40541,70.873
1002,04/10/2026 11:47:48,3.319,74.200,3.80,0.40569,70.881
1003,04/10/2026 11:57:48,3.340,74.210,4.01,0.40787,70.870
1004,04/10/2026 12:07:48,3.338,74.212,4.22,0.40759,70.874
1005,04/10/2026 12:17:48,3.327,74.204,4.43,0.40654,70.877
1006,04/10/2026 12:27:48,3.346,74.215,4.63,0.40844,70.869
1007,04/10/2026 12:37:48,3.354,74.221,4.84,0.40928,70.867
1008,04/10/2026 12:47:48,3.365,74.215,5.25,0.41034,70.850
1009,04/10/2026 12:57:48,3.336,74.173,5.67,0.40739,70.837
1010,04/10/2026 13:07:48,3.342,74.185,6.07,0.40803,70.843
1011,04/10/2026 13:17:48,3.354,74.175,6.58,0.40931,70.821
1012,04/10/2026 13:27:48,3.354,74.162,6.58,0.40924,70.808
1013,04/10/2026 13:37:48,3.337,74.139,6.58,0.40755,70.802
1014,04/10/2026 13:47:48,3.353,74.136,6.68,0.40910,70.783
1015,04/10/2026 13:57:48,3.339,74.123,6.79,0.40769,70.784
1016,04/10/2026 14:07:48,3.379,74.165,6.99,0.41185,70.786
1017,04/10/2026 14:17:48,3.363,74.175,7.09,0.41023,70.812
1018,04/10/2026 14:27:48,3.346,74.192,6.99,0.40847,70.846
1019,04/10/2026 14:37:48,3.371,74.216,7.09,0.41101,70.845
1020,04/10/2026 14:47:48,3.384,74.244,7.19,0.41234,70.860
1021,04/10/2026 14:57:48,3.385,74.222,7.29,0.41242,70.837
1022,04/10/2026 15:07:48,3.386,74.193,7.59,0.41256,70.807
1023,04/10/2026 15:17:48,3.379,74.164,7.89,0.41180,70.785
1024,04/10/2026 15:27:48,3.372,74.155,7.89,0.41109,70.783
1025,04/10/2026 15:37:48,3.384,74.158,7.79,0.41236,70.774
1026,04/10/2026 15:47:48,3.365,74.130,7.69,0.41046,70.765
1027,04/10/2026 15:57:48,3.365,74.117,7.79,0.41046,70.752
1028,04/10/2026 16:07:48,3.380,74.123,7.89,0.41194,70.743
1029,04/10/2026 16:17:48,3.397,74.136,7.79,0.41362,70.739
1030,04/10/2026 16:27:48,3.395,74.131,7.79,0.41348,70.736
1031,04/10/2026 16:37:48,3.400,74.135,7.69,0.41397,70.735
1032,04/10/2026 16:47:48,3.401,74.152,7.59,0.41411,70.751
1033,04/10/2026 16:57:48,3.398,74.169,7.49,0.41383,70.771
1034,04/10/2026 17:07:48,3.391,74.174,7.49,0.41305,70.783
1035,04/10/2026 17:17:48,3.373,74.119,7.39,0.41122,70.746
1036,04/10/2026 17:27:48,3.369,74.122,7.29,0.41087,70.753
1037,04/10/2026 17:37:48,3.407,74.159,7.29,0.41467,70.752
1038,04/10/2026 17:47:48,3.391,74.135,7.19,0.41305,70.744
1039,04/10/2026 17:57:48,3.398,74.148,7.09,0.41375,70.750
1040,04/10/2026 18:07:48,3.390,74.138,6.99,0.41297,70.748
1041,04/10/2026 18:17:48,3.408,74.164,6.89,0.41480,70.756
1042,04/10/2026 18:27:48,3.383,74.127,6.79,0.41226,70.744
1043,04/10/2026 18:37:48,3.415,74.154,6.68,0.41550,70.739
1044,04/10/2026 18:47:48,3.395,74.126,6.58,0.41346,70.731
1045,04/10/2026 18:57:48,3.411,74.147,6.38,0.41507,70.736
1046,04/10/2026 19:07:48,3.415,74.150,6.28,0.41556,70.735
1047,04/10/2026 19:17:48,3.377,74.113,6.18,0.41162,70.736
1048,04/10/2026 19:27:48,3.402,74.134,5.97,0.41422,70.732
1049,04/10/2026 19:37:48,3.427,74.156,5.87,0.41675,70.729
1050,04/10/2026 19:47:48,3.430,74.146,5.67,0.41696,70.716
1051,04/10/2026 19:57:48,3.429,74.145,5.56,0.41689,70.716
1052,04/10/2026 20:07:48,3.400,74.112,5.46,0.41400,70.712
1053,04/10/2026 20:17:48,3.405,74.120,5.25,0.41442,70.715
1054,04/10/2026 20:27:48,3.406,74.128,5.15,0.41456,70.722
1055,04/10/2026 20:37:48,3.398,74.118,4.94,0.41371,70.720
1056,04/10/2026 20:47:48,3.401,74.121,4.84,0.41406,70.720
1057,04/10/2026 20:57:48,3.420,74.143,4.74,0.41603,70.723
1058,04/10/2026 21:07:48,3.437,74.160,4.53,0.41772,70.723
1059,04/10/2026 21:17:48,3.425,74.150,4.43,0.41652,70.725
1060,04/10/2026 21:27:48,3.402,74.131,4.32,0.41413,70.729
1061,04/10/2026 21:37:48,3.399,74.130,4.11,0.41378,70.731
1062,04/10/2026 21:47:48,3.416,74.152,4.01,0.41553,70.736
1063,04/10/2026 21:57:48,3.401,74.146,3.90,0.41406,70.745
1064,04/10/2026 22:07:48,3.413,74.173,3.80,0.41525,70.760
1065,04/10/2026 22:17:48,3.415,74.180,3.59,0.41553,70.765
1066,04/10/2026 22:27:48,3.419,74.180,3.48,0.41581,70.761
1067,04/10/2026 22:37:48,3.427,74.179,3.38,0.41666,70.752
1068,04/10/2026 22:47:48,3.437,74.178,3.27,0.41771,70.741
1069,04/10/2026 22:57:48,3.418,74.150,3.06,0.41574,70.732
1070,04/10/2026 23:07:48,3.445,74.181,2.95,0.41848,70.736
1071,04/10/2026 23:17:48,3.412,74.139,2.85,0.41518,70.727
1072,04/10/2026 23:27:48,3.398,74.129,2.74,0.41377,70.731
1073,04/10/2026 23:37:48,3.426,74.160,2.63,0.41666,70.734
1074,04/10/2026 23:47:48,3.389,74.129,2.63,0.41279,70.740
1075,04/10/2026 23:57:48,3.380,74.110,2.53,0.41188,70.730
1076,04/11/2026 00:07:48,3.406,74.141,2.42,0.41455,70.735
1077,04/11/2026 00:17:48,3.379,74.113,2.31,0.41181,70.734
1078,04/11/2026 00:27:48,3.372,74.103,2.20,0.41110,70.731
1079,04/11/2026 00:37:48,3.370,74.103,2.20,0.41089,70.733
1080,04/11/2026 00:47:48,3.373,74.098,2.10,0.41117,70.725
1081,04/11/2026 00:57:48,3.381,74.103,2.10,0.41195,70.722
1082,04/11/2026 01:07:48,3.351,74.070,1.99,0.40899,70.719
1083,04/11/2026 01:17:48,3.356,74.079,1.88,0.40942,70.723
1084,04/11/2026 01:27:48,3.350,74.074,1.88,0.40885,70.724
1085,04/11/2026 01:37:48,3.351,74.078,1.77,0.40893,70.727
1086,04/11/2026 01:47:48,3.351,74.078,1.77,0.40893,70.727
1087,04/11/2026 01:57:48,3.343,74.064,1.67,0.40808,70.721
1088,04/11/2026 02:07:48,3.350,74.050,1.67,0.40886,70.700
1089,04/11/2026 02:17:48,3.335,74.036,1.56,0.40731,70.701
1090,04/11/2026 02:27:48,3.350,74.040,1.45,0.40886,70.690
1091,04/11/2026 02:37:48,3.328,73.999,1.45,0.40661,70.671
1092,04/11/2026 02:47:48,3.324,73.989,1.34,0.40626,70.665
1093,04/11/2026 02:57:48,3.331,73.993,1.23,0.40696,70.662
1094,04/11/2026 03:07:48,3.338,73.989,1.23,0.40759,70.651
1095,04/11/2026 03:17:48,3.327,73.984,1.12,0.40647,70.657
1096,04/11/2026 03:27:48,3.333,73.969,1.01,0.40717,70.636
1097,04/11/2026 03:37:48,3.322,73.960,1.01,0.40605,70.638
1098,04/11/2026 03:47:48,3.335,73.956,1.01,0.40732,70.621
1099,04/11/2026 03:57:48,3.344,73.973,0.90,0.40823,70.629
1100,04/11/2026 04:07:48,3.354,73.969,0.90,0.40922,70.615
1101,04/11/2026 04:17:48,3.363,73.982,0.79,0.41013,70.619
1102,04/11/2026 04:27:48,3.294,73.909,0.79,0.40317,70.615
1103,04/11/2026 04:37:48,3.322,73.927,0.68,0.40598,70.605
1104,04/11/2026 04:47:48,3.285,73.909,0.68,0.40219,70.624
1105,04/11/2026 04:57:48,3.285,73.913,0.57,0.40219,70.628
1106,04/11/2026 05:07:48,3.313,73.958,0.57,0.40507,70.645
1107,04/11/2026 05:17:48,3.297,73.953,0.57,0.40345,70.656
1108,04/11/2026 05:27:48,3.275,73.931,0.57,0.40120,70.656
1109,04/11/2026 05:37:48,3.295,73.962,0.46,0.40324,70.667
1110,04/11/2026 05:47:48,3.241,73.921,0.46,0.39776,70.680
1111,04/11/2026 05:57:48,3.266,73.948,0.46,0.40029,70.682
1112,04/11/2026 06:07:48,3.272,73.939,0.46,0.40092,70.667
1113,04/11/2026 06:17:48,3.296,73.957,0.46,0.40338,70.661
1114,04/11/2026 06:27:48,3.259,73.921,0.46,0.39959,70.662
1115,04/11/2026 06:37:48,3.286,73.952,0.35,0.40233,70.666
1116,04/11/2026 06:47:48,3.270,73.929,0.35,0.40071,70.659
1117,04/11/2026 06:57:48,3.259,73.925,0.35,0.39959,70.666
1118,04/11/2026 07:07:48,3.268,73.952,0.35,0.40050,70.684
1119,04/11/2026 07:17:48,3.282,73.975,0.35,0.40191,70.693
1120,04/11/2026 07:27:48,3.267,73.961,0.35,0.40043,70.694
1121,04/11/2026 07:37:48,3.263,73.961,0.35,0.40001,70.698
1122,04/11/2026 07:47:48,3.277,73.984,0.46,0.40142,70.707
1123,04/11/2026 07:57:48,3.273,73.975,0.46,0.40099,70.702
1124,04/11/2026 08:07:48,3.277,73.989,0.46,0.40142,70.712
1125,04/11/2026 08:17:48,3.282,73.980,0.46,0.40191,70.698
1126,04/11/2026 08:27:48,3.275,73.962,0.57,0.40120,70.687
1127,04/11/2026 08:37:48,3.278,73.967,0.57,0.40148,70.689
1128,04/11/2026 08:47:48,3.299,73.980,0.57,0.40366,70.681
1129,04/11/2026 08:57:48,3.272,73.954,0.68,0.40092,70.682
1130,04/11/2026 09:07:48,3.271,73.936,0.68,0.40078,70.665
1131,04/11/2026 09:17:48,3.271,73.936,0.79,0.40085,70.665
1132,04/11/2026 09:27:48,3.261,73.915,1.01,0.39979,70.654
1133,04/11/2026 09:37:48,3.253,73.916,1.23,0.39902,70.663
1134,04/11/2026 09:47:48,3.273,73.931,1.45,0.40098,70.658
1135,04/11/2026 09:57:48,3.291,73.945,1.45,0.40281,70.654
1136,04/11/2026 10:07:48,3.302,73.941,1.56,0.40393,70.639
1137,04/11/2026 10:17:48,3.274,73.920,1.88,0.40112,70.646
1138,04/11/2026 10:27:48,3.287,73.931,2.20,0.40245,70.644
1139,04/11/2026 10:37:48,3.290,73.928,2.31,0.40266,70.638
1140,04/11/2026 10:47:48,3.286,73.911,2.53,0.40231,70.625
1141,04/11/2026 10:57:48,3.302,73.923,2.95,0.40393,70.621
1142,04/11/2026 11:07:48,3.327,73.938,3.27,0.40653,70.611
1143,04/11/2026 11:17:48,3.315,73.909,3.59,0.40527,70.594
1144,04/11/2026 11:27:48,3.305,73.902,3.90,0.40421,70.597
1145,04/11/2026 11:37:48,3.315,73.920,3.90,0.40527,70.605
1146,04/11/2026 11:47:48,3.334,73.925,4.01,0.40724,70.591
1147,04/11/2026 11:57:48,3.338,73.926,4.11,0.40759,70.588
1148,04/11/2026 12:07:48,3.338,73.926,4.11,0.40759,70.588
1149,04/11/2026 12:17:48,3.364,73.985,4.11,0.41026,70.621
1150,04/11/2026 12:27:48,3.349,73.962,4.11,0.40878,70.613
1151,04/11/2026 12:37:48,3.356,73.963,4.22,0.40942,70.607
1152,04/11/2026 12:47:48,3.384,73.961,4.63,0.41237,70.577
1153,04/11/2026 12:57:48,3.387,73.938,5.15,0.41266,70.551
1154,04/11/2026 13:07:48,3.397,73.919,5.67,0.41365,70.522
1155,04/11/2026 13:17:48,3.386,73.886,6.07,0.41253,70.500
1156,04/11/2026 13:27:48,3.423,73.897,6.28,0.41626,70.474
1157,04/11/2026 13:37:48,3.424,73.870,6.28,0.41640,70.446
1158,04/11/2026 13:47:48,3.407,73.840,6.48,0.41465,70.433
1159,04/11/2026 13:57:48,3.446,73.867,6.48,0.41866,70.421
1160,04/11/2026 14:07:48,3.439,73.849,6.48,0.41788,70.410
1161,04/11/2026 14:17:48,3.431,73.871,6.48,0.41718,70.440
1162,04/11/2026 14:27:48,3.426,73.859,6.68,0.41662,70.433
1163,04/11/2026 14:37:48,3.430,73.829,6.89,0.41705,70.399
1164,04/11/2026 14:47:48,3.422,73.805,7.19,0.41614,70.383
1165,04/11/2026 14:57:48,3.445,73.838,7.39,0.41854,70.393
1166,04/11/2026 15:07:48,3.445,73.846,7.29,0.41860,70.401
1167,04/11/2026 15:17:48,3.441,73.851,7.39,0.41819,70.410
1168,04/11/2026 15:27:48,3.448,73.855,7.79,0.41890,70.407
1169,04/11/2026 15:37:48,3.456,73.888,7.99,0.41975,70.432
1170,04/11/2026 15:47:48,3.458,73.878,7.89,0.41995,70.420
1171,04/11/2026 15:57:48,3.471,73.918,7.79,0.42129,70.447
1172,04/11/2026 16:07:48,3.469,73.935,7.69,0.42108,70.466
1173,04/11/2026 16:17:48,3.489,73.975,7.59,0.42311,70.486
1174,04/11/2026 16:27:48,3.512,73.987,7.39,0.42543,70.475
1175,04/11/2026 16:37:48,3.507,73.969,7.39,0.42494,70.462
1176,04/11/2026 16:47:48,3.507,73.941,7.29,0.42493,70.434
1177,04/11/2026 16:57:48,3.509,73.928,7.29,0.42507,70.419
1178,04/11/2026 17:07:48,3.535,73.978,7.39,0.42775,70.443
1179,04/11/2026 17:17:48,3.512,73.965,7.39,0.42536,70.453
1180,04/11/2026 17:27:48,3.537,73.968,7.29,0.42803,70.431
1181,04/11/2026 17:37:48,3.550,73.977,7.29,0.42929,70.427
1182,04/11/2026 17:47:48,3.567,73.977,7.19,0.43098,70.410
1183,04/11/2026 17:57:48,3.548,73.961,6.99,0.42908,70.413
1184,04/11/2026 18:07:48,3.540,73.956,6.89,0.42823,70.416
1185,04/11/2026 18:17:48,3.532,73.951,6.79,0.42738,70.419
1186,04/11/2026 18:27:48,3.545,73.963,6.58,0.42872,70.418
1187,04/11/2026 18:37:48,3.552,73.938,6.38,0.42949,70.386
1188,04/11/2026 18:47:48,3.534,73.915,6.28,0.42766,70.381
1189,04/11/2026 18:57:48,3.568,73.946,6.18,0.43110,70.378
1190,04/11/2026 19:07:48,3.539,73.913,5.97,0.42807,70.374
1191,04/11/2026 19:17:48,3.555,73.906,5.77,0.42983,70.351
1192,04/11/2026 19:27:48,3.537,73.879,5.67,0.42786,70.342
1193,04/11/2026 19:37:48,3.566,73.918,5.46,0.43088,70.352
1194,04/11/2026 19:47:48,3.533,73.884,5.25,0.42757,70.351
1195,04/11/2026 19:57:48,3.528,73.879,5.15,0.42701,70.351
1196,04/11/2026 20:07:48,3.517,73.887,4.94,0.42588,70.370
1197,04/11/2026 20:17:48,3.540,73.913,4.84,0.42827,70.373
1198,04/11/2026 20:27:48,3.539,73.934,4.63,0.42812,70.395
1199,04/11/2026 20:37:48,3.534,73.951,4.43,0.42756,70.417
1200,04/11/2026 20:47:48,3.532,73.968,4.32,0.42742,70.436
1201,04/11/2026 20:57:48,3.553,74.017,4.22,0.42960,70.464
1202,04/11/2026 21:07:48,3.541,74.026,4.11,0.42826,70.485
1203,04/11/2026 21:17:48,3.547,74.007,4.01,0.42889,70.460
1204,04/11/2026 21:27:48,3.525,73.987,3.80,0.42671,70.462
1205,04/11/2026 21:37:48,3.497,73.954,3.59,0.42383,70.457
1206,04/11/2026 21:47:48,3.518,73.958,3.48,0.42594,70.440
1207,04/11/2026 21:57:48,3.539,73.971,3.38,0.42812,70.432
1208,04/11/2026 22:07:48,3.534,73.956,3.16,0.42755,70.422
1209,04/11/2026 22:17:48,3.537,73.955,3.06,0.42791,70.418
1210,04/11/2026 22:27:48,3.484,73.904,2.85,0.42249,70.420
1211,04/11/2026 22:37:48,3.507,73.930,2.74,0.42488,70.423
1212,04/11/2026 22:47:48,3.483,73.902,2.63,0.42242,70.419
1213,04/11/2026 22:57:48,3.487,73.911,2.53,0.42277,70.424
1214,04/11/2026 23:07:48,3.474,73.883,2.42,0.42151,70.409
1215,04/11/2026 23:17:48,3.479,73.900,2.31,0.42200,70.421
1216,04/11/2026 23:27:48,3.467,73.882,2.20,0.42074,70.415
1217,04/11/2026 23:37:48,3.479,73.899,2.10,0.42200,70.420
1218,04/11/2026 23:47:48,3.462,73.880,1.99,0.42032,70.418
1219,04/11/2026 23:57:48,3.455,73.866,1.88,0.41954,70.411
1220,04/12/2026 00:07:48,3.433,73.847,1.77,0.41736,70.414
1221,04/12/2026 00:17:48,3.456,73.865,1.67,0.41961,70.409
1222,04/12/2026 00:27:48,3.431,73.833,1.67,0.41708,70.402
1223,04/12/2026 00:37:48,3.427,73.823,1.56,0.41673,70.396
1224,04/12/2026 00:47:48,3.430,73.818,1.45,0.41701,70.388
1225,04/12/2026 00:57:48,3.436,73.827,1.45,0.41765,70.391
1226,04/12/2026 01:07:48,3.414,73.808,1.34,0.41540,70.394
1227,04/12/2026 01:17:48,3.380,73.767,1.23,0.41188,70.387
1228,04/12/2026 01:27:48,3.416,73.790,1.23,0.41554,70.374
1229,04/12/2026 01:37:48,3.411,73.794,1.12,0.41505,70.383
1230,04/12/2026 01:47:48,3.380,73.743,1.01,0.41196,70.363
1231,04/12/2026 01:57:48,3.400,73.761,1.01,0.41400,70.361
1232,04/12/2026 02:07:48,3.389,73.743,0.90,0.41280,70.354
1233,04/12/2026 02:17:48,3.353,73.697,0.90,0.40922,70.344
1234,04/12/2026 02:27:48,3.369,73.701,0.79,0.41083,70.332
1235,04/12/2026 02:37:48,3.378,73.715,0.79,0.41168,70.337
1236,04/12/2026 02:47:48,3.375,73.701,0.68,0.41133,70.326
1237,04/12/2026 02:57:48,3.383,73.696,0.68,0.41224,70.313
1238,04/12/2026 03:07:48,3.348,73.650,0.57,0.40866,70.302
1239,04/12/2026 03:17:48,3.377,73.677,0.57,0.41161,70.300
1240,04/12/2026 03:27:48,3.346,73.645,0.46,0.40845,70.299
1241,04/12/2026 03:37:48,3.360,73.659,0.46,0.40985,70.299
1242,04/12/2026 03:47:48,3.361,73.659,0.46,0.40992,70.298
1243,04/12/2026 03:57:48,3.332,73.626,0.35,0.40704,70.294
1244,04/12/2026 04:07:48,3.334,73.635,0.35,0.40725,70.301
1245,04/12/2026 04:17:48,3.344,73.640,0.35,0.40824,70.296
1246,04/12/2026 04:27:48,3.311,73.613,0.35,0.40486,70.302
1247,04/12/2026 04:37:48,3.321,73.613,0.35,0.40585,70.292
1248,04/12/2026 04:47:48,3.324,73.612,0.24,0.40620,70.288
1249,04/12/2026 04:57:48,3.317,73.608,0.24,0.40543,70.291
1250,04/12/2026 05:07:48,3.340,73.630,0.24,0.40789,70.290
1251,04/12/2026 05:17:48,3.332,73.612,0.24,0.40704,70.280
1252,04/12/2026 05:27:48,3.317,73.599,0.24,0.40543,70.282
1253,04/12/2026 05:37:48,3.314,73.594,0.13,0.40515,70.280
1254,04/12/2026 05:47:48,3.297,73.580,0.13,0.40346,70.283
1255,04/12/2026 05:57:48,3.304,73.579,0.02,0.40424,70.275
1256,04/12/2026 06:07:48,3.305,73.588,0.02,0.40431,70.283
1257,04/12/2026 06:17:48,3.250,73.534,0.02,0.39868,70.284
1258,04/12/2026 06:27:48,3.248,73.539,0.02,0.39840,70.291
1259,04/12/2026 06:37:48,3.247,73.548,0.02,0.39833,70.301
1260,04/12/2026 06:47:48,3.224,73.543,0.02,0.39601,70.319
1261,04/12/2026 06:57:48,3.191,73.521,0.02,0.39263,70.330
1262,04/12/2026 07:07:48,3.212,73.548,0.02,0.39474,70.336
1263,04/12/2026 07:17:48,3.207,73.548,0.02,0.39425,70.341
1264,04/12/2026 07:27:48,3.174,73.511,-0.09,0.39088,70.337
1265,04/12/2026 07:37:48,3.208,73.543,-0.09,0.39432,70.335
1266,04/12/2026 07:47:48,3.203,73.538,-0.09,0.39390,70.335
1267,04/12/2026 07:57:48,3.202,73.538,-0.09,0.39376,70.336
1268,04/12/2026 08:07:48,3.205,73.556,-0.09,0.39411,70.351
1269,04/12/2026 08:17:48,3.238,73.579,-0.09,0.39742,70.341
1270,04/12/2026 08:27:48,3.245,73.606,0.02,0.39819,70.361
1271,04/12/2026 08:37:48,3.274,73.630,0.13,0.40107,70.356
1272,04/12/2026 08:47:48,3.355,73.712,0.24,0.40936,70.357
1273,04/12/2026 08:57:48,3.393,73.749,0.46,0.41323,70.356
1274,04/12/2026 09:07:48,3.430,73.787,0.68,0.41695,70.357
1275,04/12/2026 09:17:48,3.502,73.854,0.68,0.42441,70.352
1276,04/12/2026 09:27:48,3.516,73.869,0.79,0.42574,70.353
1277,04/12/2026 09:37:48,3.493,73.852,1.01,0.42342,70.359
1278,04/12/2026 09:47:48,3.407,73.758,1.23,0.41470,70.351
1279,04/12/2026 09:57:48,3.383,73.732,1.45,0.41223,70.349
1280,04/12/2026 10:07:48,3.366,73.725,1.67,0.41054,70.358
1281,04/12/2026 10:17:48,3.334,73.686,1.99,0.40717,70.352
1282,04/12/2026 10:27:48,3.306,73.659,2.10,0.40435,70.353
1283,04/12/2026 10:37:48,3.331,73.688,2.31,0.40688,70.357
1284,04/12/2026 10:47:48,3.331,73.676,2.53,0.40688,70.345
1285,04/12/2026 10:57:48,3.317,73.673,2.85,0.40548,70.356
1286,04/12/2026 11:07:48,3.335,73.693,3.16,0.40730,70.358
1287,04/12/2026 11:17:48,3.349,73.691,3.48,0.40871,70.342
1288,04/12/2026 11:27:48,3.334,73.679,3.80,0.40724,70.345
1289,04/12/2026 11:37:48,3.333,73.668,4.11,0.40710,70.335
1290,04/12/2026 11:47:48,3.331,73.661,4.43,0.40696,70.330
1291,04/12/2026 11:57:48,3.321,73.642,4.84,0.40584,70.321
1292,04/12/2026 12:07:48,3.335,73.653,5.15,0.40732,70.318
1293,04/12/2026 12:17:48,3.330,73.633,5.56,0.40683,70.303
1294,04/12/2026 12:27:48,3.356,73.659,5.97,0.40951,70.303
1295,04/12/2026 12:37:48,3.354,73.644,6.38,0.40930,70.290
1296,04/12/2026 12:47:48,3.328,73.625,6.89,0.40671,70.297
1297,04/12/2026 12:57:48,3.356,73.630,7.39,0.40946,70.274
1298,04/12/2026 13:07:48,3.334,73.606,7.79,0.40722,70.272
1299,04/12/2026 13:17:48,3.334,73.592,8.29,0.40724,70.258
1300,04/12/2026 13:27:48,3.339,73.577,8.69,0.40781,70.238
1301,04/12/2026 13:37:48,3.360,73.606,8.89,0.40993,70.246
1302,04/12/2026 13:47:48,3.348,73.593,8.99,0.40873,70.245
1303,04/12/2026 13:57:48,3.359,73.602,8.99,0.40986,70.243
1304,04/12/2026 14:07:48,3.365,73.607,8.99,0.41042,70.242
1305,04/12/2026 14:17:48,3.386,73.597,9.39,0.41261,70.211
1306,04/12/2026 14:27:48,3.368,73.588,9.88,0.41073,70.220
1307,04/12/2026 14:37:48,3.403,73.663,9.68,0.41438,70.260
1308,04/12/2026 14:47:48,3.381,73.618,9.68,0.41206,70.237
1309,04/12/2026 14:57:48,3.379,73.605,9.78,0.41192,70.226
1310,04/12/2026 15:07:48,3.374,73.596,9.78,0.41136,70.222
1311,04/12/2026 15:17:48,3.378,73.617,10.08,0.41179,70.239
1312,04/12/2026 15:27:48,3.393,73.619,10.37,0.41342,70.226
1313,04/12/2026 15:37:48,3.377,73.583,10.37,0.41173,70.206
1314,04/12/2026 15:47:48,3.365,73.588,10.37,0.41047,70.223
1315,04/12/2026 15:57:48,3.381,73.593,10.47,0.41216,70.212
1316,04/12/2026 16:07:48,3.348,73.580,10.47,0.40871,70.232
1317,04/12/2026 16:17:48,3.369,73.604,10.66,0.41090,70.235
1318,04/12/2026 16:27:48,3.389,73.603,10.57,0.41294,70.214
1319,04/12/2026 16:37:48,3.367,73.553,10.57,0.41076,70.186
1320,04/12/2026 16:47:48,3.381,73.580,10.47,0.41209,70.199
1321,04/12/2026 16:57:48,3.382,73.587,10.27,0.41222,70.205
1322,04/12/2026 17:07:48,3.362,73.577,10.17,0.41018,70.215
1323,04/12/2026 17:17:48,3.354,73.563,10.17,0.40940,70.209
1324,04/12/2026 17:27:48,3.389,73.602,9.98,0.41299,70.213
1325,04/12/2026 17:37:48,3.393,73.618,9.68,0.41333,70.225
1326,04/12/2026 17:47:48,3.405,73.644,9.58,0.41452,70.239
1327,04/12/2026 17:57:48,3.391,73.620,9.48,0.41318,70.229
1328,04/12/2026 18:07:48,3.397,73.629,9.39,0.41367,70.232
1329,04/12/2026 18:17:48,3.375,73.609,9.19,0.41148,70.234
1330,04/12/2026 18:27:48,3.383,73.639,8.99,0.41225,70.256
1331,04/12/2026 18:37:48,3.374,73.623,8.79,0.41140,70.249
1332,04/12/2026 18:47:48,3.380,73.653,8.59,0.41203,70.273
1333,04/12/2026 18:57:48,3.388,73.661,8.39,0.41272,70.273
1334,04/12/2026 19:07:48,3.405,73.682,8.19,0.41448,70.277
1335,04/12/2026 19:17:48,3.413,73.698,7.99,0.41532,70.285
1336,04/12/2026 19:27:48,3.413,73.710,7.79,0.41531,70.297
1337,04/12/2026 19:37:48,3.413,73.704,7.59,0.41531,70.291
1338,04/12/2026 19:47:48,3.406,73.684,7.39,0.41460,70.278
1339,04/12/2026 19:57:48,3.416,73.686,7.09,0.41558,70.270
1340,04/12/2026 20:07:48,3.392,73.653,6.89,0.41311,70.261
1341,04/12/2026 20:17:48,3.426,73.687,6.68,0.41662,70.261
1342,04/12/2026 20:27:48,3.434,73.708,6.48,0.41746,70.274
1343,04/12/2026 20:37:48,3.438,73.720,6.28,0.41788,70.282
1344,04/12/2026 20:47:48,3.447,73.728,6.07,0.41872,70.281
1345,04/12/2026 20:57:48,3.432,73.717,5.87,0.41724,70.285
1346,04/12/2026 21:07:48,3.419,73.734,5.67,0.41583,70.315
1347,04/12/2026 21:17:48,3.420,73.778,5.56,0.41604,70.358
1348,04/12/2026 21:27:48,3.441,73.768,5.36,0.41808,70.327
1349,04/12/2026 21:37:48,3.423,73.743,5.15,0.41632,70.320
1350,04/12/2026 21:47:48,3.442,73.761,5.05,0.41821,70.319
1351,04/12/2026 21:57:48,3.422,73.742,4.94,0.41617,70.320
1352,04/12/2026 22:07:48,3.395,73.718,4.74,0.41343,70.323
1353,04/12/2026 22:17:48,3.421,73.740,4.63,0.41603,70.319
1354,04/12/2026 22:27:48,3.417,73.748,4.53,0.41568,70.331
1355,04/12/2026 22:37:48,3.432,73.761,4.43,0.41715,70.329
1356,04/12/2026 22:47:48,3.430,73.751,4.32,0.41701,70.321
1357,04/12/2026 22:57:48,3.425,73.736,4.11,0.41645,70.311
1358,04/12/2026 23:07:48,3.428,73.726,4.01,0.41680,70.298
1359,04/12/2026 23:17:48,3.421,73.712,3.90,0.41610,70.291
1360,04/12/2026 23:27:48,3.446,73.743,3.80,0.41863,70.297
1361,04/12/2026 23:37:48,3.432,73.733,3.69,0.41722,70.301
1362,04/12/2026 23:47:48,3.400,73.696,3.59,0.41392,70.296
1363,04/12/2026 23:57:48,3.431,73.727,3.48,0.41708,70.296
1364,04/13/2026 00:07:48,3.417,73.722,3.38,0.41567,70.305
1365,04/13/2026 00:17:48,3.397,73.717,3.27,0.41356,70.320
1366,04/13/2026 00:27:48,3.387,73.707,3.16,0.41258,70.320
1367,04/13/2026 00:37:48,3.394,73.720,3.16,0.41335,70.326
1368,04/13/2026 00:47:48,3.389,73.715,3.06,0.41286,70.326
1369,04/13/2026 00:57:48,3.391,73.715,2.95,0.41300,70.324
1370,04/13/2026 01:07:48,3.416,73.732,2.85,0.41553,70.316
1371,04/13/2026 01:17:48,3.392,73.700,2.74,0.41307,70.308
1372,04/13/2026 01:27:48,3.391,73.694,2.63,0.41307,70.303
1373,04/13/2026 01:37:48,3.416,73.716,2.53,0.41560,70.300
1374,04/13/2026 01:47:48,3.393,73.684,2.42,0.41321,70.291
1375,04/13/2026 01:57:48,3.370,73.652,2.31,0.41082,70.282
1376,04/13/2026 02:07:48,3.402,73.678,2.20,0.41413,70.276
1377,04/13/2026 02:17:48,3.359,73.628,2.10,0.40970,70.269
1378,04/13/2026 02:27:48,3.361,73.631,1.99,0.40998,70.270
1379,04/13/2026 02:37:48,3.371,73.631,1.88,0.41096,70.260
1380,04/13/2026 02:47:48,3.368,73.626,1.77,0.41061,70.258
1381,04/13/2026 02:57:48,3.361,73.625,1.67,0.40998,70.264
1382,04/13/2026 03:07:48,3.370,73.633,1.56,0.41090,70.263
1383,04/13/2026 03:17:48,3.357,73.620,1.56,0.40956,70.263
1384,04/13/2026 03:27:48,3.331,73.597,1.45,0.40689,70.266
1385,04/13/2026 03:37:48,3.360,73.632,1.34,0.40984,70.272
1386,04/13/2026 03:47:48,3.324,73.604,1.23,0.40619,70.280
1387,04/13/2026 03:57:48,3.330,73.604,1.12,0.40675,70.274
1388,04/13/2026 04:07:48,3.321,73.608,1.12,0.40591,70.287
1389,04/13/2026 04:17:48,3.295,73.589,1.01,0.40331,70.294
1390,04/13/2026 04:27:48,3.321,73.620,0.90,0.40591,70.299
1391,04/13/2026 04:37:48,3.302,73.597,0.79,0.40394,70.295
1392,04/13/2026 04:47:48,3.321,73.615,0.79,0.40591,70.294
1393,04/13/2026 04:57:48,3.297,73.588,0.68,0.40338,70.291
1394,04/13/2026 05:07:48,3.276,73.578,0.57,0.40127,70.302
1395,04/13/2026 05:17:48,3.235,73.532,0.46,0.39713,70.297
1396,04/13/2026 05:27:48,3.224,73.528,0.46,0.39593,70.304
1397,04/13/2026 05:37:48,3.204,73.509,0.35,0.39396,70.305
1398,04/13/2026 05:47:48,3.186,73.491,0.35,0.39214,70.305
1399,04/13/2026 05:57:48,3.181,73.486,0.24,0.39157,70.305
1400,04/13/2026 06:07:48,3.168,73.481,0.24,0.39031,70.313
1401,04/13/2026 06:17:48,3.150,73.462,0.13,0.38848,70.312
1402,04/13/2026 06:27:48,3.125,73.449,0.13,0.38588,70.324
1403,04/13/2026 06:37:48,3.129,73.453,0.02,0.38630,70.324
1404,04/13/2026 06:47:48,3.109,73.439,0.02,0.38426,70.330
1405,04/13/2026 06:57:48,3.109,73.444,0.02,0.38426,70.335
1406,04/13/2026 07:07:48,3.094,73.435,0.02,0.38272,70.341
1407,04/13/2026 07:17:48,3.118,73.471,0.02,0.38518,70.353
1408,04/13/2026 07:27:48,3.123,73.475,-0.09,0.38567,70.352
1409,04/13/2026 07:37:48,3.116,73.470,-0.09,0.38504,70.354
1410,04/13/2026 07:47:48,3.132,73.497,-0.09,0.38666,70.365
1411,04/13/2026 07:57:48,3.118,73.484,-0.09,0.38518,70.366
1412,04/13/2026 08:07:48,3.151,73.506,-0.09,0.38863,70.355
1413,04/13/2026 08:17:48,3.147,73.534,-0.09,0.38813,70.387
1414,04/13/2026 08:27:48,3.170,73.530,0.02,0.39045,70.360
1415,04/13/2026 08:37:48,3.166,73.544,0.13,0.39010,70.378
1416,04/13/2026 08:47:48,3.199,73.567,0.24,0.39347,70.368
1417,04/13/2026 08:57:48,3.268,73.650,0.46,0.40043,70.382
1418,04/13/2026 09:07:48,3.376,73.759,0.57,0.41147,70.383
1419,04/13/2026 09:17:48,3.456,73.832,0.79,0.41969,70.376
1420,04/13/2026 09:27:48,3.498,73.892,0.90,0.42391,70.394
1421,04/13/2026 09:37:48,3.484,73.866,1.12,0.42250,70.382
1422,04/13/2026 09:47:48,3.490,73.876,1.23,0.42306,70.386
1423,04/13/2026 09:57:48,3.476,73.863,1.45,0.42173,70.387
1424,04/13/2026 10:07:48,3.423,73.806,1.67,0.41631,70.383
1425,04/13/2026 10:17:48,3.364,73.767,1.88,0.41019,70.403
1426,04/13/2026 10:27:48,3.313,73.705,2.10,0.40499,70.392
1427,04/13/2026 10:37:48,3.291,73.665,2.31,0.40281,70.374
1428,04/13/2026 10:47:48,3.269,73.657,2.53,0.40063,70.388
1429,04/13/2026 10:57:48,3.278,73.678,2.85,0.40147,70.400
1430,04/13/2026 11:07:48,3.265,73.670,3.06,0.40013,70.405
1431,04/13/2026 11:17:48,3.275,73.659,3.38,0.40112,70.384
1432,04/13/2026 11:27:48,3.274,73.652,3.69,0.40105,70.378
1433,04/13/2026 11:37:48,3.292,73.681,4.01,0.40295,70.389
1434,04/13/2026 11:47:48,3.278,73.638,4.32,0.40147,70.360
1435,04/13/2026 11:57:48,3.268,73.640,4.63,0.40049,70.372
1436,04/13/2026 12:07:48,3.307,73.661,5.05,0.40450,70.354
1437,04/13/2026 12:17:48,3.288,73.632,5.36,0.40254,70.344
1438,04/13/2026 12:27:48,3.319,73.662,5.77,0.40571,70.343
1439,04/13/2026 12:37:48,3.323,73.670,6.18,0.40607,70.347
1440,04/13/2026 12:47:48,3.313,73.640,6.48,0.40516,70.327
1441,04/13/2026 12:57:48,3.332,73.666,6.89,0.40706,70.334
1442,04/13/2026 13:07:48,3.293,73.615,7.29,0.40306,70.322
1443,04/13/2026 13:17:48,3.287,73.609,7.69,0.40251,70.322
1444,04/13/2026 13:27:48,3.303,73.608,8.09,0.40414,70.305
1445,04/13/2026 13:37:48,3.310,73.602,8.39,0.40478,70.292
1446,04/13/2026 13:47:48,3.296,73.586,8.69,0.40345,70.290
1447,04/13/2026 13:57:48,3.356,73.657,8.99,0.40951,70.301
1448,04/13/2026 14:07:48,3.302,73.604,9.19,0.40403,70.302
1449,04/13/2026 14:17:48,3.296,73.591,9.19,0.40339,70.295
1450,04/13/2026 14:27:48,3.322,73.604,9.19,0.40607,70.282
1451,04/13/2026 14:37:48,3.327,73.610,9.29,0.40656,70.283
1452,04/13/2026 14:47:48,3.346,73.615,9.39,0.40853,70.269
1453,04/13/2026 14:57:48,3.352,73.621,9.58,0.40917,70.269
1454,04/13/2026 15:07:48,3.324,73.585,9.58,0.40629,70.261
1455,04/13/2026 15:17:48,3.329,73.584,9.48,0.40678,70.255
1456,04/13/2026 15:27:48,3.313,73.583,9.39,0.40516,70.270
1457,04/13/2026 15:37:48,3.327,73.588,9.39,0.40657,70.261
1458,04/13/2026 15:47:48,3.327,73.570,9.39,0.40657,70.243
1459,04/13/2026 15:57:48,3.333,73.570,9.39,0.40720,70.237
1460,04/13/2026 16:07:48,3.333,73.591,9.29,0.40727,70.258
1461,04/13/2026 16:17:48,3.325,73.568,9.19,0.40635,70.243
1462,04/13/2026 16:27:48,3.328,73.557,8.99,0.40669,70.229
1463,04/13/2026 16:37:48,3.351,73.565,8.89,0.40908,70.214
1464,04/13/2026 16:47:48,3.340,73.554,8.69,0.40795,70.214
1465,04/13/2026 16:57:48,3.332,73.528,8.79,0.40711,70.196
1466,04/13/2026 17:07:48,3.332,73.542,8.79,0.40704,70.210
1467,04/13/2026 17:17:48,3.334,73.545,8.69,0.40732,70.211
1468,04/13/2026 17:27:48,3.301,73.512,8.49,0.40394,70.211
1469,04/13/2026 17:37:48,3.309,73.519,8.29,0.40477,70.210
1470,04/13/2026 17:47:48,3.329,73.559,8.19,0.40681,70.230
1471,04/13/2026 17:57:48,3.310,73.562,7.99,0.40484,70.252
1472,04/13/2026 18:07:48,3.330,73.592,7.79,0.40687,70.262
1473,04/13/2026 18:17:48,3.335,73.608,7.49,0.40736,70.273
1474,04/13/2026 18:27:48,3.340,73.630,7.39,0.40785,70.290
1475,04/13/2026 18:37:48,3.335,73.632,7.19,0.40742,70.297
1476,04/13/2026 18:47:48,3.340,73.626,6.99,0.40791,70.286
1477,04/13/2026 18:57:48,3.345,73.625,6.89,0.40840,70.280
1478,04/13/2026 19:07:48,3.351,73.624,6.68,0.40896,70.273
1479,04/13/2026 19:17:48,3.341,73.600,6.58,0.40797,70.259
1480,04/13/2026 19:27:48,3.356,73.608,6.38,0.40944,70.252
1481,04/13/2026 19:37:48,3.351,73.584,6.18,0.40895,70.233
1482,04/13/2026 19:47:48,3.346,73.573,5.97,0.40845,70.227
1483,04/13/2026 19:57:48,3.349,73.581,5.87,0.40880,70.232
1484,04/13/2026 20:07:48,3.346,73.589,5.67,0.40845,70.243
1485,04/13/2026 20:17:48,3.348,73.602,5.56,0.40859,70.254
1486,04/13/2026 20:27:48,3.363,73.632,5.36,0.41013,70.269
1487,04/13/2026 20:37:48,3.338,73.626,5.25,0.40767,70.288
1488,04/13/2026 20:47:48,3.343,73.639,5.15,0.40816,70.296
1489,04/13/2026 20:57:48,3.338,73.611,4.94,0.40760,70.273
1490,04/13/2026 21:07:48,3.333,73.610,4.84,0.40710,70.277
1491,04/13/2026 21:17:48,3.343,73.605,4.74,0.40809,70.262
1492,04/13/2026 21:27:48,3.350,73.626,4.53,0.40879,70.276
1493,04/13/2026 21:37:48,3.361,73.634,4.43,0.40998,70.273
1494,04/13/2026 21:47:48,3.339,73.615,4.32,0.40773,70.276
1495,04/13/2026 21:57:48,3.377,73.651,4.22,0.41153,70.274
1496,04/13/2026 22:07:48,3.332,73.604,4.01,0.40703,70.272
1497,04/13/2026 22:17:48,3.355,73.608,3.90,0.40935,70.253
1498,04/13/2026 22:27:48,3.330,73.584,3.80,0.40681,70.254
1499,04/13/2026 22:37:48,3.354,73.602,3.69,0.40920,70.248
1500,04/13/2026 22:47:48,3.325,73.560,3.59,0.40632,70.235
1501,04/13/2026 22:57:48,3.340,73.574,3.59,0.40780,70.234
1502,04/13/2026 23:07:48,3.342,73.569,3.48,0.40801,70.227
1503,04/13/2026 23:17:48,3.309,73.536,3.38,0.40470,70.227
1504,04/13/2026 23:27:48,3.298,73.527,3.27,0.40351,70.229
1505,04/13/2026 23:37:48,3.313,73.536,3.27,0.40505,70.223
1506,04/13/2026 23:47:48,3.320,73.535,3.16,0.40576,70.215
1507,04/13/2026 23:57:48,3.309,73.521,3.06,0.40463,70.212
1508,04/14/2026 00:07:48,3.326,73.516,3.06,0.40639,70.190
1509,04/14/2026 00:17:48,3.298,73.479,2.95,0.40358,70.181
1510,04/14/2026 00:27:48,3.303,73.484,2.95,0.40400,70.181
1511,04/14/2026 00:37:48,3.301,73.479,2.85,0.40379,70.178
1512,04/14/2026 00:47:48,3.298,73.482,2.74,0.40358,70.184
1513,04/14/2026 00:57:48,3.337,73.514,2.74,0.40752,70.177
1514,04/14/2026 01:07:48,3.308,73.482,2.63,0.40449,70.174
1515,04/14/2026 01:17:48,3.308,73.473,2.63,0.40449,70.165
1516,04/14/2026 01:27:48,3.315,73.472,2.53,0.40527,70.157
1517,04/14/2026 01:37:48,3.290,73.431,2.42,0.40266,70.141
1518,04/14/2026 01:47:48,3.294,73.422,2.42,0.40309,70.128
1519,04/14/2026 01:57:48,3.313,73.439,2.31,0.40506,70.126
1520,04/14/2026 02:07:48,3.280,73.407,2.31,0.40175,70.127
1521,04/14/2026 02:17:48,3.333,73.456,2.20,0.40717,70.123
1522,04/14/2026 02:27:48,3.310,73.411,2.20,0.40477,70.101
1523,04/14/2026 02:37:48,3.309,73.397,2.10,0.40463,70.088
1524,04/14/2026 02:47:48,3.291,73.365,2.10,0.40288,70.074
1525,04/14/2026 02:57:48,3.297,73.370,2.10,0.40344,70.073
1526,04/14/2026 03:07:48,3.305,73.356,2.10,0.40428,70.051
1527,04/14/2026 03:17:48,3.283,73.337,1.99,0.40203,70.054
1528,04/14/2026 03:27:48,3.291,73.347,1.99,0.40274,70.056
1529,04/14/2026 03:37:48,3.280,73.337,1.88,0.40168,70.057
1530,04/14/2026 03:47:48,3.291,73.359,1.77,0.40281,70.068
1531,04/14/2026 03:57:48,3.285,73.358,1.67,0.40225,70.073
1532,04/14/2026 04:07:48,3.289,73.349,1.67,0.40260,70.060
1533,04/14/2026 04:17:48,3.292,73.344,1.56,0.40288,70.052
1534,04/14/2026 04:27:48,3.322,73.367,1.56,0.40604,70.044
1535,04/14/2026 04:37:48,3.283,73.325,1.45,0.40204,70.042
1536,04/14/2026 04:47:48,3.279,73.312,1.45,0.40155,70.033
1537,04/14/2026 04:57:48,3.296,73.321,1.45,0.40330,70.025
1538,04/14/2026 05:07:48,3.294,73.306,1.34,0.40316,70.012
1539,04/14/2026 05:17:48,3.296,73.310,1.23,0.40338,70.014
1540,04/14/2026 05:27:48,3.304,73.328,1.23,0.40422,70.024
1541,04/14/2026 05:37:48,3.299,73.319,1.23,0.40366,70.020
1542,04/14/2026 05:47:48,3.274,73.287,1.12,0.40113,70.013
1543,04/14/2026 05:57:48,3.315,73.318,1.01,0.40528,70.003
1544,04/14/2026 06:07:48,3.297,73.300,1.01,0.40345,70.003
1545,04/14/2026 06:17:48,3.316,73.304,0.90,0.40535,69.988
1546,04/14/2026 06:27:48,3.300,73.304,0.90,0.40373,70.004
1547,04/14/2026 06:37:48,3.294,73.303,0.79,0.40317,70.009
1548,04/14/2026 06:47:48,3.299,73.307,0.68,0.40366,70.008
1549,04/14/2026 06:57:48,3.274,73.279,0.57,0.40113,70.005
1550,04/14/2026 07:07:48,3.292,73.289,0.68,0.40296,69.997
1551,04/14/2026 07:17:48,3.291,73.284,0.57,0.40282,69.993
1552,04/14/2026 07:27:48,3.282,73.266,0.57,0.40191,69.984
1553,04/14/2026 07:37:48,3.303,73.275,0.57,0.40402,69.972
1554,04/14/2026 07:47:48,3.274,73.257,0.57,0.40106,69.983
1555,04/14/2026 07:57:48,3.274,73.257,0.57,0.40106,69.983
1556,04/14/2026 08:07:48,3.267,73.243,0.57,0.40043,69.976
1557,04/14/2026 08:17:48,3.285,73.257,0.57,0.40219,69.972
1558,04/14/2026 08:27:48,3.299,73.275,0.57,0.40366,69.976
1559,04/14/2026 08:37:48,3.292,73.274,0.35,0.40289,69.982
1560,04/14/2026 08:47:48,3.289,73.273,0.24,0.40261,69.984
1561,04/14/2026 08:57:48,3.302,73.295,0.13,0.40395,69.993
1562,04/14/2026 09:07:48,3.308,73.304,0.13,0.40458,69.996
1563,04/14/2026 09:17:48,3.310,73.313,0.02,0.40473,70.003
1564,04/14/2026 09:27:48,3.307,73.303,-0.09,0.40445,69.996
1565,04/14/2026 09:37:48,3.271,73.271,-0.09,0.40086,70.000
1566,04/14/2026 09:47:48,3.210,73.212,-0.09,0.39460,70.002
1567,04/14/2026 09:57:48,3.153,73.172,-0.09,0.38877,70.019
1568,04/14/2026 10:07:48,3.074,73.099,-0.09,0.38075,70.025
1569,04/14/2026 10:17:48,3.049,73.112,-0.20,0.37822,70.063
1570,04/14/2026 10:27:48,3.038,73.127,-0.09,0.37702,70.089
1571,04/14/2026 10:37:48,3.022,73.077,-0.09,0.37541,70.055
1572,04/14/2026 10:47:48,2.955,73.000,-0.09,0.36859,70.045
1573,04/14/2026 10:57:48,2.942,72.988,0.13,0.36718,70.046
1574,04/14/2026 11:07:48,2.960,73.008,0.57,0.36907,70.048
1575,04/14/2026 11:17:48,3.017,73.077,0.79,0.37490,70.060
1576,04/14/2026 11:27:48,3.077,73.123,0.90,0.38102,70.046
1577,04/14/2026 11:37:48,3.260,73.304,0.90,0.39965,70.044
1578,04/14/2026 11:47:48,3.415,73.431,0.90,0.41540,70.016
1579,04/14/2026 11:57:48,3.437,73.440,0.90,0.41765,70.003
1580,04/14/2026 12:07:48,3.491,73.520,0.79,0.42328,70.029
1581,04/14/2026 12:17:48,3.539,73.613,0.46,0.42821,70.074
1582,04/14/2026 12:27:48,3.545,73.621,0.13,0.42870,70.076
1583,04/14/2026 12:37:48,3.569,73.612,0.13,0.43117,70.043
1584,04/14/2026 12:47:48,3.542,73.581,0.35,0.42842,70.039
1585,04/14/2026 12:57:48,3.513,73.553,1.01,0.42553,70.040
1586,04/14/2026 13:07:48,3.419,73.465,1.34,0.41582,70.046
1587,04/14/2026 13:17:48,3.439,73.481,1.77,0.41793,70.042
1588,04/14/2026 13:27:48,3.449,73.500,1.99,0.41898,70.051
1589,04/14/2026 13:37:48,3.405,73.460,2.10,0.41448,70.055
1590,04/14/2026 13:47:48,3.430,73.482,1.88,0.41694,70.052
1591,04/14/2026 13:57:48,3.467,73.553,1.77,0.42081,70.086
1592,04/14/2026 14:07:48,3.520,73.652,1.67,0.42622,70.132
1593,04/14/2026 14:17:48,3.501,73.637,1.45,0.42426,70.136
1594,04/14/2026 14:27:48,3.478,73.593,1.56,0.42187,70.115
1595,04/14/2026 14:37:48,3.455,73.560,2.20,0.41961,70.105
1596,04/14/2026 14:47:48,3.426,73.527,2.63,0.41659,70.101
1597,04/14/2026 14:57:48,3.420,73.515,2.85,0.41595,70.095
1598,04/14/2026 15:07:48,3.431,73.525,3.06,0.41715,70.094
1599,04/14/2026 15:17:48,3.394,73.493,3.59,0.41328,70.099
1600,04/14/2026 15:27:48,3.386,73.506,3.59,0.41251,70.120
1601,04/14/2026 15:37:48,3.423,73.533,3.59,0.41631,70.110
1602,04/14/2026 15:47:48,3.410,73.508,3.90,0.41497,70.098
1603,04/14/2026 15:57:48,3.404,73.505,4.11,0.41434,70.101
1604,04/14/2026 16:07:48,3.389,73.483,4.22,0.41286,70.094
1605,04/14/2026 16:17:48,3.373,73.470,4.32,0.41125,70.097
1606,04/14/2026 16:27:48,3.405,73.504,4.53,0.41441,70.099
1607,04/14/2026 16:37:48,3.398,73.530,4.43,0.41371,70.132
1608,04/14/2026 16:47:48,3.412,73.539,4.43,0.41519,70.127
1609,04/14/2026 16:57:48,3.439,73.559,4.63,0.41786,70.120
1610,04/14/2026 17:07:48,3.410,73.528,4.74,0.41491,70.118
1611,04/14/2026 17:17:48,3.423,73.556,4.84,0.41624,70.133
1612,04/14/2026 17:27:48,3.420,73.569,4.84,0.41596,70.149
1613,04/14/2026 17:37:48,3.455,73.605,4.84,0.41962,70.150
1614,04/14/2026 17:47:48,3.403,73.565,4.84,0.41420,70.162
1615,04/14/2026 17:57:48,3.410,73.583,4.84,0.41491,70.173
1616,04/14/2026 18:07:48,3.421,73.601,4.84,0.41603,70.180
1617,04/14/2026 18:17:48,3.441,73.623,4.74,0.41807,70.182
1618,04/14/2026 18:27:48,3.434,73.626,4.63,0.41744,70.192
1619,04/14/2026 18:37:48,3.447,73.617,4.53,0.41870,70.170
1620,04/14/2026 18:47:48,3.434,73.598,4.43,0.41736,70.164
1621,04/14/2026 18:57:48,3.462,73.630,4.43,0.42025,70.168
1622,04/14/2026 19:07:48,3.431,73.592,4.22,0.41708,70.161
1623,04/14/2026 19:17:48,3.430,73.587,4.11,0.41694,70.157
1624,04/14/2026 19:27:48,3.431,73.585,3.90,0.41708,70.154
1625,04/14/2026 19:37:48,3.459,73.616,3.80,0.41996,70.157
1626,04/14/2026 19:47:48,3.443,73.606,3.59,0.41827,70.163
1627,04/14/2026 19:57:48,3.426,73.582,3.38,0.41652,70.156
1628,04/14/2026 20:07:48,3.426,73.590,3.27,0.41659,70.164
1629,04/14/2026 20:17:48,3.389,73.561,3.06,0.41286,70.172
1630,04/14/2026 20:27:48,3.422,73.601,2.85,0.41616,70.179
1631,04/14/2026 20:37:48,3.414,73.599,2.63,0.41539,70.185
1632,04/14/2026 20:47:48,3.403,73.599,2.53,0.41420,70.196
1633,04/14/2026 20:57:48,3.385,73.597,2.31,0.41244,70.212
1634,04/14/2026 21:07:48,3.373,73.601,2.20,0.41117,70.228
1635,04/14/2026 21:17:48,3.396,73.628,2.10,0.41349,70.232
1636,04/14/2026 21:27:48,3.371,73.617,1.88,0.41103,70.246
1637,04/14/2026 21:37:48,3.365,73.612,1.77,0.41040,70.247
1638,04/14/2026 21:47:48,3.359,73.611,1.67,0.40977,70.252
1639,04/14/2026 21:57:48,3.339,73.593,1.56,0.40766,70.254
1640,04/14/2026 22:07:48,3.330,73.587,1.45,0.40682,70.257
1641,04/14/2026 22:17:48,3.343,73.596,1.34,0.40809,70.253
1642,04/14/2026 22:27:48,3.321,73.577,1.23,0.40591,70.256
1643,04/14/2026 22:37:48,3.340,73.599,1.12,0.40781,70.259
1644,04/14/2026 22:47:48,3.321,73.576,1.01,0.40591,70.255
1645,04/14/2026 22:57:48,3.318,73.571,0.90,0.40556,70.253
1646,04/14/2026 23:07:48,3.297,73.548,0.90,0.40345,70.251
1647,04/14/2026 23:17:48,3.299,73.557,0.79,0.40359,70.258
1648,04/14/2026 23:27:48,3.286,73.547,0.68,0.40233,70.261
1649,04/14/2026 23:37:48,3.268,73.529,0.68,0.40043,70.261
1650,04/14/2026 23:47:48,3.276,73.546,0.57,0.40134,70.270
1651,04/14/2026 23:57:48,3.303,73.569,0.57,0.40402,70.266
1652,04/15/2026 00:07:48,3.268,73.546,0.46,0.40043,70.278
1653,04/15/2026 00:17:48,3.283,73.540,0.35,0.40205,70.257
1654,04/15/2026 00:27:48,3.274,73.531,0.35,0.40114,70.257
1655,04/15/2026 00:37:48,3.243,73.499,0.24,0.39797,70.256
1656,04/15/2026 00:47:48,3.266,73.513,0.24,0.40029,70.247
1657,04/15/2026 00:57:48,3.244,73.494,0.13,0.39805,70.250
1658,04/15/2026 01:07:48,3.251,73.499,0.13,0.39875,70.248
1659,04/15/2026 01:17:48,3.227,73.480,0.02,0.39629,70.253
1660,04/15/2026 01:27:48,3.213,73.471,0.02,0.39488,70.258
1661,04/15/2026 01:37:48,3.221,73.476,0.13,0.39572,70.255
1662,04/15/2026 01:47:48,3.180,73.435,0.02,0.39151,70.255
1663,04/15/2026 01:57:48,3.169,73.421,0.02,0.39038,70.252
1664,04/15/2026 02:07:48,3.185,73.435,0.02,0.39200,70.250
1665,04/15/2026 02:17:48,3.160,73.408,0.02,0.38940,70.248
1666,04/15/2026 02:27:48,3.175,73.412,0.02,0.39102,70.237
1667,04/15/2026 02:37:48,3.155,73.398,-0.09,0.38898,70.243
1668,04/15/2026 02:47:48,3.178,73.416,-0.09,0.39130,70.238
1669,04/15/2026 02:57:48,3.175,73.407,-0.09,0.39102,70.232
1670,04/15/2026 03:07:48,3.185,73.416,-0.09,0.39200,70.231
1671,04/15/2026 03:17:48,3.170,73.393,-0.09,0.39053,70.223
1672,04/15/2026 03:27:48,3.175,73.398,-0.09,0.39102,70.223
1673,04/15/2026 03:37:48,3.180,73.407,-0.09,0.39151,70.227
1674,04/15/2026 03:47:48,3.158,73.389,-0.09,0.38926,70.231
1675,04/15/2026 03:57:48,3.148,73.380,-0.09,0.38820,70.232
1676,04/15/2026 04:07:48,3.165,73.407,-0.09,0.38996,70.242
1677,04/15/2026 04:17:48,3.158,73.398,-0.09,0.38926,70.240
1678,04/15/2026 04:27:48,3.179,73.420,-0.09,0.39144,70.241
1679,04/15/2026 04:37:48,3.170,73.411,-0.09,0.39053,70.241
1680,04/15/2026 04:47:48,3.179,73.420,-0.09,0.39144,70.241
1681,04/15/2026 04:57:48,3.196,73.443,-0.09,0.39320,70.247
1682,04/15/2026 05:07:48,3.175,73.425,-0.09,0.39102,70.250
1683,04/15/2026 05:17:48,3.172,73.420,-0.09,0.39074,70.248
1684,04/15/2026 05:27:48,3.174,73.430,-0.09,0.39088,70.256
1685,04/15/2026 05:37:48,3.187,73.443,-0.09,0.39221,70.256
1686,04/15/2026 05:47:48,3.200,73.461,-0.09,0.39355,70.261
1687,04/15/2026 05:57:48,3.202,73.466,-0.09,0.39376,70.264
1688,04/15/2026 06:07:48,3.199,73.466,-0.09,0.39341,70.267
1689,04/15/2026 06:17:48,3.186,73.452,-0.09,0.39214,70.266
1690,04/15/2026 06:27:48,3.188,73.466,-0.09,0.39228,70.278
1691,04/15/2026 06:37:48,3.175,73.461,-0.09,0.39102,70.286
1692,04/15/2026 06:47:48,3.202,73.502,-0.09,0.39376,70.300
1693,04/15/2026 06:57:48,3.179,73.479,-0.09,0.39144,70.300
1694,04/15/2026 07:07:48,3.192,73.497,-0.09,0.39278,70.305
1695,04/15/2026 07:17:48,3.174,73.484,-0.09,0.39088,70.310
1696,04/15/2026 07:27:48,3.187,73.515,-0.20,0.39221,70.328
1697,04/15/2026 07:37:48,3.212,73.546,-0.20,0.39482,70.334
1698,04/15/2026 07:47:48,3.270,73.601,-0.20,0.40065,70.331
1699,04/15/2026 07:57:48,3.306,73.637,-0.20,0.40438,70.331
1700,04/15/2026 08:07:48,3.390,73.733,-0.09,0.41289,70.343
1701,04/15/2026 08:17:48,3.420,73.773,-0.20,0.41598,70.353
1702,04/15/2026 08:27:48,3.429,73.796,-0.09,0.41689,70.367
1703,04/15/2026 08:37:48,3.288,73.660,-0.09,0.40255,70.372
1704,04/15/2026 08:47:48,3.267,73.644,0.24,0.40036,70.377
1705,04/15/2026 08:57:48,3.286,73.672,0.35,0.40226,70.386
1706,04/15/2026 09:07:48,3.311,73.695,0.57,0.40493,70.384
1707,04/15/2026 09:17:48,3.378,73.773,0.68,0.41168,70.395
1708,04/15/2026 09:27:48,3.411,73.805,0.68,0.41505,70.394
1709,04/15/2026 09:37:48,3.410,73.810,0.79,0.41498,70.400
1710,04/15/2026 09:47:48,3.397,73.801,0.90,0.41372,70.404
1711,04/15/2026 09:57:48,3.418,73.816,1.01,0.41575,70.398
1712,04/15/2026 10:07:48,3.428,73.835,1.23,0.41681,70.407
1713,04/15/2026 10:17:48,3.406,73.818,1.34,0.41448,70.412
1714,04/15/2026 10:27:48,3.423,73.841,1.56,0.41631,70.418
1715,04/15/2026 10:37:48,3.379,73.816,1.77,0.41174,70.437
1716,04/15/2026 10:47:48,3.383,73.821,1.99,0.41223,70.438
1717,04/15/2026 10:57:48,3.382,73.823,2.20,0.41209,70.441
1718,04/15/2026 11:07:48,3.397,73.834,2.53,0.41363,70.437
1719,04/15/2026 11:17:48,3.362,73.804,2.74,0.41005,70.442
1720,04/15/2026 11:27:48,3.354,73.786,2.74,0.40920,70.432
1721,04/15/2026 11:37:48,3.341,73.786,2.85,0.40794,70.445
1722,04/15/2026 11:47:48,3.351,73.806,3.06,0.40892,70.455
1723,04/15/2026 11:57:48,3.352,73.788,3.16,0.40906,70.436
1724,04/15/2026 12:07:48,3.354,73.795,3.48,0.40927,70.441
1725,04/15/2026 12:17:48,3.342,73.789,3.90,0.40801,70.447
1726,04/15/2026 12:27:48,3.361,73.796,4.32,0.40998,70.435
1727,04/15/2026 12:37:48,3.361,73.784,4.53,0.40998,70.423
1728,04/15/2026 12:47:48,3.378,73.791,4.84,0.41167,70.413
1729,04/15/2026 12:57:48,3.396,73.811,5.15,0.41358,70.415
1730,04/15/2026 13:07:48,3.382,73.800,5.46,0.41210,70.418
1731,04/15/2026 13:17:48,3.411,73.820,5.77,0.41513,70.409
1732,04/15/2026 13:27:48,3.417,73.841,6.07,0.41570,70.424
1733,04/15/2026 13:37:48,3.442,73.861,6.28,0.41823,70.419
1734,04/15/2026 13:47:48,3.452,73.878,6.79,0.41930,70.426
1735,04/15/2026 13:57:48,3.482,73.912,7.09,0.42240,70.430
1736,04/15/2026 14:07:48,3.521,73.955,7.29,0.42627,70.434
1737,04/15/2026 14:17:48,3.557,73.987,7.39,0.43000,70.430
1738,04/15/2026 14:27:48,3.588,74.032,7.89,0.43318,70.444
1739,04/15/2026 14:37:48,3.648,74.072,8.29,0.43931,70.424
1740,04/15/2026 14:47:48,3.708,74.139,8.69,0.44544,70.431
1741,04/15/2026 14:57:48,3.756,74.173,8.99,0.45037,70.417
1742,04/15/2026 15:07:48,3.801,74.220,9.19,0.45495,70.419
1743,04/15/2026 15:17:48,3.882,74.281,9.39,0.46318,70.399
1744,04/15/2026 15:27:48,3.941,74.342,9.58,0.46917,70.401
1745,04/15/2026 15:37:48,3.992,74.384,9.78,0.47445,70.392
1746,04/15/2026 15:47:48,4.093,74.494,9.88,0.48473,70.401
1747,04/15/2026 15:57:48,4.156,74.562,9.88,0.49113,70.406
1748,04/15/2026 16:07:48,4.242,74.639,9.88,0.49992,70.397
1749,04/15/2026 16:17:48,4.272,74.671,9.98,0.50309,70.399
1750,04/15/2026 16:27:48,4.332,74.734,9.88,0.50913,70.402
1751,04/15/2026 16:37:48,4.351,74.752,9.88,0.51110,70.401
1752,04/15/2026 16:47:48,4.439,74.841,9.68,0.52003,70.402
1753,04/15/2026 16:57:48,4.421,74.831,9.58,0.51819,70.410
1754,04/15/2026 17:07:48,4.461,74.874,9.39,0.52234,70.413
1755,04/15/2026 17:17:48,4.475,74.886,9.19,0.52373,70.411
1756,04/15/2026 17:27:48,4.501,74.902,8.89,0.52632,70.401
1757,04/15/2026 17:37:48,4.530,74.941,8.69,0.52927,70.411
1758,04/15/2026 17:47:48,4.544,74.965,8.39,0.53074,70.421
1759,04/15/2026 17:57:48,4.594,75.027,8.19,0.53579,70.433
1760,04/15/2026 18:07:48,4.540,74.975,7.89,0.53023,70.435
1761,04/15/2026 18:17:48,4.529,74.971,7.49,0.52916,70.442
1762,04/15/2026 18:27:48,4.472,74.920,7.29,0.52325,70.448
1763,04/15/2026 18:37:48,4.508,74.953,6.99,0.52703,70.445
1764,04/15/2026 18:47:48,4.454,74.896,6.68,0.52154,70.442
1765,04/15/2026 18:57:48,4.401,74.835,6.38,0.51605,70.434
1766,04/15/2026 19:07:48,4.380,74.810,6.07,0.51393,70.430
1767,04/15/2026 19:17:48,4.374,74.794,5.77,0.51329,70.420
1768,04/15/2026 19:27:48,4.290,74.710,5.46,0.50471,70.420
1769,04/15/2026 19:37:48,4.280,74.690,5.25,0.50372,70.410
1770,04/15/2026 19:47:48,4.236,74.656,4.94,0.49922,70.420
1771,04/15/2026 19:57:48,4.218,74.646,4.74,0.49732,70.428
1772,04/15/2026 20:07:48,4.167,74.598,4.43,0.49218,70.431
1773,04/15/2026 20:17:48,4.162,74.597,4.22,0.49161,70.435
1774,04/15/2026 20:27:48,4.140,74.586,4.01,0.48943,70.446
1775,04/15/2026 20:37:48,4.155,74.598,3.80,0.49098,70.443
1776,04/15/2026 20:47:48,4.094,74.542,3.59,0.48479,70.448
1777,04/15/2026 20:57:48,4.066,74.518,3.38,0.48191,70.452
1778,04/15/2026 21:07:48,4.088,74.553,3.16,0.48409,70.465
1779,04/15/2026 21:17:48,4.074,74.543,3.06,0.48268,70.469
1780,04/15/2026 21:27:48,3.997,74.470,2.85,0.47481,70.473
1781,04/15/2026 21:37:48,4.026,74.510,2.74,0.47776,70.484
1782,04/15/2026 21:47:48,3.998,74.490,2.53,0.47495,70.492
1783,04/15/2026 21:57:48,3.949,74.435,2.42,0.46995,70.486
1784,04/15/2026 22:07:48,3.934,74.416,2.31,0.46841,70.482
1785,04/15/2026 22:17:48,3.948,74.438,2.10,0.46975,70.490
1786,04/15/2026 22:27:48,3.923,74.419,1.99,0.46721,70.496
1787,04/15/2026 22:37:48,3.893,74.386,1.88,0.46426,70.493
1788,04/15/2026 22:47:48,3.884,74.377,1.77,0.46328,70.493
1789,04/15/2026 22:57:48,3.873,74.367,1.67,0.46215,70.494
1790,04/15/2026 23:07:48,3.834,74.326,1.56,0.45815,70.492
1791,04/15/2026 23:17:48,3.828,74.316,1.45,0.45759,70.488
1792,04/15/2026 23:27:48,3.803,74.293,1.34,0.45498,70.490
1793,04/15/2026 23:37:48,3.764,74.260,1.23,0.45112,70.496
1794,04/15/2026 23:47:48,3.721,74.214,1.12,0.44669,70.493
1795,04/15/2026 23:57:48,3.727,74.209,1.01,0.44732,70.482
1796,04/16/2026 00:07:48,3.720,74.199,0.90,0.44662,70.479
1797,04/16/2026 00:17:48,3.710,74.186,0.90,0.44557,70.476
1798,04/16/2026 00:27:48,3.714,74.199,0.79,0.44592,70.485
1799,04/16/2026 00:37:48,3.684,74.171,0.68,0.44290,70.487
1800,04/16/2026 00:47:48,3.695,74.175,0.57,0.44403,70.480
1801,04/16/2026 00:57:48,3.630,74.121,0.57,0.43735,70.491
1802,04/16/2026 01:07:48,3.645,74.125,0.46,0.43889,70.480
1803,04/16/2026 01:17:48,3.602,74.079,0.46,0.43460,70.477
1804,04/16/2026 01:27:48,3.570,74.043,0.35,0.43123,70.473
1805,04/16/2026 01:37:48,3.533,74.002,0.35,0.42750,70.469
1806,04/16/2026 01:47:48,3.541,73.997,0.24,0.42828,70.456
1807,04/16/2026 01:57:48,3.505,73.956,0.24,0.42469,70.451
1808,04/16/2026 02:07:48,3.507,73.956,0.24,0.42483,70.449
1809,04/16/2026 02:17:48,3.469,73.901,0.13,0.42097,70.432
1810,04/16/2026 02:27:48,3.451,73.874,0.13,0.41914,70.423
1811,04/16/2026 02:37:48,3.438,73.855,0.02,0.41788,70.417
1812,04/16/2026 02:47:48,3.417,73.828,0.02,0.41570,70.411
1813,04/16/2026 02:57:48,3.402,73.810,0.02,0.41415,70.408
1814,04/16/2026 03:07:48,3.369,73.778,0.02,0.41084,70.409
1815,04/16/2026 03:17:48,3.347,73.760,-0.09,0.40853,70.413
1816,04/16/2026 03:27:48,3.317,73.728,-0.09,0.40550,70.411
1817,04/16/2026 03:37:48,3.297,73.710,-0.09,0.40346,70.413
1818,04/16/2026 03:47:48,3.287,73.696,-0.09,0.40248,70.409
1819,04/16/2026 03:57:48,3.296,73.701,-0.09,0.40332,70.405
1820,04/16/2026 04:07:48,3.235,73.642,-0.09,0.39714,70.407
1821,04/16/2026 04:17:48,3.240,73.638,-0.09,0.39763,70.398
1822,04/16/2026 04:27:48,3.230,73.623,-0.20,0.39664,70.393
1823,04/16/2026 04:37:48,3.253,73.637,-0.20,0.39896,70.384
1824,04/16/2026 04:47:48,3.303,73.682,-0.20,0.40410,70.379
1825,04/16/2026 04:57:48,3.335,73.709,-0.20,0.40733,70.374
1826,04/16/2026 05:07:48,3.409,73.773,-0.20,0.41486,70.364
1827,04/16/2026 05:17:48,3.453,73.809,-0.09,0.41943,70.356
1828,04/16/2026 05:27:48,3.501,73.854,-0.20,0.42428,70.353
1829,04/16/2026 05:37:48,3.554,73.895,-0.09,0.42969,70.341
1830,04/16/2026 05:47:48,3.591,73.931,-0.09,0.43349,70.340
1831,04/16/2026 05:57:48,3.591,73.936,-0.09,0.43342,70.345
1832,04/16/2026 06:07:48,3.607,73.954,-0.09,0.43511,70.347
1833,04/16/2026 06:17:48,3.654,73.995,-0.09,0.43982,70.341
1834,04/16/2026 06:27:48,3.652,73.994,-0.20,0.43968,70.342
1835,04/16/2026 06:37:48,3.688,74.036,-0.09,0.44326,70.348
1836,04/16/2026 06:47:48,3.707,74.054,-0.09,0.44523,70.347
1837,04/16/2026 06:57:48,3.729,74.072,-0.09,0.44748,70.343
1838,04/16/2026 07:07:48,3.725,74.071,-0.20,0.44713,70.346
1839,04/16/2026 07:17:48,3.748,74.094,-0.09,0.44945,70.346
1840,04/16/2026 07:27:48,3.750,74.103,-0.09,0.44966,70.353
1841,04/16/2026 07:37:48,3.778,74.135,-0.09,0.45255,70.357
1842,04/16/2026 07:47:48,3.797,74.153,-0.09,0.45444,70.356
1843,04/16/2026 07:57:48,3.810,74.162,-0.09,0.45578,70.352
1844,04/16/2026 08:07:48,3.848,74.198,-0.09,0.45972,70.350
1845,04/16/2026 08:17:48,3.878,74.221,-0.09,0.46274,70.343
1846,04/16/2026 08:27:48,3.931,74.275,-0.20,0.46809,70.344
1847,04/16/2026 08:37:48,3.980,74.325,-0.09,0.47315,70.345
1848,04/16/2026 08:47:48,3.972,74.334,-0.09,0.47231,70.362
1849,04/16/2026 08:57:48,3.606,73.972,-0.09,0.43497,70.366
1850,04/16/2026 09:07:48,3.471,73.829,0.13,0.42118,70.358
1851,04/16/2026 09:17:48,3.519,73.867,0.57,0.42609,70.348
1852,04/16/2026 09:27:48,3.543,73.904,0.57,0.42849,70.361
1853,04/16/2026 09:37:48,3.659,74.004,0.79,0.44037,70.345
1854,04/16/2026 09:47:48,3.720,74.059,0.90,0.44662,70.339
1855,04/16/2026 09:57:48,3.820,74.151,1.12,0.45675,70.331
1856,04/16/2026 10:07:48,3.845,74.161,1.23,0.45928,70.316
1857,04/16/2026 10:17:48,3.866,74.176,1.45,0.46145,70.310
1858,04/16/2026 10:27:48,3.796,74.100,1.67,0.45435,70.304
1859,04/16/2026 10:37:48,3.720,74.015,1.88,0.44661,70.295
1860,04/16/2026 10:47:48,3.670,73.958,2.10,0.44148,70.288
1861,04/16/2026 10:57:48,3.619,73.906,2.42,0.43620,70.287
1862,04/16/2026 11:07:48,3.607,73.884,2.63,0.43508,70.277
1863,04/16/2026 11:17:48,3.630,73.903,2.74,0.43740,70.273
1864,04/16/2026 11:27:48,3.651,73.927,2.95,0.43958,70.276
1865,04/16/2026 11:37:48,3.635,73.893,3.27,0.43789,70.258
1866,04/16/2026 11:47:48,3.621,73.886,3.59,0.43649,70.265
1867,04/16/2026 11:57:48,3.651,73.903,4.01,0.43951,70.252
1868,04/16/2026 12:07:48,3.698,73.946,4.32,0.44429,70.248
1869,04/16/2026 12:17:48,3.690,73.926,4.74,0.44352,70.236
1870,04/16/2026 12:27:48,3.697,73.915,5.15,0.44430,70.218
1871,04/16/2026 12:37:48,3.728,73.937,5.56,0.44733,70.209
1872,04/16/2026 12:47:48,3.712,73.890,5.97,0.44579,70.178
1873,04/16/2026 12:57:48,3.765,73.929,6.28,0.45114,70.164
1874,04/16/2026 13:07:48,3.765,73.918,6.68,0.45122,70.153
1875,04/16/2026 13:17:48,3.798,73.940,7.09,0.45453,70.142
1876,04/16/2026 13:27:48,3.820,73.944,7.59,0.45680,70.124
1877,04/16/2026 13:37:48,3.841,73.969,7.89,0.45899,70.128
1878,04/16/2026 13:47:48,3.815,73.913,8.29,0.45640,70.098
1879,04/16/2026 13:57:48,3.850,73.934,8.59,0.45992,70.084
1880,04/16/2026 14:07:48,3.837,73.908,8.69,0.45859,70.071
1881,04/16/2026 14:17:48,3.846,73.928,8.89,0.45951,70.082
1882,04/16/2026 14:27:48,3.878,73.959,8.89,0.46282,70.081
1883,04/16/2026 14:37:48,3.869,73.950,8.89,0.46190,70.081
1884,04/16/2026 14:47:48,3.850,73.919,8.89,0.45986,70.069
1885,04/16/2026 14:57:48,3.875,73.941,8.89,0.46253,70.066
1886,04/16/2026 15:07:48,3.866,73.928,8.89,0.46155,70.062
1887,04/16/2026 15:17:48,3.864,73.922,8.79,0.46141,70.058
1888,04/16/2026 15:27:48,3.864,73.912,8.69,0.46140,70.048
1889,04/16/2026 15:37:48,3.852,73.898,8.59,0.46013,70.046
1890,04/16/2026 15:47:48,3.820,73.883,8.49,0.45689,70.063
1891,04/16/2026 15:57:48,3.817,73.892,8.39,0.45647,70.075
1892,04/16/2026 16:07:48,3.817,73.894,8.19,0.45660,70.077
1893,04/16/2026 16:17:48,3.795,73.866,8.09,0.45435,70.071
1894,04/16/2026 16:27:48,3.820,73.896,7.89,0.45688,70.076
1895,04/16/2026 16:37:48,3.804,73.877,7.69,0.45518,70.073
1896,04/16/2026 16:47:48,3.800,73.870,7.49,0.45483,70.070
1897,04/16/2026 16:57:48,3.815,73.879,7.39,0.45630,70.064
1898,04/16/2026 17:07:48,3.809,73.877,7.19,0.45566,70.068
1899,04/16/2026 17:17:48,3.803,73.862,6.99,0.45502,70.059
1900,04/16/2026 17:27:48,3.788,73.815,6.79,0.45354,70.027
1901,04/16/2026 17:37:48,3.805,73.818,6.58,0.45523,70.013
1902,04/16/2026 17:47:48,3.783,73.798,6.38,0.45304,70.015
1903,04/16/2026 17:57:48,3.800,73.833,6.18,0.45473,70.033
1904,04/16/2026 18:07:48,3.802,73.831,5.97,0.45493,70.029
1905,04/16/2026 18:17:48,3.799,73.817,5.87,0.45465,70.018
1906,04/16/2026 18:27:48,3.786,73.793,5.67,0.45324,70.007
1907,04/16/2026 18:37:48,3.805,73.818,5.46,0.45528,70.013
1908,04/16/2026 18:47:48,3.799,73.813,5.36,0.45464,70.014
1909,04/16/2026 18:57:48,3.795,73.794,5.25,0.45422,69.999
1910,04/16/2026 19:07:48,3.805,73.788,5.05,0.45527,69.983
1911,04/16/2026 19:17:48,3.742,73.719,4.84,0.44880,69.977
1912,04/16/2026 19:27:48,3.746,73.712,4.63,0.44929,69.966
1913,04/16/2026 19:37:48,3.762,73.716,4.43,0.45083,69.954
1914,04/16/2026 19:47:48,3.776,73.719,4.32,0.45231,69.943
1915,04/16/2026 19:57:48,3.799,73.736,4.11,0.45463,69.937
1916,04/16/2026 20:07:48,3.759,73.703,3.90,0.45055,69.944
1917,04/16/2026 20:17:48,3.762,73.701,3.69,0.45090,69.939
1918,04/16/2026 20:27:48,3.756,73.692,3.59,0.45020,69.936
1919,04/16/2026 20:37:48,3.745,73.681,3.38,0.44914,69.936
1920,04/16/2026 20:47:48,3.762,73.703,3.27,0.45083,69.941
1921,04/16/2026 20:57:48,3.702,73.662,3.16,0.44471,69.960
1922,04/16/2026 21:07:48,3.702,73.647,2.95,0.44471,69.945
1923,04/16/2026 21:17:48,3.687,73.637,2.85,0.44316,69.950
1924,04/16/2026 21:27:48,3.703,73.667,2.63,0.44485,69.964
1925,04/16/2026 21:37:48,3.702,73.676,2.53,0.44471,69.974
1926,04/16/2026 21:47:48,3.639,73.621,2.42,0.43824,69.982
1927,04/16/2026 21:57:48,3.675,73.665,2.31,0.44197,69.990
1928,04/16/2026 22:07:48,3.644,73.624,2.20,0.43881,69.980
1929,04/16/2026 22:17:48,3.643,73.619,2.10,0.43867,69.976
1930,04/16/2026 22:27:48,3.644,73.622,1.99,0.43888,69.978
1931,04/16/2026 22:37:48,3.640,73.608,1.88,0.43846,69.968
1932,04/16/2026 22:47:48,3.625,73.594,1.77,0.43691,69.969
1933,04/16/2026 22:57:48,3.617,73.566,1.67,0.43607,69.949
1934,04/16/2026 23:07:48,3.617,73.553,1.67,0.43600,69.936
1935,04/16/2026 23:17:48,3.615,73.543,1.56,0.43586,69.928
1936,04/16/2026 23:27:48,3.582,73.507,1.56,0.43248,69.925
1937,04/16/2026 23:37:48,3.556,73.483,1.45,0.42988,69.927
1938,04/16/2026 23:47:48,3.585,73.506,1.45,0.43284,69.921
1939,04/16/2026 23:57:48,3.579,73.496,1.34,0.43220,69.917
1940,04/17/2026 00:07:48,3.567,73.478,1.34,0.43101,69.911
1941,04/17/2026 00:17:48,3.552,73.460,1.23,0.42939,69.908
1942,04/17/2026 00:27:48,3.555,73.464,1.23,0.42974,69.909
1943,04/17/2026 00:37:48,3.555,73.454,1.12,0.42981,69.899
1944,04/17/2026 00:47:48,3.545,73.441,1.12,0.42869,69.896
1945,04/17/2026 00:57:48,3.514,73.405,1.12,0.42553,69.891
1946,04/17/2026 01:07:48,3.531,73.409,1.01,0.42728,69.878
1947,04/17/2026 01:17:48,3.522,73.390,1.01,0.42644,69.868
1948,04/17/2026 01:27:48,3.531,73.386,1.01,0.42728,69.855
1949,04/17/2026 01:37:48,3.523,73.367,0.90,0.42651,69.844
1950,04/17/2026 01:47:48,3.508,73.345,0.90,0.42490,69.837
1951,04/17/2026 01:57:48,3.496,73.322,0.90,0.42370,69.826
1952,04/17/2026 02:07:48,3.524,73.348,0.79,0.42665,69.824
1953,04/17/2026 02:17:48,3.502,73.317,0.79,0.42433,69.815
1954,04/17/2026 02:27:48,3.507,73.298,0.68,0.42490,69.791
1955,04/17/2026 02:37:48,3.494,73.266,0.68,0.42356,69.772
1956,04/17/2026 02:47:48,3.492,73.262,0.68,0.42335,69.770
1957,04/17/2026 02:57:48,3.483,73.248,0.57,0.42237,69.765
1958,04/17/2026 03:07:48,3.463,73.216,0.57,0.42040,69.753
1959,04/17/2026 03:17:48,3.465,73.221,0.57,0.42054,69.756
1960,04/17/2026 03:27:48,3.442,73.197,0.46,0.41829,69.755
1961,04/17/2026 03:37:48,3.419,73.175,0.46,0.41590,69.756
1962,04/17/2026 03:47:48,3.441,73.193,0.46,0.41815,69.752
1963,04/17/2026 03:57:48,3.435,73.192,0.35,0.41752,69.757
1964,04/17/2026 04:07:48,3.436,73.192,0.35,0.41766,69.756
1965,04/17/2026 04:17:48,3.418,73.165,0.35,0.41583,69.747
1966,04/17/2026 04:27:48,3.414,73.156,0.24,0.41534,69.742
1967,04/17/2026 04:37:48,3.430,73.178,0.13,0.41696,69.748
1968,04/17/2026 04:47:48,3.408,73.137,0.13,0.41478,69.729
1969,04/17/2026 04:57:48,3.389,73.105,0.13,0.41288,69.716
1970,04/17/2026 05:07:48,3.360,73.078,0.13,0.40986,69.718
1971,04/17/2026 05:17:48,3.362,73.064,0.02,0.41007,69.702
1972,04/17/2026 05:27:48,3.351,73.055,0.02,0.40895,69.704
1973,04/17/2026 05:37:48,3.312,73.014,0.02,0.40501,69.702
1974,04/17/2026 05:47:48,3.293,72.996,0.02,0.40304,69.703
1975,04/17/2026 05:57:48,3.266,72.964,-0.09,0.40030,69.698
1976,04/17/2026 06:07:48,3.274,72.973,0.02,0.40114,69.699
1977,04/17/2026 06:17:48,3.271,72.982,-0.09,0.40079,69.711
1978,04/17/2026 06:27:48,3.258,72.973,0.02,0.39952,69.715
1979,04/17/2026 06:37:48,3.254,72.978,0.02,0.39903,69.724
1980,04/17/2026 06:47:48,3.283,72.996,0.02,0.40206,69.713
1981,04/17/2026 06:57:48,3.269,72.996,0.02,0.40058,69.727
1982,04/17/2026 07:07:48,3.309,73.046,0.02,0.40466,69.737
1983,04/17/2026 07:17:48,3.277,73.019,0.02,0.40135,69.742
1984,04/17/2026 07:27:48,3.319,73.055,0.02,0.40571,69.736
1985,04/17/2026 07:37:48,3.318,73.059,0.02,0.40564,69.741
1986,04/17/2026 07:47:48,3.304,73.064,0.02,0.40416,69.760
1987,04/17/2026 07:57:48,3.323,73.086,0.02,0.40613,69.763
1988,04/17/2026 08:07:48,3.348,73.114,0.13,0.40866,69.766
1989,04/17/2026 08:17:48,3.340,73.105,0.13,0.40782,69.765
1990,04/17/2026 08:27:48,3.341,73.105,0.13,0.40796,69.764
1991,04/17/2026 08:37:48,3.377,73.119,0.13,0.41162,69.742
1992,04/17/2026 08:47:48,3.403,73.141,0.13,0.41429,69.738
1993,04/17/2026 08:57:48,3.435,73.183,0.24,0.41752,69.748
1994,04/17/2026 09:07:48,3.459,73.201,0.24,0.41991,69.742
1995,04/17/2026 09:17:48,3.493,73.241,0.24,0.42350,69.748
1996,04/17/2026 09:27:48,3.503,73.255,0.24,0.42448,69.752
1997,04/17/2026 09:37:48,3.502,73.278,0.24,0.42434,69.776
1998,04/17/2026 09:47:48,3.477,73.260,0.24,0.42188,69.782
1999,04/17/2026 09:57:48,3.472,73.269,0.24,0.42125,69.797
2000,04/17/2026 10:07:48,3.482,73.291,0.24,0.42230,69.809
2001,04/17/2026 10:17:48,3.460,73.282,0.24,0.42005,69.822
2002,04/17/2026 10:27:48,3.440,73.274,0.35,0.41801,69.834
2003,04/17/2026 10:37:48,3.454,73.327,0.24,0.41949,69.873
2004,04/17/2026 10:47:48,3.439,73.327,0.24,0.41794,69.888
2005,04/17/2026 10:57:48,3.445,73.355,0.35,0.41857,69.910
2006,04/17/2026 11:07:48,3.419,73.319,0.35,0.41590,69.900
2007,04/17/2026 11:17:48,3.410,73.324,0.46,0.41499,69.914
2008,04/17/2026 11:27:48,3.398,73.306,0.46,0.41372,69.908
2009,04/17/2026 11:37:48,3.427,73.329,0.57,0.41674,69.902
2010,04/17/2026 11:47:48,3.418,73.330,0.68,0.41576,69.912
2011,04/17/2026 11:57:48,3.408,73.314,1.01,0.41470,69.906
2012,04/17/2026 12:07:48,3.421,73.346,1.23,0.41610,69.925
2013,04/17/2026 12:17:48,3.423,73.382,1.12,0.41631,69.959
2014,04/17/2026 12:27:48,3.397,73.405,1.12,0.41357,70.008
2015,04/17/2026 12:37:48,3.400,73.440,1.01,0.41400,70.040
2016,04/17/2026 12:47:48,3.404,73.435,0.90,0.41435,70.031
2017,04/17/2026 12:57:48,3.418,73.462,0.90,0.41582,70.044
2018,04/17/2026 13:07:48,3.408,73.454,1.01,0.41477,70.046
2019,04/17/2026 13:17:48,3.406,73.468,1.12,0.41456,70.062
2020,04/17/2026 13:27:48,3.418,73.474,1.45,0.41582,70.056
2021,04/17/2026 13:37:48,3.404,73.467,1.67,0.41434,70.063
2022,04/17/2026 13:47:48,3.401,73.481,1.77,0.41406,70.080
2023,04/17/2026 13:57:48,3.387,73.459,1.88,0.41258,70.072
2024,04/17/2026 14:07:48,3.376,73.464,1.99,0.41153,70.088
2025,04/17/2026 14:17:48,3.416,73.515,2.10,0.41553,70.099
2026,04/17/2026 14:27:48,3.407,73.544,2.42,0.41462,70.137
2027,04/17/2026 14:37:48,3.410,73.552,2.31,0.41497,70.142
2028,04/17/2026 14:47:48,3.387,73.538,2.31,0.41265,70.151
2029,04/17/2026 14:57:48,3.378,73.521,2.42,0.41166,70.143
2030,04/17/2026 15:07:48,3.407,73.563,2.63,0.41469,70.156
2031,04/17/2026 15:17:48,3.397,73.551,2.85,0.41363,70.154
2032,04/17/2026 15:27:48,3.385,73.543,3.06,0.41244,70.158
2033,04/17/2026 15:37:48,3.382,73.532,3.38,0.41209,70.150
2034,04/17/2026 15:47:48,3.390,73.551,3.59,0.41293,70.161
2035,04/17/2026 15:57:48,3.392,73.580,3.80,0.41314,70.188
2036,04/17/2026 16:07:48,3.421,73.608,3.90,0.41603,70.187
2037,04/17/2026 16:17:48,3.438,73.635,3.90,0.41778,70.197
2038,04/17/2026 16:27:48,3.415,73.621,3.80,0.41539,70.206
2039,04/17/2026 16:37:48,3.427,73.624,3.69,0.41673,70.197
2040,04/17/2026 16:47:48,3.441,73.652,3.69,0.41806,70.211
2041,04/17/2026 16:57:48,3.446,73.667,3.90,0.41856,70.221
2042,04/17/2026 17:07:48,3.434,73.658,4.01,0.41743,70.224
2043,04/17/2026 17:17:48,3.435,73.667,4.01,0.41757,70.232
2044,04/17/2026 17:27:48,3.451,73.694,4.01,0.41919,70.243
2045,04/17/2026 17:37:48,3.429,73.676,3.90,0.41687,70.247
2046,04/17/2026 17:47:48,3.450,73.702,3.80,0.41905,70.252
2047,04/17/2026 17:57:48,3.457,73.711,3.80,0.41975,70.254
2048,04/17/2026 18:07:48,3.434,73.688,3.69,0.41736,70.254
2049,04/17/2026 18:17:48,3.447,73.710,3.59,0.41870,70.263
2050,04/17/2026 18:27:48,3.443,73.704,3.48,0.41834,70.261
2051,04/17/2026 18:37:48,3.411,73.681,3.38,0.41504,70.270
2052,04/17/2026 18:47:48,3.433,73.717,3.38,0.41736,70.284
2053,04/17/2026 18:57:48,3.418,73.703,3.27,0.41574,70.285
2054,04/17/2026 19:07:48,3.399,73.693,3.06,0.41377,70.294
2055,04/17/2026 19:17:48,3.397,73.701,2.95,0.41363,70.304
2056,04/17/2026 19:27:48,3.423,73.736,2.74,0.41623,70.313
2057,04/17/2026 19:37:48,3.406,73.725,2.53,0.41455,70.319
2058,04/17/2026 19:47:48,3.391,73.725,2.42,0.41300,70.334
2059,04/17/2026 19:57:48,3.349,73.697,2.31,0.40871,70.348
2060,04/17/2026 20:07:48,3.386,73.741,2.20,0.41258,70.355
2061,04/17/2026 20:17:48,3.356,73.717,1.99,0.40949,70.361
2062,04/17/2026 20:27:48,3.355,73.721,1.88,0.40935,70.366
2063,04/17/2026 20:37:48,3.348,73.725,1.77,0.40864,70.377
2064,04/17/2026 20:47:48,3.336,73.719,1.56,0.40745,70.383
2065,04/17/2026 20:57:48,3.322,73.714,1.45,0.40598,70.392
2066,04/17/2026 21:07:48,3.302,73.704,1.34,0.40401,70.402
2067,04/17/2026 21:17:48,3.296,73.708,1.23,0.40338,70.412
2068,04/17/2026 21:27:48,3.251,73.671,1.01,0.39874,70.420
2069,04/17/2026 21:37:48,3.182,73.607,0.90,0.39171,70.425
2070,04/17/2026 21:47:48,3.185,73.620,0.79,0.39199,70.435
2071,04/17/2026 21:57:48,3.115,73.556,0.68,0.38489,70.441
2072,04/17/2026 22:07:48,3.099,73.537,0.57,0.38327,70.438
2073,04/17/2026 22:17:48,3.064,73.505,0.46,0.37969,70.441
2074,04/17/2026 22:27:48,3.040,73.491,0.35,0.37723,70.451
2075,04/17/2026 22:37:48,3.015,73.463,0.24,0.37470,70.448
2076,04/17/2026 22:47:48,2.973,73.413,0.13,0.37034,70.440
2077,04/17/2026 22:57:48,2.936,73.380,0.02,0.36669,70.444
2078,04/17/2026 23:07:48,2.930,73.375,-0.09,0.36605,70.445
2079,04/17/2026 23:17:48,2.913,73.366,-0.09,0.36430,70.453
2080,04/17/2026 23:27:48,2.935,73.388,-0.20,0.36655,70.453
2081,04/17/2026 23:37:48,2.995,73.447,-0.20,0.37267,70.452
2082,04/17/2026 23:47:48,3.069,73.524,-0.20,0.38019,70.455
2083,04/17/2026 23:57:48,3.096,73.551,-0.20,0.38293,70.455
2084,04/18/2026 00:07:48,3.149,73.601,-0.20,0.38835,70.452
2085,04/18/2026 00:17:48,3.215,73.665,-0.09,0.39503,70.450
2086,04/18/2026 00:27:48,3.237,73.682,-0.20,0.39735,70.445
2087,04/18/2026 00:37:48,3.300,73.746,-0.09,0.40374,70.446
2088,04/18/2026 00:47:48,3.293,73.736,-0.20,0.40311,70.443
2089,04/18/2026 00:57:48,3.359,73.809,-0.20,0.40972,70.450
2090,04/18/2026 01:07:48,3.384,73.832,-0.09,0.41232,70.448
2091,04/18/2026 01:17:48,3.413,73.859,-0.20,0.41521,70.446
2092,04/18/2026 01:27:48,3.429,73.877,-0.09,0.41696,70.448
2093,04/18/2026 01:37:48,3.430,73.881,-0.20,0.41704,70.451
2094,04/18/2026 01:47:48,3.442,73.895,-0.09,0.41830,70.453
2095,04/18/2026 01:57:48,3.470,73.918,-0.09,0.42111,70.448
2096,04/18/2026 02:07:48,3.504,73.950,-0.09,0.42456,70.446
2097,04/18/2026 02:17:48,3.513,73.959,-0.09,0.42547,70.446
2098,04/18/2026 02:27:48,3.558,74.004,-0.09,0.43004,70.446
2099,04/18/2026 02:37:48,3.554,74.004,-0.09,0.42962,70.450
2100,04/18/2026 02:47:48,3.515,73.968,-0.09,0.42568,70.453
2101,04/18/2026 02:57:48,3.538,73.995,-0.09,0.42800,70.457
2102,04/18/2026 03:07:48,3.558,74.017,-0.09,0.43011,70.459
2103,04/18/2026 03:17:48,3.562,74.021,-0.20,0.43054,70.459
2104,04/18/2026 03:27:48,3.561,74.026,-0.09,0.43040,70.465
2105,04/18/2026 03:37:48,3.559,74.022,-0.09,0.43018,70.463
2106,04/18/2026 03:47:48,3.567,74.040,-0.09,0.43103,70.473
2107,04/18/2026 03:57:48,3.602,74.072,-0.09,0.43454,70.470
2108,04/18/2026 04:07:48,3.605,74.085,-0.09,0.43490,70.480
2109,04/18/2026 04:17:48,3.589,74.072,-0.09,0.43321,70.483
2110,04/18/2026 04:27:48,3.589,74.072,-0.09,0.43321,70.483
2111,04/18/2026 04:37:48,3.521,74.008,-0.09,0.42632,70.487
2112,04/18/2026 04:47:48,3.516,74.008,-0.09,0.42583,70.492
2113,04/18/2026 04:57:48,3.558,74.054,-0.09,0.43004,70.496
2114,04/18/2026 05:07:48,3.591,74.103,-0.09,0.43349,70.512
2115,04/18/2026 05:17:48,3.626,74.144,-0.09,0.43701,70.518
2116,04/18/2026 05:27:48,3.677,74.212,-0.09,0.44221,70.535
2117,04/18/2026 05:37:48,3.634,74.176,-0.09,0.43778,70.542
2118,04/18/2026 05:47:48,3.689,74.244,-0.09,0.44340,70.555
2119,04/18/2026 05:57:48,3.711,74.293,-0.09,0.44573,70.582
2120,04/18/2026 06:07:48,3.712,74.307,-0.09,0.44580,70.595
2121,04/18/2026 06:17:48,3.709,74.320,-0.09,0.44551,70.611
2122,04/18/2026 06:27:48,3.685,74.316,-0.09,0.44305,70.631
2123,04/18/2026 06:37:48,3.717,74.361,-0.09,0.44629,70.644
2124,04/18/2026 06:47:48,3.719,74.384,-0.09,0.44650,70.665
2125,04/18/2026 06:57:48,3.718,74.402,-0.09,0.44636,70.684
2126,04/18/2026 07:07:48,3.726,74.415,-0.09,0.44727,70.689
2127,04/18/2026 07:17:48,3.739,74.438,-0.09,0.44854,70.699
2128,04/18/2026 07:27:48,3.737,74.438,-0.09,0.44833,70.701
2129,04/18/2026 07:37:48,3.785,74.483,-0.09,0.45325,70.698
2130,04/18/2026 07:47:48,3.783,74.483,-0.09,0.45304,70.700
2131,04/18/2026 07:57:48,3.797,74.501,-0.09,0.45452,70.704
2132,04/18/2026 08:07:48,3.839,74.556,-0.09,0.45873,70.717
2133,04/18/2026 08:17:48,3.887,74.619,-0.09,0.46366,70.732
2134,04/18/2026 08:27:48,3.959,74.710,-0.09,0.47090,70.751
2135,04/18/2026 08:37:48,4.042,74.799,-0.20,0.47948,70.757
2136,04/18/2026 08:47:48,4.052,74.818,-0.09,0.48046,70.766
2137,04/18/2026 08:57:48,4.113,74.891,-0.09,0.48665,70.778
2138,04/18/2026 09:07:48,4.149,74.936,-0.09,0.49031,70.787
2139,04/18/2026 09:17:48,4.169,74.963,-0.09,0.49235,70.794
2140,04/18/2026 09:27:48,3.974,74.773,-0.09,0.47252,70.799
2141,04/18/2026 09:37:48,3.955,74.768,-0.09,0.47062,70.813
2142,04/18/2026 09:47:48,4.054,74.868,-0.09,0.48067,70.814
2143,04/18/2026 09:57:48,3.956,74.768,-0.09,0.47069,70.812
2144,04/18/2026 10:07:48,3.877,74.691,-0.09,0.46267,70.814
2145,04/18/2026 10:17:48,3.757,74.592,-0.09,0.45037,70.835
2146,04/18/2026 10:27:48,3.769,74.615,-0.09,0.45156,70.846
2147,04/18/2026 10:37:48,3.769,74.616,0.13,0.45156,70.847
2148,04/18/2026 10:47:48,3.793,74.649,0.46,0.45408,70.856
2149,04/18/2026 10:57:48,3.703,74.564,0.57,0.44487,70.861
2150,04/18/2026 11:07:48,3.706,74.570,0.79,0.44515,70.864
2151,04/18/2026 11:17:48,3.644,74.512,1.01,0.43889,70.868
2152,04/18/2026 11:27:48,3.642,74.527,1.23,0.43867,70.885
2153,04/18/2026 11:37:48,3.624,74.514,1.34,0.43684,70.890
2154,04/18/2026 11:47:48,3.627,74.511,1.56,0.43712,70.884
2155,04/18/2026 11:57:48,3.624,74.517,1.77,0.43677,70.893
2156,04/18/2026 12:07:48,3.611,74.504,1.88,0.43543,70.893
2157,04/18/2026 12:17:48,3.587,74.483,2.10,0.43297,70.896
2158,04/18/2026 12:27:48,3.618,74.511,2.31,0.43620,70.893
2159,04/18/2026 12:37:48,3.592,74.498,2.42,0.43353,70.906
2160,04/18/2026 12:47:48,3.554,74.459,2.63,0.42966,70.905
2161,04/18/2026 12:57:48,3.570,74.470,2.85,0.43121,70.900
2162,04/18/2026 13:07:48,3.574,74.476,3.06,0.43163,70.902
2163,04/18/2026 13:17:48,3.583,74.476,3.16,0.43262,70.893
2164,04/18/2026 13:27:48,3.543,74.447,3.48,0.42847,70.904
2165,04/18/2026 13:37:48,3.568,74.480,3.69,0.43107,70.912
2166,04/18/2026 13:47:48,3.527,74.441,3.90,0.42685,70.914
2167,04/18/2026 13:57:48,3.528,74.442,4.11,0.42700,70.914
2168,04/18/2026 14:07:48,3.530,74.440,4.43,0.42714,70.910
2169,04/18/2026 14:17:48,3.501,74.428,4.63,0.42419,70.927
2170,04/18/2026 14:27:48,3.492,74.402,4.84,0.42335,70.910
2171,04/18/2026 14:37:48,3.479,74.395,5.15,0.42201,70.916
2172,04/18/2026 14:47:48,3.500,74.415,5.36,0.42412,70.915
2173,04/18/2026 14:57:48,3.493,74.407,5.46,0.42342,70.914
2174,04/18/2026 15:07:48,3.473,74.390,5.67,0.42139,70.917
2175,04/18/2026 15:17:48,3.517,74.418,5.77,0.42589,70.901
2176,04/18/2026 15:27:48,3.537,74.451,5.87,0.42786,70.914
2177,04/18/2026 15:37:48,3.546,74.466,6.07,0.42885,70.920
2178,04/18/2026 15:47:48,3.553,74.462,6.18,0.42955,70.909
2179,04/18/2026 15:57:48,3.563,74.477,6.38,0.43061,70.914
2180,04/18/2026 16:07:48,3.572,74.473,6.38,0.43145,70.901
2181,04/18/2026 16:17:48,3.591,74.501,6.48,0.43343,70.910
2182,04/18/2026 16:27:48,3.584,74.487,6.48,0.43272,70.903
2183,04/18/2026 16:37:48,3.588,74.483,6.48,0.43307,70.895
2184,04/18/2026 16:47:48,3.576,74.483,6.48,0.43188,70.907
2185,04/18/2026 16:57:48,3.573,74.478,6.48,0.43160,70.905
2186,04/18/2026 17:07:48,3.564,74.474,6.48,0.43061,70.910
2187,04/18/2026 17:17:48,3.517,74.433,6.48,0.42590,70.916
2188,04/18/2026 17:27:48,3.537,74.446,6.38,0.42787,70.909
2189,04/18/2026 17:37:48,3.544,74.458,6.28,0.42871,70.914
2190,04/18/2026 17:47:48,3.536,74.458,6.18,0.42779,70.922
2191,04/18/2026 17:57:48,3.531,74.448,6.18,0.42737,70.917
2192,04/18/2026 18:07:48,3.515,74.439,6.07,0.42568,70.924
2193,04/18/2026 18:17:48,3.476,74.405,5.87,0.42174,70.929
2194,04/18/2026 18:27:48,3.461,74.382,5.77,0.42019,70.921
2195,04/18/2026 18:37:48,3.469,74.395,5.67,0.42097,70.926
2196,04/18/2026 18:47:48,3.466,74.393,5.46,0.42068,70.927
2197,04/18/2026 18:57:48,3.440,74.361,5.36,0.41801,70.921
2198,04/18/2026 19:07:48,3.445,74.364,5.15,0.41850,70.919
2199,04/18/2026 19:17:48,3.419,74.335,4.94,0.41589,70.916
2200,04/18/2026 19:27:48,3.422,74.343,4.84,0.41617,70.921
2201,04/18/2026 19:37:48,3.427,74.342,4.63,0.41666,70.915
2202,04/18/2026 19:47:48,3.410,74.332,4.53,0.41498,70.922
2203,04/18/2026 19:57:48,3.422,74.344,4.32,0.41617,70.922
2204,04/18/2026 20:07:48,3.400,74.330,4.22,0.41392,70.930
2205,04/18/2026 20:17:48,3.378,74.310,4.01,0.41167,70.932
2206,04/18/2026 20:27:48,3.363,74.300,3.80,0.41012,70.937
2207,04/18/2026 20:37:48,3.398,74.340,3.69,0.41370,70.942
2208,04/18/2026 20:47:48,3.374,74.320,3.48,0.41131,70.946
2209,04/18/2026 20:57:48,3.368,74.319,3.38,0.41068,70.951
2210,04/18/2026 21:07:48,3.402,74.359,3.16,0.41412,70.957
2211,04/18/2026 21:17:48,3.356,74.326,3.06,0.40948,70.970
2212,04/18/2026 21:27:48,3.369,74.343,2.85,0.41075,70.974
2213,04/18/2026 21:37:48,3.356,74.333,2.74,0.40948,70.977
2214,04/18/2026 21:47:48,3.342,74.318,2.53,0.40801,70.976
2215,04/18/2026 21:57:48,3.332,74.313,2.42,0.40695,70.981
2216,04/18/2026 22:07:48,3.336,74.312,2.31,0.40745,70.976
2217,04/18/2026 22:17:48,3.351,74.333,2.10,0.40899,70.982
2218,04/18/2026 22:27:48,3.315,74.297,1.99,0.40520,70.982
2219,04/18/2026 22:37:48,3.310,74.287,1.88,0.40478,70.977
2220,04/18/2026 22:47:48,3.312,74.290,1.67,0.40499,70.978
2221,04/18/2026 22:57:48,3.291,74.271,1.56,0.40288,70.980
2222,04/18/2026 23:07:48,3.294,74.271,1.45,0.40309,70.977
2223,04/18/2026 23:17:48,3.260,74.234,1.34,0.39965,70.974
2224,04/18/2026 23:27:48,3.248,74.215,1.23,0.39845,70.967
2225,04/18/2026 23:37:48,3.253,74.223,1.12,0.39902,70.970
2226,04/18/2026 23:47:48,3.260,74.232,1.01,0.39965,70.972
2227,04/18/2026 23:57:48,3.244,74.218,0.90,0.39796,70.974
2228,04/19/2026 00:07:48,3.214,74.181,0.90,0.39501,70.967
2229,04/19/2026 00:17:48,3.178,74.145,0.79,0.39129,70.967
2230,04/19/2026 00:27:48,3.194,74.153,0.68,0.39290,70.959
2231,04/19/2026 00:37:48,3.165,74.135,0.68,0.38995,70.970
2232,04/19/2026 00:47:48,3.181,74.152,0.57,0.39164,70.971
2233,04/19/2026 00:57:48,3.152,74.125,0.57,0.38869,70.973
2234,04/19/2026 01:07:48,3.149,74.125,0.46,0.38834,70.976
2235,04/19/2026 01:17:48,3.155,74.134,0.46,0.38890,70.979
2236,04/19/2026 01:27:48,3.156,74.138,0.35,0.38904,70.982
2237,04/19/2026 01:37:48,3.120,74.101,0.35,0.38545,70.981
2238,04/19/2026 01:47:48,3.111,74.087,0.24,0.38447,70.976
2239,04/19/2026 01:57:48,3.095,74.069,0.24,0.38285,70.974
2240,04/19/2026 02:07:48,3.086,74.059,0.13,0.38194,70.973
2241,04/19/2026 02:17:48,3.079,74.055,0.13,0.38117,70.976
2242,04/19/2026 02:27:48,3.075,74.041,0.13,0.38082,70.966
2243,04/19/2026 02:37:48,3.057,74.023,0.13,0.37899,70.966
2244,04/19/2026 02:47:48,3.054,74.018,0.02,0.37871,70.964
2245,04/19/2026 02:57:48,3.061,74.023,0.02,0.37934,70.962
2246,04/19/2026 03:07:48,3.049,74.014,0.02,0.37815,70.965
2247,04/19/2026 03:17:48,3.059,74.018,0.02,0.37920,70.959
2248,04/19/2026 03:27:48,3.055,74.017,-0.09,0.37885,70.962
2249,04/19/2026 03:37:48,3.041,74.008,-0.09,0.37738,70.967
2250,04/19/2026 03:47:48,3.038,74.004,-0.09,0.37702,70.966
2251,04/19/2026 03:57:48,3.017,73.990,-0.09,0.37491,70.973
2252,04/19/2026 04:07:48,3.007,73.968,-0.09,0.37386,70.961
2253,04/19/2026 04:17:48,3.027,73.990,-0.09,0.37597,70.963
2254,04/19/2026 04:27:48,3.025,73.986,-0.09,0.37569,70.961
2255,04/19/2026 04:37:48,3.038,73.999,-0.20,0.37703,70.961
2256,04/19/2026 04:47:48,3.081,74.035,-0.20,0.38139,70.954
2257,04/19/2026 04:57:48,3.125,74.076,-0.20,0.38589,70.951
2258,04/19/2026 05:07:48,3.200,74.143,-0.20,0.39362,70.943
2259,04/19/2026 05:17:48,3.242,74.175,-0.20,0.39784,70.933
2260,04/19/2026 05:27:48,3.281,74.207,-0.09,0.40185,70.926
2261,04/19/2026 05:37:48,3.315,74.239,-0.09,0.40529,70.924
2262,04/19/2026 05:47:48,3.348,74.266,-0.20,0.40860,70.918
2263,04/19/2026 05:57:48,3.369,74.289,-0.09,0.41078,70.920
2264,04/19/2026 06:07:48,3.382,74.311,-0.09,0.41218,70.929
2265,04/19/2026 06:17:48,3.399,74.338,-0.20,0.41387,70.939
2266,04/19/2026 06:27:48,3.413,74.365,-0.20,0.41528,70.952
2267,04/19/2026 06:37:48,3.427,74.384,-0.09,0.41668,70.957
2268,04/19/2026 06:47:48,3.422,74.379,-0.09,0.41626,70.957
2269,04/19/2026 06:57:48,3.442,74.397,-0.09,0.41830,70.955
2270,04/19/2026 07:07:48,3.452,74.415,-0.20,0.41929,70.963
2271,04/19/2026 07:17:48,3.468,74.429,-0.09,0.42090,70.961
2272,04/19/2026 07:27:48,3.481,74.447,-0.09,0.42224,70.966
2273,04/19/2026 07:37:48,3.484,74.456,-0.20,0.42245,70.972
2274,04/19/2026 07:47:48,3.468,74.438,-0.09,0.42090,70.970
2275,04/19/2026 07:57:48,3.493,74.465,-0.20,0.42344,70.972
2276,04/19/2026 08:07:48,3.527,74.501,-0.09,0.42695,70.974
2277,04/19/2026 08:17:48,3.550,74.524,-0.09,0.42927,70.974
2278,04/19/2026 08:27:48,3.574,74.551,-0.09,0.43173,70.977
2279,04/19/2026 08:37:48,3.597,74.578,-0.09,0.43405,70.981
2280,04/19/2026 08:47:48,3.641,74.628,-0.09,0.43855,70.987
2281,04/19/2026 08:57:48,3.662,74.655,-0.09,0.44073,70.993
2282,04/19/2026 09:07:48,3.633,74.628,-0.09,0.43771,70.995
2283,04/19/2026 09:17:48,3.361,74.361,-0.09,0.41000,71.000
2284,04/19/2026 09:27:48,3.340,74.335,0.02,0.40782,70.995
2285,04/19/2026 09:37:48,3.368,74.360,0.57,0.41070,70.992
2286,04/19/2026 09:47:48,3.415,74.408,0.90,0.41540,70.993
2287,04/19/2026 09:57:48,3.518,74.503,1.01,0.42602,70.985
2288,04/19/2026 10:07:48,3.632,74.626,1.12,0.43762,70.994
2289,04/19/2026 10:17:48,3.643,74.645,1.23,0.43874,71.002
2290,04/19/2026 10:27:48,3.647,74.655,1.45,0.43916,71.008
2291,04/19/2026 10:37:48,3.564,74.584,1.67,0.43065,71.020
2292,04/19/2026 10:47:48,3.542,74.554,1.88,0.42840,71.012
2293,04/19/2026 10:57:48,3.492,74.505,2.10,0.42334,71.013
2294,04/19/2026 11:07:48,3.464,74.493,2.31,0.42045,71.029
2295,04/19/2026 11:17:48,3.413,74.440,2.53,0.41532,71.027
2296,04/19/2026 11:27:48,3.432,74.447,2.85,0.41722,71.015
2297,04/19/2026 11:37:48,3.450,74.471,3.06,0.41905,71.021
2298,04/19/2026 11:47:48,3.449,74.473,3.38,0.41898,71.024
2299,04/19/2026 11:57:48,3.452,74.462,3.69,0.41919,71.010
2300,04/19/2026 12:07:48,3.421,74.428,4.01,0.41603,71.007
2301,04/19/2026 12:17:48,3.452,74.444,4.32,0.41919,70.992
2302,04/19/2026 12:27:48,3.421,74.419,4.63,0.41603,70.998
2303,04/19/2026 12:37:48,3.441,74.426,5.05,0.41814,70.985
2304,04/19/2026 12:47:48,3.424,74.393,5.46,0.41639,70.969
2305,04/19/2026 12:57:48,3.398,74.364,5.77,0.41372,70.966
2306,04/19/2026 13:07:48,3.396,74.358,6.18,0.41352,70.962
2307,04/19/2026 13:17:48,3.387,74.343,6.58,0.41261,70.956
2308,04/19/2026 13:27:48,3.388,74.355,6.89,0.41269,70.967
2309,04/19/2026 13:37:48,3.407,74.367,7.29,0.41467,70.960
2310,04/19/2026 13:47:48,3.394,74.339,7.69,0.41334,70.945
2311,04/19/2026 13:57:48,3.418,74.355,7.99,0.41581,70.937
2312,04/19/2026 14:07:48,3.435,74.372,8.39,0.41758,70.937
2313,04/19/2026 14:17:48,3.441,74.389,8.79,0.41822,70.948
2314,04/19/2026 14:27:48,3.446,74.378,9.09,0.41872,70.932
2315,04/19/2026 14:37:48,3.440,74.381,9.39,0.41810,70.941
2316,04/19/2026 14:47:48,3.442,74.361,9.68,0.41832,70.919
2317,04/19/2026 14:57:48,3.430,74.359,9.98,0.41707,70.929
2318,04/19/2026 15:07:48,3.401,74.334,10.27,0.41419,70.933
2319,04/19/2026 15:17:48,3.406,74.336,10.47,0.41469,70.930
2320,04/19/2026 15:27:48,3.412,74.321,10.76,0.41534,70.909
2321,04/19/2026 15:37:48,3.405,74.318,10.96,0.41464,70.913
2322,04/19/2026 15:47:48,3.392,74.288,11.15,0.41331,70.896
2323,04/19/2026 15:57:48,3.380,74.280,11.25,0.41212,70.900
2324,04/19/2026 16:07:48,3.385,74.290,11.35,0.41261,70.905
2325,04/19/2026 16:17:48,3.385,74.278,11.44,0.41255,70.893
2326,04/19/2026 16:27:48,3.360,74.247,11.54,0.41002,70.887
2327,04/19/2026 16:37:48,3.357,74.239,11.64,0.40974,70.882
2328,04/19/2026 16:47:48,3.354,74.243,11.64,0.40946,70.889
2329,04/19/2026 16:57:48,3.330,74.212,11.64,0.40693,70.882
2330,04/19/2026 17:07:48,3.329,74.221,11.64,0.40686,70.892
2331,04/19/2026 17:17:48,3.337,74.225,11.64,0.40770,70.888
2332,04/19/2026 17:27:48,3.317,74.202,11.54,0.40559,70.885
2333,04/19/2026 17:37:48,3.329,74.219,11.44,0.40685,70.890
2334,04/19/2026 17:47:48,3.319,74.200,11.35,0.40579,70.881
2335,04/19/2026 17:57:48,3.341,74.230,11.25,0.40811,70.889
2336,04/19/2026 18:07:48,3.313,74.198,11.15,0.40522,70.885
2337,04/19/2026 18:17:48,3.318,74.209,10.96,0.40578,70.891
2338,04/19/2026 18:27:48,3.318,74.213,10.86,0.40570,70.895
2339,04/19/2026 18:37:48,3.321,74.220,10.66,0.40605,70.899
2340,04/19/2026 18:47:48,3.333,74.232,10.47,0.40723,70.899
2341,04/19/2026 18:57:48,3.345,74.235,10.27,0.40842,70.890
2342,04/19/2026 19:07:48,3.346,74.237,10.08,0.40863,70.891
2343,04/19/2026 19:17:48,3.342,74.235,9.78,0.40813,70.893
2344,04/19/2026 19:27:48,3.373,74.264,9.48,0.41128,70.891
2345,04/19/2026 19:37:48,3.338,74.229,9.19,0.40775,70.891
2346,04/19/2026 19:47:48,3.369,74.264,8.99,0.41084,70.895
2347,04/19/2026 19:57:48,3.350,74.248,8.69,0.40886,70.898
2348,04/19/2026 20:07:48,3.358,74.263,8.39,0.40970,70.905
2349,04/19/2026 20:17:48,3.327,74.239,8.19,0.40653,70.912
2350,04/19/2026 20:27:48,3.366,74.277,7.89,0.41053,70.911
2351,04/19/2026 20:37:48,3.366,74.292,7.59,0.41059,70.926
2352,04/19/2026 20:47:48,3.351,74.295,7.39,0.40904,70.944
2353,04/19/2026 20:57:48,3.370,74.320,7.09,0.41094,70.950
2354,04/19/2026 21:07:48,3.348,74.295,6.79,0.40868,70.947
2355,04/19/2026 21:17:48,3.365,74.329,6.58,0.41043,70.964
2356,04/19/2026 21:27:48,3.374,74.350,6.28,0.41127,70.976
2357,04/19/2026 21:37:48,3.361,74.334,5.97,0.40993,70.973
2358,04/19/2026 21:47:48,3.343,74.314,5.77,0.40817,70.971
2359,04/19/2026 21:57:48,3.356,74.334,5.46,0.40950,70.978
2360,04/19/2026 22:07:48,3.332,74.306,5.25,0.40697,70.974
2361,04/19/2026 22:17:48,3.357,74.336,5.05,0.40950,70.979
2362,04/19/2026 22:27:48,3.338,74.320,4.74,0.40759,70.982
2363,04/19/2026 22:37:48,3.322,74.305,4.53,0.40598,70.983
2364,04/19/2026 22:47:48,3.317,74.299,4.32,0.40541,70.982
2365,04/19/2026 22:57:48,3.312,74.297,4.11,0.40499,70.985
2366,04/19/2026 23:07:48,3.281,74.264,3.90,0.40182,70.983
2367,04/19/2026 23:17:48,3.297,74.276,3.69,0.40344,70.979
2368,04/19/2026 23:27:48,3.307,74.275,3.48,0.40442,70.968
2369,04/19/2026 23:37:48,3.301,74.269,3.38,0.40386,70.968
2370,04/19/2026 23:47:48,3.300,74.277,3.16,0.40372,70.977
2371,04/19/2026 23:57:48,3.288,74.267,2.95,0.40245,70.979
2372,04/20/2026 00:07:48,3.289,74.261,2.85,0.40266,70.972
2373,04/20/2026 00:17:48,3.292,74.265,2.74,0.40295,70.973
2374,04/20/2026 00:27:48,3.287,74.264,2.53,0.40238,70.977
2375,04/20/2026 00:37:48,3.282,74.254,2.42,0.40189,70.972
2376,04/20/2026 00:47:48,3.267,74.253,2.20,0.40035,70.986
2377,04/20/2026 00:57:48,3.252,74.243,2.10,0.39887,70.991
2378,04/20/2026 01:07:48,3.241,74.229,1.99,0.39767,70.988
2379,04/20/2026 01:17:48,3.278,74.260,1.88,0.40147,70.982
2380,04/20/2026 01:27:48,3.245,74.232,1.77,0.39810,70.987
2381,04/20/2026 01:37:48,3.247,74.240,1.56,0.39831,70.993
2382,04/20/2026 01:47:48,3.235,74.221,1.45,0.39712,70.986
2383,04/20/2026 01:57:48,3.222,74.202,1.34,0.39578,70.980
2384,04/20/2026 02:07:48,3.261,74.234,1.34,0.39972,70.973
2385,04/20/2026 02:17:48,3.234,74.201,1.23,0.39705,70.967
2386,04/20/2026 02:27:48,3.251,74.214,1.12,0.39881,70.963
2387,04/20/2026 02:37:48,3.236,74.196,1.01,0.39719,70.960
2388,04/20/2026 02:47:48,3.182,74.141,0.90,0.39171,70.959
2389,04/20/2026 02:57:48,3.182,74.150,0.90,0.39171,70.968
2390,04/20/2026 03:07:48,3.173,74.145,0.79,0.39072,70.972
2391,04/20/2026 03:17:48,3.146,74.117,0.68,0.38805,70.971
2392,04/20/2026 03:27:48,3.151,74.121,0.57,0.38855,70.970
2393,04/20/2026 03:37:48,3.146,74.125,0.57,0.38805,70.979
2394,04/20/2026 03:47:48,3.130,74.116,0.46,0.38637,70.986
2395,04/20/2026 03:57:48,3.113,74.102,0.46,0.38468,70.989
2396,04/20/2026 04:07:48,3.106,74.092,0.35,0.38398,70.986
2397,04/20/2026 04:17:48,3.102,74.088,0.35,0.38356,70.986
2398,04/20/2026 04:27:48,3.097,74.087,0.24,0.38307,70.990
2399,04/20/2026 04:37:48,3.095,74.083,0.24,0.38278,70.988
2400,04/20/2026 04:47:48,3.088,74.077,0.13,0.38215,70.989
2401,04/20/2026 04:57:48,3.079,74.055,0.13,0.38117,70.976
2402,04/20/2026 05:07:48,3.064,74.046,0.13,0.37969,70.982
2403,04/20/2026 05:17:48,3.049,74.032,0.02,0.37815,70.983
2404,04/20/2026 05:27:48,3.033,74.014,0.02,0.37646,70.981
2405,04/20/2026 05:37:48,3.019,73.995,0.02,0.37512,70.976
2406,04/20/2026 05:47:48,3.028,74.014,0.02,0.37597,70.986
2407,04/20/2026 05:57:48,3.020,74.004,0.02,0.37526,70.984
2408,04/20/2026 06:07:48,3.028,74.017,-0.09,0.37604,70.989
2409,04/20/2026 06:17:48,3.007,73.999,-0.09,0.37393,70.992
2410,04/20/2026 06:27:48,3.018,74.008,-0.09,0.37505,70.990
2411,04/20/2026 06:37:48,3.027,74.026,-0.09,0.37597,70.999
2412,04/20/2026 06:47:48,3.028,74.026,-0.09,0.37604,70.998
2413,04/20/2026 06:57:48,3.015,74.026,-0.09,0.37477,71.011
2414,04/20/2026 07:07:48,3.004,74.022,-0.09,0.37358,71.018
2415,04/20/2026 07:17:48,3.001,74.026,-0.09,0.37330,71.025
2416,04/20/2026 07:27:48,3.003,74.041,0.02,0.37344,71.038
2417,04/20/2026 07:37:48,3.023,74.068,0.02,0.37547,71.045
2418,04/20/2026 07:47:48,3.018,74.072,0.02,0.37505,71.054
2419,04/20/2026 07:57:48,3.033,74.096,0.13,0.37646,71.063
2420,04/20/2026 08:07:48,3.065,74.127,0.13,0.37983,71.062
2421,04/20/2026 08:17:48,3.084,74.146,0.24,0.38173,71.062
2422,04/20/2026 08:27:48,3.080,74.137,0.24,0.38131,71.057
2423,04/20/2026 08:37:48,3.115,74.169,0.35,0.38489,71.054
2424,04/20/2026 08:47:48,3.136,74.197,0.46,0.38700,71.061
2425,04/20/2026 08:57:48,3.181,74.242,0.46,0.39164,71.061
2426,04/20/2026 09:07:48,3.205,74.270,0.57,0.39403,71.065
2427,04/20/2026 09:17:48,3.260,74.320,0.57,0.39966,71.060
2428,04/20/2026 09:27:48,3.299,74.361,0.68,0.40366,71.062
2429,04/20/2026 09:37:48,3.341,74.402,0.79,0.40795,71.061
2430,04/20/2026 09:47:48,3.383,74.439,0.90,0.41224,71.056
2431,04/20/2026 09:57:48,3.436,74.499,1.12,0.41765,71.063
2432,04/20/2026 10:07:48,3.449,74.517,1.12,0.41899,71.068
2433,04/20/2026 10:17:48,3.441,74.509,1.23,0.41814,71.068
2434,04/20/2026 10:27:48,3.436,74.501,1.45,0.41765,71.065
2435,04/20/2026 10:37:48,3.392,74.462,1.67,0.41315,71.070
2436,04/20/2026 10:47:48,3.342,74.400,1.88,0.40801,71.058
2437,04/20/2026 10:57:48,3.322,74.388,2.10,0.40597,71.066
2438,04/20/2026 11:07:48,3.285,74.349,2.42,0.40224,71.064
2439,04/20/2026 11:17:48,3.289,74.329,2.74,0.40259,71.040
2440,04/20/2026 11:27:48,3.290,74.330,2.95,0.40273,71.040
2441,04/20/2026 11:37:48,3.299,74.346,3.27,0.40358,71.047
2442,04/20/2026 11:47:48,3.284,74.317,3.69,0.40210,71.033
2443,04/20/2026 11:57:48,3.311,74.337,4.01,0.40485,71.026
2444,04/20/2026 12:07:48,3.287,74.299,4.32,0.40239,71.012
2445,04/20/2026 12:17:48,3.334,74.342,4.63,0.40717,71.008
2446,04/20/2026 12:27:48,3.341,74.345,5.05,0.40788,71.004
2447,04/20/2026 12:37:48,3.329,74.316,5.46,0.40676,70.987
2448,04/20/2026 12:47:48,3.357,74.355,5.77,0.40958,70.998
2449,04/20/2026 12:57:48,3.334,74.327,6.28,0.40726,70.993
2450,04/20/2026 13:07:48,3.316,74.289,6.58,0.40537,70.973
2451,04/20/2026 13:17:48,3.347,74.311,7.09,0.40854,70.964
2452,04/20/2026 13:27:48,3.325,74.285,7.29,0.40637,70.960
2453,04/20/2026 13:37:48,3.356,74.311,7.69,0.40954,70.955
2454,04/20/2026 13:47:48,3.338,74.274,8.09,0.40765,70.936
2455,04/20/2026 13:57:48,3.341,74.278,8.59,0.40802,70.937
2456,04/20/2026 14:07:48,3.348,74.277,8.99,0.40873,70.929
2457,04/20/2026 14:17:48,3.331,74.258,9.39,0.40706,70.927
2458,04/20/2026 14:27:48,3.305,74.239,9.78,0.40440,70.934
2459,04/20/2026 14:37:48,3.331,74.252,10.17,0.40701,70.921
2460,04/20/2026 14:47:48,3.312,74.231,10.37,0.40512,70.919
2461,04/20/2026 14:57:48,3.340,74.252,10.66,0.40795,70.912
2462,04/20/2026 15:07:48,3.338,74.241,10.96,0.40782,70.903
2463,04/20/2026 15:17:48,3.309,74.206,11.05,0.40479,70.897
2464,04/20/2026 15:27:48,3.299,74.190,11.25,0.40375,70.891
2465,04/20/2026 15:37:48,3.300,74.195,11.35,0.40389,70.895
2466,04/20/2026 15:47:48,3.313,74.196,11.44,0.40523,70.883
2467,04/20/2026 15:57:48,3.298,74.179,11.54,0.40369,70.881
2468,04/20/2026 16:07:48,3.312,74.190,11.74,0.40510,70.878
2469,04/20/2026 16:17:48,3.283,74.166,12.03,0.40216,70.883
2470,04/20/2026 16:27:48,3.305,74.179,12.03,0.40448,70.874
2471,04/20/2026 16:37:48,3.290,74.156,11.93,0.40286,70.866
2472,04/20/2026 16:47:48,3.296,74.152,12.03,0.40350,70.856
2473,04/20/2026 16:57:48,3.292,74.147,12.03,0.40315,70.855
2474,04/20/2026 17:07:48,3.281,74.147,11.93,0.40195,70.866
2475,04/20/2026 17:17:48,3.322,74.187,11.93,0.40624,70.865
2476,04/20/2026 17:27:48,3.299,74.160,11.93,0.40385,70.861
2477,04/20/2026 17:37:48,3.294,74.159,11.83,0.40335,70.865
2478,04/20/2026 17:47:48,3.293,74.154,11.74,0.40320,70.861
2479,04/20/2026 17:57:48,3.325,74.184,11.64,0.40651,70.859
2480,04/20/2026 18:07:48,3.335,74.196,11.44,0.40748,70.861
2481,04/20/2026 18:17:48,3.344,74.200,11.35,0.40839,70.856
2482,04/20/2026 18:27:48,3.322,74.181,11.25,0.40614,70.859
2483,04/20/2026 18:37:48,3.317,74.179,11.05,0.40557,70.862
2484,04/20/2026 18:47:48,3.310,74.172,10.86,0.40493,70.862
2485,04/20/2026 18:57:48,3.332,74.193,10.66,0.40717,70.861
2486,04/20/2026 19:07:48,3.336,74.196,10.47,0.40752,70.860
2487,04/20/2026 19:17:48,3.348,74.203,10.27,0.40878,70.855
2488,04/20/2026 19:27:48,3.352,74.206,10.08,0.40912,70.854
2489,04/20/2026 19:37:48,3.355,74.207,9.78,0.40953,70.852
2490,04/20/2026 19:47:48,3.387,74.241,9.48,0.41269,70.854
2491,04/20/2026 19:57:48,3.374,74.230,9.29,0.41141,70.856
2492,04/20/2026 20:07:48,3.383,74.246,8.99,0.41225,70.863
2493,04/20/2026 20:17:48,3.402,74.267,8.79,0.41414,70.865
2494,04/20/2026 20:27:48,3.381,74.250,8.49,0.41209,70.869
2495,04/20/2026 20:37:48,3.394,74.270,8.19,0.41342,70.876
2496,04/20/2026 20:47:48,3.431,74.314,7.99,0.41714,70.883
2497,04/20/2026 20:57:48,3.423,74.316,7.69,0.41636,70.893
2498,04/20/2026 21:07:48,3.421,74.327,7.39,0.41615,70.906
2499,04/20/2026 21:17:48,3.428,74.339,7.19,0.41684,70.911
2500,04/20/2026 21:27:48,3.425,74.345,6.89,0.41656,70.920
2501,04/20/2026 21:37:48,3.438,74.366,6.58,0.41782,70.928
2502,04/20/2026 21:47:48,3.438,74.369,6.38,0.41781,70.931
2503,04/20/2026 21:57:48,3.419,74.357,6.07,0.41591,70.938
2504,04/20/2026 22:07:48,3.394,74.333,5.87,0.41330,70.939
2505,04/20/2026 22:17:48,3.420,74.358,5.56,0.41597,70.938
2506,04/20/2026 22:27:48,3.421,74.356,5.36,0.41611,70.935
2507,04/20/2026 22:37:48,3.439,74.377,5.15,0.41793,70.938
2508,04/20/2026 22:47:48,3.391,74.330,4.84,0.41301,70.939
2509,04/20/2026 22:57:48,3.400,74.342,4.74,0.41399,70.942
2510,04/20/2026 23:07:48,3.396,74.336,4.53,0.41357,70.940
2511,04/20/2026 23:17:48,3.393,74.339,4.32,0.41329,70.946
2512,04/20/2026 23:27:48,3.394,74.342,4.11,0.41335,70.948
2513,04/20/2026 23:37:48,3.388,74.336,3.90,0.41279,70.948
2514,04/20/2026 23:47:48,3.392,74.349,3.69,0.41307,70.957
2515,04/20/2026 23:57:48,3.392,74.348,3.59,0.41307,70.956
2516,04/21/2026 00:07:48,3.367,74.328,3.38,0.41061,70.961
2517,04/21/2026 00:17:48,3.383,74.346,3.27,0.41216,70.963
2518,04/21/2026 00:27:48,3.388,74.358,3.06,0.41272,70.970
2519,04/21/2026 00:37:48,3.385,74.362,2.95,0.41237,70.977
2520,04/21/2026 00:47:48,3.379,74.356,2.85,0.41180,70.977
2521,04/21/2026 00:57:48,3.366,74.356,2.74,0.41047,70.990
2522,04/21/2026 01:07:48,3.364,74.350,2.53,0.41026,70.986
2523,04/21/2026 01:17:48,3.346,74.336,2.42,0.40836,70.990
2524,04/21/2026 01:27:48,3.350,74.335,2.31,0.40885,70.985
2525,04/21/2026 01:37:48,3.339,74.316,2.20,0.40773,70.977
2526,04/21/2026 01:47:48,3.325,74.297,2.10,0.40632,70.972
2527,04/21/2026 01:57:48,3.343,74.310,1.99,0.40815,70.967
2528,04/21/2026 02:07:48,3.326,74.291,1.88,0.40639,70.965
2529,04/21/2026 02:17:48,3.323,74.286,1.77,0.40611,70.963
2530,04/21/2026 02:27:48,3.324,74.281,1.67,0.40618,70.957
2531,04/21/2026 02:37:48,3.320,74.276,1.56,0.40576,70.956
2532,04/21/2026 02:47:48,3.307,74.266,1.45,0.40450,70.959
2533,04/21/2026 02:57:48,3.301,74.262,1.45,0.40380,70.961
2534,04/21/2026 03:07:48,3.321,74.274,1.34,0.40591,70.953
2535,04/21/2026 03:17:48,3.298,74.256,1.23,0.40352,70.958
2536,04/21/2026 03:27:48,3.319,74.278,1.12,0.40563,70.959
2537,04/21/2026 03:37:48,3.306,74.273,1.12,0.40436,70.967
2538,04/21/2026 03:47:48,3.284,74.250,1.01,0.40211,70.966
2539,04/21/2026 03:57:48,3.271,74.249,0.90,0.40085,70.978
2540,04/21/2026 04:07:48,3.274,74.258,0.90,0.40113,70.984
2541,04/21/2026 04:17:48,3.302,74.285,0.79,0.40394,70.983
2542,04/21/2026 04:27:48,3.253,74.243,0.68,0.39902,70.990
2543,04/21/2026 04:37:48,3.230,74.216,0.68,0.39663,70.986
2544,04/21/2026 04:47:48,3.218,74.211,0.57,0.39544,70.993
2545,04/21/2026 04:57:48,3.225,74.216,0.57,0.39607,70.991
2546,04/21/2026 05:07:48,3.210,74.206,0.46,0.39459,70.996
2547,04/21/2026 05:17:48,3.196,74.183,0.46,0.39319,70.987
2548,04/21/2026 05:27:48,3.166,74.156,0.35,0.39003,70.990
2549,04/21/2026 05:37:48,3.179,74.169,0.35,0.39143,70.990
2550,04/21/2026 05:47:48,3.175,74.173,0.24,0.39101,70.998
2551,04/21/2026 05:57:48,3.177,74.182,0.24,0.39122,71.005
2552,04/21/2026 06:07:48,3.152,74.159,0.13,0.38862,71.007
2553,04/21/2026 06:17:48,3.124,74.132,0.13,0.38581,71.008
2554,04/21/2026 06:27:48,3.131,74.141,0.13,0.38651,71.010
2555,04/21/2026 06:37:48,3.111,74.118,0.13,0.38447,71.007
2556,04/21/2026 06:47:48,3.094,74.109,0.02,0.38272,71.015
2557,04/21/2026 06:57:48,3.100,74.118,0.02,0.38335,71.018
2558,04/21/2026 07:07:48,3.111,74.140,0.02,0.38448,71.029
2559,04/21/2026 07:17:48,3.102,74.127,0.02,0.38349,71.025
2560,04/21/2026 07:27:48,3.092,74.127,0.02,0.38251,71.035
2561,04/21/2026 07:37:48,3.103,74.131,0.02,0.38370,71.028
2562,04/21/2026 07:47:48,3.104,74.131,0.02,0.38377,71.027
2563,04/21/2026 07:57:48,3.129,74.154,0.02,0.38630,71.025
2564,04/21/2026 08:07:48,3.131,74.158,0.02,0.38659,71.027
2565,04/21/2026 08:17:48,3.167,74.195,0.13,0.39017,71.028
2566,04/21/2026 08:27:48,3.172,74.209,0.24,0.39073,71.037
2567,04/21/2026 08:37:48,3.204,74.242,0.35,0.39389,71.038
2568,04/21/2026 08:47:48,3.279,74.311,0.57,0.40155,71.032
2569,04/21/2026 08:57:48,3.384,74.407,0.79,0.41231,71.023
2570,04/21/2026 09:07:48,3.445,74.475,0.90,0.41857,71.030
2571,04/21/2026 09:17:48,3.472,74.504,1.12,0.42131,71.032
2572,04/21/2026 09:27:48,3.492,74.514,1.34,0.42334,71.022
2573,04/21/2026 09:37:48,3.421,74.439,1.56,0.41603,71.018
2574,04/21/2026 09:47:48,3.331,74.336,1.77,0.40689,71.005
2575,04/21/2026 09:57:48,3.285,74.283,1.99,0.40217,70.998
2576,04/21/2026 10:07:48,3.255,74.262,2.31,0.39922,71.007
2577,04/21/2026 10:17:48,3.203,74.205,2.53,0.39388,71.002
2578,04/21/2026 10:27:48,3.245,74.243,2.85,0.39816,70.998
2579,04/21/2026 10:37:48,3.257,74.263,3.06,0.39936,71.006
2580,04/21/2026 10:47:48,3.265,74.256,3.38,0.40013,70.991
2581,04/21/2026 10:57:48,3.264,74.272,3.69,0.39999,71.008
2582,04/21/2026 11:07:48,3.288,74.284,4.11,0.40246,70.996
2583,04/21/2026 11:17:48,3.295,74.286,4.43,0.40323,70.991
2584,04/21/2026 11:27:48,3.287,74.261,4.74,0.40239,70.974
2585,04/21/2026 11:37:48,3.321,74.296,5.15,0.40584,70.975
2586,04/21/2026 11:47:48,3.293,74.250,5.67,0.40303,70.957
2587,04/21/2026 11:57:48,3.283,74.235,6.07,0.40199,70.952
2588,04/21/2026 12:07:48,3.294,74.234,6.58,0.40319,70.940
2589,04/21/2026 12:17:48,3.283,74.224,6.99,0.40207,70.941
2590,04/21/2026 12:27:48,3.289,74.224,7.49,0.40265,70.935
2591,04/21/2026 12:37:48,3.283,74.214,7.99,0.40209,70.931
2592,04/21/2026 12:47:48,3.272,74.194,8.29,0.40098,70.922
2593,04/21/2026 12:57:48,3.319,74.216,8.69,0.40570,70.897
2594,04/21/2026 13:07:48,3.311,74.207,9.19,0.40494,70.896
2595,04/21/2026 13:17:48,3.317,74.210,9.58,0.40559,70.893
2596,04/21/2026 13:27:48,3.317,74.200,9.98,0.40560,70.883
2597,04/21/2026 13:37:48,3.309,74.182,10.47,0.40477,70.873
2598,04/21/2026 13:47:48,3.297,74.172,10.86,0.40359,70.875
2599,04/21/2026 13:57:48,3.308,74.172,11.25,0.40466,70.864
2600,04/21/2026 14:07:48,3.291,74.153,11.64,0.40299,70.862
2601,04/21/2026 14:17:48,3.304,74.151,11.93,0.40434,70.847
2602,04/21/2026 14:27:48,3.302,74.135,12.12,0.40414,70.833
2603,04/21/2026 14:37:48,3.296,74.117,12.61,0.40359,70.821
2604,04/21/2026 14:47:48,3.320,74.137,12.80,0.40607,70.817
2605,04/21/2026 14:57:48,3.302,74.099,12.61,0.40416,70.797
2606,04/21/2026 15:07:48,3.290,74.077,12.71,0.40296,70.787
2607,04/21/2026 15:17:48,3.313,74.083,12.80,0.40529,70.770
2608,04/21/2026 15:27:48,3.311,74.073,13.19,0.40517,70.762
2609,04/21/2026 15:37:48,3.319,74.061,13.28,0.40588,70.742
2610,04/21/2026 15:47:48,3.329,74.071,13.38,0.40694,70.742
2611,04/21/2026 15:57:48,3.318,74.053,13.38,0.40581,70.735
2612,04/21/2026 16:07:48,3.320,74.045,13.48,0.40603,70.725
2613,04/21/2026 16:17:48,3.317,74.039,13.77,0.40569,70.722
2614,04/21/2026 16:27:48,3.307,74.035,13.86,0.40471,70.728
2615,04/21/2026 16:37:48,3.333,74.082,13.57,0.40737,70.749
2616,04/21/2026 16:47:48,3.341,74.088,13.28,0.40813,70.747
2617,04/21/2026 16:57:48,3.321,74.068,13.09,0.40608,70.747
2618,04/21/2026 17:07:48,3.331,74.089,13.00,0.40720,70.758
2619,04/21/2026 17:17:48,3.340,74.102,12.90,0.40804,70.762
2620,04/21/2026 17:27:48,3.350,74.127,12.71,0.40909,70.777
2621,04/21/2026 17:37:48,3.346,74.134,12.51,0.40866,70.788
2622,04/21/2026 17:47:48,3.389,74.182,12.32,0.41308,70.793
2623,04/21/2026 17:57:48,3.386,74.203,12.12,0.41272,70.817
2624,04/21/2026 18:07:48,3.415,74.233,11.93,0.41559,70.818
2625,04/21/2026 18:17:48,3.416,74.204,11.83,0.41580,70.788
2626,04/21/2026 18:27:48,3.413,74.193,11.64,0.41551,70.780
2627,04/21/2026 18:37:48,3.439,74.241,11.44,0.41811,70.802
2628,04/21/2026 18:47:48,3.466,74.276,11.25,0.42084,70.810
2629,04/21/2026 18:57:48,3.509,74.320,11.15,0.42527,70.811
2630,04/21/2026 19:07:48,3.491,74.299,10.86,0.42343,70.808
2631,04/21/2026 19:17:48,3.524,74.329,10.66,0.42673,70.805
2632,04/21/2026 19:27:48,3.573,74.368,10.47,0.43171,70.795
2633,04/21/2026 19:37:48,3.550,74.338,10.17,0.42938,70.788
2634,04/21/2026 19:47:48,3.605,74.386,9.98,0.43500,70.781
2635,04/21/2026 19:57:48,3.657,74.438,9.68,0.44020,70.781
2636,04/21/2026 20:07:48,3.648,74.425,9.29,0.43934,70.777
2637,04/21/2026 20:17:48,3.667,74.445,8.99,0.44123,70.778
2638,04/21/2026 20:27:48,3.672,74.438,8.69,0.44171,70.766
2639,04/21/2026 20:37:48,3.702,74.476,8.39,0.44479,70.774
2640,04/21/2026 20:47:48,3.728,74.496,8.09,0.44746,70.768
2641,04/21/2026 20:57:48,3.743,74.507,7.79,0.44900,70.764
2642,04/21/2026 21:07:48,3.737,74.505,7.59,0.44843,70.768
2643,04/21/2026 21:17:48,3.750,74.507,7.29,0.44969,70.757
2644,04/21/2026 21:27:48,3.777,74.542,7.09,0.45243,70.765
2645,04/21/2026 21:37:48,3.755,74.518,6.89,0.45017,70.763
2646,04/21/2026 21:47:48,3.756,74.515,6.58,0.45030,70.759
2647,04/21/2026 21:57:48,3.753,74.509,6.38,0.44995,70.756
2648,04/21/2026 22:07:48,3.769,74.512,6.18,0.45156,70.743
2649,04/21/2026 22:17:48,3.759,74.497,5.97,0.45057,70.738
2650,04/21/2026 22:27:48,3.752,74.486,5.77,0.44987,70.734
2651,04/21/2026 22:37:48,3.727,74.453,5.56,0.44726,70.726
2652,04/21/2026 22:47:48,3.738,74.456,5.36,0.44838,70.718
2653,04/21/2026 22:57:48,3.744,74.454,5.15,0.44901,70.710
2654,04/21/2026 23:07:48,3.727,74.431,5.05,0.44726,70.704
2655,04/21/2026 23:17:48,3.706,74.402,4.84,0.44514,70.696
2656,04/21/2026 23:27:48,3.705,74.396,4.63,0.44507,70.691
2657,04/21/2026 23:37:48,3.727,74.400,4.53,0.44725,70.673
2658,04/21/2026 23:47:48,3.698,74.362,4.32,0.44436,70.664
2659,04/21/2026 23:57:48,3.723,74.379,4.22,0.44690,70.656
2660,04/22/2026 00:07:48,3.683,74.337,4.01,0.44282,70.654
2661,04/22/2026 00:17:48,3.664,74.314,3.90,0.44085,70.650
2662,04/22/2026 00:27:48,3.678,74.327,3.80,0.44225,70.649
2663,04/22/2026 00:37:48,3.654,74.303,3.69,0.43986,70.649
2664,04/22/2026 00:47:48,3.643,74.297,3.48,0.43874,70.654
2665,04/22/2026 00:57:48,3.653,74.301,3.38,0.43972,70.648
2666,04/22/2026 01:07:48,3.625,74.273,3.27,0.43691,70.648
2667,04/22/2026 01:17:48,3.650,74.282,3.16,0.43937,70.632
2668,04/22/2026 01:27:48,3.643,74.272,3.06,0.43866,70.629
2669,04/22/2026 01:37:48,3.575,74.199,2.95,0.43177,70.624
2670,04/22/2026 01:47:48,3.595,74.216,2.85,0.43381,70.621
2671,04/22/2026 01:57:48,3.602,74.215,2.74,0.43459,70.613
2672,04/22/2026 02:07:48,3.594,74.192,2.63,0.43374,70.598
2673,04/22/2026 02:17:48,3.552,74.151,2.53,0.42938,70.599
2674,04/22/2026 02:27:48,3.572,74.164,2.53,0.43149,70.592
2675,04/22/2026 02:37:48,3.549,74.141,2.42,0.42910,70.592
2676,04/22/2026 02:47:48,3.589,74.176,2.31,0.43325,70.587
2677,04/22/2026 02:57:48,3.541,74.127,2.31,0.42826,70.586
2678,04/22/2026 03:07:48,3.541,74.117,2.20,0.42833,70.576
2679,04/22/2026 03:17:48,3.549,74.125,2.10,0.42917,70.576
2680,04/22/2026 03:27:48,3.540,74.120,1.99,0.42819,70.580
2681,04/22/2026 03:37:48,3.529,74.101,1.88,0.42714,70.572
2682,04/22/2026 03:47:48,3.507,74.074,1.88,0.42489,70.567
2683,04/22/2026 03:57:48,3.543,74.101,1.77,0.42847,70.558
2684,04/22/2026 04:07:48,3.518,74.073,1.67,0.42594,70.555
2685,04/22/2026 04:17:48,3.484,74.037,1.67,0.42250,70.553
2686,04/22/2026 04:27:48,3.505,74.054,1.56,0.42468,70.549
2687,04/22/2026 04:37:48,3.489,74.031,1.45,0.42299,70.542
2688,04/22/2026 04:47:48,3.489,74.040,1.45,0.42299,70.551
2689,04/22/2026 04:57:48,3.485,74.035,1.34,0.42257,70.550
2690,04/22/2026 05:07:48,3.458,74.011,1.23,0.41990,70.553
2691,04/22/2026 05:17:48,3.471,74.025,1.23,0.42116,70.554
2692,04/22/2026 05:27:48,3.467,74.011,1.12,0.42074,70.544
2693,04/22/2026 05:37:48,3.496,74.042,1.12,0.42377,70.546
2694,04/22/2026 05:47:48,3.486,74.024,1.01,0.42271,70.538
2695,04/22/2026 05:57:48,3.476,74.010,1.01,0.42173,70.534
2696,04/22/2026 06:07:48,3.452,73.987,0.90,0.41920,70.535
2697,04/22/2026 06:17:48,3.477,74.009,0.90,0.42187,70.532
2698,04/22/2026 06:27:48,3.466,73.991,0.79,0.42068,70.525
2699,04/22/2026 06:37:48,3.451,73.982,0.79,0.41913,70.531
2700,04/22/2026 06:47:48,3.435,73.972,0.68,0.41752,70.537
2701,04/22/2026 06:57:48,3.427,73.972,0.68,0.41667,70.545
2702,04/22/2026 07:07:48,3.387,73.935,0.57,0.41266,70.548
2703,04/22/2026 07:17:48,3.415,73.971,0.57,0.41555,70.556
2704,04/22/2026 07:27:48,3.374,73.926,0.57,0.41133,70.552
2705,04/22/2026 07:37:48,3.402,73.944,0.57,0.41421,70.542
2706,04/22/2026 07:47:48,3.405,73.940,0.57,0.41442,70.535
2707,04/22/2026 07:57:48,3.395,73.930,0.46,0.41344,70.535
2708,04/22/2026 08:07:48,3.399,73.935,0.46,0.41379,70.536
2709,04/22/2026 08:17:48,3.438,73.966,0.46,0.41787,70.528
2710,04/22/2026 08:27:48,3.411,73.926,0.57,0.41506,70.515
2711,04/22/2026 08:37:48,3.411,73.922,0.68,0.41512,70.511
2712,04/22/2026 08:47:48,3.415,73.896,0.79,0.41547,70.481
2713,04/22/2026 08:57:48,3.418,73.902,1.01,0.41575,70.484
2714,04/22/2026 09:07:48,3.399,73.871,1.23,0.41385,70.472
2715,04/22/2026 09:17:48,3.409,73.876,1.34,0.41491,70.467
2716,04/22/2026 09:27:48,3.385,73.846,1.56,0.41237,70.461
2717,04/22/2026 09:37:48,3.378,73.862,1.88,0.41167,70.484
2718,04/22/2026 09:47:48,3.384,73.854,2.10,0.41230,70.470
2719,04/22/2026 09:57:48,3.385,73.828,2.31,0.41244,70.443
2720,04/22/2026 10:07:48,3.377,73.825,2.53,0.41159,70.448
2721,04/22/2026 10:17:48,3.389,73.813,2.85,0.41286,70.424
2722,04/22/2026 10:27:48,3.389,73.793,3.16,0.41279,70.404
2723,04/22/2026 10:37:48,3.368,73.777,3.48,0.41068,70.409
2724,04/22/2026 10:47:48,3.400,73.815,3.80,0.41399,70.415
2725,04/22/2026 10:57:48,3.405,73.817,4.11,0.41448,70.412
2726,04/22/2026 11:07:48,3.390,73.780,4.53,0.41287,70.390
2727,04/22/2026 11:17:48,3.376,73.765,4.94,0.41146,70.389
2728,04/22/2026 11:27:48,3.405,73.799,5.36,0.41449,70.394
2729,04/22/2026 11:37:48,3.387,73.752,5.67,0.41260,70.365
2730,04/22/2026 11:47:48,3.412,73.782,6.07,0.41521,70.370
2731,04/22/2026 11:57:48,3.380,73.763,6.48,0.41191,70.383
2732,04/22/2026 12:07:48,3.393,73.739,6.89,0.41325,70.346
2733,04/22/2026 12:17:48,3.407,73.742,7.29,0.41467,70.335
2734,04/22/2026 12:27:48,3.424,73.727,7.69,0.41643,70.303
2735,04/22/2026 12:37:48,3.423,73.731,8.19,0.41638,70.308
2736,04/22/2026 12:47:48,3.429,73.712,8.59,0.41702,70.283
2737,04/22/2026 12:57:48,3.407,73.674,8.89,0.41471,70.267
2738,04/22/2026 13:07:48,3.398,73.640,9.19,0.41387,70.242
2739,04/22/2026 13:17:48,3.413,73.653,9.58,0.41536,70.240
2740,04/22/2026 13:27:48,3.378,73.614,9.78,0.41178,70.236
2741,04/22/2026 13:37:48,3.415,73.648,10.08,0.41566,70.233
2742,04/22/2026 13:47:48,3.402,73.642,10.37,0.41427,70.240
2743,04/22/2026 13:57:48,3.404,73.640,10.66,0.41449,70.236
2744,04/22/2026 14:07:48,3.419,73.656,10.86,0.41597,70.237
2745,04/22/2026 14:17:48,3.406,73.615,10.86,0.41471,70.209
2746,04/22/2026 14:27:48,3.395,73.629,10.96,0.41365,70.234
2747,04/22/2026 14:37:48,3.405,73.608,11.05,0.41457,70.203
2748,04/22/2026 14:47:48,3.396,73.610,11.25,0.41367,70.214
2749,04/22/2026 14:57:48,3.393,73.605,11.25,0.41338,70.212
2750,04/22/2026 15:07:48,3.386,73.595,11.15,0.41268,70.209
2751,04/22/2026 15:17:48,3.387,73.619,11.25,0.41275,70.232
2752,04/22/2026 15:27:48,3.394,73.614,11.25,0.41353,70.220
2753,04/22/2026 15:37:48,3.383,73.641,11.25,0.41240,70.258
2754,04/22/2026 15:47:48,3.361,73.591,11.25,0.41015,70.230
2755,04/22/2026 15:57:48,3.367,73.586,11.15,0.41071,70.219
2756,04/22/2026 16:07:48,3.374,73.558,11.05,0.41141,70.184
2757,04/22/2026 16:17:48,3.394,73.548,10.96,0.41344,70.154
2758,04/22/2026 16:27:48,3.384,73.542,10.76,0.41238,70.158
2759,04/22/2026 16:37:48,3.397,73.546,10.76,0.41379,70.149
2760,04/22/2026 16:47:48,3.394,73.523,10.76,0.41351,70.129
2761,04/22/2026 16:57:48,3.412,73.528,10.76,0.41534,70.116
2762,04/22/2026 17:07:48,3.411,73.531,10.57,0.41519,70.120
2763,04/22/2026 17:17:48,3.398,73.511,10.37,0.41384,70.113
2764,04/22/2026 17:27:48,3.417,73.532,10.27,0.41588,70.115
2765,04/22/2026 17:37:48,3.421,73.545,10.17,0.41623,70.124
2766,04/22/2026 17:47:48,3.438,73.553,10.08,0.41798,70.115
2767,04/22/2026 17:57:48,3.431,73.557,9.98,0.41721,70.126
2768,04/22/2026 18:07:48,3.429,73.542,9.78,0.41699,70.113
2769,04/22/2026 18:17:48,3.446,73.540,9.58,0.41874,70.094
2770,04/22/2026 18:27:48,3.434,73.552,9.48,0.41754,70.118
2771,04/22/2026 18:37:48,3.492,73.582,9.29,0.42344,70.090
2772,04/22/2026 18:47:48,3.484,73.581,9.09,0.42259,70.097
2773,04/22/2026 18:57:48,3.498,73.592,8.89,0.42406,70.094
2774,04/22/2026 19:07:48,3.485,73.586,8.69,0.42272,70.101
2775,04/22/2026 19:17:48,3.511,73.621,8.49,0.42532,70.110
2776,04/22/2026 19:27:48,3.502,73.632,8.19,0.42439,70.130
2777,04/22/2026 19:37:48,3.515,73.607,7.99,0.42579,70.092
2778,04/22/2026 19:47:48,3.544,73.646,7.79,0.42874,70.102
2779,04/22/2026 19:57:48,3.528,73.631,7.59,0.42705,70.103
2780,04/22/2026 20:07:48,3.521,73.621,7.39,0.42627,70.100
2781,04/22/2026 20:17:48,3.531,73.636,7.09,0.42739,70.105
2782,04/22/2026 20:27:48,3.527,73.621,6.89,0.42689,70.094
2783,04/22/2026 20:37:48,3.545,73.628,6.68,0.42879,70.083
2784,04/22/2026 20:47:48,3.546,73.636,6.48,0.42885,70.090
2785,04/22/2026 20:57:48,3.554,73.639,6.28,0.42962,70.085
2786,04/22/2026 21:07:48,3.546,73.637,6.07,0.42885,70.091
2787,04/22/2026 21:17:48,3.559,73.640,5.87,0.43018,70.081
2788,04/22/2026 21:27:48,3.572,73.648,5.67,0.43144,70.076
2789,04/22/2026 21:37:48,3.568,73.642,5.46,0.43102,70.074
2790,04/22/2026 21:47:48,3.517,73.590,5.25,0.42588,70.073
2791,04/22/2026 21:57:48,3.587,73.661,5.05,0.43305,70.074
2792,04/22/2026 22:07:48,3.573,73.633,4.94,0.43164,70.060
2793,04/22/2026 22:17:48,3.557,73.605,4.74,0.42988,70.048
2794,04/22/2026 22:27:48,3.558,73.595,4.63,0.43002,70.037
2795,04/22/2026 22:37:48,3.572,73.599,4.53,0.43143,70.027
2796,04/22/2026 22:47:48,3.549,73.565,4.32,0.42918,70.016
2797,04/22/2026 22:57:48,3.550,73.560,4.22,0.42925,70.010
2798,04/22/2026 23:07:48,3.541,73.546,4.11,0.42833,70.005
2799,04/22/2026 23:17:48,3.530,73.541,4.01,0.42714,70.011
2800,04/22/2026 23:27:48,3.529,73.517,3.90,0.42714,69.988
2801,04/22/2026 23:37:48,3.520,73.512,3.80,0.42615,69.992
2802,04/22/2026 23:47:48,3.535,73.520,3.69,0.42777,69.985
2803,04/22/2026 23:57:48,3.535,73.511,3.69,0.42777,69.976
2804,04/23/2026 00:07:48,3.534,73.502,3.59,0.42756,69.968
2805,04/23/2026 00:17:48,3.515,73.483,3.48,0.42566,69.968
2806,04/23/2026 00:27:48,3.505,73.473,3.38,0.42467,69.968
2807,04/23/2026 00:37:48,3.510,73.477,3.27,0.42516,69.967
2808,04/23/2026 00:47:48,3.488,73.458,3.16,0.42291,69.970
2809,04/23/2026 00:57:48,3.502,73.471,3.06,0.42432,69.969
2810,04/23/2026 01:07:48,3.502,73.471,3.06,0.42432,69.969
2811,04/23/2026 01:17:48,3.495,73.452,2.95,0.42362,69.957
2812,04/23/2026 01:27:48,3.501,73.465,2.85,0.42425,69.964
2813,04/23/2026 01:37:48,3.487,73.437,2.74,0.42284,69.950
2814,04/23/2026 01:47:48,3.486,73.436,2.63,0.42277,69.950
2815,04/23/2026 01:57:48,3.456,73.409,2.63,0.41968,69.953
2816,04/23/2026 02:07:48,3.477,73.436,2.53,0.42179,69.959
2817,04/23/2026 02:17:48,3.451,73.408,2.42,0.41912,69.957
2818,04/23/2026 02:27:48,3.481,73.434,2.31,0.42221,69.953
2819,04/23/2026 02:37:48,3.478,73.434,2.20,0.42186,69.956
2820,04/23/2026 02:47:48,3.451,73.402,2.20,0.41912,69.951
2821,04/23/2026 02:57:48,3.464,73.420,2.10,0.42039,69.956
2822,04/23/2026 03:07:48,3.463,73.419,1.99,0.42032,69.956
2823,04/23/2026 03:17:48,3.453,73.419,1.99,0.41933,69.966
2824,04/23/2026 03:27:48,3.427,73.400,1.88,0.41673,69.973
2825,04/23/2026 03:37:48,3.448,73.418,1.77,0.41877,69.970
2826,04/23/2026 03:47:48,3.439,73.421,1.67,0.41793,69.982
2827,04/23/2026 03:57:48,3.428,73.417,1.67,0.41680,69.989
2828,04/23/2026 04:07:48,3.446,73.439,1.56,0.41863,69.993
2829,04/23/2026 04:17:48,3.426,73.420,1.45,0.41659,69.994
2830,04/23/2026 04:27:48,3.442,73.429,1.45,0.41821,69.987
2831,04/23/2026 04:37:48,3.429,73.419,1.34,0.41694,69.990
2832,04/23/2026 04:47:48,3.430,73.424,1.34,0.41702,69.994
2833,04/23/2026 04:57:48,3.454,73.446,1.23,0.41948,69.992
2834,04/23/2026 05:07:48,3.447,73.437,1.23,0.41870,69.990
2835,04/23/2026 05:17:48,3.426,73.414,1.12,0.41660,69.988
2836,04/23/2026 05:27:48,3.444,73.436,1.01,0.41843,69.992
2837,04/23/2026 05:37:48,3.428,73.413,1.01,0.41681,69.985
2838,04/23/2026 05:47:48,3.454,73.444,0.90,0.41948,69.990
2839,04/23/2026 05:57:48,3.416,73.398,0.79,0.41561,69.982
2840,04/23/2026 06:07:48,3.411,73.385,0.79,0.41505,69.974
2841,04/23/2026 06:17:48,3.396,73.380,0.68,0.41351,69.984
2842,04/23/2026 06:27:48,3.395,73.383,0.57,0.41351,69.988
2843,04/23/2026 06:37:48,3.388,73.383,0.57,0.41273,69.995
2844,04/23/2026 06:47:48,3.394,73.383,0.57,0.41337,69.989
2845,04/23/2026 06:57:48,3.395,73.396,0.46,0.41351,70.001
2846,04/23/2026 07:07:48,3.392,73.396,0.46,0.41316,70.004
2847,04/23/2026 07:17:48,3.363,73.360,0.46,0.41020,69.997
2848,04/23/2026 07:27:48,3.333,73.319,0.35,0.40711,69.986
2849,04/23/2026 07:37:48,3.311,73.328,0.35,0.40486,70.017
2850,04/23/2026 07:47:48,3.337,73.351,0.35,0.40746,70.014
2851,04/23/2026 07:57:48,3.358,73.378,0.35,0.40964,70.020
2852,04/23/2026 08:07:48,3.368,73.392,0.46,0.41070,70.024
2853,04/23/2026 08:17:48,3.364,73.420,0.57,0.41020,70.056
2854,04/23/2026 08:27:48,3.386,73.424,0.57,0.41252,70.038
2855,04/23/2026 08:37:48,3.405,73.434,0.68,0.41442,70.029
2856,04/23/2026 08:47:48,3.383,73.416,0.79,0.41224,70.033
2857,04/23/2026 08:57:48,3.378,73.399,0.90,0.41168,70.021
2858,04/23/2026 09:07:48,3.346,73.363,1.01,0.40844,70.017
2859,04/23/2026 09:17:48,3.363,73.405,1.12,0.41013,70.042
2860,04/23/2026 09:27:48,3.367,73.391,1.12,0.41062,70.024
2861,04/23/2026 09:37:48,3.341,73.351,1.23,0.40795,70.010
2862,04/23/2026 09:47:48,3.342,73.357,1.56,0.40808,70.015
2863,04/23/2026 09:57:48,3.370,73.386,1.77,0.41089,70.016
2864,04/23/2026 10:07:48,3.382,73.414,1.88,0.41209,70.032
2865,04/23/2026 10:17:48,3.382,73.446,1.99,0.41209,70.064
2866,04/23/2026 10:27:48,3.363,73.433,2.10,0.41019,70.070
2867,04/23/2026 10:37:48,3.396,73.493,2.31,0.41356,70.097
2868,04/23/2026 10:47:48,3.357,73.449,2.53,0.40956,70.092
2869,04/23/2026 10:57:48,3.373,73.465,2.85,0.41117,70.092
2870,04/23/2026 11:07:48,3.349,73.436,3.27,0.40871,70.087
2871,04/23/2026 11:17:48,3.376,73.456,3.59,0.41152,70.080
2872,04/23/2026 11:27:48,3.380,73.455,4.01,0.41188,70.075
2873,04/23/2026 11:37:48,3.370,73.434,4.32,0.41090,70.064
2874,04/23/2026 11:47:48,3.370,73.436,4.63,0.41090,70.066
2875,04/23/2026 11:57:48,3.369,73.443,4.94,0.41083,70.074
2876,04/23/2026 12:07:48,3.380,73.433,5.36,0.41189,70.053
2877,04/23/2026 12:17:48,3.348,73.412,5.67,0.40866,70.064
2878,04/23/2026 12:27:48,3.378,73.433,6.07,0.41169,70.056
2879,04/23/2026 12:37:48,3.381,73.428,6.48,0.41198,70.047
2880,04/23/2026 12:47:48,3.390,73.448,6.79,0.41297,70.058
2881,04/23/2026 12:57:48,3.434,73.482,7.09,0.41748,70.048
2882,04/23/2026 13:07:48,3.385,73.426,6.89,0.41248,70.041
2883,04/23/2026 13:17:48,3.395,73.432,7.09,0.41354,70.037
2884,04/23/2026 13:27:48,3.397,73.445,7.49,0.41369,70.048
2885,04/23/2026 13:37:48,3.378,73.419,7.69,0.41179,70.041
2886,04/23/2026 13:47:48,3.394,73.446,7.69,0.41341,70.052
2887,04/23/2026 13:57:48,3.400,73.465,7.79,0.41405,70.065
2888,04/23/2026 14:07:48,3.386,73.440,7.99,0.41257,70.054
2889,04/23/2026 14:17:48,3.379,73.428,8.19,0.41188,70.049
2890,04/23/2026 14:27:48,3.391,73.453,8.49,0.41308,70.062
2891,04/23/2026 14:37:48,3.393,73.451,8.79,0.41330,70.058
2892,04/23/2026 14:47:48,3.364,73.444,8.99,0.41035,70.080
2893,04/23/2026 14:57:48,3.365,73.427,9.19,0.41050,70.062
2894,04/23/2026 15:07:48,3.360,73.437,9.29,0.41001,70.077
2895,04/23/2026 15:17:48,3.353,73.407,9.39,0.40924,70.054
2896,04/23/2026 15:27:48,3.371,73.417,9.58,0.41114,70.046
2897,04/23/2026 15:37:48,3.368,73.425,9.88,0.41073,70.057
2898,04/23/2026 15:47:48,3.361,73.422,10.08,0.41010,70.061
2899,04/23/2026 15:57:48,3.357,73.413,10.08,0.40968,70.056
2900,04/23/2026 16:07:48,3.352,73.432,10.17,0.40912,70.080
2901,04/23/2026 16:17:48,3.323,73.397,10.27,0.40617,70.074
2902,04/23/2026 16:27:48,3.318,73.392,10.27,0.40568,70.074
2903,04/23/2026 16:37:48,3.354,73.432,10.17,0.40933,70.078
2904,04/23/2026 16:47:48,3.327,73.405,10.17,0.40659,70.078
2905,04/23/2026 16:57:48,3.343,73.408,10.08,0.40828,70.065
2906,04/23/2026 17:07:48,3.339,73.412,9.98,0.40785,70.073
2907,04/23/2026 17:17:48,3.364,73.452,9.88,0.41038,70.088
2908,04/23/2026 17:27:48,3.345,73.429,9.88,0.40848,70.084
2909,04/23/2026 17:37:48,3.351,73.437,9.78,0.40911,70.086
2910,04/23/2026 17:47:48,3.352,73.464,9.68,0.40911,70.112
2911,04/23/2026 17:57:48,3.341,73.450,9.68,0.40805,70.109
2912,04/23/2026 18:07:48,3.346,73.454,9.58,0.40847,70.108
2913,04/23/2026 18:17:48,3.356,73.465,9.39,0.40959,70.109
2914,04/23/2026 18:27:48,3.341,73.455,9.19,0.40797,70.114
2915,04/23/2026 18:37:48,3.362,73.480,8.99,0.41014,70.118
2916,04/23/2026 18:47:48,3.362,73.474,8.79,0.41013,70.112
2917,04/23/2026 18:57:48,3.332,73.454,8.59,0.40710,70.122
2918,04/23/2026 19:07:48,3.384,73.516,8.39,0.41237,70.132
2919,04/23/2026 19:17:48,3.344,73.478,8.19,0.40829,70.134
2920,04/23/2026 19:27:48,3.359,73.502,7.89,0.40983,70.143
2921,04/23/2026 19:37:48,3.384,73.537,7.69,0.41235,70.153
2922,04/23/2026 19:47:48,3.371,73.526,7.49,0.41108,70.155
2923,04/23/2026 19:57:48,3.361,73.520,7.29,0.41003,70.159
2924,04/23/2026 20:07:48,3.393,73.554,6.99,0.41325,70.161
2925,04/23/2026 20:17:48,3.361,73.534,6.79,0.41001,70.173
2926,04/23/2026 20:27:48,3.360,73.532,6.48,0.40987,70.172
2927,04/23/2026 20:37:48,3.373,73.553,6.28,0.41120,70.180
2928,04/23/2026 20:47:48,3.379,73.569,6.07,0.41183,70.190
2929,04/23/2026 20:57:48,3.366,73.567,5.77,0.41049,70.201
2930,04/23/2026 21:07:48,3.383,73.593,5.56,0.41217,70.210
2931,04/23/2026 21:17:48,3.375,73.591,5.36,0.41140,70.216
2932,04/23/2026 21:27:48,3.352,73.576,5.15,0.40907,70.224
2933,04/23/2026 21:37:48,3.358,73.583,4.94,0.40971,70.225
2934,04/23/2026 21:47:48,3.361,73.586,4.63,0.40991,70.225
2935,04/23/2026 21:57:48,3.343,73.571,4.43,0.40808,70.228
2936,04/23/2026 22:07:48,3.374,73.601,4.22,0.41125,70.227
2937,04/23/2026 22:17:48,3.370,73.605,4.11,0.41082,70.235
2938,04/23/2026 22:27:48,3.382,73.621,3.90,0.41216,70.239
2939,04/23/2026 22:37:48,3.381,73.624,3.69,0.41202,70.243
2940,04/23/2026 22:47:48,3.374,73.609,3.48,0.41131,70.235
2941,04/23/2026 22:57:48,3.367,73.599,3.27,0.41054,70.232
2942,04/23/2026 23:07:48,3.352,73.579,3.06,0.40906,70.227
2943,04/23/2026 23:17:48,3.354,73.574,2.95,0.40927,70.220
2944,04/23/2026 23:27:48,3.362,73.591,2.74,0.41005,70.229
2945,04/23/2026 23:37:48,3.347,73.576,2.53,0.40850,70.229
2946,04/23/2026 23:47:48,3.332,73.562,2.42,0.40695,70.230
2947,04/23/2026 23:57:48,3.329,73.552,2.31,0.40667,70.223
2948,04/24/2026 00:07:48,3.338,73.564,2.10,0.40766,70.226
2949,04/24/2026 00:17:48,3.357,73.586,1.99,0.40956,70.229
2950,04/24/2026 00:27:48,3.338,73.567,1.88,0.40766,70.229
2951,04/24/2026 00:37:48,3.325,73.549,1.77,0.40625,70.224
2952,04/24/2026 00:47:48,3.338,73.571,1.67,0.40759,70.233
2953,04/24/2026 00:57:48,3.345,73.575,1.56,0.40829,70.230
2954,04/24/2026 01:07:48,3.323,73.560,1.34,0.40605,70.237
2955,04/24/2026 01:17:48,3.341,73.577,1.23,0.40795,70.236
2956,04/24/2026 01:27:48,3.311,73.549,1.12,0.40492,70.238
2957,04/24/2026 01:37:48,3.322,73.554,1.12,0.40598,70.232
2958,04/24/2026 01:47:48,3.304,73.522,1.01,0.40408,70.218
2959,04/24/2026 01:57:48,3.288,73.503,0.90,0.40254,70.215
2960,04/24/2026 02:07:48,3.288,73.502,0.79,0.40254,70.214
2961,04/24/2026 02:17:48,3.268,73.479,0.68,0.40050,70.211
2962,04/24/2026 02:27:48,3.249,73.460,0.57,0.39860,70.211
2963,04/24/2026 02:37:48,3.233,73.438,0.57,0.39691,70.205
2964,04/24/2026 02:47:48,3.236,73.433,0.46,0.39720,70.197
2965,04/24/2026 02:57:48,3.231,73.418,0.35,0.39678,70.187
2966,04/24/2026 03:07:48,3.218,73.414,0.35,0.39537,70.196
2967,04/24/2026 03:17:48,3.178,73.373,0.24,0.39129,70.195
2968,04/24/2026 03:27:48,3.160,73.349,0.13,0.38954,70.189
2969,04/24/2026 03:37:48,3.135,73.322,0.13,0.38694,70.187
2970,04/24/2026 03:47:48,3.108,73.286,0.13,0.38419,70.178
2971,04/24/2026 03:57:48,3.089,73.272,0.02,0.38223,70.183
2972,04/24/2026 04:07:48,3.077,73.258,0.02,0.38103,70.181
2973,04/24/2026 04:17:48,3.064,73.244,-0.09,0.37970,70.180
2974,04/24/2026 04:27:48,3.051,73.235,-0.09,0.37836,70.184
2975,04/24/2026 04:37:48,3.050,73.231,-0.09,0.37822,70.181
2976,04/24/2026 04:47:48,3.013,73.199,-0.09,0.37449,70.186
2977,04/24/2026 04:57:48,3.014,73.207,-0.20,0.37463,70.193
2978,04/24/2026 05:07:48,3.022,73.212,-0.20,0.37541,70.190
2979,04/24/2026 05:17:48,3.072,73.262,-0.20,0.38047,70.190
2980,04/24/2026 05:27:48,3.124,73.311,-0.20,0.38589,70.187
2981,04/24/2026 05:37:48,3.170,73.361,-0.20,0.39053,70.191
2982,04/24/2026 05:47:48,3.218,73.411,-0.20,0.39538,70.193
2983,04/24/2026 05:57:48,3.274,73.470,-0.20,0.40107,70.196
2984,04/24/2026 06:07:48,3.322,73.519,-0.20,0.40607,70.197
2985,04/24/2026 06:17:48,3.364,73.561,-0.09,0.41028,70.197
2986,04/24/2026 06:27:48,3.383,73.583,-0.09,0.41225,70.200
2987,04/24/2026 06:37:48,3.415,73.614,-0.20,0.41556,70.199
2988,04/24/2026 06:47:48,3.432,73.637,-0.20,0.41725,70.205
2989,04/24/2026 06:57:48,3.462,73.673,-0.20,0.42027,70.211
2990,04/24/2026 07:07:48,3.457,73.678,-0.20,0.41971,70.221
2991,04/24/2026 07:17:48,3.471,73.692,-0.09,0.42118,70.221
2992,04/24/2026 07:27:48,3.468,73.696,-0.20,0.42083,70.228
2993,04/24/2026 07:37:48,3.474,73.696,-0.20,0.42147,70.222
2994,04/24/2026 07:47:48,3.514,73.732,-0.20,0.42555,70.218
2995,04/24/2026 07:57:48,3.560,73.773,-0.09,0.43033,70.213
2996,04/24/2026 08:07:48,3.580,73.782,-0.09,0.43236,70.202
2997,04/24/2026 08:17:48,3.640,73.841,-0.09,0.43841,70.201
2998,04/24/2026 08:27:48,3.626,73.827,-0.09,0.43708,70.201
2999,04/24/2026 08:37:48,3.327,73.524,-0.09,0.40656,70.197
3000,04/24/2026 08:47:48,3.238,73.439,0.02,0.39748,70.201
3001,04/24/2026 08:57:48,3.272,73.468,0.35,0.40092,70.196
3002,04/24/2026 09:07:48,3.324,73.524,0.57,0.40612,70.200
3003,04/24/2026 09:17:48,3.336,73.529,0.68,0.40739,70.193
3004,04/24/2026 09:27:48,3.397,73.584,0.79,0.41358,70.187
3005,04/24/2026 09:37:48,3.504,73.688,0.90,0.42461,70.184
3006,04/24/2026 09:47:48,3.577,73.761,1.01,0.43200,70.184
3007,04/24/2026 09:57:48,3.654,73.826,1.23,0.43987,70.172
3008,04/24/2026 10:07:48,3.586,73.754,1.34,0.43291,70.168
3009,04/24/2026 10:17:48,3.563,73.724,1.56,0.43051,70.161
3010,04/24/2026 10:27:48,3.532,73.693,1.77,0.42742,70.161
3011,04/24/2026 10:37:48,3.485,73.650,1.99,0.42257,70.165
3012,04/24/2026 10:47:48,3.447,73.606,2.20,0.41870,70.159
3013,04/24/2026 10:57:48,3.424,73.580,2.42,0.41638,70.156
3014,04/24/2026 11:07:48,3.406,73.555,2.74,0.41455,70.149
3015,04/24/2026 11:17:48,3.383,73.529,2.95,0.41223,70.146
3016,04/24/2026 11:27:48,3.381,73.527,3.27,0.41195,70.146
3017,04/24/2026 11:37:48,3.354,73.501,3.48,0.40920,70.147
3018,04/24/2026 11:47:48,3.363,73.489,3.80,0.41019,70.126
3019,04/24/2026 11:57:48,3.360,73.483,4.11,0.40984,70.123
3020,04/24/2026 12:07:48,3.377,73.489,4.43,0.41160,70.112
3021,04/24/2026 12:17:48,3.384,73.497,4.84,0.41231,70.113
3022,04/24/2026 12:27:48,3.403,73.485,5.15,0.41428,70.082
3023,04/24/2026 12:37:48,3.386,73.470,5.46,0.41245,70.084
3024,04/24/2026 12:47:48,3.388,73.450,5.87,0.41274,70.062
3025,04/24/2026 12:57:48,3.422,73.480,6.18,0.41619,70.058
3026,04/24/2026 13:07:48,3.439,73.486,6.38,0.41788,70.047
3027,04/24/2026 13:17:48,3.437,73.476,6.89,0.41775,70.039
3028,04/24/2026 13:27:48,3.401,73.425,7.29,0.41410,70.024
3029,04/24/2026 13:37:48,3.445,73.468,7.59,0.41861,70.023
3030,04/24/2026 13:47:48,3.462,73.467,7.99,0.42031,70.005
3031,04/24/2026 13:57:48,3.471,73.479,8.39,0.42130,70.008
3032,04/24/2026 14:07:48,3.439,73.442,8.79,0.41801,70.003
3033,04/24/2026 14:17:48,3.457,73.451,9.29,0.41986,69.994
3034,04/24/2026 14:27:48,3.459,73.436,9.58,0.42001,69.977
3035,04/24/2026 14:37:48,3.456,73.448,9.98,0.41981,69.992
3036,04/24/2026 14:47:48,3.478,73.464,10.27,0.42207,69.986
3037,04/24/2026 14:57:48,3.456,73.439,10.47,0.41983,69.983
3038,04/24/2026 15:07:48,3.462,73.455,10.76,0.42047,69.993
3039,04/24/2026 15:17:48,3.476,73.439,10.96,0.42189,69.963
3040,04/24/2026 15:27:48,3.422,73.369,11.25,0.41641,69.947
3041,04/24/2026 15:37:48,3.453,73.417,11.44,0.41951,69.964
3042,04/24/2026 15:47:48,3.426,73.363,11.54,0.41677,69.937
3043,04/24/2026 15:57:48,3.416,73.360,11.64,0.41572,69.944
3044,04/24/2026 16:07:48,3.408,73.342,11.64,0.41488,69.934
3045,04/24/2026 16:17:48,3.404,73.338,11.74,0.41453,69.934
3046,04/24/2026 16:27:48,3.404,73.342,11.74,0.41460,69.938
3047,04/24/2026 16:37:48,3.413,73.337,11.64,0.41544,69.924
3048,04/24/2026 16:47:48,3.396,73.305,11.64,0.41375,69.909
3049,04/24/2026 16:57:48,3.400,73.322,11.54,0.41417,69.922
3050,04/24/2026 17:07:48,3.382,73.308,11.44,0.41227,69.926
3051,04/24/2026 17:17:48,3.399,73.321,11.35,0.41395,69.922
3052,04/24/2026 17:27:48,3.351,73.270,11.25,0.40909,69.919
3053,04/24/2026 17:37:48,3.374,73.305,11.15,0.41148,69.931
3054,04/24/2026 17:47:48,3.382,73.335,10.96,0.41225,69.953
3055,04/24/2026 17:57:48,3.375,73.320,10.86,0.41161,69.945
3056,04/24/2026 18:07:48,3.352,73.310,10.66,0.40914,69.958
3057,04/24/2026 18:17:48,3.359,73.299,10.47,0.40984,69.940
3058,04/24/2026 18:27:48,3.371,73.320,10.27,0.41110,69.949
3059,04/24/2026 18:37:48,3.362,73.309,10.08,0.41018,69.947
3060,04/24/2026 18:47:48,3.365,73.308,9.98,0.41045,69.943
3061,04/24/2026 18:57:48,3.388,73.329,9.78,0.41277,69.941
3062,04/24/2026 19:07:48,3.390,73.340,9.48,0.41297,69.950
3063,04/24/2026 19:17:48,3.380,73.333,9.29,0.41205,69.953
3064,04/24/2026 19:27:48,3.335,73.295,9.09,0.40740,69.960
3065,04/24/2026 19:37:48,3.370,73.329,8.79,0.41098,69.959
3066,04/24/2026 19:47:48,3.378,73.350,8.59,0.41175,69.972
3067,04/24/2026 19:57:48,3.376,73.347,8.29,0.41160,69.971
3068,04/24/2026 20:07:48,3.402,73.377,8.09,0.41426,69.975
3069,04/24/2026 20:17:48,3.370,73.352,7.79,0.41095,69.982
3070,04/24/2026 20:27:48,3.385,73.373,7.59,0.41249,69.988
3071,04/24/2026 20:37:48,3.382,73.371,7.29,0.41213,69.989
3072,04/24/2026 20:47:48,3.409,73.419,7.09,0.41487,70.010
3073,04/24/2026 20:57:48,3.402,73.422,6.89,0.41417,70.020
3074,04/24/2026 21:07:48,3.395,73.416,6.68,0.41339,70.021
3075,04/24/2026 21:17:48,3.404,73.427,6.38,0.41437,70.023
3076,04/24/2026 21:27:48,3.422,73.444,6.28,0.41619,70.022
3077,04/24/2026 21:37:48,3.421,73.438,6.07,0.41612,70.017
3078,04/24/2026 21:47:48,3.434,73.464,5.87,0.41738,70.030
3079,04/24/2026 21:57:48,3.403,73.439,5.67,0.41428,70.036
3080,04/24/2026 22:07:48,3.409,73.442,5.46,0.41492,70.033
3081,04/24/2026 22:17:48,3.395,73.432,5.25,0.41344,70.037
3082,04/24/2026 22:27:48,3.411,73.448,5.05,0.41512,70.037
3083,04/24/2026 22:37:48,3.413,73.457,4.94,0.41526,70.044
3084,04/24/2026 22:47:48,3.397,73.433,4.74,0.41357,70.036
3085,04/24/2026 22:57:48,3.402,73.441,4.63,0.41413,70.039
3086,04/24/2026 23:07:48,3.401,73.430,4.43,0.41406,70.029
3087,04/24/2026 23:17:48,3.424,73.439,4.32,0.41638,70.015
3088,04/24/2026 23:27:48,3.412,73.419,4.11,0.41518,70.007
3089,04/24/2026 23:37:48,3.413,73.405,4.01,0.41525,69.992
3090,04/24/2026 23:47:48,3.428,73.422,3.90,0.41680,69.994
3091,04/24/2026 23:57:48,3.401,73.390,3.80,0.41406,69.989
3092,04/25/2026 00:07:48,3.404,73.388,3.59,0.41441,69.984
3093,04/25/2026 00:17:48,3.390,73.374,3.48,0.41293,69.984
3094,04/25/2026 00:27:48,3.380,73.360,3.38,0.41188,69.980
3095,04/25/2026 00:37:48,3.382,73.359,3.27,0.41209,69.977
3096,04/25/2026 00:47:48,3.362,73.336,3.16,0.41005,69.974
3097,04/25/2026 00:57:48,3.398,73.367,3.06,0.41370,69.969
3098,04/25/2026 01:07:48,3.359,73.325,2.95,0.40977,69.966
3099,04/25/2026 01:17:48,3.369,73.347,2.74,0.41075,69.978
3100,04/25/2026 01:27:48,3.350,73.319,2.63,0.40885,69.969
3101,04/25/2026 01:37:48,3.365,73.328,2.63,0.41033,69.963
3102,04/25/2026 01:47:48,3.361,73.327,2.53,0.40998,69.966
3103,04/25/2026 01:57:48,3.366,73.318,2.42,0.41054,69.951
3104,04/25/2026 02:07:48,3.357,73.303,2.31,0.40956,69.946
3105,04/25/2026 02:17:48,3.358,73.298,2.20,0.40963,69.940
3106,04/25/2026 02:27:48,3.357,73.297,2.10,0.40956,69.940
3107,04/25/2026 02:37:48,3.355,73.288,1.99,0.40935,69.933
3108,04/25/2026 02:47:48,3.360,73.283,1.88,0.40984,69.923
3109,04/25/2026 02:57:48,3.340,73.264,1.88,0.40787,69.924
3110,04/25/2026 03:07:48,3.345,73.268,1.77,0.40836,69.923
3111,04/25/2026 03:17:48,3.325,73.245,1.67,0.40633,69.920
3112,04/25/2026 03:27:48,3.340,73.258,1.56,0.40780,69.918
3113,04/25/2026 03:37:48,3.324,73.244,1.45,0.40619,69.920
3114,04/25/2026 03:47:48,3.321,73.248,1.34,0.40583,69.927
3115,04/25/2026 03:57:48,3.324,73.257,1.34,0.40619,69.933
3116,04/25/2026 04:07:48,3.306,73.247,1.23,0.40436,69.941
3117,04/25/2026 04:17:48,3.327,73.269,1.12,0.40647,69.942
3118,04/25/2026 04:27:48,3.330,73.282,1.01,0.40682,69.952
3119,04/25/2026 04:37:48,3.315,73.277,0.90,0.40528,69.962
3120,04/25/2026 04:47:48,3.312,73.272,0.90,0.40500,69.960
3121,04/25/2026 04:57:48,3.288,73.244,0.79,0.40261,69.956
3122,04/25/2026 05:07:48,3.258,73.221,0.68,0.39951,69.963
3123,04/25/2026 05:17:48,3.249,73.207,0.57,0.39853,69.958
3124,04/25/2026 05:27:48,3.225,73.194,0.57,0.39607,69.969
3125,04/25/2026 05:37:48,3.205,73.166,0.46,0.39403,69.961
3126,04/25/2026 05:47:48,3.194,73.166,0.46,0.39291,69.972
3127,04/25/2026 05:57:48,3.191,73.165,0.35,0.39263,69.974
3128,04/25/2026 06:07:48,3.166,73.138,0.35,0.39010,69.972
3129,04/25/2026 06:17:48,3.192,73.174,0.24,0.39270,69.982
3130,04/25/2026 06:27:48,3.163,73.156,0.24,0.38975,69.993
3131,04/25/2026 06:37:48,3.163,73.150,0.13,0.38982,69.987
3132,04/25/2026 06:47:48,3.141,73.132,0.13,0.38757,69.991
3133,04/25/2026 06:57:48,3.130,73.123,0.13,0.38644,69.993
3134,04/25/2026 07:07:48,3.131,73.127,0.02,0.38651,69.996
3135,04/25/2026 07:17:48,3.126,73.123,0.02,0.38595,69.997
3136,04/25/2026 07:27:48,3.126,73.127,0.02,0.38602,70.001
3137,04/25/2026 07:37:48,3.107,73.110,0.13,0.38405,70.003
3138,04/25/2026 07:47:48,3.112,73.128,0.13,0.38454,70.016
3139,04/25/2026 07:57:48,3.128,73.146,0.24,0.38623,70.018
3140,04/25/2026 08:07:48,3.133,73.156,0.24,0.38665,70.023
3141,04/25/2026 08:17:48,3.163,73.183,0.35,0.38981,70.020
3142,04/25/2026 08:27:48,3.198,73.220,0.46,0.39333,70.022
3143,04/25/2026 08:37:48,3.248,73.270,0.57,0.39846,70.022
3144,04/25/2026 08:47:48,3.423,73.452,0.68,0.41625,70.029
3145,04/25/2026 08:57:48,3.555,73.579,0.68,0.42968,70.024
3146,04/25/2026 09:07:48,3.540,73.570,0.79,0.42820,70.030
3147,04/25/2026 09:17:48,3.470,73.493,0.79,0.42110,70.023
3148,04/25/2026 09:27:48,3.406,73.435,0.90,0.41456,70.029
3149,04/25/2026 09:37:48,3.324,73.349,0.90,0.40619,70.025
3150,04/25/2026 09:47:48,3.299,73.332,1.01,0.40359,70.033
3151,04/25/2026 09:57:48,3.276,73.310,1.12,0.40127,70.034
3152,04/25/2026 10:07:48,3.273,73.310,1.23,0.40105,70.037
3153,04/25/2026 10:17:48,3.266,73.310,1.23,0.40028,70.044
3154,04/25/2026 10:27:48,3.305,73.338,1.34,0.40429,70.033
3155,04/25/2026 10:37:48,3.336,73.370,1.34,0.40738,70.034
3156,04/25/2026 10:47:48,3.326,73.352,1.45,0.40640,70.026
3157,04/25/2026 10:57:48,3.345,73.362,1.56,0.40829,70.017
3158,04/25/2026 11:07:48,3.350,73.388,2.10,0.40885,70.038
3159,04/25/2026 11:17:48,3.345,73.372,2.53,0.40836,70.027
3160,04/25/2026 11:27:48,3.368,73.411,2.95,0.41068,70.043
3161,04/25/2026 11:37:48,3.354,73.396,3.38,0.40927,70.042
3162,04/25/2026 11:47:48,3.340,73.372,3.80,0.40780,70.032
3163,04/25/2026 11:57:48,3.370,73.406,4.11,0.41082,70.036
3164,04/25/2026 12:07:48,3.368,73.397,4.22,0.41068,70.029
3165,04/25/2026 12:17:48,3.372,73.388,4.22,0.41111,70.016
3166,04/25/2026 12:27:48,3.361,73.390,4.53,0.40998,70.029
3167,04/25/2026 12:37:48,3.356,73.378,4.63,0.40942,70.022
3168,04/25/2026 12:47:48,3.348,73.366,4.94,0.40865,70.018
3169,04/25/2026 12:57:48,3.343,73.350,5.25,0.40816,70.007
3170,04/25/2026 13:07:48,3.336,73.338,5.46,0.40746,70.002
3171,04/25/2026 13:17:48,3.342,73.337,5.87,0.40803,69.995
3172,04/25/2026 13:27:48,3.324,73.338,5.97,0.40620,70.014
3173,04/25/2026 13:37:48,3.313,73.325,6.07,0.40508,70.012
3174,04/25/2026 13:47:48,3.339,73.344,6.18,0.40768,70.005
3175,04/25/2026 13:57:48,3.337,73.345,6.28,0.40747,70.008
3176,04/25/2026 14:07:48,3.332,73.341,6.38,0.40698,70.009
3177,04/25/2026 14:17:48,3.324,73.337,6.48,0.40621,70.013
3178,04/25/2026 14:27:48,3.308,73.326,6.79,0.40460,70.018
3179,04/25/2026 14:37:48,3.310,73.327,6.99,0.40481,70.017
3180,04/25/2026 14:47:48,3.306,73.310,7.09,0.40440,70.004
3181,04/25/2026 14:57:48,3.327,73.344,7.29,0.40658,70.016
3182,04/25/2026 15:07:48,3.312,73.313,7.39,0.40496,70.001
3183,04/25/2026 15:17:48,3.318,73.305,7.59,0.40567,69.987
3184,04/25/2026 15:27:48,3.310,73.274,7.69,0.40483,69.964
3185,04/25/2026 15:37:48,3.313,73.293,7.79,0.40518,69.980
3186,04/25/2026 15:47:48,3.310,73.294,7.89,0.40483,69.984
3187,04/25/2026 15:57:48,3.293,73.246,8.09,0.40308,69.953
3188,04/25/2026 16:07:48,3.294,73.261,8.29,0.40323,69.967
3189,04/25/2026 16:17:48,3.286,73.252,8.29,0.40238,69.966
3190,04/25/2026 16:27:48,3.296,73.242,8.19,0.40344,69.946
3191,04/25/2026 16:37:48,3.292,73.237,8.09,0.40301,69.945
3192,04/25/2026 16:47:48,3.279,73.228,8.09,0.40168,69.949
3193,04/25/2026 16:57:48,3.294,73.246,8.09,0.40322,69.952
3194,04/25/2026 17:07:48,3.279,73.241,8.09,0.40168,69.962
3195,04/25/2026 17:17:48,3.293,73.251,8.09,0.40301,69.958
3196,04/25/2026 17:27:48,3.285,73.236,7.99,0.40231,69.951
3197,04/25/2026 17:37:48,3.277,73.227,7.99,0.40146,69.950
3198,04/25/2026 17:47:48,3.290,73.241,7.99,0.40273,69.951
3199,04/25/2026 17:57:48,3.293,73.240,7.89,0.40308,69.947
3200,04/25/2026 18:07:48,3.281,73.234,7.79,0.40188,69.953
3201,04/25/2026 18:17:48,3.294,73.256,7.69,0.40321,69.962
3202,04/25/2026 18:27:48,3.268,73.225,7.69,0.40047,69.957
3203,04/25/2026 18:37:48,3.272,73.237,7.59,0.40096,69.965
3204,04/25/2026 18:47:48,3.280,73.259,7.49,0.40173,69.979
3205,04/25/2026 18:57:48,3.303,73.281,7.39,0.40412,69.978
3206,04/25/2026 19:07:48,3.286,73.252,7.19,0.40236,69.966
3207,04/25/2026 19:17:48,3.272,73.251,7.09,0.40095,69.979
3208,04/25/2026 19:27:48,3.291,73.259,6.89,0.40284,69.968
3209,04/25/2026 19:37:48,3.288,73.272,6.79,0.40249,69.984
3210,04/25/2026 19:47:48,3.281,73.248,6.68,0.40186,69.967
3211,04/25/2026 19:57:48,3.298,73.265,6.58,0.40361,69.967
3212,04/25/2026 20:07:48,3.293,73.264,6.38,0.40305,69.971
3213,04/25/2026 20:17:48,3.301,73.277,6.28,0.40382,69.976
3214,04/25/2026 20:27:48,3.293,73.276,6.18,0.40304,69.983
3215,04/25/2026 20:37:48,3.322,73.311,5.97,0.40606,69.988
3216,04/25/2026 20:47:48,3.285,73.278,5.87,0.40226,69.993
3217,04/25/2026 20:57:48,3.295,73.281,5.67,0.40325,69.986
3218,04/25/2026 21:07:48,3.302,73.289,5.56,0.40402,69.987
3219,04/25/2026 21:17:48,3.286,73.283,5.36,0.40233,69.997
3220,04/25/2026 21:27:48,3.316,73.310,5.25,0.40535,69.994
3221,04/25/2026 21:37:48,3.286,73.277,5.15,0.40232,69.991
3222,04/25/2026 21:47:48,3.316,73.303,4.94,0.40535,69.987
3223,04/25/2026 21:57:48,3.279,73.270,4.84,0.40162,69.991
3224,04/25/2026 22:07:48,3.291,73.279,4.74,0.40281,69.988
3225,04/25/2026 22:17:48,3.291,73.273,4.63,0.40288,69.982
3226,04/25/2026 22:27:48,3.301,73.290,4.43,0.40386,69.989
3227,04/25/2026 22:37:48,3.288,73.267,4.32,0.40253,69.979
3228,04/25/2026 22:47:48,3.304,73.266,4.22,0.40414,69.962
3229,04/25/2026 22:57:48,3.291,73.247,4.11,0.40288,69.956
3230,04/25/2026 23:07:48,3.290,73.233,4.01,0.40274,69.943
3231,04/25/2026 23:17:48,3.277,73.214,3.90,0.40140,69.937
3232,04/25/2026 23:27:48,3.287,73.218,3.80,0.40238,69.931
3233,04/25/2026 23:37:48,3.297,73.222,3.69,0.40344,69.925
3234,04/25/2026 23:47:48,3.299,73.217,3.59,0.40358,69.918
3235,04/25/2026 23:57:48,3.279,73.198,3.48,0.40154,69.919
3236,04/26/2026 00:07:48,3.290,73.211,3.38,0.40266,69.921
3237,04/26/2026 00:17:48,3.277,73.202,3.38,0.40133,69.925
3238,04/26/2026 00:27:48,3.288,73.219,3.27,0.40252,69.931
3239,04/26/2026 00:37:48,3.265,73.196,3.16,0.40013,69.931
3240,04/26/2026 00:47:48,3.272,73.195,3.06,0.40091,69.923
3241,04/26/2026 00:57:48,3.265,73.190,3.06,0.40020,69.925
3242,04/26/2026 01:07:48,3.287,73.203,2.95,0.40245,69.916
3243,04/26/2026 01:17:48,3.271,73.185,2.95,0.40077,69.914
3244,04/26/2026 01:27:48,3.292,73.185,2.85,0.40287,69.893
3245,04/26/2026 01:37:48,3.272,73.157,2.74,0.40084,69.885
3246,04/26/2026 01:47:48,3.293,73.170,2.74,0.40302,69.877
3247,04/26/2026 01:57:48,3.305,73.161,2.63,0.40421,69.856
3248,04/26/2026 02:07:48,3.292,73.133,2.63,0.40295,69.841
3249,04/26/2026 02:17:48,3.288,73.115,2.53,0.40245,69.827
3250,04/26/2026 02:27:48,3.293,73.110,2.53,0.40302,69.817
3251,04/26/2026 02:37:48,3.289,73.100,2.42,0.40266,69.811
3252,04/26/2026 02:47:48,3.287,73.100,2.42,0.40245,69.813
3253,04/26/2026 02:57:48,3.298,73.104,2.31,0.40358,69.806
3254,04/26/2026 03:07:48,3.298,73.104,2.20,0.40351,69.806
3255,04/26/2026 03:17:48,3.284,73.089,2.10,0.40217,69.805
3256,04/26/2026 03:27:48,3.288,73.089,2.10,0.40253,69.801
3257,04/26/2026 03:37:48,3.284,73.089,2.10,0.40217,69.805
3258,04/26/2026 03:47:48,3.281,73.084,1.99,0.40182,69.803
3259,04/26/2026 03:57:48,3.300,73.115,1.88,0.40372,69.815
3260,04/26/2026 04:07:48,3.299,73.106,1.88,0.40365,69.807
3261,04/26/2026 04:17:48,3.296,73.101,1.77,0.40330,69.805
3262,04/26/2026 04:27:48,3.320,73.115,1.77,0.40576,69.795
3263,04/26/2026 04:37:48,3.309,73.105,1.67,0.40464,69.796
3264,04/26/2026 04:47:48,3.301,73.105,1.67,0.40379,69.804
3265,04/26/2026 04:57:48,3.309,73.109,1.56,0.40464,69.800
3266,04/26/2026 05:07:48,3.321,73.095,1.45,0.40583,69.774
3267,04/26/2026 05:17:48,3.296,73.085,1.34,0.40330,69.789
3268,04/26/2026 05:27:48,3.288,73.067,1.34,0.40246,69.779
3269,04/26/2026 05:37:48,3.303,73.085,1.34,0.40401,69.782
3270,04/26/2026 05:47:48,3.275,73.053,1.34,0.40119,69.778
3271,04/26/2026 05:57:48,3.285,73.049,1.34,0.40218,69.764
3272,04/26/2026 06:07:48,3.289,73.044,1.34,0.40260,69.755
3273,04/26/2026 06:17:48,3.273,73.025,1.23,0.40105,69.752
3274,04/26/2026 06:27:48,3.283,73.025,1.23,0.40204,69.742
3275,04/26/2026 06:37:48,3.287,73.025,1.23,0.40246,69.738
3276,04/26/2026 06:47:48,3.275,73.016,1.12,0.40120,69.741
3277,04/26/2026 06:57:48,3.300,73.020,1.01,0.40373,69.720
3278,04/26/2026 07:07:48,3.280,73.020,1.01,0.40169,69.740
3279,04/26/2026 07:17:48,3.305,73.051,0.90,0.40422,69.746
3280,04/26/2026 07:27:48,3.291,73.055,0.90,0.40282,69.764
3281,04/26/2026 07:37:48,3.324,73.095,0.79,0.40619,69.771
3282,04/26/2026 07:47:48,3.304,73.068,0.79,0.40415,69.764
3283,04/26/2026 07:57:48,3.314,73.060,0.90,0.40514,69.746
3284,04/26/2026 08:07:48,3.293,73.033,0.90,0.40296,69.740
3285,04/26/2026 08:17:48,3.288,73.024,0.90,0.40246,69.736
3286,04/26/2026 08:27:48,3.298,73.014,0.90,0.40359,69.716
3287,04/26/2026 08:37:48,3.333,73.041,0.79,0.40711,69.708
3288,04/26/2026 08:47:48,3.336,73.045,0.68,0.40739,69.709
3289,04/26/2026 08:57:48,3.337,73.050,0.79,0.40753,69.713
3290,04/26/2026 09:07:48,3.366,73.068,0.79,0.41048,69.702
3291,04/26/2026 09:17:48,3.332,73.000,0.79,0.40704,69.668
3292,04/26/2026 09:27:48,3.330,72.982,0.79,0.40683,69.652
3293,04/26/2026 09:37:48,3.327,72.970,1.01,0.40647,69.643
3294,04/26/2026 09:47:48,3.306,72.965,1.01,0.40436,69.659
3295,04/26/2026 09:57:48,3.307,72.956,0.90,0.40443,69.649
3296,04/26/2026 10:07:48,3.324,72.964,0.79,0.40619,69.640
3297,04/26/2026 10:17:48,3.323,72.982,0.68,0.40605,69.659
3298,04/26/2026 10:27:48,3.349,73.004,0.68,0.40880,69.655
3299,04/26/2026 10:37:48,3.330,72.977,0.68,0.40683,69.647
3300,04/26/2026 10:47:48,3.327,72.991,0.79,0.40654,69.664
3301,04/26/2026 10:57:48,3.360,72.982,0.68,0.40985,69.622
3302,04/26/2026 11:07:48,3.350,72.985,0.46,0.40887,69.635
3303,04/26/2026 11:17:48,3.333,72.973,0.68,0.40704,69.640
3304,04/26/2026 11:27:48,3.363,73.005,0.90,0.41020,69.642
3305,04/26/2026 11:37:48,3.369,73.020,1.01,0.41076,69.651
3306,04/26/2026 11:47:48,3.351,72.996,0.90,0.40900,69.645
3307,04/26/2026 11:57:48,3.366,73.015,1.01,0.41048,69.649
3308,04/26/2026 12:07:48,3.336,72.973,1.56,0.40745,69.637
3309,04/26/2026 12:17:48,3.362,72.980,1.99,0.41005,69.618
3310,04/26/2026 12:27:48,3.367,72.969,2.31,0.41054,69.602
3311,04/26/2026 12:37:48,3.392,72.980,2.74,0.41314,69.588
3312,04/26/2026 12:47:48,3.376,72.977,2.95,0.41152,69.601
3313,04/26/2026 12:57:48,3.392,72.976,2.85,0.41314,69.584
3314,04/26/2026 13:07:48,3.374,73.006,2.53,0.41131,69.632
3315,04/26/2026 13:17:48,3.415,73.064,2.42,0.41546,69.649
3316,04/26/2026 13:27:48,3.409,73.067,2.20,0.41490,69.658
3317,04/26/2026 13:37:48,3.435,73.053,2.10,0.41750,69.618
3318,04/26/2026 13:47:48,3.431,73.042,2.42,0.41708,69.611
3319,04/26/2026 13:57:48,3.459,73.081,2.95,0.41996,69.622
3320,04/26/2026 14:07:48,3.441,73.088,3.38,0.41813,69.647
3321,04/26/2026 14:17:48,3.457,73.094,3.59,0.41975,69.637
3322,04/26/2026 14:27:48,3.464,73.091,3.69,0.42038,69.627
3323,04/26/2026 14:37:48,3.424,73.038,3.90,0.41638,69.614
3324,04/26/2026 14:47:48,3.468,73.071,4.22,0.42095,69.603
3325,04/26/2026 14:57:48,3.480,73.063,4.32,0.42215,69.583
3326,04/26/2026 15:07:48,3.517,73.110,4.53,0.42587,69.593
3327,04/26/2026 15:17:48,3.488,73.083,4.53,0.42292,69.595
3328,04/26/2026 15:27:48,3.476,73.066,4.74,0.42173,69.590
3329,04/26/2026 15:37:48,3.492,73.086,5.05,0.42335,69.594
3330,04/26/2026 15:47:48,3.487,73.064,5.05,0.42279,69.577
3331,04/26/2026 15:57:48,3.493,73.050,5.05,0.42342,69.557
3332,04/26/2026 16:07:48,3.498,73.046,5.05,0.42391,69.548
3333,04/26/2026 16:17:48,3.521,73.086,5.05,0.42630,69.565
3334,04/26/2026 16:27:48,3.515,73.063,4.94,0.42567,69.548
3335,04/26/2026 16:37:48,3.527,73.095,4.94,0.42686,69.568
3336,04/26/2026 16:47:48,3.552,73.135,4.84,0.42939,69.583
3337,04/26/2026 16:57:48,3.548,73.130,4.84,0.42904,69.582
3338,04/26/2026 17:07:48,3.545,73.130,4.84,0.42876,69.585
3339,04/26/2026 17:17:48,3.548,73.148,4.84,0.42904,69.600
3340,04/26/2026 17:27:48,3.555,73.148,4.84,0.42974,69.593
3341,04/26/2026 17:37:48,3.555,73.148,4.84,0.42974,69.593
3342,04/26/2026 17:47:48,3.556,73.162,4.84,0.42981,69.606
3343,04/26/2026 17:57:48,3.566,73.193,4.74,0.43087,69.627
3344,04/26/2026 18:07:48,3.541,73.178,4.63,0.42834,69.637
3345,04/26/2026 18:17:48,3.566,73.218,4.43,0.43087,69.652
3346,04/26/2026 18:27:48,3.567,73.234,4.11,0.43093,69.667
3347,04/26/2026 18:37:48,3.574,73.233,4.01,0.43171,69.659
3348,04/26/2026 18:47:48,3.576,73.250,3.90,0.43192,69.674
3349,04/26/2026 18:57:48,3.564,73.236,3.80,0.43065,69.672
3350,04/26/2026 19:07:48,3.573,73.250,3.80,0.43156,69.677
3351,04/26/2026 19:17:48,3.565,73.271,3.59,0.43072,69.706
3352,04/26/2026 19:27:48,3.578,73.288,3.48,0.43213,69.710
3353,04/26/2026 19:37:48,3.533,73.247,3.38,0.42748,69.714
3354,04/26/2026 19:47:48,3.549,73.259,3.16,0.42910,69.710
3355,04/26/2026 19:57:48,3.519,73.218,3.06,0.42601,69.699
3356,04/26/2026 20:07:48,3.515,73.235,2.95,0.42566,69.720
3357,04/26/2026 20:17:48,3.508,73.248,2.85,0.42495,69.740
3358,04/26/2026 20:27:48,3.519,73.255,2.53,0.42608,69.736
3359,04/26/2026 20:37:48,3.524,73.272,2.31,0.42657,69.748
3360,04/26/2026 20:47:48,3.535,73.294,2.31,0.42770,69.759
3361,04/26/2026 20:57:48,3.524,73.306,2.10,0.42664,69.782
3362,04/26/2026 21:07:48,3.515,73.320,2.10,0.42566,69.805
3363,04/26/2026 21:17:48,3.509,73.310,1.88,0.42503,69.801
3364,04/26/2026 21:27:48,3.483,73.287,1.88,0.42243,69.804
3365,04/26/2026 21:37:48,3.504,73.309,1.77,0.42454,69.805
3366,04/26/2026 21:47:48,3.486,73.295,1.67,0.42271,69.809
3367,04/26/2026 21:57:48,3.474,73.308,1.56,0.42144,69.834
3368,04/26/2026 22:07:48,3.493,73.330,1.45,0.42341,69.837
3369,04/26/2026 22:17:48,3.487,73.328,1.23,0.42285,69.841
3370,04/26/2026 22:27:48,3.485,73.310,1.12,0.42257,69.825
3371,04/26/2026 22:37:48,3.465,73.296,1.12,0.42060,69.831
3372,04/26/2026 22:47:48,3.412,73.259,1.01,0.41519,69.847
3373,04/26/2026 22:57:48,3.466,73.299,0.90,0.42075,69.833
3374,04/26/2026 23:07:48,3.454,73.286,0.90,0.41941,69.832
3375,04/26/2026 23:17:48,3.412,73.244,0.79,0.41519,69.832
3376,04/26/2026 23:27:48,3.400,73.235,0.79,0.41400,69.835
3377,04/26/2026 23:37:48,3.420,73.254,0.79,0.41597,69.834
3378,04/26/2026 23:47:48,3.403,73.239,0.68,0.41428,69.836
3379,04/26/2026 23:57:48,3.415,73.243,0.57,0.41548,69.828
3380,04/27/2026 00:07:48,3.392,73.216,0.57,0.41316,69.824
3381,04/27/2026 00:17:48,3.414,73.243,0.57,0.41541,69.829
3382,04/27/2026 00:27:48,3.418,73.256,0.46,0.41583,69.838
3383,04/27/2026 00:37:48,3.381,73.234,0.46,0.41196,69.853
3384,04/27/2026 00:47:48,3.394,73.242,0.35,0.41337,69.848
3385,04/27/2026 00:57:48,3.410,73.250,0.24,0.41499,69.840
3386,04/27/2026 01:07:48,3.402,73.241,0.13,0.41415,69.839
3387,04/27/2026 01:17:48,3.379,73.214,0.24,0.41183,69.835
3388,04/27/2026 01:27:48,3.380,73.219,0.24,0.41190,69.839
3389,04/27/2026 01:37:48,3.367,73.209,0.13,0.41063,69.842
3390,04/27/2026 01:47:48,3.365,73.200,0.13,0.41042,69.835
3391,04/27/2026 01:57:48,3.347,73.182,0.13,0.40852,69.835
3392,04/27/2026 02:07:48,3.318,73.159,0.13,0.40564,69.841
3393,04/27/2026 02:17:48,3.334,73.178,0.13,0.40726,69.843
3394,04/27/2026 02:27:48,3.323,73.164,0.13,0.40613,69.841
3395,04/27/2026 02:37:48,3.344,73.178,0.13,0.40817,69.834
3396,04/27/2026 02:47:48,3.358,73.196,0.13,0.40965,69.838
3397,04/27/2026 02:57:48,3.340,73.168,0.02,0.40782,69.828
3398,04/27/2026 03:07:48,3.331,73.159,0.02,0.40691,69.828
3399,04/27/2026 03:17:48,3.333,73.168,0.02,0.40712,69.835
3400,04/27/2026 03:27:48,3.338,73.181,0.02,0.40768,69.843
3401,04/27/2026 03:37:48,3.338,73.181,0.02,0.40768,69.843
3402,04/27/2026 03:47:48,3.325,73.181,0.02,0.40634,69.856
3403,04/27/2026 03:57:48,3.319,73.181,0.02,0.40571,69.862
3404,04/27/2026 04:07:48,3.314,73.181,0.02,0.40522,69.867
3405,04/27/2026 04:17:48,3.300,73.176,-0.09,0.40382,69.876
3406,04/27/2026 04:27:48,3.295,73.176,-0.09,0.40325,69.881
3407,04/27/2026 04:37:48,3.306,73.185,-0.09,0.40438,69.879
3408,04/27/2026 04:47:48,3.291,73.181,-0.09,0.40283,69.890
3409,04/27/2026 04:57:48,3.278,73.172,-0.09,0.40149,69.894
3410,04/27/2026 05:07:48,3.278,73.172,-0.09,0.40149,69.894
3411,04/27/2026 05:17:48,3.296,73.185,-0.09,0.40339,69.889
3412,04/27/2026 05:27:48,3.300,73.190,-0.09,0.40374,69.890
3413,04/27/2026 05:37:48,3.296,73.199,-0.09,0.40332,69.903
3414,04/27/2026 05:47:48,3.304,73.212,-0.09,0.40424,69.908
3415,04/27/2026 05:57:48,3.295,73.199,-0.09,0.40325,69.904
3416,04/27/2026 06:07:48,3.307,73.212,-0.09,0.40452,69.905
3417,04/27/2026 06:17:48,3.293,73.194,-0.09,0.40311,69.901
3418,04/27/2026 06:27:48,3.327,73.253,-0.09,0.40656,69.926
3419,04/27/2026 06:37:48,3.307,73.235,-0.09,0.40452,69.928
3420,04/27/2026 06:47:48,3.311,73.235,-0.09,0.40487,69.924
3421,04/27/2026 06:57:48,3.307,73.244,-0.09,0.40452,69.937
3422,04/27/2026 07:07:48,3.321,73.280,-0.09,0.40592,69.959
3423,04/27/2026 07:17:48,3.297,73.272,0.02,0.40346,69.975
3424,04/27/2026 07:27:48,3.311,73.294,0.02,0.40494,69.983
3425,04/27/2026 07:37:48,3.306,73.290,0.02,0.40438,69.984
3426,04/27/2026 07:47:48,3.329,73.326,0.02,0.40670,69.997
3427,04/27/2026 07:57:48,3.304,73.313,0.13,0.40416,70.009
3428,04/27/2026 08:07:48,3.336,73.363,0.13,0.40740,70.027
3429,04/27/2026 08:17:48,3.356,73.381,0.13,0.40944,70.025
3430,04/27/2026 08:27:48,3.346,73.381,0.13,0.40845,70.035
3431,04/27/2026 08:37:48,3.342,73.386,0.24,0.40803,70.044
3432,04/27/2026 08:47:48,3.400,73.450,0.35,0.41393,70.050
3433,04/27/2026 08:57:48,3.405,73.464,0.35,0.41443,70.059
3434,04/27/2026 09:07:48,3.428,73.496,0.46,0.41681,70.068
3435,04/27/2026 09:17:48,3.413,73.482,0.46,0.41534,70.069
3436,04/27/2026 09:27:48,3.423,73.506,0.57,0.41625,70.083
3437,04/27/2026 09:37:48,3.374,73.456,0.57,0.41126,70.082
3438,04/27/2026 09:47:48,3.380,73.479,0.68,0.41189,70.099
3439,04/27/2026 09:57:48,3.358,73.465,0.68,0.40971,70.107
3440,04/27/2026 10:07:48,3.391,73.502,0.79,0.41308,70.111
3441,04/27/2026 10:17:48,3.356,73.471,0.90,0.40950,70.115
3442,04/27/2026 10:27:48,3.374,73.499,1.01,0.41132,70.125
3443,04/27/2026 10:37:48,3.394,73.527,1.12,0.41329,70.133
3444,04/27/2026 10:47:48,3.385,73.528,1.34,0.41244,70.143
3445,04/27/2026 10:57:48,3.402,73.542,1.45,0.41420,70.140
3446,04/27/2026 11:07:48,3.400,73.547,1.56,0.41399,70.147
3447,04/27/2026 11:17:48,3.404,73.553,1.67,0.41434,70.149
3448,04/27/2026 11:27:48,3.422,73.571,1.67,0.41617,70.149
3449,04/27/2026 11:37:48,3.429,73.571,1.67,0.41687,70.142
3450,04/27/2026 11:47:48,3.417,73.563,1.88,0.41568,70.146
3451,04/27/2026 11:57:48,3.409,73.551,2.10,0.41483,70.142
3452,04/27/2026 12:07:48,3.432,73.569,2.20,0.41722,70.137
3453,04/27/2026 12:17:48,3.430,73.566,2.42,0.41701,70.136
3454,04/27/2026 12:27:48,3.420,73.559,2.63,0.41595,70.139
3455,04/27/2026 12:37:48,3.406,73.547,2.95,0.41455,70.141
3456,04/27/2026 12:47:48,3.392,73.552,3.06,0.41314,70.160
3457,04/27/2026 12:57:48,3.416,73.563,3.38,0.41560,70.147
3458,04/27/2026 13:07:48,3.413,73.566,3.69,0.41525,70.153
3459,04/27/2026 13:17:48,3.415,73.559,4.11,0.41553,70.144
3460,04/27/2026 13:27:48,3.406,73.557,4.43,0.41455,70.151
3461,04/27/2026 13:37:48,3.440,73.587,4.84,0.41807,70.147
3462,04/27/2026 13:47:48,3.447,73.599,5.25,0.41878,70.152
3463,04/27/2026 13:57:48,3.451,73.602,5.67,0.41921,70.151
3464,04/27/2026 14:07:48,3.464,73.604,5.87,0.42048,70.140
3465,04/27/2026 14:17:48,3.499,73.633,6.18,0.42414,70.134
3466,04/27/2026 14:27:48,3.503,73.640,6.48,0.42449,70.137
3467,04/27/2026 14:37:48,3.503,73.644,6.89,0.42443,70.141
3468,04/27/2026 14:47:48,3.526,73.659,7.09,0.42683,70.133
3469,04/27/2026 14:57:48,3.520,73.647,7.29,0.42620,70.127
3470,04/27/2026 15:07:48,3.555,73.680,7.49,0.42979,70.125
3471,04/27/2026 15:17:48,3.598,73.714,7.79,0.43423,70.116
3472,04/27/2026 15:27:48,3.607,73.721,7.99,0.43508,70.114
3473,04/27/2026 15:37:48,3.642,73.750,8.29,0.43874,70.108
3474,04/27/2026 15:47:48,3.675,73.778,8.39,0.44212,70.103
3475,04/27/2026 15:57:48,3.703,73.793,8.49,0.44487,70.090
3476,04/27/2026 16:07:48,3.709,73.804,8.69,0.44551,70.095
3477,04/27/2026 16:17:48,3.739,73.853,8.69,0.44867,70.114
3478,04/27/2026 16:27:48,3.785,73.915,8.49,0.45331,70.130
3479,04/27/2026 16:37:48,3.807,73.946,8.39,0.45548,70.139
3480,04/27/2026 16:47:48,3.805,73.962,8.19,0.45534,70.157
3481,04/27/2026 16:57:48,3.837,73.984,8.09,0.45857,70.147
3482,04/27/2026 17:07:48,3.864,73.997,7.99,0.46131,70.133
3483,04/27/2026 17:17:48,3.892,74.038,7.99,0.46412,70.146
3484,04/27/2026 17:27:48,3.887,74.064,7.89,0.46370,70.177
3485,04/27/2026 17:37:48,3.858,74.000,7.79,0.46067,70.142
3486,04/27/2026 17:47:48,3.886,74.022,7.79,0.46362,70.136
3487,04/27/2026 17:57:48,3.890,74.030,7.59,0.46397,70.140
3488,04/27/2026 18:07:48,3.887,74.018,7.29,0.46368,70.131
3489,04/27/2026 18:17:48,3.908,74.044,7.09,0.46579,70.136
3490,04/27/2026 18:27:48,3.853,73.992,6.89,0.46023,70.139
3491,04/27/2026 18:37:48,3.848,73.982,6.68,0.45959,70.134
3492,04/27/2026 18:47:48,3.840,73.975,6.48,0.45888,70.135
3493,04/27/2026 18:57:48,3.843,73.978,6.28,0.45916,70.135
3494,04/27/2026 19:07:48,3.834,73.972,6.07,0.45824,70.138
3495,04/27/2026 19:17:48,3.816,74.002,5.87,0.45641,70.186
3496,04/27/2026 19:27:48,3.843,74.019,5.67,0.45915,70.176
3497,04/27/2026 19:37:48,3.800,73.981,5.46,0.45478,70.181
3498,04/27/2026 19:47:48,3.774,73.980,5.25,0.45204,70.206
3499,04/27/2026 19:57:48,3.766,73.987,5.05,0.45126,70.221
3500,04/27/2026 20:07:48,3.783,73.990,4.84,0.45302,70.207
3501,04/27/2026 20:17:48,3.740,73.994,4.74,0.44859,70.254
3502,04/27/2026 20:27:48,3.757,74.020,4.53,0.45027,70.263
3503,04/27/2026 20:37:48,3.745,73.981,4.22,0.44915,70.236
3504,04/27/2026 20:47:48,3.742,73.976,4.11,0.44879,70.234
3505,04/27/2026 20:57:48,3.737,73.988,3.90,0.44830,70.251
3506,04/27/2026 21:07:48,3.706,73.978,3.80,0.44513,70.272
3507,04/27/2026 21:17:48,3.710,73.990,3.59,0.44556,70.280
3508,04/27/2026 21:27:48,3.742,74.017,3.48,0.44879,70.275
3509,04/27/2026 21:37:48,3.675,73.962,3.38,0.44197,70.287
3510,04/27/2026 21:47:48,3.684,73.997,3.27,0.44288,70.313
3511,04/27/2026 21:57:48,3.700,73.996,3.16,0.44457,70.296
3512,04/27/2026 22:07:48,3.678,73.986,2.95,0.44232,70.308
3513,04/27/2026 22:17:48,3.652,73.958,2.85,0.43965,70.306
3514,04/27/2026 22:27:48,3.683,73.975,2.63,0.44281,70.292
3515,04/27/2026 22:37:48,3.640,73.929,2.53,0.43838,70.289
3516,04/27/2026 22:47:48,3.637,73.915,2.42,0.43810,70.278
3517,04/27/2026 22:57:48,3.631,73.919,2.31,0.43747,70.288
3518,04/27/2026 23:07:48,3.596,73.886,2.20,0.43395,70.290
3519,04/27/2026 23:17:48,3.605,73.886,2.10,0.43480,70.281
3520,04/27/2026 23:27:48,3.575,73.858,1.99,0.43178,70.283
3521,04/27/2026 23:37:48,3.594,73.871,1.88,0.43368,70.277
3522,04/27/2026 23:47:48,3.608,73.879,1.77,0.43515,70.271
3523,04/27/2026 23:57:48,3.588,73.856,1.67,0.43304,70.268
3524,04/28/2026 00:07:48,3.571,73.832,1.56,0.43143,70.261
3525,04/28/2026 00:17:48,3.563,73.818,1.45,0.43059,70.255
3526,04/28/2026 00:27:48,3.563,73.818,1.34,0.43052,70.255
3527,04/28/2026 00:37:48,3.561,73.812,1.23,0.43038,70.251
3528,04/28/2026 00:47:48,3.568,73.812,1.12,0.43108,70.244
3529,04/28/2026 00:57:48,3.548,73.788,1.01,0.42911,70.240
3530,04/28/2026 01:07:48,3.540,73.779,1.01,0.42827,70.239
3531,04/28/2026 01:17:48,3.517,73.756,0.90,0.42588,70.239
3532,04/28/2026 01:27:48,3.529,73.756,0.79,0.42708,70.227
3533,04/28/2026 01:37:48,3.505,73.723,0.68,0.42469,70.218
3534,04/28/2026 01:47:48,3.505,73.723,0.57,0.42462,70.218
3535,04/28/2026 01:57:48,3.451,73.664,0.57,0.41913,70.213
3536,04/28/2026 02:07:48,3.437,73.641,0.46,0.41766,70.204
3537,04/28/2026 02:17:48,3.414,73.613,0.35,0.41534,70.199
3538,04/28/2026 02:27:48,3.382,73.568,0.35,0.41211,70.186
3539,04/28/2026 02:37:48,3.364,73.540,0.24,0.41028,70.176
3540,04/28/2026 02:47:48,3.365,73.535,0.24,0.41042,70.170
3541,04/28/2026 02:57:48,3.342,73.512,0.13,0.40803,70.170
3542,04/28/2026 03:07:48,3.320,73.494,0.13,0.40578,70.174
3543,04/28/2026 03:17:48,3.316,73.493,0.02,0.40543,70.177
3544,04/28/2026 03:27:48,3.297,73.471,0.02,0.40346,70.174
3545,04/28/2026 03:37:48,3.263,73.435,0.02,0.39995,70.172
3546,04/28/2026 03:47:48,3.244,73.420,-0.09,0.39812,70.176
3547,04/28/2026 03:57:48,3.208,73.375,-0.09,0.39439,70.167
3548,04/28/2026 04:07:48,3.226,73.393,-0.09,0.39622,70.167
3549,04/28/2026 04:17:48,3.193,73.362,-0.09,0.39285,70.169
3550,04/28/2026 04:27:48,3.167,73.348,-0.09,0.39024,70.181
3551,04/28/2026 04:37:48,3.156,73.335,-0.09,0.38905,70.179
3552,04/28/2026 04:47:48,3.152,73.330,-0.09,0.38870,70.178
3553,04/28/2026 04:57:48,3.133,73.316,-0.09,0.38680,70.183
3554,04/28/2026 05:07:48,3.122,73.307,-0.09,0.38567,70.185
3555,04/28/2026 05:17:48,3.137,73.329,-0.20,0.38715,70.192
3556,04/28/2026 05:27:48,3.148,73.329,-0.20,0.38828,70.181
3557,04/28/2026 05:37:48,3.228,73.415,-0.20,0.39643,70.187
3558,04/28/2026 05:47:48,3.315,73.506,-0.20,0.40529,70.191
3559,04/28/2026 05:57:48,3.365,73.551,-0.20,0.41043,70.186
3560,04/28/2026 06:07:48,3.411,73.619,-0.20,0.41507,70.208
3561,04/28/2026 06:17:48,3.459,73.669,-0.20,0.41992,70.210
3562,04/28/2026 06:27:48,3.470,73.683,-0.09,0.42104,70.213
3563,04/28/2026 06:37:48,3.494,73.705,-0.20,0.42351,70.211
3564,04/28/2026 06:47:48,3.528,73.769,-0.09,0.42695,70.241
3565,04/28/2026 06:57:48,3.510,73.764,-0.09,0.42519,70.254
3566,04/28/2026 07:07:48,3.501,73.782,-0.09,0.42428,70.281
3567,04/28/2026 07:17:48,3.533,73.827,-0.09,0.42758,70.294
3568,04/28/2026 07:27:48,3.537,73.837,-0.09,0.42786,70.300
3569,04/28/2026 07:37:48,3.556,73.886,-0.09,0.42990,70.330
3570,04/28/2026 07:47:48,3.512,73.846,-0.09,0.42533,70.334
3571,04/28/2026 07:57:48,3.432,73.769,-0.09,0.41718,70.337
3572,04/28/2026 08:07:48,3.261,73.601,-0.09,0.39981,70.340
3573,04/28/2026 08:17:48,3.171,73.521,0.02,0.39059,70.350
3574,04/28/2026 08:27:48,3.199,73.548,0.13,0.39347,70.349
3575,04/28/2026 08:37:48,3.215,73.572,0.24,0.39502,70.357
3576,04/28/2026 08:47:48,3.241,73.608,0.24,0.39769,70.367
3577,04/28/2026 08:57:48,3.275,73.639,0.24,0.40121,70.364
3578,04/28/2026 09:07:48,3.318,73.689,0.24,0.40557,70.371
3579,04/28/2026 09:17:48,3.381,73.758,0.35,0.41196,70.377
3580,04/28/2026 09:27:48,3.399,73.789,0.35,0.41386,70.390
3581,04/28/2026 09:37:48,3.428,73.827,0.57,0.41674,70.399
3582,04/28/2026 09:47:48,3.471,73.886,0.68,0.42117,70.415
3583,04/28/2026 09:57:48,3.607,74.026,0.57,0.43502,70.419
3584,04/28/2026 10:07:48,3.743,74.162,0.68,0.44895,70.419
3585,04/28/2026 10:17:48,3.824,74.244,0.79,0.45717,70.420
3586,04/28/2026 10:27:48,3.800,74.231,0.90,0.45478,70.431
3587,04/28/2026 10:37:48,3.773,74.218,0.90,0.45197,70.445
3588,04/28/2026 10:47:48,3.707,74.155,1.01,0.44522,70.448
3589,04/28/2026 10:57:48,3.627,74.088,1.12,0.43706,70.461
3590,04/28/2026 11:07:48,3.578,74.035,1.45,0.43213,70.457
3591,04/28/2026 11:17:48,3.557,74.028,1.77,0.42995,70.471
3592,04/28/2026 11:27:48,3.530,73.998,1.99,0.42721,70.468
3593,04/28/2026 11:37:48,3.520,73.981,2.20,0.42622,70.461
3594,04/28/2026 11:47:48,3.537,74.001,2.42,0.42784,70.464
3595,04/28/2026 11:57:48,3.549,74.012,2.85,0.42917,70.463
3596,04/28/2026 12:07:48,3.529,74.003,2.85,0.42713,70.474
3597,04/28/2026 12:17:48,3.534,74.000,3.06,0.42762,70.466
3598,04/28/2026 12:27:48,3.524,73.993,3.27,0.42657,70.469
3599,04/28/2026 12:37:48,3.565,74.058,3.59,0.43079,70.493
3600,04/28/2026 12:47:48,3.564,74.048,4.11,0.43065,70.484
3601,04/28/2026 12:57:48,3.608,74.104,4.32,0.43515,70.496
3602,04/28/2026 13:07:48,3.596,74.084,4.74,0.43396,70.488
3603,04/28/2026 13:17:48,3.607,74.106,5.25,0.43509,70.499
3604,04/28/2026 13:27:48,3.627,74.131,5.56,0.43714,70.504
3605,04/28/2026 13:37:48,3.665,74.174,5.77,0.44094,70.509
3606,04/28/2026 13:47:48,3.704,74.211,5.87,0.44495,70.507
3607,04/28/2026 13:57:48,3.714,74.227,6.28,0.44601,70.513
3608,04/28/2026 14:07:48,3.736,74.261,6.48,0.44819,70.525
3609,04/28/2026 14:17:48,3.740,74.267,6.68,0.44862,70.527
3610,04/28/2026 14:27:48,3.785,74.320,7.09,0.45327,70.535
3611,04/28/2026 14:37:48,3.779,74.318,7.39,0.45264,70.539
3612,04/28/2026 14:47:48,3.843,74.375,7.69,0.45919,70.532
3613,04/28/2026 14:57:48,3.813,74.364,7.99,0.45611,70.551
3614,04/28/2026 15:07:48,3.814,74.356,8.09,0.45618,70.542
3615,04/28/2026 15:17:48,3.892,74.430,8.29,0.46420,70.538
3616,04/28/2026 15:27:48,3.912,74.452,8.19,0.46617,70.540
3617,04/28/2026 15:37:48,3.920,74.456,8.19,0.46708,70.536
3618,04/28/2026 15:47:48,3.931,74.470,8.19,0.46814,70.539
3619,04/28/2026 15:57:48,3.936,74.474,8.19,0.46870,70.538
3620,04/28/2026 16:07:48,3.975,74.503,8.39,0.47264,70.528
3621,04/28/2026 16:17:48,3.987,74.518,8.59,0.47392,70.531
3622,04/28/2026 16:27:48,3.973,74.501,8.69,0.47251,70.528
3623,04/28/2026 16:37:48,4.008,74.541,8.59,0.47603,70.533
3624,04/28/2026 16:47:48,3.991,74.533,8.69,0.47427,70.542
3625,04/28/2026 16:57:48,3.982,74.542,8.69,0.47336,70.560
3626,04/28/2026 17:07:48,3.975,74.524,8.69,0.47265,70.549
3627,04/28/2026 17:17:48,3.996,74.555,8.59,0.47476,70.559
3628,04/28/2026 17:27:48,3.965,74.527,8.49,0.47159,70.562
3629,04/28/2026 17:37:48,3.926,74.489,8.29,0.46765,70.563
3630,04/28/2026 17:47:48,3.974,74.565,8.19,0.47257,70.591
3631,04/28/2026 17:57:48,3.984,74.573,8.09,0.47355,70.589
3632,04/28/2026 18:07:48,3.945,74.540,7.99,0.46961,70.595
3633,04/28/2026 18:17:48,3.917,74.516,7.79,0.46672,70.599
3634,04/28/2026 18:27:48,3.936,74.542,7.69,0.46869,70.606
3635,04/28/2026 18:37:48,3.990,74.595,7.49,0.47417,70.605
3636,04/28/2026 18:47:48,3.937,74.548,7.29,0.46875,70.611
3637,04/28/2026 18:57:48,3.931,74.542,7.09,0.46811,70.611
3638,04/28/2026 19:07:48,3.952,74.558,6.89,0.47028,70.606
3639,04/28/2026 19:17:48,3.951,74.560,6.58,0.47020,70.609
3640,04/28/2026 19:27:48,3.922,74.527,6.38,0.46718,70.605
3641,04/28/2026 19:37:48,3.936,74.544,6.18,0.46858,70.608
3642,04/28/2026 19:47:48,3.896,74.506,5.97,0.46450,70.610
3643,04/28/2026 19:57:48,3.870,74.476,5.67,0.46189,70.606
3644,04/28/2026 20:07:48,3.875,74.484,5.46,0.46238,70.609
3645,04/28/2026 20:17:48,3.859,74.473,5.25,0.46076,70.614
3646,04/28/2026 20:27:48,3.830,74.453,5.05,0.45787,70.623
3647,04/28/2026 20:37:48,3.858,74.497,4.84,0.46068,70.639
3648,04/28/2026 20:47:48,3.825,74.478,4.63,0.45731,70.652
3649,04/28/2026 20:57:48,3.814,74.481,4.43,0.45611,70.667
3650,04/28/2026 21:07:48,3.808,74.484,4.22,0.45547,70.676
3651,04/28/2026 21:17:48,3.822,74.500,4.01,0.45702,70.678
3652,04/28/2026 21:27:48,3.793,74.490,3.80,0.45399,70.697
3653,04/28/2026 21:37:48,3.764,74.462,3.69,0.45104,70.698
3654,04/28/2026 21:47:48,3.745,74.447,3.48,0.44907,70.702
3655,04/28/2026 21:57:48,3.747,74.441,3.27,0.44928,70.694
3656,04/28/2026 22:07:48,3.779,74.472,3.16,0.45259,70.693
3657,04/28/2026 22:17:48,3.743,74.434,2.95,0.44893,70.691
3658,04/28/2026 22:27:48,3.700,74.397,2.85,0.44457,70.697
3659,04/28/2026 22:37:48,3.732,74.424,2.74,0.44773,70.692
3660,04/28/2026 22:47:48,3.736,74.431,2.53,0.44823,70.695
3661,04/28/2026 22:57:48,3.677,74.367,2.42,0.44218,70.690
3662,04/28/2026 23:07:48,3.701,74.380,2.31,0.44464,70.679
3663,04/28/2026 23:17:48,3.667,74.343,2.20,0.44120,70.676
3664,04/28/2026 23:27:48,3.650,74.324,2.10,0.43944,70.674
3665,04/28/2026 23:37:48,3.658,74.324,1.99,0.44021,70.666
3666,04/28/2026 23:47:48,3.640,74.305,1.88,0.43839,70.665
3667,04/28/2026 23:57:48,3.629,74.304,1.77,0.43733,70.675
3668,04/29/2026 00:07:48,3.618,74.286,1.67,0.43614,70.668
3669,04/29/2026 00:17:48,3.638,74.298,1.56,0.43825,70.660
3670,04/29/2026 00:27:48,3.598,74.262,1.45,0.43410,70.664
3671,04/29/2026 00:37:48,3.592,74.252,1.34,0.43354,70.660
3672,04/29/2026 00:47:48,3.566,74.224,1.23,0.43087,70.658
3673,04/29/2026 00:57:48,3.560,74.219,1.12,0.43024,70.659
3674,04/29/2026 01:07:48,3.540,74.200,1.01,0.42827,70.660
3675,04/29/2026 01:17:48,3.539,74.191,1.01,0.42813,70.652
3676,04/29/2026 01:27:48,3.542,74.195,0.90,0.42841,70.653
3677,04/29/2026 01:37:48,3.532,74.172,0.79,0.42736,70.640
3678,04/29/2026 01:47:48,3.537,74.176,0.79,0.42792,70.639
3679,04/29/2026 01:57:48,3.523,74.157,0.68,0.42652,70.634
3680,04/29/2026 02:07:48,3.505,74.130,0.57,0.42462,70.625
3681,04/29/2026 02:17:48,3.490,74.112,0.57,0.42307,70.622
3682,04/29/2026 02:27:48,3.484,74.097,0.46,0.42258,70.613
3683,04/29/2026 02:37:48,3.448,74.052,0.35,0.41879,70.604
3684,04/29/2026 02:47:48,3.422,74.015,0.35,0.41625,70.593
3685,04/29/2026 02:57:48,3.404,74.001,0.24,0.41436,70.597
3686,04/29/2026 03:07:48,3.372,73.956,0.24,0.41112,70.584
3687,04/29/2026 03:17:48,3.339,73.924,0.13,0.40768,70.585
3688,04/29/2026 03:27:48,3.307,73.887,0.13,0.40451,70.580
3689,04/29/2026 03:37:48,3.298,73.878,0.13,0.40360,70.580
3690,04/29/2026 03:47:48,3.249,73.824,0.02,0.39854,70.575
3691,04/29/2026 03:57:48,3.245,73.815,0.02,0.39812,70.570
3692,04/29/2026 04:07:48,3.224,73.792,0.02,0.39601,70.568
3693,04/29/2026 04:17:48,3.227,73.796,0.02,0.39636,70.569
3694,04/29/2026 04:27:48,3.195,73.756,0.02,0.39305,70.561
3695,04/29/2026 04:37:48,3.180,73.747,0.02,0.39151,70.567
3696,04/29/2026 04:47:48,3.173,73.728,-0.09,0.39081,70.555
3697,04/29/2026 04:57:48,3.149,73.705,-0.09,0.38842,70.556
3698,04/29/2026 05:07:48,3.136,73.687,-0.09,0.38708,70.551
3699,04/29/2026 05:17:48,3.147,73.701,-0.09,0.38813,70.554
3700,04/29/2026 05:27:48,3.133,73.687,-0.09,0.38673,70.554
3701,04/29/2026 05:37:48,3.155,73.710,-0.09,0.38898,70.555
3702,04/29/2026 05:47:48,3.145,73.692,-0.09,0.38792,70.547
3703,04/29/2026 05:57:48,3.152,73.701,-0.09,0.38863,70.549
3704,04/29/2026 06:07:48,3.132,73.683,-0.09,0.38659,70.551
3705,04/29/2026 06:17:48,3.153,73.710,-0.09,0.38877,70.557
3706,04/29/2026 06:27:48,3.148,73.710,-0.09,0.38827,70.562
3707,04/29/2026 06:37:48,3.133,73.696,-0.09,0.38673,70.563
3708,04/29/2026 06:47:48,3.142,73.705,-0.09,0.38771,70.563
3709,04/29/2026 06:57:48,3.141,73.710,-0.09,0.38750,70.569
3710,04/29/2026 07:07:48,3.135,73.710,-0.09,0.38694,70.575
3711,04/29/2026 07:17:48,3.135,73.710,-0.09,0.38694,70.575
3712,04/29/2026 07:27:48,3.169,73.746,-0.09,0.39038,70.577
3713,04/29/2026 07:37:48,3.187,73.769,-0.09,0.39221,70.582
3714,04/29/2026 07:47:48,3.183,73.764,-0.09,0.39186,70.581
3715,04/29/2026 07:57:48,3.188,73.769,0.02,0.39235,70.581
3716,04/29/2026 08:07:48,3.184,73.769,0.02,0.39193,70.585
3717,04/29/2026 08:17:48,3.187,73.770,0.13,0.39221,70.583
3718,04/29/2026 08:27:48,3.229,73.798,0.24,0.39650,70.569
3719,04/29/2026 08:37:48,3.240,73.816,0.35,0.39769,70.576
3720,04/29/2026 08:47:48,3.330,73.898,0.46,0.40683,70.568
3721,04/29/2026 08:57:48,3.393,73.962,0.57,0.41330,70.569
3722,04/29/2026 09:07:48,3.499,74.058,0.68,0.42405,70.559
3723,04/29/2026 09:17:48,3.640,74.194,0.79,0.43847,70.554
3724,04/29/2026 09:27:48,3.684,74.227,0.90,0.44290,70.543
3725,04/29/2026 09:37:48,3.680,74.223,1.01,0.44247,70.543
3726,04/29/2026 09:47:48,3.671,74.223,1.01,0.44156,70.552
3727,04/29/2026 09:57:48,3.619,74.164,1.01,0.43629,70.545
3728,04/29/2026 10:07:48,3.524,74.079,1.12,0.42658,70.555
3729,04/29/2026 10:17:48,3.491,74.061,1.23,0.42327,70.570
3730,04/29/2026 10:27:48,3.428,73.995,1.45,0.41673,70.567
3731,04/29/2026 10:37:48,3.464,74.027,1.56,0.42046,70.563
3732,04/29/2026 10:47:48,3.439,74.010,1.77,0.41793,70.571
3733,04/29/2026 10:57:48,3.431,73.993,1.88,0.41708,70.562
3734,04/29/2026 11:07:48,3.462,74.016,1.99,0.42024,70.554
3735,04/29/2026 11:17:48,3.451,74.001,2.42,0.41912,70.550
3736,04/29/2026 11:27:48,3.474,74.062,2.74,0.42144,70.588
3737,04/29/2026 11:37:48,3.459,74.043,2.63,0.41989,70.584
3738,04/29/2026 11:47:48,3.455,74.016,2.74,0.41954,70.561
3739,04/29/2026 11:57:48,3.478,74.039,2.74,0.42186,70.561
3740,04/29/2026 12:07:48,3.485,74.021,2.74,0.42256,70.536
3741,04/29/2026 12:17:48,3.474,74.008,2.85,0.42151,70.534
3742,04/29/2026 12:27:48,3.495,74.029,3.27,0.42362,70.534
3743,04/29/2026 12:37:48,3.492,74.003,3.48,0.42334,70.511
3744,04/29/2026 12:47:48,3.513,74.005,3.69,0.42545,70.492
3745,04/29/2026 12:57:48,3.507,74.014,4.32,0.42482,70.507
3746,04/29/2026 13:07:48,3.523,74.008,4.84,0.42651,70.485
3747,04/29/2026 13:17:48,3.553,74.066,5.25,0.42954,70.513
3748,04/29/2026 13:27:48,3.573,74.078,5.67,0.43158,70.505
3749,04/29/2026 13:37:48,3.529,74.008,6.07,0.42716,70.479
3750,04/29/2026 13:47:48,3.606,74.091,6.18,0.43497,70.485
3751,04/29/2026 13:57:48,3.578,74.081,6.07,0.43208,70.503
3752,04/29/2026 14:07:48,3.582,74.077,6.18,0.43251,70.495
3753,04/29/2026 14:17:48,3.575,74.071,6.48,0.43188,70.495
3754,04/29/2026 14:27:48,3.584,74.069,6.89,0.43273,70.485
3755,04/29/2026 14:37:48,3.610,74.077,7.29,0.43541,70.467
3756,04/29/2026 14:47:48,3.615,74.080,7.59,0.43584,70.465
3757,04/29/2026 14:57:48,3.615,74.078,7.89,0.43585,70.463
3758,04/29/2026 15:07:48,3.622,74.072,8.29,0.43663,70.450
3759,04/29/2026 15:17:48,3.613,74.084,8.59,0.43573,70.471
3760,04/29/2026 15:27:48,3.610,74.050,8.89,0.43546,70.440
3761,04/29/2026 15:37:48,3.591,74.029,9.09,0.43349,70.438
3762,04/29/2026 15:47:48,3.604,74.053,9.29,0.43491,70.449
3763,04/29/2026 15:57:48,3.580,74.019,9.48,0.43238,70.439
3764,04/29/2026 16:07:48,3.586,74.021,9.68,0.43302,70.435
3765,04/29/2026 16:17:48,3.585,74.014,9.88,0.43289,70.429
3766,04/29/2026 16:27:48,3.575,74.002,10.08,0.43191,70.427
3767,04/29/2026 16:37:48,3.576,73.999,10.27,0.43206,70.423
3768,04/29/2026 16:47:48,3.559,73.982,10.37,0.43030,70.423
3769,04/29/2026 16:57:48,3.559,73.983,10.47,0.43031,70.424
3770,04/29/2026 17:07:48,3.535,73.969,10.47,0.42784,70.434
3771,04/29/2026 17:17:48,3.536,73.970,10.57,0.42799,70.434
3772,04/29/2026 17:27:48,3.535,73.975,10.57,0.42785,70.440
3773,04/29/2026 17:37:48,3.519,73.966,10.57,0.42616,70.447
3774,04/29/2026 17:47:48,3.526,73.973,10.37,0.42693,70.447
3775,04/29/2026 17:57:48,3.528,73.985,10.27,0.42720,70.457
3776,04/29/2026 18:07:48,3.513,73.967,10.27,0.42566,70.454
3777,04/29/2026 18:17:48,3.525,73.984,10.08,0.42678,70.459
3778,04/29/2026 18:27:48,3.526,73.992,9.98,0.42691,70.466
3779,04/29/2026 18:37:48,3.531,73.995,9.88,0.42747,70.464
3780,04/29/2026 18:47:48,3.541,74.003,9.68,0.42838,70.462
3781,04/29/2026 18:57:48,3.556,74.019,9.48,0.42999,70.463
3782,04/29/2026 19:07:48,3.553,74.022,9.29,0.42963,70.469
3783,04/29/2026 19:17:48,3.583,74.074,9.09,0.43272,70.491
3784,04/29/2026 19:27:48,3.563,74.045,8.89,0.43067,70.482
3785,04/29/2026 19:37:48,3.559,74.047,8.59,0.43024,70.488
3786,04/29/2026 19:47:48,3.596,74.091,8.39,0.43396,70.495
3787,04/29/2026 19:57:48,3.620,74.120,8.09,0.43642,70.500
3788,04/29/2026 20:07:48,3.616,74.127,7.89,0.43606,70.511
3789,04/29/2026 20:17:48,3.612,74.130,7.69,0.43563,70.518
3790,04/29/2026 20:27:48,3.579,74.106,7.49,0.43225,70.527
3791,04/29/2026 20:37:48,3.570,74.108,7.19,0.43133,70.538
3792,04/29/2026 20:47:48,3.586,74.115,6.99,0.43301,70.529
3793,04/29/2026 20:57:48,3.575,74.123,6.79,0.43181,70.548
3794,04/29/2026 21:07:48,3.573,74.129,6.48,0.43167,70.556
3795,04/29/2026 21:17:48,3.600,74.164,6.28,0.43434,70.564
3796,04/29/2026 21:27:48,3.592,74.167,6.07,0.43356,70.575
3797,04/29/2026 21:37:48,3.587,74.161,5.87,0.43299,70.574
3798,04/29/2026 21:47:48,3.589,74.177,5.67,0.43327,70.588
3799,04/29/2026 21:57:48,3.558,74.144,5.46,0.43010,70.586
3800,04/29/2026 22:07:48,3.578,74.165,5.25,0.43214,70.587
3801,04/29/2026 22:17:48,3.581,74.164,5.05,0.43235,70.583
3802,04/29/2026 22:27:48,3.553,74.136,4.94,0.42953,70.583
3803,04/29/2026 22:37:48,3.569,74.148,4.74,0.43115,70.579
3804,04/29/2026 22:47:48,3.522,74.074,4.53,0.42637,70.552
3805,04/29/2026 22:57:48,3.552,74.096,4.43,0.42939,70.544
3806,04/29/2026 23:07:48,3.526,74.058,4.22,0.42679,70.532
3807,04/29/2026 23:17:48,3.534,74.062,4.11,0.42756,70.528
3808,04/29/2026 23:27:48,3.509,74.029,3.90,0.42503,70.520
3809,04/29/2026 23:37:48,3.513,74.032,3.80,0.42552,70.519
3810,04/29/2026 23:47:48,3.499,74.018,3.69,0.42404,70.519
3811,04/29/2026 23:57:48,3.514,74.036,3.59,0.42552,70.522
3812,04/30/2026 00:07:48,3.494,74.012,3.48,0.42355,70.518
3813,04/30/2026 00:17:48,3.478,73.989,3.38,0.42186,70.511
3814,04/30/2026 00:27:48,3.489,73.997,3.27,0.42305,70.508
3815,04/30/2026 00:37:48,3.474,73.987,3.16,0.42151,70.513
3816,04/30/2026 00:47:48,3.475,73.987,3.16,0.42165,70.512
3817,04/30/2026 00:57:48,3.449,73.960,3.06,0.41891,70.511
3818,04/30/2026 01:07:48,3.483,73.986,2.95,0.42242,70.503
3819,04/30/2026 01:17:48,3.450,73.949,2.85,0.41905,70.499
3820,04/30/2026 01:27:48,3.480,73.976,2.85,0.42214,70.496
3821,04/30/2026 01:37:48,3.452,73.948,2.74,0.41926,70.496
3822,04/30/2026 01:47:48,3.448,73.934,2.63,0.41884,70.486
3823,04/30/2026 01:57:48,3.431,73.920,2.53,0.41708,70.489
3824,04/30/2026 02:07:48,3.439,73.924,2.53,0.41792,70.485
3825,04/30/2026 02:17:48,3.466,73.946,2.42,0.42073,70.480
3826,04/30/2026 02:27:48,3.444,73.914,2.31,0.41842,70.470
3827,04/30/2026 02:37:48,3.442,73.909,2.20,0.41820,70.467
3828,04/30/2026 02:47:48,3.431,73.899,2.10,0.41708,70.468
3829,04/30/2026 02:57:48,3.453,73.917,1.99,0.41926,70.464
3830,04/30/2026 03:07:48,3.431,73.880,1.88,0.41708,70.449
3831,04/30/2026 03:17:48,3.443,73.898,1.88,0.41828,70.455
3832,04/30/2026 03:27:48,3.434,73.874,1.77,0.41743,70.440
3833,04/30/2026 03:37:48,3.413,73.860,1.67,0.41525,70.447
3834,04/30/2026 03:47:48,3.435,73.869,1.56,0.41744,70.434
3835,04/30/2026 03:57:48,3.429,73.860,1.56,0.41687,70.431
3836,04/30/2026 04:07:48,3.393,73.823,1.45,0.41322,70.430
3837,04/30/2026 04:17:48,3.412,73.831,1.34,0.41519,70.419
3838,04/30/2026 04:27:48,3.413,73.830,1.23,0.41533,70.417
3839,04/30/2026 04:37:48,3.388,73.808,1.23,0.41273,70.420
3840,04/30/2026 04:47:48,3.364,73.780,1.12,0.41027,70.416
3841,04/30/2026 04:57:48,3.386,73.798,1.01,0.41245,70.412
3842,04/30/2026 05:07:48,3.367,73.788,0.90,0.41055,70.421
3843,04/30/2026 05:17:48,3.361,73.778,0.79,0.40999,70.417
3844,04/30/2026 05:27:48,3.332,73.746,0.79,0.40704,70.414
3845,04/30/2026 05:37:48,3.316,73.728,0.68,0.40535,70.412
3846,04/30/2026 05:47:48,3.271,73.687,0.68,0.40078,70.416
3847,04/30/2026 05:57:48,3.255,73.659,0.57,0.39916,70.404
3848,04/30/2026 06:07:48,3.271,73.682,0.57,0.40078,70.411
3849,04/30/2026 06:17:48,3.238,73.650,0.46,0.39741,70.412
3850,04/30/2026 06:27:48,3.200,73.609,0.46,0.39354,70.409
3851,04/30/2026 06:37:48,3.203,73.617,0.35,0.39389,70.414
3852,04/30/2026 06:47:48,3.182,73.599,0.35,0.39171,70.417
3853,04/30/2026 06:57:48,3.162,73.581,0.24,0.38961,70.419
3854,04/30/2026 07:07:48,3.129,73.562,0.24,0.38637,70.433
3855,04/30/2026 07:17:48,3.118,73.550,0.35,0.38517,70.432
3856,04/30/2026 07:27:48,3.110,73.554,0.35,0.38440,70.444
3857,04/30/2026 07:37:48,3.132,73.581,0.35,0.38665,70.449
3858,04/30/2026 07:47:48,3.148,73.590,0.35,0.38827,70.442
3859,04/30/2026 07:57:48,3.155,73.595,0.46,0.38897,70.440
3860,04/30/2026 08:07:48,3.200,73.645,0.46,0.39354,70.445
3861,04/30/2026 08:17:48,3.225,73.668,0.57,0.39614,70.443
3862,04/30/2026 08:27:48,3.278,73.723,0.57,0.40148,70.445
3863,04/30/2026 08:37:48,3.376,73.809,0.68,0.41154,70.433
3864,04/30/2026 08:47:48,3.413,73.832,0.79,0.41533,70.419
3865,04/30/2026 08:57:48,3.399,73.811,1.01,0.41385,70.412
3866,04/30/2026 09:07:48,3.382,73.793,1.01,0.41210,70.411
3867,04/30/2026 09:17:48,3.334,73.761,1.01,0.40725,70.427
3868,04/30/2026 09:27:48,3.300,73.739,1.01,0.40373,70.439
3869,04/30/2026 09:37:48,3.297,73.747,0.90,0.40345,70.450
3870,04/30/2026 09:47:48,3.257,73.710,0.79,0.39937,70.453
3871,04/30/2026 09:57:48,3.255,73.697,0.79,0.39916,70.442
3872,04/30/2026 10:07:48,3.263,73.706,0.90,0.40000,70.443
3873,04/30/2026 10:17:48,3.292,73.725,1.01,0.40296,70.433
3874,04/30/2026 10:27:48,3.292,73.730,1.12,0.40295,70.438
3875,04/30/2026 10:37:48,3.302,73.732,1.45,0.40394,70.430
3876,04/30/2026 10:47:48,3.317,73.747,1.67,0.40548,70.430
3877,04/30/2026 10:57:48,3.325,73.754,2.10,0.40632,70.429
3878,04/30/2026 11:07:48,3.333,73.761,2.42,0.40709,70.428
3879,04/30/2026 11:17:48,3.339,73.761,2.42,0.40773,70.422
3880,04/30/2026 11:27:48,3.360,73.774,2.42,0.40991,70.414
3881,04/30/2026 11:37:48,3.378,73.790,2.74,0.41166,70.412
3882,04/30/2026 11:47:48,3.375,73.804,2.85,0.41138,70.429
3883,04/30/2026 11:57:48,3.388,73.806,3.06,0.41265,70.418
3884,04/30/2026 12:07:48,3.401,73.806,3.06,0.41398,70.405
3885,04/30/2026 12:17:48,3.401,73.797,3.16,0.41405,70.396
3886,04/30/2026 12:27:48,3.414,73.807,3.27,0.41539,70.393
3887,04/30/2026 12:37:48,3.421,73.820,3.16,0.41609,70.399
3888,04/30/2026 12:47:48,3.416,73.802,3.16,0.41553,70.386
3889,04/30/2026 12:57:48,3.436,73.807,3.27,0.41764,70.371
3890,04/30/2026 13:07:48,3.451,73.807,3.27,0.41912,70.356
3891,04/30/2026 13:17:48,3.436,73.778,3.69,0.41764,70.342
3892,04/30/2026 13:27:48,3.437,73.771,4.01,0.41778,70.334
3893,04/30/2026 13:37:48,3.457,73.803,4.01,0.41975,70.346
3894,04/30/2026 13:47:48,3.440,73.811,3.90,0.41806,70.371
3895,04/30/2026 13:57:48,3.423,73.802,3.90,0.41631,70.379
3896,04/30/2026 14:07:48,3.482,73.856,3.80,0.42228,70.374
3897,04/30/2026 14:17:48,3.453,73.842,3.80,0.41940,70.389
3898,04/30/2026 14:27:48,3.463,73.842,3.80,0.42038,70.379
3899,04/30/2026 14:37:48,3.496,73.875,3.90,0.42369,70.379
3900,04/30/2026 14:47:48,3.510,73.890,4.11,0.42517,70.380
3901,04/30/2026 14:57:48,3.484,73.885,4.01,0.42242,70.401
3902,04/30/2026 15:07:48,3.507,73.911,3.90,0.42481,70.404
3903,04/30/2026 15:17:48,3.500,73.906,3.80,0.42411,70.406
3904,04/30/2026 15:27:48,3.485,73.884,3.90,0.42256,70.399
3905,04/30/2026 15:37:48,3.502,73.884,3.90,0.42432,70.382
3906,04/30/2026 15:47:48,3.511,73.881,4.11,0.42524,70.370
3907,04/30/2026 15:57:48,3.524,73.878,4.43,0.42665,70.354
3908,04/30/2026 16:07:48,3.513,73.858,4.74,0.42545,70.345
3909,04/30/2026 16:17:48,3.507,73.853,4.63,0.42482,70.346
3910,04/30/2026 16:27:48,3.520,73.857,4.63,0.42623,70.337
3911,04/30/2026 16:37:48,3.536,73.859,4.84,0.42778,70.323
3912,04/30/2026 16:47:48,3.537,73.854,4.84,0.42792,70.317
3913,04/30/2026 16:57:48,3.529,73.835,4.63,0.42707,70.306
3914,04/30/2026 17:07:48,3.542,73.839,4.63,0.42848,70.297
3915,04/30/2026 17:17:48,3.525,73.831,4.74,0.42665,70.306
3916,04/30/2026 17:27:48,3.544,73.854,4.84,0.42869,70.310
3917,04/30/2026 17:37:48,3.552,73.868,4.84,0.42946,70.316
3918,04/30/2026 17:47:48,3.554,73.881,4.84,0.42967,70.327
3919,04/30/2026 17:57:48,3.518,73.850,4.84,0.42595,70.332
3920,04/30/2026 18:07:48,3.553,73.877,4.84,0.42953,70.324
3921,04/30/2026 18:17:48,3.538,73.868,4.84,0.42799,70.330
3922,04/30/2026 18:27:48,3.533,73.868,4.84,0.42749,70.335
3923,04/30/2026 18:37:48,3.541,73.881,4.84,0.42834,70.340
3924,04/30/2026 18:47:48,3.518,73.858,4.74,0.42602,70.340
3925,04/30/2026 18:57:48,3.535,73.881,4.74,0.42770,70.346
3926,04/30/2026 19:07:48,3.527,73.871,4.63,0.42686,70.344
3927,04/30/2026 19:17:48,3.526,73.875,4.53,0.42679,70.349
3928,04/30/2026 19:27:48,3.518,73.866,4.53,0.42594,70.348
3929,04/30/2026 19:37:48,3.522,73.883,4.43,0.42637,70.361
3930,04/30/2026 19:47:48,3.506,73.864,4.32,0.42475,70.358
3931,04/30/2026 19:57:48,3.507,73.877,4.22,0.42482,70.370
3932,04/30/2026 20:07:48,3.491,73.867,4.11,0.42327,70.376
3933,04/30/2026 20:17:48,3.490,73.880,4.01,0.42313,70.390
3934,04/30/2026 20:27:48,3.479,73.875,3.90,0.42200,70.396
3935,04/30/2026 20:37:48,3.473,73.883,3.80,0.42137,70.410
3936,04/30/2026 20:47:48,3.486,73.910,3.69,0.42263,70.424
3937,04/30/2026 20:57:48,3.491,73.927,3.59,0.42320,70.436
3938,04/30/2026 21:07:48,3.472,73.913,3.48,0.42123,70.441
3939,04/30/2026 21:17:48,3.474,73.930,3.38,0.42151,70.456
3940,04/30/2026 21:27:48,3.496,73.961,3.27,0.42369,70.465
3941,04/30/2026 21:37:48,3.463,73.938,3.16,0.42031,70.475
3942,04/30/2026 21:47:48,3.464,73.946,3.06,0.42045,70.482
3943,04/30/2026 21:57:48,3.463,73.954,2.95,0.42038,70.491
3944,04/30/2026 22:07:48,3.456,73.954,2.85,0.41961,70.498
3945,04/30/2026 22:17:48,3.445,73.939,2.74,0.41855,70.494
3946,04/30/2026 22:27:48,3.435,73.939,2.63,0.41750,70.504
3947,04/30/2026 22:37:48,3.458,73.956,2.53,0.41989,70.498
3948,04/30/2026 22:47:48,3.476,73.969,2.42,0.42165,70.493
3949,04/30/2026 22:57:48,3.430,73.923,2.31,0.41701,70.493
3950,04/30/2026 23:07:48,3.448,73.940,2.20,0.41891,70.492
3951,04/30/2026 23:17:48,3.435,73.935,2.10,0.41750,70.500
3952,04/30/2026 23:27:48,3.423,73.917,1.99,0.41631,70.493
3953,04/30/2026 23:37:48,3.410,73.907,1.88,0.41490,70.497
3954,04/30/2026 23:47:48,3.412,73.902,1.77,0.41511,70.490
3955,04/30/2026 23:57:48,3.419,73.911,1.77,0.41582,70.492
3956,05/01/2026 00:07:48,3.418,73.910,1.67,0.41575,70.492
3957,05/01/2026 00:17:48,3.396,73.882,1.56,0.41357,70.486
3958,05/01/2026 00:27:48,3.395,73.882,1.45,0.41336,70.487
3959,05/01/2026 00:37:48,3.365,73.854,1.34,0.41034,70.489
3960,05/01/2026 00:47:48,3.377,73.867,1.23,0.41153,70.490
3961,05/01/2026 00:57:48,3.379,73.866,1.12,0.41181,70.487
3962,05/01/2026 01:07:48,3.401,73.889,1.12,0.41399,70.488
3963,05/01/2026 01:17:48,3.387,73.879,1.01,0.41259,70.492
3964,05/01/2026 01:27:48,3.375,73.856,0.90,0.41139,70.481
3965,05/01/2026 01:37:48,3.346,73.828,0.79,0.40844,70.482
3966,05/01/2026 01:47:48,3.366,73.841,0.79,0.41055,70.475
3967,05/01/2026 01:57:48,3.342,73.818,0.68,0.40802,70.476
3968,05/01/2026 02:07:48,3.321,73.791,0.68,0.40591,70.470
3969,05/01/2026 02:17:48,3.339,73.800,0.57,0.40767,70.461
3970,05/01/2026 02:27:48,3.287,73.745,0.46,0.40240,70.458
3971,05/01/2026 02:37:48,3.287,73.740,0.46,0.40247,70.453
3972,05/01/2026 02:47:48,3.263,73.712,0.35,0.40001,70.449
3973,05/01/2026 02:57:48,3.224,73.672,0.35,0.39593,70.448
3974,05/01/2026 03:07:48,3.224,73.671,0.24,0.39600,70.447
3975,05/01/2026 03:17:48,3.199,73.648,0.13,0.39340,70.449
3976,05/01/2026 03:27:48,3.167,73.616,0.13,0.39024,70.449
3977,05/01/2026 03:37:48,3.158,73.612,0.13,0.38926,70.454
3978,05/01/2026 03:47:48,3.138,73.597,0.02,0.38729,70.459
3979,05/01/2026 03:57:48,3.116,73.575,0.02,0.38497,70.459
3980,05/01/2026 04:07:48,3.094,73.548,0.02,0.38272,70.454
3981,05/01/2026 04:17:48,3.073,73.530,0.02,0.38054,70.457
3982,05/01/2026 04:27:48,3.075,73.530,0.02,0.38075,70.455
3983,05/01/2026 04:37:48,3.052,73.507,0.02,0.37850,70.455
3984,05/01/2026 04:47:48,3.041,73.493,0.02,0.37737,70.452
3985,05/01/2026 04:57:48,3.037,73.489,0.02,0.37695,70.452
3986,05/01/2026 05:07:48,3.031,73.489,0.02,0.37632,70.458
3987,05/01/2026 05:17:48,3.035,73.489,0.02,0.37674,70.454
3988,05/01/2026 05:27:48,3.027,73.484,0.02,0.37597,70.457
3989,05/01/2026 05:37:48,3.059,73.507,0.02,0.37920,70.448
3990,05/01/2026 05:47:48,3.059,73.507,0.02,0.37920,70.448
3991,05/01/2026 05:57:48,3.069,73.525,0.02,0.38019,70.456
3992,05/01/2026 06:07:48,3.080,73.539,0.02,0.38131,70.459
3993,05/01/2026 06:17:48,3.106,73.566,0.02,0.38398,70.460
3994,05/01/2026 06:27:48,3.079,73.543,0.02,0.38124,70.464
3995,05/01/2026 06:37:48,3.108,73.575,0.02,0.38419,70.467
3996,05/01/2026 06:47:48,3.104,73.575,0.02,0.38377,70.471
3997,05/01/2026 06:57:48,3.111,73.597,0.02,0.38455,70.486
3998,05/01/2026 07:07:48,3.113,73.601,-0.09,0.38476,70.488
3999,05/01/2026 07:17:48,3.101,73.597,-0.09,0.38342,70.496
4000,05/01/2026 07:27:48,3.104,73.601,-0.09,0.38377,70.497
4001,05/01/2026 07:37:48,3.127,73.628,-0.09,0.38617,70.501
4002,05/01/2026 07:47:48,3.123,73.619,-0.09,0.38574,70.496
4003,05/01/2026 07:57:48,3.129,73.633,-0.09,0.38631,70.504
4004,05/01/2026 08:07:48,3.168,73.669,-0.09,0.39031,70.501
4005,05/01/2026 08:17:48,3.155,73.665,0.02,0.38898,70.510
4006,05/01/2026 08:27:48,3.178,73.698,0.24,0.39136,70.520
4007,05/01/2026 08:37:48,3.238,73.762,0.35,0.39741,70.524
4008,05/01/2026 08:47:48,3.344,73.872,0.57,0.40823,70.528
4009,05/01/2026 08:57:48,3.399,73.923,0.79,0.41386,70.524
4010,05/01/2026 09:07:48,3.449,73.978,0.90,0.41892,70.529
4011,05/01/2026 09:17:48,3.441,73.975,1.12,0.41807,70.534
4012,05/01/2026 09:27:48,3.455,73.994,1.34,0.41955,70.539
4013,05/01/2026 09:37:48,3.411,73.949,1.45,0.41512,70.538
4014,05/01/2026 09:47:48,3.378,73.918,1.56,0.41174,70.540
4015,05/01/2026 09:57:48,3.314,73.860,1.67,0.40520,70.546
4016,05/01/2026 10:07:48,3.316,73.866,1.88,0.40541,70.550
4017,05/01/2026 10:17:48,3.324,73.886,2.10,0.40611,70.562
4018,05/01/2026 10:27:48,3.318,73.878,2.31,0.40555,70.560
4019,05/01/2026 10:37:48,3.332,73.902,2.53,0.40695,70.570
4020,05/01/2026 10:47:48,3.337,73.904,2.85,0.40752,70.567
4021,05/01/2026 10:57:48,3.349,73.905,2.95,0.40871,70.556
4022,05/01/2026 11:07:48,3.343,73.910,3.06,0.40808,70.567
4023,05/01/2026 11:17:48,3.348,73.917,3.48,0.40864,70.569
4024,05/01/2026 11:27:48,3.360,73.929,3.90,0.40984,70.569
4025,05/01/2026 11:37:48,3.346,73.916,4.01,0.40843,70.570
4026,05/01/2026 11:47:48,3.351,73.924,4.43,0.40893,70.573
4027,05/01/2026 11:57:48,3.379,73.937,4.94,0.41174,70.558
4028,05/01/2026 12:07:48,3.362,73.930,5.25,0.41006,70.568
4029,05/01/2026 12:17:48,3.390,73.947,5.77,0.41295,70.557
4030,05/01/2026 12:27:48,3.376,73.932,6.18,0.41155,70.556
4031,05/01/2026 12:37:48,3.380,73.932,6.68,0.41191,70.552
4032,05/01/2026 12:47:48,3.379,73.918,7.19,0.41178,70.539
4033,05/01/2026 12:57:48,3.374,73.913,7.69,0.41130,70.539
4034,05/01/2026 13:07:48,3.385,73.913,8.19,0.41244,70.528
4035,05/01/2026 13:17:48,3.389,73.919,8.39,0.41287,70.530
4036,05/01/2026 13:27:48,3.432,73.962,8.69,0.41730,70.530
4037,05/01/2026 13:37:48,3.436,73.953,9.19,0.41767,70.517
4038,05/01/2026 13:47:48,3.460,73.975,9.58,0.42015,70.515
4039,05/01/2026 13:57:48,3.481,74.001,9.98,0.42234,70.520
4040,05/01/2026 14:07:48,3.463,73.982,10.37,0.42046,70.519
4041,05/01/2026 14:17:48,3.458,73.979,10.57,0.42004,70.521
4042,05/01/2026 14:27:48,3.463,73.978,10.47,0.42053,70.515
4043,05/01/2026 14:37:48,3.453,73.957,10.66,0.41955,70.504
4044,05/01/2026 14:47:48,3.475,73.988,11.05,0.42182,70.513
4045,05/01/2026 14:57:48,3.444,73.961,11.05,0.41858,70.517
4046,05/01/2026 15:07:48,3.447,73.975,11.05,0.41886,70.528
4047,05/01/2026 15:17:48,3.406,73.937,11.35,0.41473,70.531
4048,05/01/2026 15:27:48,3.434,73.963,11.74,0.41763,70.529
4049,05/01/2026 15:37:48,3.429,73.966,11.54,0.41706,70.537
4050,05/01/2026 15:47:48,3.421,73.949,11.25,0.41627,70.528
4051,05/01/2026 15:57:48,3.421,73.931,11.25,0.41627,70.510
4052,05/01/2026 16:07:48,3.422,73.935,11.15,0.41634,70.513
4053,05/01/2026 16:17:48,3.367,73.882,11.35,0.41079,70.515
4054,05/01/2026 16:27:48,3.382,73.897,11.44,0.41227,70.515
4055,05/01/2026 16:37:48,3.393,73.910,11.35,0.41339,70.517
4056,05/01/2026 16:47:48,3.342,73.862,11.15,0.40825,70.520
4057,05/01/2026 16:57:48,3.356,73.881,11.15,0.40958,70.525
4058,05/01/2026 17:07:48,3.331,73.857,11.05,0.40705,70.526
4059,05/01/2026 17:17:48,3.332,73.868,10.76,0.40710,70.536
4060,05/01/2026 17:27:48,3.341,73.888,10.47,0.40801,70.547
4061,05/01/2026 17:37:48,3.332,73.877,10.27,0.40709,70.545
4062,05/01/2026 17:47:48,3.322,73.889,10.17,0.40617,70.567
4063,05/01/2026 17:57:48,3.324,73.898,10.08,0.40624,70.574
4064,05/01/2026 18:07:48,3.329,73.919,9.98,0.40687,70.590
4065,05/01/2026 18:17:48,3.322,73.917,9.78,0.40616,70.595
4066,05/01/2026 18:27:48,3.319,73.911,9.58,0.40580,70.592
4067,05/01/2026 18:37:48,3.321,73.923,9.39,0.40600,70.602
4068,05/01/2026 18:47:48,3.319,73.921,9.19,0.40578,70.602
4069,05/01/2026 18:57:48,3.337,73.947,8.99,0.40754,70.610
4070,05/01/2026 19:07:48,3.323,73.945,8.79,0.40613,70.622
4071,05/01/2026 19:17:48,3.314,73.949,8.69,0.40521,70.635
4072,05/01/2026 19:27:48,3.327,73.983,8.49,0.40654,70.656
4073,05/01/2026 19:37:48,3.300,73.962,8.19,0.40386,70.662
4074,05/01/2026 19:47:48,3.334,74.015,7.99,0.40730,70.681
4075,05/01/2026 19:57:48,3.305,73.992,7.89,0.40427,70.687
4076,05/01/2026 20:07:48,3.333,74.049,7.69,0.40715,70.716
4077,05/01/2026 20:17:48,3.338,74.079,7.49,0.40764,70.741
4078,05/01/2026 20:27:48,3.313,74.063,7.29,0.40517,70.750
4079,05/01/2026 20:37:48,3.333,74.071,7.09,0.40714,70.738
4080,05/01/2026 20:47:48,3.327,74.078,6.89,0.40657,70.751
4081,05/01/2026 20:57:48,3.312,74.081,6.68,0.40502,70.769
4082,05/01/2026 21:07:48,3.325,74.107,6.48,0.40628,70.782
4083,05/01/2026 21:17:48,3.306,74.092,6.38,0.40438,70.786
4084,05/01/2026 21:27:48,3.309,74.099,6.07,0.40466,70.790
4085,05/01/2026 21:37:48,3.310,74.111,5.87,0.40479,70.801
4086,05/01/2026 21:47:48,3.303,74.114,5.67,0.40409,70.811
4087,05/01/2026 21:57:48,3.302,74.117,5.46,0.40395,70.815
4088,05/01/2026 22:07:48,3.292,74.120,5.25,0.40289,70.828
4089,05/01/2026 22:17:48,3.307,74.141,5.05,0.40443,70.834
4090,05/01/2026 22:27:48,3.290,74.135,4.84,0.40274,70.845
4091,05/01/2026 22:37:48,3.294,74.143,4.74,0.40316,70.849
4092,05/01/2026 22:47:48,3.324,74.164,4.53,0.40626,70.840
4093,05/01/2026 22:57:48,3.312,74.158,4.32,0.40499,70.846
4094,05/01/2026 23:07:48,3.333,74.180,4.22,0.40710,70.847
4095,05/01/2026 23:17:48,3.305,74.156,4.01,0.40428,70.851
4096,05/01/2026 23:27:48,3.304,74.151,3.90,0.40414,70.847
4097,05/01/2026 23:37:48,3.321,74.168,3.69,0.40583,70.847
4098,05/01/2026 23:47:48,3.314,74.171,3.59,0.40520,70.857
4099,05/01/2026 23:57:48,3.312,74.170,3.38,0.40491,70.858
4100,05/02/2026 00:07:48,3.298,74.156,3.27,0.40351,70.858
4101,05/02/2026 00:17:48,3.281,74.136,3.06,0.40182,70.855
4102,05/02/2026 00:27:48,3.278,74.131,2.95,0.40147,70.853
4103,05/02/2026 00:37:48,3.287,74.144,2.85,0.40238,70.857
4104,05/02/2026 00:47:48,3.270,74.129,2.74,0.40070,70.859
4105,05/02/2026 00:57:48,3.305,74.173,2.53,0.40428,70.868
4106,05/02/2026 01:07:48,3.281,74.155,2.42,0.40175,70.874
4107,05/02/2026 01:17:48,3.307,74.185,2.31,0.40442,70.879
4108,05/02/2026 01:27:48,3.283,74.162,2.20,0.40203,70.879
4109,05/02/2026 01:37:48,3.272,74.152,2.10,0.40091,70.880
4110,05/02/2026 01:47:48,3.271,74.156,1.99,0.40084,70.885
4111,05/02/2026 01:57:48,3.253,74.142,1.88,0.39894,70.889
4112,05/02/2026 02:07:48,3.260,74.146,1.77,0.39964,70.886
4113,05/02/2026 02:17:48,3.267,74.154,1.67,0.40042,70.887
4114,05/02/2026 02:27:48,3.258,74.149,1.56,0.39943,70.891
4115,05/02/2026 02:37:48,3.244,74.135,1.45,0.39803,70.891
4116,05/02/2026 02:47:48,3.257,74.143,1.34,0.39937,70.886
4117,05/02/2026 02:57:48,3.256,74.138,1.23,0.39930,70.882
4118,05/02/2026 03:07:48,3.232,74.115,1.12,0.39677,70.883
4119,05/02/2026 03:17:48,3.226,74.110,1.01,0.39614,70.884
4120,05/02/2026 03:27:48,3.238,74.119,1.01,0.39740,70.881
4121,05/02/2026 03:37:48,3.255,74.132,0.90,0.39909,70.877
4122,05/02/2026 03:47:48,3.215,74.090,0.79,0.39508,70.875
4123,05/02/2026 03:57:48,3.189,74.072,0.79,0.39241,70.883
4124,05/02/2026 04:07:48,3.163,74.053,0.68,0.38981,70.890
4125,05/02/2026 04:17:48,3.156,74.053,0.57,0.38904,70.897
4126,05/02/2026 04:27:48,3.159,74.057,0.57,0.38939,70.898
4127,05/02/2026 04:37:48,3.109,74.007,0.46,0.38426,70.898
4128,05/02/2026 04:47:48,3.077,73.979,0.35,0.38103,70.902
4129,05/02/2026 04:57:48,3.071,73.975,0.35,0.38039,70.904
4130,05/02/2026 05:07:48,3.059,73.960,0.24,0.37920,70.901
4131,05/02/2026 05:17:48,3.052,73.956,0.24,0.37842,70.904
4132,05/02/2026 05:27:48,3.014,73.933,0.13,0.37456,70.919
4133,05/02/2026 05:37:48,3.017,73.933,0.13,0.37484,70.916
4134,05/02/2026 05:47:48,2.993,73.919,0.02,0.37238,70.926
4135,05/02/2026 05:57:48,2.990,73.914,0.02,0.37217,70.924
4136,05/02/2026 06:07:48,2.965,73.873,0.02,0.36964,70.908
4137,05/02/2026 06:17:48,2.952,73.869,0.02,0.36823,70.917
4138,05/02/2026 06:27:48,2.965,73.886,-0.09,0.36964,70.921
4139,05/02/2026 06:37:48,2.940,73.873,-0.09,0.36704,70.933
4140,05/02/2026 06:47:48,2.951,73.891,-0.09,0.36816,70.940
4141,05/02/2026 06:57:48,2.953,73.895,-0.09,0.36837,70.942
4142,05/02/2026 07:07:48,2.962,73.909,-0.09,0.36929,70.947
4143,05/02/2026 07:17:48,2.952,73.900,-0.09,0.36823,70.948
4144,05/02/2026 07:27:48,2.967,73.918,-0.09,0.36978,70.951
4145,05/02/2026 07:37:48,2.983,73.941,-0.09,0.37140,70.958
4146,05/02/2026 07:47:48,2.992,73.950,0.02,0.37238,70.958
4147,05/02/2026 07:57:48,2.997,73.955,0.02,0.37280,70.958
4148,05/02/2026 08:07:48,3.035,74.000,0.02,0.37674,70.965
4149,05/02/2026 08:17:48,3.032,74.005,0.13,0.37646,70.973
4150,05/02/2026 08:27:48,3.062,74.051,0.24,0.37948,70.989
4151,05/02/2026 08:37:48,3.132,74.125,0.46,0.38658,70.993
4152,05/02/2026 08:47:48,3.188,74.193,0.57,0.39234,71.005
4153,05/02/2026 08:57:48,3.250,74.258,0.79,0.39860,71.008
4154,05/02/2026 09:07:48,3.324,74.326,0.90,0.40619,71.002
4155,05/02/2026 09:17:48,3.401,74.404,1.12,0.41406,71.003
4156,05/02/2026 09:27:48,3.450,74.450,1.23,0.41906,71.000
4157,05/02/2026 09:37:48,3.400,74.402,1.45,0.41392,71.002
4158,05/02/2026 09:47:48,3.382,74.381,1.67,0.41202,70.999
4159,05/02/2026 09:57:48,3.280,74.278,1.88,0.40168,70.998
4160,05/02/2026 10:07:48,3.251,74.252,2.10,0.39873,71.001
4161,05/02/2026 10:17:48,3.215,74.213,2.42,0.39507,70.998
4162,05/02/2026 10:27:48,3.227,74.215,2.63,0.39627,70.988
4163,05/02/2026 10:37:48,3.206,74.199,2.95,0.39409,70.993
4164,05/02/2026 10:47:48,3.221,74.205,3.27,0.39570,70.984
4165,05/02/2026 10:57:48,3.217,74.198,3.59,0.39535,70.981
4166,05/02/2026 11:07:48,3.232,74.205,3.90,0.39683,70.973
4167,05/02/2026 11:17:48,3.223,74.189,4.22,0.39592,70.966
4168,05/02/2026 11:27:48,3.243,74.201,4.53,0.39789,70.958
4169,05/02/2026 11:37:48,3.237,74.195,4.94,0.39726,70.958
4170,05/02/2026 11:47:48,3.271,74.220,5.36,0.40085,70.949
4171,05/02/2026 11:57:48,3.268,74.214,5.77,0.40050,70.946
4172,05/02/2026 12:07:48,3.273,74.213,6.18,0.40100,70.940
4173,05/02/2026 12:17:48,3.291,74.216,6.58,0.40291,70.925
4174,05/02/2026 12:27:48,3.290,74.219,6.99,0.40278,70.929
4175,05/02/2026 12:37:48,3.287,74.206,7.49,0.40243,70.919
4176,05/02/2026 12:47:48,3.290,74.204,7.89,0.40280,70.914
4177,05/02/2026 12:57:48,3.308,74.213,8.39,0.40464,70.905
4178,05/02/2026 13:07:48,3.309,74.208,8.89,0.40479,70.899
4179,05/02/2026 13:17:48,3.339,74.229,9.19,0.40782,70.890
4180,05/02/2026 13:27:48,3.338,74.222,9.39,0.40769,70.884
4181,05/02/2026 13:37:48,3.363,74.245,9.39,0.41022,70.882
4182,05/02/2026 13:47:48,3.371,74.247,9.68,0.41115,70.876
4183,05/02/2026 13:57:48,3.404,74.277,9.98,0.41446,70.873
4184,05/02/2026 14:07:48,3.388,74.260,10.08,0.41285,70.872
4185,05/02/2026 14:17:48,3.373,74.245,10.37,0.41131,70.872
4186,05/02/2026 14:27:48,3.415,74.284,10.66,0.41561,70.869
4187,05/02/2026 14:37:48,3.398,74.259,10.96,0.41394,70.861
4188,05/02/2026 14:47:48,3.362,74.227,11.35,0.41022,70.865
4189,05/02/2026 14:57:48,3.393,74.244,11.74,0.41348,70.851
4190,05/02/2026 15:07:48,3.395,74.247,12.03,0.41363,70.852
4191,05/02/2026 15:17:48,3.387,74.235,12.12,0.41279,70.848
4192,05/02/2026 15:27:48,3.365,74.204,11.83,0.41060,70.839
4193,05/02/2026 15:37:48,3.357,74.173,11.83,0.40975,70.816
4194,05/02/2026 15:47:48,3.359,74.165,11.93,0.40990,70.806
4195,05/02/2026 15:57:48,3.350,74.152,12.03,0.40906,70.802
4196,05/02/2026 16:07:48,3.350,74.143,12.03,0.40906,70.793
4197,05/02/2026 16:17:48,3.341,74.136,11.83,0.40813,70.795
4198,05/02/2026 16:27:48,3.349,74.136,11.74,0.40890,70.787
4199,05/02/2026 16:37:48,3.333,74.121,11.64,0.40728,70.788
4200,05/02/2026 16:47:48,3.325,74.101,11.44,0.40643,70.776
4201,05/02/2026 16:57:48,3.343,74.123,11.35,0.40825,70.780
4202,05/02/2026 17:07:48,3.321,74.099,11.25,0.40607,70.778
4203,05/02/2026 17:17:48,3.329,74.116,11.15,0.40691,70.787
4204,05/02/2026 17:27:48,3.316,74.124,11.05,0.40557,70.808
4205,05/02/2026 17:37:48,3.308,74.120,11.05,0.40472,70.812
4206,05/02/2026 17:47:48,3.306,74.124,11.05,0.40451,70.818
4207,05/02/2026 17:57:48,3.303,74.124,11.05,0.40423,70.821
4208,05/02/2026 18:07:48,3.294,74.124,11.05,0.40332,70.830
4209,05/02/2026 18:17:48,3.290,74.120,11.05,0.40283,70.830
4210,05/02/2026 18:27:48,3.307,74.123,10.96,0.40465,70.816
4211,05/02/2026 18:37:48,3.311,74.127,10.86,0.40500,70.816
4212,05/02/2026 18:47:48,3.309,74.121,10.66,0.40478,70.812
4213,05/02/2026 18:57:48,3.338,74.151,10.57,0.40780,70.813
4214,05/02/2026 19:07:48,3.344,74.145,10.37,0.40836,70.801
4215,05/02/2026 19:17:48,3.312,74.116,10.17,0.40511,70.804
4216,05/02/2026 19:27:48,3.318,74.123,9.98,0.40574,70.805
4217,05/02/2026 19:37:48,3.319,74.121,9.78,0.40580,70.802
4218,05/02/2026 19:47:48,3.346,74.147,9.58,0.40854,70.801
4219,05/02/2026 19:57:48,3.334,74.140,9.39,0.40734,70.806
4220,05/02/2026 20:07:48,3.333,74.143,9.19,0.40719,70.810
4221,05/02/2026 20:17:48,3.326,74.137,8.99,0.40648,70.811
4222,05/02/2026 20:27:48,3.336,74.153,8.79,0.40753,70.817
4223,05/02/2026 20:37:48,3.343,74.170,8.59,0.40816,70.827
4224,05/02/2026 20:47:48,3.342,74.181,8.39,0.40815,70.839
4225,05/02/2026 20:57:48,3.353,74.198,8.19,0.40920,70.845
4226,05/02/2026 21:07:48,3.350,74.196,7.99,0.40892,70.846
4227,05/02/2026 21:17:48,3.329,74.180,7.69,0.40673,70.851
4228,05/02/2026 21:27:48,3.340,74.196,7.49,0.40792,70.856
4229,05/02/2026 21:37:48,3.337,74.199,7.29,0.40756,70.862
4230,05/02/2026 21:47:48,3.332,74.197,6.99,0.40699,70.865
4231,05/02/2026 21:57:48,3.335,74.209,6.79,0.40734,70.874
4232,05/02/2026 22:07:48,3.325,74.198,6.58,0.40635,70.873
4233,05/02/2026 22:17:48,3.338,74.210,6.38,0.40762,70.872
4234,05/02/2026 22:27:48,3.352,74.226,6.07,0.40902,70.874
4235,05/02/2026 22:37:48,3.333,74.206,5.87,0.40712,70.873
4236,05/02/2026 22:47:48,3.343,74.218,5.67,0.40817,70.875
4237,05/02/2026 22:57:48,3.369,74.244,5.46,0.41077,70.875
4238,05/02/2026 23:07:48,3.365,74.238,5.25,0.41034,70.873
4239,05/02/2026 23:17:48,3.346,74.227,5.05,0.40844,70.881
4240,05/02/2026 23:27:48,3.337,74.225,4.84,0.40760,70.888
4241,05/02/2026 23:37:48,3.351,74.242,4.63,0.40893,70.891
4242,05/02/2026 23:47:48,3.369,74.259,4.53,0.41083,70.890
4243,05/02/2026 23:57:48,3.355,74.253,4.32,0.40942,70.898
4244,05/03/2026 00:07:48,3.334,74.230,4.22,0.40724,70.896
4245,05/03/2026 00:17:48,3.358,74.260,4.01,0.40970,70.902
4246,05/03/2026 00:27:48,3.362,74.264,3.90,0.41005,70.902
4247,05/03/2026 00:37:48,3.354,74.259,3.80,0.40920,70.905
4248,05/03/2026 00:47:48,3.340,74.240,3.69,0.40780,70.900
4249,05/03/2026 00:57:48,3.327,74.226,3.59,0.40646,70.899
4250,05/03/2026 01:07:48,3.329,74.230,3.59,0.40674,70.901
4251,05/03/2026 01:17:48,3.310,74.211,3.48,0.40477,70.901
4252,05/03/2026 01:27:48,3.352,74.251,3.38,0.40906,70.899
4253,05/03/2026 01:37:48,3.322,74.214,3.27,0.40604,70.892
4254,05/03/2026 01:47:48,3.304,74.187,3.16,0.40407,70.883
4255,05/03/2026 01:57:48,3.311,74.186,3.06,0.40484,70.875
4256,05/03/2026 02:07:48,3.327,74.199,3.06,0.40653,70.872
4257,05/03/2026 02:17:48,3.303,74.167,2.95,0.40407,70.864
4258,05/03/2026 02:27:48,3.314,74.162,2.85,0.40512,70.848
4259,05/03/2026 02:37:48,3.309,74.152,2.74,0.40463,70.843
4260,05/03/2026 02:47:48,3.315,74.156,2.63,0.40527,70.841
4261,05/03/2026 02:57:48,3.317,74.160,2.53,0.40541,70.843
4262,05/03/2026 03:07:48,3.278,74.123,2.42,0.40147,70.845
4263,05/03/2026 03:17:48,3.301,74.149,2.31,0.40386,70.848
4264,05/03/2026 03:27:48,3.281,74.131,2.20,0.40175,70.850
4265,05/03/2026 03:37:48,3.280,74.130,2.10,0.40168,70.850
4266,05/03/2026 03:47:48,3.290,74.143,2.10,0.40274,70.853
4267,05/03/2026 03:57:48,3.282,74.129,1.99,0.40189,70.847
4268,05/03/2026 04:07:48,3.270,74.110,1.88,0.40070,70.840
4269,05/03/2026 04:17:48,3.276,74.115,1.88,0.40126,70.839
4270,05/03/2026 04:27:48,3.279,74.123,1.77,0.40161,70.844
4271,05/03/2026 04:37:48,3.257,74.100,1.67,0.39936,70.843
4272,05/03/2026 04:47:48,3.258,74.095,1.67,0.39950,70.837
4273,05/03/2026 04:57:48,3.256,74.086,1.56,0.39922,70.830
4274,05/03/2026 05:07:48,3.247,74.076,1.45,0.39831,70.829
4275,05/03/2026 05:17:48,3.255,74.072,1.45,0.39908,70.817
4276,05/03/2026 05:27:48,3.249,74.062,1.34,0.39852,70.813
4277,05/03/2026 05:37:48,3.251,74.066,1.23,0.39873,70.815
4278,05/03/2026 05:47:48,3.238,74.051,1.12,0.39747,70.813
4279,05/03/2026 05:57:48,3.240,74.051,1.12,0.39768,70.811
4280,05/03/2026 06:07:48,3.217,74.033,1.01,0.39522,70.816
4281,05/03/2026 06:17:48,3.220,74.037,1.01,0.39564,70.817
4282,05/03/2026 06:27:48,3.198,74.014,0.90,0.39332,70.816
4283,05/03/2026 06:37:48,3.211,74.031,0.79,0.39473,70.820
4284,05/03/2026 06:47:48,3.224,74.054,0.79,0.39600,70.830
4285,05/03/2026 06:57:48,3.193,74.031,0.68,0.39283,70.838
4286,05/03/2026 07:07:48,3.195,74.031,0.68,0.39305,70.836
4287,05/03/2026 07:17:48,3.172,74.008,0.57,0.39066,70.836
4288,05/03/2026 07:27:48,3.166,73.994,0.57,0.39009,70.828
4289,05/03/2026 07:37:48,3.176,74.012,0.57,0.39115,70.836
4290,05/03/2026 07:47:48,3.180,74.016,0.46,0.39150,70.836
4291,05/03/2026 07:57:48,3.177,74.016,0.46,0.39122,70.839
4292,05/03/2026 08:07:48,3.190,74.026,0.57,0.39248,70.836
4293,05/03/2026 08:17:48,3.200,74.039,0.57,0.39361,70.839
4294,05/03/2026 08:27:48,3.180,74.018,0.79,0.39150,70.838
4295,05/03/2026 08:37:48,3.147,73.991,0.90,0.38819,70.844
4296,05/03/2026 08:47:48,3.146,73.984,1.12,0.38798,70.838
4297,05/03/2026 08:57:48,3.122,73.949,1.34,0.38558,70.827
4298,05/03/2026 09:07:48,3.119,73.958,1.45,0.38530,70.839
4299,05/03/2026 09:17:48,3.109,73.937,1.67,0.38425,70.828
4300,05/03/2026 09:27:48,3.108,73.938,1.88,0.38417,70.830
4301,05/03/2026 09:37:48,3.132,73.959,2.20,0.38656,70.827
4302,05/03/2026 09:47:48,3.113,73.933,2.42,0.38466,70.820
4303,05/03/2026 09:57:48,3.126,73.948,2.74,0.38600,70.822
4304,05/03/2026 10:07:48,3.130,73.951,3.06,0.38635,70.821
4305,05/03/2026 10:17:48,3.139,73.952,3.27,0.38734,70.813
4306,05/03/2026 10:27:48,3.157,73.976,3.48,0.38916,70.819
4307,05/03/2026 10:37:48,3.183,73.996,3.80,0.39184,70.813
4308,05/03/2026 10:47:48,3.230,74.039,4.11,0.39662,70.809
4309,05/03/2026 10:57:48,3.252,74.069,4.43,0.39880,70.817
4310,05/03/2026 11:07:48,3.241,74.044,4.84,0.39775,70.803
4311,05/03/2026 11:17:48,3.272,74.083,5.15,0.40092,70.811
4312,05/03/2026 11:27:48,3.277,74.081,5.56,0.40149,70.804
4313,05/03/2026 11:37:48,3.301,74.071,5.97,0.40388,70.770
4314,05/03/2026 11:47:48,3.293,74.070,6.38,0.40305,70.777
4315,05/03/2026 11:57:48,3.283,74.068,6.79,0.40207,70.785
4316,05/03/2026 12:07:48,3.269,74.035,7.19,0.40067,70.766
4317,05/03/2026 12:17:48,3.267,74.034,7.59,0.40047,70.767
4318,05/03/2026 12:27:48,3.259,74.006,7.99,0.39963,70.747
4319,05/03/2026 12:37:48,3.290,74.027,8.39,0.40281,70.737
4320,05/03/2026 12:47:48,3.267,74.017,8.79,0.40050,70.750
4321,05/03/2026 12:57:48,3.263,73.988,9.09,0.40009,70.725
4322,05/03/2026 13:07:48,3.264,73.986,9.39,0.40024,70.722
4323,05/03/2026 13:17:48,3.262,73.967,9.78,0.40004,70.705
4324,05/03/2026 13:27:48,3.274,73.993,10.08,0.40117,70.719
4325,05/03/2026 13:37:48,3.263,73.967,10.27,0.40012,70.704
4326,05/03/2026 13:47:48,3.254,73.933,10.47,0.39915,70.679
4327,05/03/2026 13:57:48,3.275,73.953,10.66,0.40133,70.678
4328,05/03/2026 14:07:48,3.261,73.951,10.96,0.39994,70.690
4329,05/03/2026 14:17:48,3.254,73.936,11.25,0.39917,70.682
4330,05/03/2026 14:27:48,3.246,73.915,11.44,0.39841,70.669
4331,05/03/2026 14:37:48,3.256,73.906,11.44,0.39939,70.650
4332,05/03/2026 14:47:48,3.270,73.902,11.44,0.40080,70.632
4333,05/03/2026 14:57:48,3.275,73.910,11.83,0.40138,70.635
4334,05/03/2026 15:07:48,3.264,73.867,12.12,0.40034,70.603
4335,05/03/2026 15:17:48,3.255,73.865,12.32,0.39936,70.610
4336,05/03/2026 15:27:48,3.268,73.866,12.42,0.40070,70.598
4337,05/03/2026 15:37:48,3.244,73.845,12.61,0.39825,70.601
4338,05/03/2026 15:47:48,3.249,73.837,12.71,0.39874,70.588
4339,05/03/2026 15:57:48,3.271,73.841,12.61,0.40099,70.570
4340,05/03/2026 16:07:48,3.276,73.832,12.61,0.40148,70.556
4341,05/03/2026 16:17:48,3.264,73.818,12.61,0.40029,70.554
4342,05/03/2026 16:27:48,3.250,73.805,12.71,0.39888,70.555
4343,05/03/2026 16:37:48,3.260,73.796,12.71,0.39994,70.536
4344,05/03/2026 16:47:48,3.264,73.806,12.80,0.40030,70.542
4345,05/03/2026 16:57:48,3.279,73.824,12.80,0.40184,70.545
4346,05/03/2026 17:07:48,3.255,73.789,12.90,0.39938,70.534
4347,05/03/2026 17:17:48,3.281,73.826,13.00,0.40206,70.545
4348,05/03/2026 17:27:48,3.273,73.798,12.90,0.40121,70.525
4349,05/03/2026 17:37:48,3.291,73.815,12.80,0.40311,70.524
4350,05/03/2026 17:47:48,3.274,73.793,12.80,0.40128,70.519
4351,05/03/2026 17:57:48,3.272,73.792,12.71,0.40107,70.520
4352,05/03/2026 18:07:48,3.283,73.799,12.51,0.40218,70.516
4353,05/03/2026 18:17:48,3.283,73.802,12.42,0.40225,70.519
4354,05/03/2026 18:27:48,3.286,73.800,12.22,0.40259,70.514
4355,05/03/2026 18:37:48,3.282,73.799,12.12,0.40217,70.517
4356,05/03/2026 18:47:48,3.284,73.798,11.93,0.40223,70.514
4357,05/03/2026 18:57:48,3.317,73.828,11.83,0.40567,70.511
4358,05/03/2026 19:07:48,3.310,73.831,11.64,0.40496,70.521
4359,05/03/2026 19:17:48,3.303,73.819,11.35,0.40424,70.516
4360,05/03/2026 19:27:48,3.328,73.840,11.15,0.40670,70.512
4361,05/03/2026 19:37:48,3.310,73.824,10.96,0.40493,70.514
4362,05/03/2026 19:47:48,3.329,73.841,10.76,0.40682,70.512
4363,05/03/2026 19:57:48,3.332,73.843,10.57,0.40717,70.511
4364,05/03/2026 20:07:48,3.356,73.863,10.27,0.40962,70.507
4365,05/03/2026 20:17:48,3.348,73.852,10.08,0.40877,70.504
4366,05/03/2026 20:27:48,3.340,73.846,9.88,0.40792,70.506
4367,05/03/2026 20:37:48,3.396,73.911,9.58,0.41368,70.515
4368,05/03/2026 20:47:48,3.378,73.891,9.39,0.41184,70.513
4369,05/03/2026 20:57:48,3.365,73.880,9.19,0.41050,70.515
4370,05/03/2026 21:07:48,3.383,73.896,8.89,0.41232,70.513
4371,05/03/2026 21:17:48,3.393,73.908,8.69,0.41330,70.515
4372,05/03/2026 21:27:48,3.388,73.905,8.39,0.41280,70.517
4373,05/03/2026 21:37:48,3.390,73.903,8.19,0.41300,70.513
4374,05/03/2026 21:47:48,3.415,73.928,7.89,0.41552,70.513
4375,05/03/2026 21:57:48,3.392,73.903,7.59,0.41320,70.511
4376,05/03/2026 22:07:48,3.390,73.901,7.39,0.41298,70.511
4377,05/03/2026 22:17:48,3.407,73.918,7.19,0.41466,70.511
4378,05/03/2026 22:27:48,3.404,73.915,6.89,0.41438,70.511
4379,05/03/2026 22:37:48,3.394,73.905,6.68,0.41332,70.511
4380,05/03/2026 22:47:48,3.401,73.898,6.48,0.41409,70.497
4381,05/03/2026 22:57:48,3.436,73.933,6.28,0.41767,70.497
4382,05/03/2026 23:07:48,3.401,73.895,6.07,0.41408,70.494
4383,05/03/2026 23:17:48,3.418,73.903,5.87,0.41576,70.485
4384,05/03/2026 23:27:48,3.424,73.906,5.67,0.41639,70.482
4385,05/03/2026 23:37:48,3.389,73.859,5.46,0.41281,70.470
4386,05/03/2026 23:47:48,3.394,73.866,5.25,0.41337,70.472
4387,05/03/2026 23:57:48,3.405,73.874,5.05,0.41442,70.469
4388,05/04/2026 00:07:48,3.409,73.873,4.94,0.41491,70.464
4389,05/04/2026 00:17:48,3.395,73.849,4.74,0.41343,70.454
4390,05/04/2026 00:27:48,3.407,73.866,4.63,0.41469,70.459
4391,05/04/2026 00:37:48,3.396,73.851,4.43,0.41357,70.455
4392,05/04/2026 00:47:48,3.400,73.860,4.32,0.41392,70.460
4393,05/04/2026 00:57:48,3.386,73.841,4.22,0.41251,70.455
4394,05/04/2026 01:07:48,3.376,73.821,4.01,0.41153,70.445
4395,05/04/2026 01:17:48,3.377,73.816,3.90,0.41160,70.439
4396,05/04/2026 01:27:48,3.353,73.788,3.80,0.40913,70.435
4397,05/04/2026 01:37:48,3.361,73.787,3.69,0.40998,70.426
4398,05/04/2026 01:47:48,3.344,73.764,3.59,0.40822,70.420
4399,05/04/2026 01:57:48,3.358,73.768,3.48,0.40963,70.410
4400,05/04/2026 02:07:48,3.342,73.754,3.38,0.40794,70.412
4401,05/04/2026 02:17:48,3.357,73.772,3.38,0.40948,70.415
4402,05/04/2026 02:27:48,3.341,73.744,3.27,0.40787,70.403
4403,05/04/2026 02:37:48,3.339,73.730,3.16,0.40780,70.390
4404,05/04/2026 02:47:48,3.329,73.716,3.16,0.40667,70.387
4405,05/04/2026 02:57:48,3.342,73.720,3.06,0.40801,70.378
4406,05/04/2026 03:07:48,3.307,73.687,2.95,0.40449,70.380
4407,05/04/2026 03:17:48,3.342,73.715,2.95,0.40794,70.373
4408,05/04/2026 03:27:48,3.317,73.678,2.85,0.40541,70.361
4409,05/04/2026 03:37:48,3.310,73.677,2.74,0.40477,70.367
4410,05/04/2026 03:47:48,3.321,73.691,2.74,0.40583,70.370
4411,05/04/2026 03:57:48,3.288,73.667,2.63,0.40252,70.379
4412,05/04/2026 04:07:48,3.328,73.703,2.53,0.40653,70.375
4413,05/04/2026 04:17:48,3.345,73.730,2.53,0.40829,70.385
4414,05/04/2026 04:27:48,3.319,73.702,2.42,0.40569,70.383
4415,05/04/2026 04:37:48,3.308,73.693,2.42,0.40456,70.385
4416,05/04/2026 04:47:48,3.309,73.693,2.42,0.40463,70.384
4417,05/04/2026 04:57:48,3.289,73.665,2.31,0.40266,70.376
4418,05/04/2026 05:07:48,3.294,73.688,2.31,0.40309,70.394
4419,05/04/2026 05:17:48,3.302,73.701,2.31,0.40400,70.399
4420,05/04/2026 05:27:48,3.309,73.714,2.20,0.40470,70.405
4421,05/04/2026 05:37:48,3.280,73.687,2.20,0.40168,70.407
4422,05/04/2026 05:47:48,3.274,73.673,2.10,0.40105,70.399
4423,05/04/2026 05:57:48,3.294,73.700,2.10,0.40316,70.406
4424,05/04/2026 06:07:48,3.303,73.714,2.10,0.40400,70.411
4425,05/04/2026 06:17:48,3.274,73.699,1.99,0.40112,70.425
4426,05/04/2026 06:27:48,3.288,73.726,1.99,0.40260,70.438
4427,05/04/2026 06:37:48,3.306,73.740,1.99,0.40435,70.434
4428,05/04/2026 06:47:48,3.262,73.708,1.88,0.39985,70.446
4429,05/04/2026 06:57:48,3.278,73.753,1.88,0.40147,70.475
4430,05/04/2026 07:07:48,3.292,73.785,1.88,0.40288,70.493
4431,05/04/2026 07:17:48,3.285,73.757,1.77,0.40218,70.472
4432,05/04/2026 07:27:48,3.289,73.743,1.67,0.40260,70.454
4433,05/04/2026 07:37:48,3.266,73.729,1.67,0.40028,70.463
4434,05/04/2026 07:47:48,3.263,73.716,1.77,0.40000,70.453
4435,05/04/2026 07:57:48,3.306,73.757,1.77,0.40436,70.451
4436,05/04/2026 08:07:48,3.272,73.739,1.77,0.40084,70.467
4437,05/04/2026 08:17:48,3.281,73.753,1.88,0.40182,70.472
4438,05/04/2026 08:27:48,3.294,73.757,1.88,0.40316,70.463
4439,05/04/2026 08:37:48,3.277,73.736,1.99,0.40133,70.459
4440,05/04/2026 08:47:48,3.263,73.714,2.10,0.39992,70.451
4441,05/04/2026 08:57:48,3.266,73.714,2.20,0.40027,70.448
4442,05/04/2026 09:07:48,3.274,73.707,2.42,0.40105,70.433
4443,05/04/2026 09:17:48,3.281,73.712,2.63,0.40182,70.431
4444,05/04/2026 09:27:48,3.307,73.718,2.85,0.40449,70.411
4445,05/04/2026 09:37:48,3.285,73.692,2.95,0.40217,70.407
4446,05/04/2026 09:47:48,3.283,73.679,3.06,0.40203,70.396
4447,05/04/2026 09:57:48,3.297,73.694,3.27,0.40344,70.397
4448,05/04/2026 10:07:48,3.312,73.696,3.59,0.40499,70.384
4449,05/04/2026 10:17:48,3.308,73.679,3.80,0.40463,70.371
4450,05/04/2026 10:27:48,3.317,73.680,3.90,0.40548,70.363
4451,05/04/2026 10:37:48,3.296,73.650,4.11,0.40330,70.354
4452,05/04/2026 10:47:48,3.280,73.626,4.53,0.40169,70.346
4453,05/04/2026 10:57:48,3.303,73.642,4.84,0.40401,70.339
4454,05/04/2026 11:07:48,3.288,73.613,5.25,0.40254,70.325
4455,05/04/2026 11:17:48,3.299,73.612,5.77,0.40367,70.313
4456,05/04/2026 11:27:48,3.293,73.641,5.97,0.40304,70.348
4457,05/04/2026 11:37:48,3.318,73.651,6.07,0.40557,70.333
4458,05/04/2026 11:47:48,3.326,73.645,6.48,0.40642,70.319
4459,05/04/2026 11:57:48,3.326,73.639,6.89,0.40643,70.313
4460,05/04/2026 12:07:48,3.286,73.578,7.19,0.40236,70.292
4461,05/04/2026 12:17:48,3.321,73.607,7.39,0.40595,70.286
4462,05/04/2026 12:27:48,3.332,73.609,7.59,0.40701,70.277
4463,05/04/2026 12:37:48,3.325,73.586,8.19,0.40639,70.261
4464,05/04/2026 12:47:48,3.352,73.622,8.59,0.40907,70.270
4465,05/04/2026 12:57:48,3.331,73.569,8.79,0.40697,70.238
4466,05/04/2026 13:07:48,3.344,73.580,8.99,0.40831,70.236
4467,05/04/2026 13:17:48,3.326,73.572,9.09,0.40642,70.246
4468,05/04/2026 13:27:48,3.319,73.576,9.09,0.40578,70.257
4469,05/04/2026 13:37:48,3.323,73.621,9.09,0.40620,70.298
4470,05/04/2026 13:47:48,3.357,73.657,8.99,0.40965,70.300
4471,05/04/2026 13:57:48,3.346,73.612,9.09,0.40853,70.266
4472,05/04/2026 14:07:48,3.355,73.599,9.68,0.40953,70.244
4473,05/04/2026 14:17:48,3.375,73.604,10.17,0.41152,70.229
4474,05/04/2026 14:27:48,3.377,73.588,10.37,0.41166,70.211
4475,05/04/2026 14:37:48,3.372,73.580,10.47,0.41117,70.208
4476,05/04/2026 14:47:48,3.357,73.575,10.47,0.40970,70.218
4477,05/04/2026 14:57:48,3.369,73.589,10.47,0.41089,70.220
4478,05/04/2026 15:07:48,3.335,73.562,10.57,0.40745,70.227
4479,05/04/2026 15:17:48,3.387,73.581,10.66,0.41280,70.194
4480,05/04/2026 15:27:48,3.387,73.569,10.76,0.41273,70.182
4481,05/04/2026 15:37:48,3.395,73.573,10.76,0.41358,70.178
4482,05/04/2026 15:47:48,3.396,73.609,10.76,0.41372,70.213
4483,05/04/2026 15:57:48,3.379,73.578,10.76,0.41189,70.199
4484,05/04/2026 16:07:48,3.413,73.590,11.05,0.41542,70.177
4485,05/04/2026 16:17:48,3.394,73.566,10.96,0.41351,70.172
4486,05/04/2026 16:27:48,3.406,73.565,10.86,0.41471,70.159
4487,05/04/2026 16:37:48,3.385,73.546,10.76,0.41259,70.161
4488,05/04/2026 16:47:48,3.445,73.653,10.57,0.41863,70.208
4489,05/04/2026 16:57:48,3.428,73.632,10.27,0.41693,70.204
4490,05/04/2026 17:07:48,3.442,73.630,10.08,0.41841,70.188
4491,05/04/2026 17:17:48,3.472,73.665,9.88,0.42135,70.193
4492,05/04/2026 17:27:48,3.466,73.660,9.88,0.42079,70.194
4493,05/04/2026 17:37:48,3.481,73.683,9.88,0.42227,70.202
4494,05/04/2026 17:47:48,3.476,73.682,9.78,0.42177,70.206
4495,05/04/2026 17:57:48,3.523,73.732,9.78,0.42655,70.209
4496,05/04/2026 18:07:48,3.504,73.699,9.68,0.42465,70.195
4497,05/04/2026 18:17:48,3.554,73.738,9.48,0.42978,70.184
4498,05/04/2026 18:27:48,3.548,73.724,9.39,0.42907,70.176
4499,05/04/2026 18:37:48,3.553,73.740,9.19,0.42963,70.187
4500,05/04/2026 18:47:48,3.530,73.707,8.99,0.42723,70.177
4501,05/04/2026 18:57:48,3.568,73.727,8.79,0.43123,70.159
4502,05/04/2026 19:07:48,3.578,73.730,8.59,0.43221,70.152
4503,05/04/2026 19:17:48,3.604,73.760,8.39,0.43488,70.156
4504,05/04/2026 19:27:48,3.574,73.713,8.19,0.43178,70.139
4505,05/04/2026 19:37:48,3.571,73.717,8.09,0.43142,70.146
4506,05/04/2026 19:47:48,3.577,73.729,7.89,0.43205,70.152
4507,05/04/2026 19:57:48,3.565,73.714,7.69,0.43078,70.149
4508,05/04/2026 20:07:48,3.574,73.730,7.49,0.43176,70.156
4509,05/04/2026 20:17:48,3.570,73.761,7.39,0.43134,70.191
4510,05/04/2026 20:27:48,3.586,73.755,7.19,0.43295,70.169
4511,05/04/2026 20:37:48,3.588,73.739,6.99,0.43322,70.151
4512,05/04/2026 20:47:48,3.581,73.761,6.89,0.43245,70.180
4513,05/04/2026 20:57:48,3.579,73.765,6.79,0.43224,70.186
4514,05/04/2026 21:07:48,3.571,73.759,6.58,0.43139,70.188
4515,05/04/2026 21:17:48,3.575,73.776,6.48,0.43181,70.201
4516,05/04/2026 21:27:48,3.560,73.771,6.38,0.43026,70.211
4517,05/04/2026 21:37:48,3.558,73.770,6.28,0.43012,70.212
4518,05/04/2026 21:47:48,3.550,73.768,6.07,0.42934,70.218
4519,05/04/2026 21:57:48,3.585,73.795,5.97,0.43278,70.210
4520,05/04/2026 22:07:48,3.604,73.826,5.87,0.43475,70.222
4521,05/04/2026 22:17:48,3.585,73.802,5.67,0.43278,70.217
4522,05/04/2026 22:27:48,3.580,73.792,5.56,0.43228,70.212
4523,05/04/2026 22:37:48,3.578,73.786,5.46,0.43214,70.208
4524,05/04/2026 22:47:48,3.578,73.795,5.36,0.43207,70.217
4525,05/04/2026 22:57:48,3.560,73.762,5.25,0.43031,70.202
4526,05/04/2026 23:07:48,3.568,73.775,5.15,0.43108,70.207
4527,05/04/2026 23:17:48,3.544,73.721,5.15,0.42862,70.177
4528,05/04/2026 23:27:48,3.559,73.738,5.05,0.43017,70.179
4529,05/04/2026 23:37:48,3.567,73.746,4.94,0.43101,70.179
4530,05/04/2026 23:47:48,3.540,73.723,4.84,0.42820,70.183
4531,05/04/2026 23:57:48,3.531,73.709,4.84,0.42735,70.178
4532,05/05/2026 00:07:48,3.531,73.700,4.74,0.42728,70.169
4533,05/05/2026 00:17:48,3.549,73.712,4.63,0.42918,70.163
4534,05/05/2026 00:27:48,3.524,73.689,4.53,0.42658,70.165
4535,05/05/2026 00:37:48,3.532,73.706,4.43,0.42742,70.174
4536,05/05/2026 00:47:48,3.536,73.697,4.32,0.42777,70.161
4537,05/05/2026 00:57:48,3.540,73.710,4.22,0.42819,70.170
4538,05/05/2026 01:07:48,3.496,73.651,4.22,0.42369,70.155
4539,05/05/2026 01:17:48,3.501,73.659,4.11,0.42425,70.158
4540,05/05/2026 01:27:48,3.502,73.667,4.01,0.42439,70.165
4541,05/05/2026 01:37:48,3.508,73.658,3.90,0.42489,70.150
4542,05/05/2026 01:47:48,3.496,73.639,3.80,0.42369,70.143
4543,05/05/2026 01:57:48,3.486,73.629,3.69,0.42270,70.143
4544,05/05/2026 02:07:48,3.523,73.652,3.69,0.42643,70.129
4545,05/05/2026 02:17:48,3.482,73.606,3.59,0.42228,70.124
4546,05/05/2026 02:27:48,3.494,73.614,3.48,0.42355,70.120
4547,05/05/2026 02:37:48,3.468,73.568,3.38,0.42088,70.100
4548,05/05/2026 02:47:48,3.475,73.573,3.38,0.42151,70.098
4549,05/05/2026 02:57:48,3.472,73.554,3.27,0.42123,70.082
4550,05/05/2026 03:07:48,3.461,73.544,3.16,0.42017,70.083
4551,05/05/2026 03:17:48,3.449,73.526,3.16,0.41891,70.077
4552,05/05/2026 03:27:48,3.459,73.534,3.06,0.41996,70.075
4553,05/05/2026 03:37:48,3.474,73.548,3.06,0.42144,70.074
4554,05/05/2026 03:47:48,3.444,73.506,2.95,0.41848,70.062
4555,05/05/2026 03:57:48,3.454,73.515,2.85,0.41940,70.061
4556,05/05/2026 04:07:48,3.427,73.483,2.85,0.41673,70.056
4557,05/05/2026 04:17:48,3.427,73.482,2.74,0.41673,70.055
4558,05/05/2026 04:27:48,3.456,73.510,2.74,0.41961,70.054
4559,05/05/2026 04:37:48,3.398,73.459,2.63,0.41377,70.061
4560,05/05/2026 04:47:48,3.416,73.468,2.63,0.41560,70.052
4561,05/05/2026 04:57:48,3.442,73.499,2.53,0.41820,70.057
4562,05/05/2026 05:07:48,3.443,73.486,2.53,0.41827,70.043
4563,05/05/2026 05:17:48,3.410,73.462,2.42,0.41497,70.052
4564,05/05/2026 05:27:48,3.417,73.453,2.42,0.41567,70.036
4565,05/05/2026 05:37:48,3.402,73.435,2.42,0.41413,70.033
4566,05/05/2026 05:47:48,3.397,73.430,2.31,0.41363,70.033
4567,05/05/2026 05:57:48,3.412,73.453,2.31,0.41511,70.041
4568,05/05/2026 06:07:48,3.396,73.425,2.20,0.41349,70.029
4569,05/05/2026 06:17:48,3.398,73.434,2.20,0.41370,70.036
4570,05/05/2026 06:27:48,3.389,73.434,2.20,0.41279,70.045
4571,05/05/2026 06:37:48,3.365,73.406,2.10,0.41033,70.041
4572,05/05/2026 06:47:48,3.366,73.410,2.10,0.41054,70.044
4573,05/05/2026 06:57:48,3.374,73.420,2.10,0.41124,70.046
4574,05/05/2026 07:07:48,3.361,73.415,2.10,0.40998,70.054
4575,05/05/2026 07:17:48,3.391,73.441,1.99,0.41307,70.050
4576,05/05/2026 07:27:48,3.363,73.423,1.99,0.41019,70.060
4577,05/05/2026 07:37:48,3.370,73.437,1.99,0.41089,70.067
4578,05/05/2026 07:47:48,3.346,73.401,1.99,0.40843,70.055
4579,05/05/2026 07:57:48,3.373,73.423,1.99,0.41124,70.050
4580,05/05/2026 08:07:48,3.345,73.387,1.99,0.40836,70.042
4581,05/05/2026 08:17:48,3.332,73.370,2.10,0.40696,70.038
4582,05/05/2026 08:27:48,3.356,73.389,2.20,0.40942,70.033
4583,05/05/2026 08:37:48,3.363,73.389,2.31,0.41019,70.026
4584,05/05/2026 08:47:48,3.358,73.368,2.53,0.40963,70.010
4585,05/05/2026 08:57:48,3.346,73.345,2.53,0.40843,69.999
4586,05/05/2026 09:07:48,3.367,73.360,2.74,0.41061,69.993
4587,05/05/2026 09:17:48,3.356,73.343,2.85,0.40941,69.987
4588,05/05/2026 09:27:48,3.370,73.362,3.06,0.41089,69.992
4589,05/05/2026 09:37:48,3.374,73.358,3.16,0.41131,69.984
4590,05/05/2026 09:47:48,3.369,73.346,3.27,0.41075,69.977
4591,05/05/2026 09:57:48,3.345,73.315,3.48,0.40836,69.970
4592,05/05/2026 10:07:48,3.343,73.307,3.59,0.40815,69.964
4593,05/05/2026 10:17:48,3.365,73.321,3.69,0.41040,69.956
4594,05/05/2026 10:27:48,3.345,73.292,4.01,0.40829,69.947
4595,05/05/2026 10:37:48,3.348,73.289,4.22,0.40857,69.941
4596,05/05/2026 10:47:48,3.366,73.281,4.43,0.41047,69.915
4597,05/05/2026 10:57:48,3.369,73.286,4.53,0.41083,69.917
4598,05/05/2026 11:07:48,3.383,73.287,4.63,0.41223,69.904
4599,05/05/2026 11:17:48,3.365,73.261,4.74,0.41034,69.896
4600,05/05/2026 11:27:48,3.365,73.272,5.05,0.41034,69.907
4601,05/05/2026 11:37:48,3.376,73.270,5.36,0.41147,69.894
4602,05/05/2026 11:47:48,3.345,73.230,5.46,0.40831,69.885
4603,05/05/2026 11:57:48,3.385,73.272,5.67,0.41239,69.887
4604,05/05/2026 12:07:48,3.347,73.228,5.87,0.40859,69.881
4605,05/05/2026 12:17:48,3.381,73.267,6.18,0.41197,69.886
4606,05/05/2026 12:27:48,3.380,73.249,6.28,0.41197,69.869
4607,05/05/2026 12:37:48,3.372,73.241,6.38,0.41113,69.869
4608,05/05/2026 12:47:48,3.355,73.220,6.58,0.40938,69.865
4609,05/05/2026 12:57:48,3.367,73.237,6.99,0.41058,69.870
4610,05/05/2026 13:07:48,3.362,73.204,7.39,0.41010,69.842
4611,05/05/2026 13:17:48,3.367,73.199,7.89,0.41060,69.832
4612,05/05/2026 13:27:48,3.366,73.202,8.29,0.41061,69.836
4613,05/05/2026 13:37:48,3.345,73.177,8.49,0.40837,69.832
4614,05/05/2026 13:47:48,3.334,73.157,8.79,0.40725,69.823
4615,05/05/2026 13:57:48,3.348,73.159,9.09,0.40874,69.811
4616,05/05/2026 14:07:48,3.358,73.172,9.48,0.40973,69.814
4617,05/05/2026 14:17:48,3.364,73.183,9.68,0.41037,69.819
4618,05/05/2026 14:27:48,3.348,73.166,9.78,0.40869,69.818
4619,05/05/2026 14:37:48,3.363,73.177,10.08,0.41032,69.814
4620,05/05/2026 14:47:48,3.344,73.154,10.47,0.40836,69.810
4621,05/05/2026 14:57:48,3.351,73.151,10.66,0.40907,69.800
4622,05/05/2026 15:07:48,3.344,73.145,10.96,0.40838,69.801
4623,05/05/2026 15:17:48,3.322,73.114,11.05,0.40613,69.792
4624,05/05/2026 15:27:48,3.330,73.115,11.15,0.40698,69.785
4625,05/05/2026 15:37:48,3.360,73.144,11.35,0.41001,69.784
4626,05/05/2026 15:47:48,3.352,73.132,11.54,0.40925,69.780
4627,05/05/2026 15:57:48,3.347,73.119,11.54,0.40868,69.772
4628,05/05/2026 16:07:48,3.339,73.097,11.64,0.40791,69.758
4629,05/05/2026 16:17:48,3.359,73.130,11.74,0.40989,69.771
4630,05/05/2026 16:27:48,3.327,73.125,11.74,0.40665,69.798
4631,05/05/2026 16:37:48,3.336,73.115,11.64,0.40756,69.779
4632,05/05/2026 16:47:48,3.316,73.084,11.74,0.40560,69.768
4633,05/05/2026 16:57:48,3.357,73.143,11.74,0.40975,69.786
4634,05/05/2026 17:07:48,3.346,73.110,11.64,0.40869,69.764
4635,05/05/2026 17:17:48,3.360,73.124,11.64,0.41002,69.764
4636,05/05/2026 17:27:48,3.334,73.102,11.74,0.40743,69.768
4637,05/05/2026 17:37:48,3.344,73.097,11.64,0.40841,69.753
4638,05/05/2026 17:47:48,3.341,73.110,11.54,0.40805,69.769
4639,05/05/2026 17:57:48,3.323,73.086,11.44,0.40629,69.763
4640,05/05/2026 18:07:48,3.328,73.107,11.25,0.40670,69.779
4641,05/05/2026 18:17:48,3.352,73.105,11.05,0.40916,69.753
4642,05/05/2026 18:27:48,3.349,73.118,10.96,0.40887,69.769
4643,05/05/2026 18:37:48,3.355,73.120,10.76,0.40950,69.765
4644,05/05/2026 18:47:48,3.361,73.136,10.47,0.41005,69.775
4645,05/05/2026 18:57:48,3.356,73.129,10.27,0.40962,69.773
4646,05/05/2026 19:07:48,3.364,73.140,9.98,0.41038,69.776
4647,05/05/2026 19:17:48,3.386,73.166,9.78,0.41256,69.780
4648,05/05/2026 19:27:48,3.394,73.190,9.48,0.41346,69.796
4649,05/05/2026 19:37:48,3.360,73.157,9.29,0.40994,69.797
4650,05/05/2026 19:47:48,3.391,73.195,8.99,0.41309,69.804
4651,05/05/2026 19:57:48,3.377,73.192,8.69,0.41168,69.815
4652,05/05/2026 20:07:48,3.399,73.213,8.49,0.41392,69.814
4653,05/05/2026 20:17:48,3.414,73.234,8.29,0.41546,69.820
4654,05/05/2026 20:27:48,3.386,73.210,8.09,0.41258,69.824
4655,05/05/2026 20:37:48,3.415,73.244,7.89,0.41559,69.829
4656,05/05/2026 20:47:48,3.394,73.243,7.69,0.41334,69.849
4657,05/05/2026 20:57:48,3.410,73.272,7.39,0.41502,69.862
4658,05/05/2026 21:07:48,3.408,73.279,7.19,0.41481,69.871
4659,05/05/2026 21:17:48,3.403,73.287,6.99,0.41424,69.884
4660,05/05/2026 21:27:48,3.409,73.312,6.79,0.41494,69.903
4661,05/05/2026 21:37:48,3.411,73.329,6.58,0.41507,69.918
4662,05/05/2026 21:47:48,3.397,73.323,6.38,0.41359,69.926
4663,05/05/2026 21:57:48,3.419,73.353,6.18,0.41591,69.934
4664,05/05/2026 22:07:48,3.424,73.356,5.97,0.41640,69.932
4665,05/05/2026 22:17:48,3.391,73.328,5.87,0.41302,69.937
4666,05/05/2026 22:27:48,3.416,73.349,5.67,0.41555,69.933
4667,05/05/2026 22:37:48,3.399,73.329,5.46,0.41386,69.930
4668,05/05/2026 22:47:48,3.404,73.329,5.36,0.41428,69.925
4669,05/05/2026 22:57:48,3.413,73.336,5.15,0.41526,69.923
4670,05/05/2026 23:07:48,3.419,73.335,4.94,0.41582,69.916
4671,05/05/2026 23:17:48,3.397,73.311,4.84,0.41364,69.914
4672,05/05/2026 23:27:48,3.390,73.305,4.63,0.41294,69.915
4673,05/05/2026 23:37:48,3.398,73.313,4.53,0.41378,69.915
4674,05/05/2026 23:47:48,3.408,73.322,4.43,0.41476,69.914
4675,05/05/2026 23:57:48,3.366,73.284,4.22,0.41047,69.918
4676,05/06/2026 00:07:48,3.386,73.311,4.11,0.41244,69.925
4677,05/06/2026 00:17:48,3.371,73.296,4.01,0.41103,69.925
4678,05/06/2026 00:27:48,3.404,73.327,3.90,0.41434,69.923
4679,05/06/2026 00:37:48,3.399,73.331,3.80,0.41385,69.932
4680,05/06/2026 00:47:48,3.406,73.339,3.69,0.41462,69.933
4681,05/06/2026 00:57:48,3.378,73.316,3.59,0.41167,69.938
4682,05/06/2026 01:07:48,3.404,73.329,3.48,0.41434,69.925
4683,05/06/2026 01:17:48,3.365,73.278,3.38,0.41040,69.913
4684,05/06/2026 01:27:48,3.373,73.282,3.27,0.41124,69.909
4685,05/06/2026 01:37:48,3.359,73.263,3.16,0.40984,69.904
4686,05/06/2026 01:47:48,3.355,73.259,3.16,0.40934,69.904
4687,05/06/2026 01:57:48,3.359,73.272,3.06,0.40977,69.913
4688,05/06/2026 02:07:48,3.374,73.294,2.95,0.41124,69.920
4689,05/06/2026 02:17:48,3.375,73.285,2.95,0.41138,69.910
4690,05/06/2026 02:27:48,3.331,73.230,2.85,0.40688,69.899
4691,05/06/2026 02:37:48,3.370,73.261,2.74,0.41082,69.891
4692,05/06/2026 02:47:48,3.365,73.247,2.74,0.41040,69.882
4693,05/06/2026 02:57:48,3.366,73.247,2.74,0.41047,69.881
4694,05/06/2026 03:07:48,3.339,73.215,2.63,0.40773,69.876
4695,05/06/2026 03:17:48,3.375,73.260,2.63,0.41138,69.885
4696,05/06/2026 03:27:48,3.335,73.237,2.53,0.40731,69.902
4697,05/06/2026 03:37:48,3.356,73.272,2.42,0.40948,69.916
4698,05/06/2026 03:47:48,3.346,73.258,2.31,0.40843,69.912
4699,05/06/2026 03:57:48,3.370,73.276,2.31,0.41089,69.906
4700,05/06/2026 04:07:48,3.352,73.253,2.20,0.40899,69.901
4701,05/06/2026 04:17:48,3.351,73.230,2.10,0.40892,69.879
4702,05/06/2026 04:27:48,3.361,73.225,2.10,0.40998,69.864
4703,05/06/2026 04:37:48,3.343,73.220,1.99,0.40808,69.877
4704,05/06/2026 04:47:48,3.354,73.238,1.99,0.40921,69.884
4705,05/06/2026 04:57:48,3.343,73.242,1.99,0.40815,69.899
4706,05/06/2026 05:07:48,3.343,73.228,1.88,0.40815,69.885
4707,05/06/2026 05:17:48,3.361,73.241,1.77,0.40998,69.880
4708,05/06/2026 05:27:48,3.354,73.237,1.77,0.40921,69.883
4709,05/06/2026 05:37:48,3.343,73.222,1.67,0.40815,69.879
4710,05/06/2026 05:47:48,3.360,73.245,1.67,0.40984,69.885
4711,05/06/2026 05:57:48,3.353,73.235,1.56,0.40921,69.882
4712,05/06/2026 06:07:48,3.351,73.244,1.56,0.40900,69.893
4713,05/06/2026 06:17:48,3.357,73.249,1.56,0.40956,69.892
4714,05/06/2026 06:27:48,3.350,73.244,1.45,0.40879,69.894
4715,05/06/2026 06:37:48,3.376,73.253,1.45,0.41146,69.877
4716,05/06/2026 06:47:48,3.332,73.212,1.45,0.40703,69.880
4717,05/06/2026 06:57:48,3.350,73.235,1.45,0.40879,69.885
4718,05/06/2026 07:07:48,3.341,73.244,1.45,0.40787,69.903
4719,05/06/2026 07:17:48,3.351,73.230,1.34,0.40893,69.879
4720,05/06/2026 07:27:48,3.340,73.216,1.34,0.40780,69.876
4721,05/06/2026 07:37:48,3.321,73.198,1.34,0.40591,69.877
4722,05/06/2026 07:47:48,3.339,73.225,1.34,0.40773,69.886
4723,05/06/2026 07:57:48,3.329,73.252,1.23,0.40668,69.923
4724,05/06/2026 08:07:48,3.352,73.314,1.01,0.40900,69.962
4725,05/06/2026 08:17:48,3.349,73.321,0.68,0.40873,69.972
4726,05/06/2026 08:27:48,3.323,73.264,0.24,0.40613,69.941
4727,05/06/2026 08:37:48,3.302,73.250,0.24,0.40402,69.948
4728,05/06/2026 08:47:48,3.325,73.296,0.35,0.40634,69.971
4729,05/06/2026 08:57:48,3.263,73.252,0.46,0.39994,69.989
4730,05/06/2026 09:07:48,3.261,73.238,0.46,0.39980,69.977
4731,05/06/2026 09:17:48,3.216,73.203,0.57,0.39516,69.987
4732,05/06/2026 09:27:48,3.187,73.172,0.68,0.39220,69.985
4733,05/06/2026 09:37:48,3.191,73.199,0.79,0.39269,70.008
4734,05/06/2026 09:47:48,3.184,73.218,0.90,0.39192,70.034
4735,05/06/2026 09:57:48,3.218,73.268,0.90,0.39536,70.050
4736,05/06/2026 10:07:48,3.239,73.281,0.90,0.39754,70.042
4737,05/06/2026 10:17:48,3.283,73.341,1.01,0.40197,70.058
4738,05/06/2026 10:27:48,3.341,73.396,1.12,0.40788,70.055
4739,05/06/2026 10:37:48,3.369,73.437,1.23,0.41076,70.068
4740,05/06/2026 10:47:48,3.415,73.478,1.34,0.41547,70.063
4741,05/06/2026 10:57:48,3.442,73.511,1.45,0.41821,70.069
4742,05/06/2026 11:07:48,3.419,73.502,1.45,0.41582,70.083
4743,05/06/2026 11:17:48,3.383,73.471,1.56,0.41216,70.088
4744,05/06/2026 11:27:48,3.364,73.462,1.67,0.41026,70.098
4745,05/06/2026 11:37:48,3.339,73.444,1.67,0.40773,70.105
4746,05/06/2026 11:47:48,3.323,73.454,1.88,0.40611,70.131
4747,05/06/2026 11:57:48,3.303,73.447,2.20,0.40407,70.144
4748,05/06/2026 12:07:48,3.301,73.467,2.42,0.40379,70.166
4749,05/06/2026 12:17:48,3.295,73.462,2.42,0.40323,70.167
4750,05/06/2026 12:27:48,3.305,73.477,2.53,0.40421,70.172
4751,05/06/2026 12:37:48,3.311,73.482,2.74,0.40491,70.171
4752,05/06/2026 12:47:48,3.338,73.511,2.95,0.40759,70.173
4753,05/06/2026 12:57:48,3.344,73.516,3.06,0.40822,70.172
4754,05/06/2026 13:07:48,3.383,73.567,3.27,0.41223,70.184
4755,05/06/2026 13:17:48,3.388,73.565,3.59,0.41272,70.177
4756,05/06/2026 13:27:48,3.389,73.575,3.80,0.41286,70.186
4757,05/06/2026 13:37:48,3.375,73.577,4.01,0.41139,70.202
4758,05/06/2026 13:47:48,3.388,73.598,4.43,0.41272,70.210
4759,05/06/2026 13:57:48,3.373,73.597,4.94,0.41118,70.224
4760,05/06/2026 14:07:48,3.380,73.604,5.25,0.41189,70.224
4761,05/06/2026 14:17:48,3.394,73.633,5.56,0.41337,70.239
4762,05/06/2026 14:27:48,3.396,73.640,5.87,0.41358,70.244
4763,05/06/2026 14:37:48,3.373,73.633,6.18,0.41127,70.260
4764,05/06/2026 14:47:48,3.391,73.658,6.48,0.41310,70.267
4765,05/06/2026 14:57:48,3.395,73.692,6.68,0.41346,70.297
4766,05/06/2026 15:07:48,3.414,73.717,6.99,0.41536,70.303
4767,05/06/2026 15:17:48,3.432,73.745,7.09,0.41719,70.313
4768,05/06/2026 15:27:48,3.453,73.770,7.39,0.41938,70.317
4769,05/06/2026 15:37:48,3.466,73.795,7.69,0.42072,70.329
4770,05/06/2026 15:47:48,3.511,73.842,7.89,0.42530,70.331
4771,05/06/2026 15:57:48,3.505,73.839,8.09,0.42474,70.334
4772,05/06/2026 16:07:48,3.549,73.886,8.29,0.42925,70.337
4773,05/06/2026 16:17:48,3.546,73.878,8.39,0.42890,70.332
4774,05/06/2026 16:27:48,3.565,73.916,8.59,0.43088,70.351
4775,05/06/2026 16:37:48,3.564,73.962,8.69,0.43074,70.398
4776,05/06/2026 16:47:48,3.603,73.984,8.59,0.43474,70.381
4777,05/06/2026 16:57:48,3.615,74.002,8.59,0.43594,70.387
4778,05/06/2026 17:07:48,3.635,74.053,8.69,0.43798,70.418
4779,05/06/2026 17:17:48,3.646,74.052,8.59,0.43910,70.406
4780,05/06/2026 17:27:48,3.606,74.025,8.59,0.43502,70.419
4781,05/06/2026 17:37:48,3.644,74.079,8.59,0.43889,70.435
4782,05/06/2026 17:47:48,3.633,74.067,8.29,0.43783,70.434
4783,05/06/2026 17:57:48,3.608,74.048,8.19,0.43529,70.440
4784,05/06/2026 18:07:48,3.622,74.075,8.09,0.43663,70.453
4785,05/06/2026 18:17:48,3.610,74.078,7.99,0.43543,70.468
4786,05/06/2026 18:27:48,3.601,74.086,7.79,0.43444,70.485
4787,05/06/2026 18:37:48,3.617,74.108,7.69,0.43605,70.491
4788,05/06/2026 18:47:48,3.599,74.097,7.49,0.43429,70.498
4789,05/06/2026 18:57:48,3.574,74.077,7.29,0.43176,70.503
4790,05/06/2026 19:07:48,3.587,74.094,7.09,0.43302,70.507
4791,05/06/2026 19:17:48,3.576,74.096,6.89,0.43196,70.520
4792,05/06/2026 19:27:48,3.576,74.099,6.68,0.43195,70.523
4793,05/06/2026 19:37:48,3.546,74.083,6.38,0.42885,70.537
4794,05/06/2026 19:47:48,3.535,74.082,6.18,0.42772,70.547
4795,05/06/2026 19:57:48,3.542,74.089,5.97,0.42842,70.547
4796,05/06/2026 20:07:48,3.545,74.106,5.77,0.42870,70.561
4797,05/06/2026 20:17:48,3.522,74.100,5.56,0.42638,70.578
4798,05/06/2026 20:27:48,3.476,74.061,5.25,0.42173,70.585
4799,05/06/2026 20:37:48,3.523,74.123,5.05,0.42651,70.600
4800,05/06/2026 20:47:48,3.513,74.117,4.84,0.42546,70.604
4801,05/06/2026 20:57:48,3.504,74.120,4.63,0.42454,70.616
4802,05/06/2026 21:07:48,3.493,74.127,4.43,0.42348,70.634
4803,05/06/2026 21:17:48,3.493,74.144,4.22,0.42341,70.651
4804,05/06/2026 21:27:48,3.496,74.156,4.01,0.42376,70.660
4805,05/06/2026 21:37:48,3.469,74.137,3.90,0.42102,70.668
4806,05/06/2026 21:47:48,3.484,74.168,3.69,0.42242,70.684
4807,05/06/2026 21:57:48,3.471,74.157,3.48,0.42116,70.686
4808,05/06/2026 22:07:48,3.433,74.134,3.38,0.41729,70.701
4809,05/06/2026 22:17:48,3.444,74.168,3.16,0.41848,70.724
4810,05/06/2026 22:27:48,3.434,74.154,3.06,0.41743,70.720
4811,05/06/2026 22:37:48,3.444,74.175,2.85,0.41848,70.731
4812,05/06/2026 22:47:48,3.430,74.179,2.63,0.41694,70.749
4813,05/06/2026 22:57:48,3.425,74.187,2.53,0.41645,70.762
4814,05/06/2026 23:07:48,3.409,74.181,2.31,0.41483,70.772
4815,05/06/2026 23:17:48,3.412,74.185,2.20,0.41511,70.773
4816,05/06/2026 23:27:48,3.407,74.184,2.10,0.41469,70.777
4817,05/06/2026 23:37:48,3.408,74.183,1.99,0.41483,70.775
4818,05/06/2026 23:47:48,3.392,74.169,1.88,0.41314,70.777
4819,05/06/2026 23:57:48,3.410,74.190,1.67,0.41497,70.780
4820,05/07/2026 00:07:48,3.403,74.185,1.56,0.41427,70.782
4821,05/07/2026 00:17:48,3.402,74.171,1.45,0.41413,70.769
4822,05/07/2026 00:27:48,3.361,74.125,1.34,0.40998,70.764
4823,05/07/2026 00:37:48,3.342,74.106,1.23,0.40809,70.764
4824,05/07/2026 00:47:48,3.342,74.114,1.01,0.40802,70.772
4825,05/07/2026 00:57:48,3.326,74.104,0.90,0.40647,70.778
4826,05/07/2026 01:07:48,3.308,74.081,0.79,0.40458,70.773
4827,05/07/2026 01:17:48,3.250,74.031,0.68,0.39860,70.781
4828,05/07/2026 01:27:48,3.199,73.986,0.68,0.39340,70.787
4829,05/07/2026 01:37:48,3.193,73.980,0.57,0.39291,70.787
4830,05/07/2026 01:47:48,3.157,73.948,0.46,0.38918,70.791
4831,05/07/2026 01:57:48,3.137,73.916,0.46,0.38721,70.779
4832,05/07/2026 02:07:48,3.129,73.889,0.35,0.38630,70.760
4833,05/07/2026 02:17:48,3.101,73.862,0.35,0.38342,70.761
4834,05/07/2026 02:27:48,3.086,73.847,0.24,0.38194,70.761
4835,05/07/2026 02:37:48,3.081,73.843,0.24,0.38138,70.762
4836,05/07/2026 02:47:48,3.053,73.815,0.13,0.37857,70.762
4837,05/07/2026 02:57:48,3.038,73.811,0.13,0.37702,70.773
4838,05/07/2026 03:07:48,3.040,73.810,0.02,0.37723,70.770
4839,05/07/2026 03:17:48,3.043,73.819,0.02,0.37758,70.776
4840,05/07/2026 03:27:48,3.030,73.815,0.02,0.37618,70.785
4841,05/07/2026 03:37:48,3.025,73.810,0.02,0.37569,70.785
4842,05/07/2026 03:47:48,3.013,73.800,-0.09,0.37449,70.787
4843,05/07/2026 03:57:48,3.008,73.791,-0.09,0.37400,70.783
4844,05/07/2026 04:07:48,3.044,73.832,-0.09,0.37766,70.788
4845,05/07/2026 04:17:48,3.007,73.814,-0.09,0.37386,70.807
4846,05/07/2026 04:27:48,3.009,73.818,-0.09,0.37414,70.809
4847,05/07/2026 04:37:48,3.021,73.818,-0.09,0.37534,70.797
4848,05/07/2026 04:47:48,3.006,73.805,-0.09,0.37379,70.799
4849,05/07/2026 04:57:48,3.013,73.805,-0.09,0.37449,70.792
4850,05/07/2026 05:07:48,3.041,73.840,-0.20,0.37738,70.799
4851,05/07/2026 05:17:48,3.079,73.881,-0.20,0.38124,70.802
4852,05/07/2026 05:27:48,3.140,73.949,-0.20,0.38743,70.809
4853,05/07/2026 05:37:48,3.159,73.963,-0.20,0.38933,70.804
4854,05/07/2026 05:47:48,3.221,74.026,-0.20,0.39566,70.805
4855,05/07/2026 05:57:48,3.256,74.067,-0.20,0.39925,70.811
4856,05/07/2026 06:07:48,3.311,74.125,-0.20,0.40494,70.814
4857,05/07/2026 06:17:48,3.323,74.143,-0.20,0.40614,70.820
4858,05/07/2026 06:27:48,3.354,74.175,-0.20,0.40930,70.821
4859,05/07/2026 06:37:48,3.373,74.202,-0.20,0.41127,70.829
4860,05/07/2026 06:47:48,3.369,74.202,-0.20,0.41085,70.833
4861,05/07/2026 06:57:48,3.395,74.234,-0.20,0.41345,70.839
4862,05/07/2026 07:07:48,3.424,74.262,-0.09,0.41640,70.838
4863,05/07/2026 07:17:48,3.438,74.280,-0.09,0.41781,70.842
4864,05/07/2026 07:27:48,3.453,74.284,-0.09,0.41943,70.831
4865,05/07/2026 07:37:48,3.475,74.316,-0.09,0.42161,70.841
4866,05/07/2026 07:47:48,3.473,74.311,-0.09,0.42147,70.838
4867,05/07/2026 07:57:48,3.449,74.293,-0.09,0.41900,70.844
4868,05/07/2026 08:07:48,3.295,74.135,-0.09,0.40325,70.840
4869,05/07/2026 08:17:48,3.180,74.023,0.02,0.39151,70.843
4870,05/07/2026 08:27:48,3.183,74.028,0.13,0.39179,70.845
4871,05/07/2026 08:37:48,3.240,74.092,0.35,0.39769,70.852
4872,05/07/2026 08:47:48,3.276,74.125,0.46,0.40127,70.849
4873,05/07/2026 08:57:48,3.312,74.157,0.57,0.40493,70.845
4874,05/07/2026 09:07:48,3.340,74.189,0.68,0.40781,70.849
4875,05/07/2026 09:17:48,3.414,74.254,0.90,0.41533,70.840
4876,05/07/2026 09:27:48,3.484,74.313,1.01,0.42250,70.829
4877,05/07/2026 09:37:48,3.576,74.400,1.12,0.43185,70.824
4878,05/07/2026 09:47:48,3.529,74.351,1.23,0.42707,70.822
4879,05/07/2026 09:57:48,3.534,74.348,1.45,0.42756,70.814
4880,05/07/2026 10:07:48,3.552,74.366,1.56,0.42946,70.814
4881,05/07/2026 10:17:48,3.489,74.291,1.77,0.42299,70.802
4882,05/07/2026 10:27:48,3.451,74.252,2.10,0.41912,70.801
4883,05/07/2026 10:37:48,3.411,74.208,2.31,0.41504,70.797
4884,05/07/2026 10:47:48,3.392,74.173,2.42,0.41307,70.781
4885,05/07/2026 10:57:48,3.358,74.129,2.74,0.40970,70.771
4886,05/07/2026 11:07:48,3.369,74.113,3.06,0.41082,70.744
4887,05/07/2026 11:17:48,3.391,74.124,3.27,0.41300,70.733
4888,05/07/2026 11:27:48,3.381,74.117,3.59,0.41202,70.736
4889,05/07/2026 11:37:48,3.397,74.124,3.90,0.41363,70.727
4890,05/07/2026 11:47:48,3.416,74.143,4.11,0.41560,70.727
4891,05/07/2026 11:57:48,3.412,74.136,4.43,0.41519,70.724
4892,05/07/2026 12:07:48,3.427,74.153,4.84,0.41674,70.726
4893,05/07/2026 12:17:48,3.427,74.133,5.15,0.41667,70.706
4894,05/07/2026 12:27:48,3.424,74.134,5.36,0.41639,70.710
4895,05/07/2026 12:37:48,3.444,74.145,5.56,0.41843,70.701
4896,05/07/2026 12:47:48,3.464,74.155,5.77,0.42054,70.691
4897,05/07/2026 12:57:48,3.455,74.142,5.77,0.41956,70.687
4898,05/07/2026 13:07:48,3.489,74.165,5.87,0.42308,70.676
4899,05/07/2026 13:17:48,3.465,74.148,5.97,0.42062,70.683
4900,05/07/2026 13:27:48,3.482,74.154,6.18,0.42231,70.672
4901,05/07/2026 13:37:48,3.510,74.202,6.48,0.42520,70.692
4902,05/07/2026 13:47:48,3.539,74.231,6.68,0.42809,70.692
4903,05/07/2026 13:57:48,3.507,74.196,6.89,0.42492,70.689
4904,05/07/2026 14:07:48,3.553,74.244,7.19,0.42957,70.691
4905,05/07/2026 14:17:48,3.558,74.252,7.59,0.43007,70.694
4906,05/07/2026 14:27:48,3.580,74.285,7.79,0.43233,70.705
4907,05/07/2026 14:37:48,3.605,74.306,8.09,0.43487,70.701
4908,05/07/2026 14:47:48,3.644,74.330,8.29,0.43888,70.686
4909,05/07/2026 14:57:48,3.619,74.311,8.19,0.43635,70.692
4910,05/07/2026 15:07:48,3.650,74.327,8.49,0.43952,70.677
4911,05/07/2026 15:17:48,3.658,74.321,8.79,0.44031,70.663
4912,05/07/2026 15:27:48,3.657,74.332,8.99,0.44024,70.675
4913,05/07/2026 15:37:48,3.641,74.331,8.89,0.43862,70.690
4914,05/07/2026 15:47:48,3.647,74.328,9.09,0.43926,70.681
4915,05/07/2026 15:57:48,3.572,74.227,9.39,0.43153,70.655
4916,05/07/2026 16:07:48,3.603,74.269,9.58,0.43478,70.666
4917,05/07/2026 16:17:48,3.605,74.253,9.78,0.43492,70.648
4918,05/07/2026 16:27:48,3.580,74.218,9.98,0.43247,70.638
4919,05/07/2026 16:37:48,3.591,74.219,10.08,0.43360,70.628
4920,05/07/2026 16:47:48,3.580,74.215,10.08,0.43240,70.635
4921,05/07/2026 16:57:48,3.544,74.195,9.88,0.42874,70.651
4922,05/07/2026 17:07:48,3.557,74.195,9.88,0.43007,70.638
4923,05/07/2026 17:17:48,3.539,74.171,9.78,0.42824,70.632
4924,05/07/2026 17:27:48,3.529,74.170,9.68,0.42725,70.641
4925,05/07/2026 17:37:48,3.508,74.139,9.68,0.42500,70.631
4926,05/07/2026 17:47:48,3.513,74.134,9.68,0.42557,70.621
4927,05/07/2026 17:57:48,3.505,74.139,9.68,0.42472,70.634
4928,05/07/2026 18:07:48,3.490,74.120,9.68,0.42324,70.630
4929,05/07/2026 18:17:48,3.482,74.089,9.68,0.42240,70.607
4930,05/07/2026 18:27:48,3.484,74.097,9.58,0.42261,70.613
4931,05/07/2026 18:37:48,3.450,74.068,9.39,0.41916,70.618
4932,05/07/2026 18:47:48,3.511,74.121,9.29,0.42541,70.610
4933,05/07/2026 18:57:48,3.479,74.088,9.09,0.42210,70.609
4934,05/07/2026 19:07:48,3.469,74.073,8.99,0.42111,70.604
4935,05/07/2026 19:17:48,3.474,74.085,8.79,0.42160,70.611
4936,05/07/2026 19:27:48,3.438,74.062,8.69,0.41787,70.624
4937,05/07/2026 19:37:48,3.491,74.119,8.49,0.42328,70.628
4938,05/07/2026 19:47:48,3.446,74.086,8.39,0.41877,70.640
4939,05/07/2026 19:57:48,3.452,74.094,8.19,0.41926,70.642
4940,05/07/2026 20:07:48,3.485,74.128,7.99,0.42270,70.643
4941,05/07/2026 20:17:48,3.465,74.113,7.79,0.42059,70.648
4942,05/07/2026 20:27:48,3.457,74.107,7.59,0.41981,70.650
4943,05/07/2026 20:37:48,3.435,74.091,7.39,0.41762,70.656
4944,05/07/2026 20:47:48,3.466,74.131,7.19,0.42064,70.665
4945,05/07/2026 20:57:48,3.456,74.124,6.99,0.41972,70.668
4946,05/07/2026 21:07:48,3.485,74.159,6.79,0.42267,70.674
4947,05/07/2026 21:17:48,3.486,74.162,6.58,0.42274,70.676
4948,05/07/2026 21:27:48,3.474,74.160,6.38,0.42154,70.686
4949,05/07/2026 21:37:48,3.511,74.204,6.18,0.42526,70.693
4950,05/07/2026 21:47:48,3.502,74.185,6.07,0.42435,70.683
4951,05/07/2026 21:57:48,3.483,74.161,5.87,0.42237,70.678
4952,05/07/2026 22:07:48,3.463,74.137,5.67,0.42033,70.674
4953,05/07/2026 22:17:48,3.460,74.131,5.46,0.42012,70.670
4954,05/07/2026 22:27:48,3.487,74.152,5.25,0.42279,70.665
4955,05/07/2026 22:37:48,3.484,74.137,5.15,0.42251,70.653
4956,05/07/2026 22:47:48,3.481,74.145,4.94,0.42215,70.664
4957,05/07/2026 22:57:48,3.469,74.134,4.74,0.42102,70.665
4958,05/07/2026 23:07:48,3.484,74.152,4.63,0.42243,70.668
4959,05/07/2026 23:17:48,3.476,74.128,4.53,0.42173,70.652
4960,05/07/2026 23:27:48,3.474,74.113,4.32,0.42151,70.639
4961,05/07/2026 23:37:48,3.449,74.094,4.22,0.41898,70.645
4962,05/07/2026 23:47:48,3.450,74.093,4.01,0.41898,70.643
4963,05/07/2026 23:57:48,3.468,74.106,3.90,0.42081,70.638
4964,05/08/2026 00:07:48,3.479,74.114,3.80,0.42200,70.635
4965,05/08/2026 00:17:48,3.448,74.090,3.59,0.41884,70.642
4966,05/08/2026 00:27:48,3.473,74.112,3.48,0.42137,70.639
4967,05/08/2026 00:37:48,3.450,74.079,3.38,0.41905,70.629
4968,05/08/2026 00:47:48,3.461,74.079,3.27,0.42010,70.618
4969,05/08/2026 00:57:48,3.466,74.078,3.16,0.42066,70.612
4970,05/08/2026 01:07:48,3.455,74.077,3.06,0.41954,70.622
4971,05/08/2026 01:17:48,3.474,74.099,2.95,0.42151,70.625
4972,05/08/2026 01:27:48,3.451,74.085,2.85,0.41912,70.634
4973,05/08/2026 01:37:48,3.471,74.102,2.74,0.42123,70.631
4974,05/08/2026 01:47:48,3.443,74.056,2.63,0.41834,70.613
4975,05/08/2026 01:57:48,3.435,74.051,2.53,0.41750,70.616
4976,05/08/2026 02:07:48,3.408,74.023,2.42,0.41476,70.615
4977,05/08/2026 02:17:48,3.420,74.037,2.42,0.41595,70.617
4978,05/08/2026 02:27:48,3.425,74.036,2.31,0.41652,70.611
4979,05/08/2026 02:37:48,3.429,74.032,2.31,0.41687,70.603
4980,05/08/2026 02:47:48,3.414,74.017,2.20,0.41539,70.603
4981,05/08/2026 02:57:48,3.419,74.017,2.20,0.41588,70.598
4982,05/08/2026 03:07:48,3.402,73.994,2.10,0.41413,70.592
4983,05/08/2026 03:17:48,3.390,73.975,1.99,0.41293,70.585
4984,05/08/2026 03:27:48,3.390,73.971,1.99,0.41286,70.581
4985,05/08/2026 03:37:48,3.400,73.984,1.88,0.41392,70.584
4986,05/08/2026 03:47:48,3.379,73.970,1.88,0.41181,70.591
4987,05/08/2026 03:57:48,3.384,73.966,1.88,0.41223,70.582
4988,05/08/2026 04:07:48,3.381,73.965,1.77,0.41202,70.584
4989,05/08/2026 04:17:48,3.396,73.979,1.77,0.41350,70.583
4990,05/08/2026 04:27:48,3.364,73.960,1.67,0.41026,70.596
4991,05/08/2026 04:37:48,3.363,73.960,1.67,0.41012,70.597
4992,05/08/2026 04:47:48,3.366,73.964,1.56,0.41040,70.598
4993,05/08/2026 04:57:48,3.384,73.986,1.56,0.41230,70.602
4994,05/08/2026 05:07:48,3.352,73.955,1.56,0.40900,70.603
4995,05/08/2026 05:17:48,3.367,73.972,1.45,0.41055,70.605
4996,05/08/2026 05:27:48,3.348,73.958,1.45,0.40865,70.610
4997,05/08/2026 05:37:48,3.377,73.990,1.45,0.41160,70.613
4998,05/08/2026 05:47:48,3.348,73.962,1.34,0.40865,70.614
4999,05/08/2026 05:57:48,3.344,73.966,1.23,0.40823,70.622
5000,05/08/2026 06:07:48,3.345,73.971,1.23,0.40830,70.626
5001,05/08/2026 06:17:48,3.351,73.988,1.12,0.40893,70.637
5002,05/08/2026 06:27:48,3.335,73.975,1.12,0.40724,70.640
5003,05/08/2026 06:37:48,3.362,74.006,1.01,0.41006,70.644
5004,05/08/2026 06:47:48,3.344,73.992,1.01,0.40823,70.648
5005,05/08/2026 06:57:48,3.329,73.983,1.01,0.40668,70.654
5006,05/08/2026 07:07:48,3.325,73.973,0.90,0.40633,70.648
5007,05/08/2026 07:17:48,3.295,73.946,0.90,0.40324,70.651
5008,05/08/2026 07:27:48,3.313,73.969,0.90,0.40507,70.656
5009,05/08/2026 07:37:48,3.317,73.973,0.79,0.40542,70.656
5010,05/08/2026 07:47:48,3.316,73.968,0.79,0.40542,70.652
5011,05/08/2026 07:57:48,3.305,73.964,0.79,0.40422,70.659
5012,05/08/2026 08:07:48,3.309,73.973,0.90,0.40471,70.664
5013,05/08/2026 08:17:48,3.295,73.960,1.01,0.40331,70.665
5014,05/08/2026 08:27:48,3.293,73.980,1.23,0.40302,70.687
5015,05/08/2026 08:37:48,3.287,73.972,1.45,0.40239,70.685
5016,05/08/2026 08:47:48,3.279,73.964,1.56,0.40154,70.685
5017,05/08/2026 08:57:48,3.273,73.957,1.88,0.40091,70.684
5018,05/08/2026 09:07:48,3.275,73.958,2.10,0.40119,70.683
5019,05/08/2026 09:17:48,3.282,73.973,2.31,0.40189,70.691
5020,05/08/2026 09:27:48,3.286,73.974,2.53,0.40231,70.688
5021,05/08/2026 09:37:48,3.285,73.967,2.85,0.40224,70.682
5022,05/08/2026 09:47:48,3.282,73.965,3.16,0.40189,70.683
5023,05/08/2026 09:57:48,3.274,73.949,3.48,0.40105,70.675
5024,05/08/2026 10:07:48,3.306,73.987,3.80,0.40435,70.681
5025,05/08/2026 10:17:48,3.292,73.976,4.11,0.40288,70.684
5026,05/08/2026 10:27:48,3.307,73.992,4.43,0.40443,70.685
5027,05/08/2026 10:37:48,3.313,73.995,4.84,0.40506,70.682
5028,05/08/2026 10:47:48,3.290,73.974,5.15,0.40275,70.684
5029,05/08/2026 10:57:48,3.342,74.032,5.56,0.40803,70.690
5030,05/08/2026 11:07:48,3.323,74.012,5.97,0.40613,70.689
5031,05/08/2026 11:17:48,3.327,74.015,6.38,0.40656,70.688
5032,05/08/2026 11:27:48,3.328,74.008,6.58,0.40664,70.680
5033,05/08/2026 11:37:48,3.297,73.970,6.89,0.40341,70.673
5034,05/08/2026 11:47:48,3.324,73.991,7.29,0.40623,70.667
5035,05/08/2026 11:57:48,3.320,73.985,7.69,0.40588,70.665
5036,05/08/2026 12:07:48,3.311,73.966,8.09,0.40491,70.655
5037,05/08/2026 12:17:48,3.300,73.956,8.49,0.40380,70.656
5038,05/08/2026 12:27:48,3.293,73.936,8.79,0.40310,70.643
5039,05/08/2026 12:37:48,3.279,73.936,9.29,0.40164,70.657
5040,05/08/2026 12:47:48,3.283,73.921,9.68,0.40214,70.638
5041,05/08/2026 12:57:48,3.331,73.971,10.17,0.40701,70.640
5042,05/08/2026 13:07:48,3.333,73.966,10.57,0.40717,70.633
5043,05/08/2026 13:17:48,3.312,73.943,11.05,0.40515,70.631
5044,05/08/2026 13:27:48,3.326,73.951,11.44,0.40657,70.625
5045,05/08/2026 13:37:48,3.312,73.942,11.83,0.40511,70.630
5046,05/08/2026 13:47:48,3.346,73.973,12.22,0.40857,70.627
5047,05/08/2026 13:57:48,3.332,73.962,12.51,0.40725,70.630
5048,05/08/2026 14:07:48,3.357,73.975,12.90,0.40980,70.618
5049,05/08/2026 14:17:48,3.337,73.964,13.19,0.40784,70.627
5050,05/08/2026 14:27:48,3.333,73.959,13.57,0.40744,70.626
5051,05/08/2026 14:37:48,3.327,73.953,13.86,0.40682,70.626
5052,05/08/2026 14:47:48,3.322,73.952,14.15,0.40627,70.630
5053,05/08/2026 14:57:48,3.344,73.960,14.44,0.40847,70.616
5054,05/08/2026 15:07:48,3.353,73.972,14.73,0.40947,70.619
5055,05/08/2026 15:17:48,3.333,73.933,14.92,0.40744,70.600
5056,05/08/2026 15:27:48,3.337,73.941,15.20,0.40788,70.604
5057,05/08/2026 15:37:48,3.320,73.929,15.40,0.40620,70.609
5058,05/08/2026 15:47:48,3.352,73.945,15.59,0.40945,70.593
5059,05/08/2026 15:57:48,3.334,73.925,15.78,0.40756,70.591
5060,05/08/2026 16:07:48,3.342,73.926,15.87,0.40841,70.584
5061,05/08/2026 16:17:48,3.360,73.949,15.97,0.41031,70.589
5062,05/08/2026 16:27:48,3.351,73.949,15.97,0.40940,70.598
5063,05/08/2026 16:37:48,3.311,73.911,15.78,0.40524,70.600
5064,05/08/2026 16:47:48,3.350,73.952,15.78,0.40925,70.602
5065,05/08/2026 16:57:48,3.317,73.922,15.59,0.40593,70.605
5066,05/08/2026 17:07:48,3.333,73.929,15.40,0.40754,70.596
5067,05/08/2026 17:17:48,3.343,73.952,15.40,0.40852,70.609
5068,05/08/2026 17:27:48,3.357,73.953,15.49,0.40993,70.596
5069,05/08/2026 17:37:48,3.346,73.938,15.40,0.40887,70.592
5070,05/08/2026 17:47:48,3.379,73.992,15.30,0.41218,70.613
5071,05/08/2026 17:57:48,3.382,73.991,15.20,0.41245,70.609
5072,05/08/2026 18:07:48,3.394,74.008,15.11,0.41364,70.614
5073,05/08/2026 18:17:48,3.385,74.000,14.82,0.41278,70.615
5074,05/08/2026 18:27:48,3.384,73.998,14.63,0.41263,70.614
5075,05/08/2026 18:37:48,3.416,74.041,14.44,0.41593,70.625
5076,05/08/2026 18:47:48,3.431,74.046,14.05,0.41739,70.615
5077,05/08/2026 18:57:48,3.452,74.071,13.86,0.41956,70.619
5078,05/08/2026 19:07:48,3.455,74.095,13.57,0.41989,70.640
5079,05/08/2026 19:17:48,3.486,74.120,13.28,0.42291,70.634
5080,05/08/2026 19:27:48,3.505,74.135,13.00,0.42486,70.630
5081,05/08/2026 19:37:48,3.499,74.132,12.71,0.42421,70.633
5082,05/08/2026 19:47:48,3.547,74.183,12.42,0.42920,70.636
5083,05/08/2026 19:57:48,3.554,74.194,12.12,0.42982,70.640
5084,05/08/2026 20:07:48,3.602,74.249,11.74,0.43472,70.647
5085,05/08/2026 20:17:48,3.566,74.219,11.44,0.43105,70.653
5086,05/08/2026 20:27:48,3.609,74.269,11.05,0.43547,70.660
5087,05/08/2026 20:37:48,3.623,74.289,10.76,0.43686,70.666
5088,05/08/2026 20:47:48,3.644,74.318,10.47,0.43896,70.674
5089,05/08/2026 20:57:48,3.648,74.328,10.08,0.43937,70.680
5090,05/08/2026 21:07:48,3.672,74.358,9.88,0.44182,70.686
5091,05/08/2026 21:17:48,3.685,74.382,9.58,0.44315,70.697
5092,05/08/2026 21:27:48,3.700,74.402,9.29,0.44468,70.702
5093,05/08/2026 21:37:48,3.728,74.436,8.99,0.44749,70.708
5094,05/08/2026 21:47:48,3.724,74.438,8.69,0.44705,70.714
5095,05/08/2026 21:57:48,3.692,74.413,8.49,0.44381,70.721
5096,05/08/2026 22:07:48,3.684,74.411,8.19,0.44296,70.727
5097,05/08/2026 22:17:48,3.715,74.445,7.99,0.44619,70.730
5098,05/08/2026 22:27:48,3.712,74.443,7.69,0.44576,70.731
5099,05/08/2026 22:37:48,3.695,74.418,7.49,0.44414,70.723
5100,05/08/2026 22:47:48,3.706,74.421,7.29,0.44519,70.715
5101,05/08/2026 22:57:48,3.709,74.420,7.09,0.44546,70.711
5102,05/08/2026 23:07:48,3.701,74.410,6.99,0.44462,70.709
5103,05/08/2026 23:17:48,3.685,74.390,6.79,0.44307,70.705
5104,05/08/2026 23:27:48,3.681,74.388,6.58,0.44264,70.707
5105,05/08/2026 23:37:48,3.689,74.387,6.48,0.44348,70.698
5106,05/08/2026 23:47:48,3.659,74.346,6.38,0.44039,70.687
5107,05/08/2026 23:57:48,3.692,74.376,6.18,0.44376,70.684
5108,05/09/2026 00:07:48,3.663,74.344,6.07,0.44073,70.681
5109,05/09/2026 00:17:48,3.669,74.347,5.97,0.44143,70.678
5110,05/09/2026 00:27:48,3.669,74.356,5.87,0.44136,70.687
5111,05/09/2026 00:37:48,3.665,74.358,5.67,0.44101,70.693
5112,05/09/2026 00:47:48,3.623,74.312,5.56,0.43671,70.689
5113,05/09/2026 00:57:48,3.627,74.298,5.46,0.43714,70.671
5114,05/09/2026 01:07:48,3.613,74.283,5.25,0.43566,70.670
5115,05/09/2026 01:17:48,3.632,74.287,5.15,0.43755,70.655
5116,05/09/2026 01:27:48,3.630,74.277,5.05,0.43741,70.647
5117,05/09/2026 01:37:48,3.608,74.248,4.84,0.43516,70.640
5118,05/09/2026 01:47:48,3.614,74.243,4.74,0.43572,70.629
5119,05/09/2026 01:57:48,3.597,74.219,4.63,0.43410,70.622
5120,05/09/2026 02:07:48,3.596,74.214,4.53,0.43396,70.618
5121,05/09/2026 02:17:48,3.613,74.232,4.43,0.43565,70.619
5122,05/09/2026 02:27:48,3.581,74.199,4.32,0.43241,70.618
5123,05/09/2026 02:37:48,3.597,74.207,4.22,0.43410,70.610
5124,05/09/2026 02:47:48,3.602,74.207,4.11,0.43452,70.605
5125,05/09/2026 02:57:48,3.607,74.206,4.01,0.43501,70.599
5126,05/09/2026 03:07:48,3.585,74.191,3.80,0.43276,70.606
5127,05/09/2026 03:17:48,3.579,74.186,3.69,0.43213,70.607
5128,05/09/2026 03:27:48,3.582,74.203,3.59,0.43248,70.621
5129,05/09/2026 03:37:48,3.561,74.175,3.48,0.43037,70.614
5130,05/09/2026 03:47:48,3.537,74.147,3.38,0.42791,70.610
5131,05/09/2026 03:57:48,3.510,74.124,3.27,0.42516,70.614
5132,05/09/2026 04:07:48,3.550,74.155,3.16,0.42924,70.605
5133,05/09/2026 04:17:48,3.573,74.181,3.06,0.43163,70.608
5134,05/09/2026 04:27:48,3.539,74.144,2.95,0.42812,70.605
5135,05/09/2026 04:37:48,3.549,74.166,2.85,0.42917,70.617
5136,05/09/2026 04:47:48,3.550,74.170,2.74,0.42924,70.620
5137,05/09/2026 04:57:48,3.520,74.138,2.63,0.42615,70.618
5138,05/09/2026 05:07:48,3.525,74.146,2.53,0.42671,70.621
5139,05/09/2026 05:17:48,3.491,74.114,2.42,0.42320,70.623
5140,05/09/2026 05:27:48,3.504,74.122,2.31,0.42453,70.618
5141,05/09/2026 05:37:48,3.496,74.127,2.31,0.42369,70.631
5142,05/09/2026 05:47:48,3.521,74.153,2.20,0.42629,70.632
5143,05/09/2026 05:57:48,3.488,74.130,2.10,0.42292,70.642
5144,05/09/2026 06:07:48,3.463,74.121,2.10,0.42031,70.658
5145,05/09/2026 06:17:48,3.464,74.129,1.99,0.42046,70.665
5146,05/09/2026 06:27:48,3.465,74.142,1.88,0.42060,70.677
5147,05/09/2026 06:37:48,3.440,74.119,1.88,0.41807,70.679
5148,05/09/2026 06:47:48,3.464,74.146,1.77,0.42046,70.682
5149,05/09/2026 06:57:48,3.460,74.154,1.67,0.42011,70.694
5150,05/09/2026 07:07:48,3.436,74.132,1.67,0.41758,70.696
5151,05/09/2026 07:17:48,3.485,74.181,1.56,0.42257,70.696
5152,05/09/2026 07:27:48,3.444,74.136,1.56,0.41835,70.692
5153,05/09/2026 07:37:48,3.450,74.126,1.45,0.41905,70.676
5154,05/09/2026 07:47:48,3.426,74.103,1.45,0.41659,70.677
5155,05/09/2026 07:57:48,3.474,74.153,1.45,0.42151,70.679
5156,05/09/2026 08:07:48,3.454,74.158,1.56,0.41947,70.704
5157,05/09/2026 08:17:48,3.442,74.154,1.67,0.41828,70.712
5158,05/09/2026 08:27:48,3.406,74.138,1.88,0.41448,70.732
5159,05/09/2026 08:37:48,3.410,74.148,2.10,0.41497,70.738
5160,05/09/2026 08:47:48,3.392,74.122,2.31,0.41314,70.730
5161,05/09/2026 08:57:48,3.401,74.124,2.53,0.41398,70.723
5162,05/09/2026 09:07:48,3.396,74.125,2.74,0.41349,70.729
5163,05/09/2026 09:17:48,3.412,74.140,2.95,0.41518,70.728
5164,05/09/2026 09:27:48,3.406,74.132,3.16,0.41455,70.726
5165,05/09/2026 09:37:48,3.387,74.121,3.48,0.41258,70.734
5166,05/09/2026 09:47:48,3.399,74.131,3.69,0.41384,70.732
5167,05/09/2026 09:57:48,3.411,74.134,4.01,0.41504,70.723
5168,05/09/2026 10:07:48,3.400,74.140,4.32,0.41399,70.740
5169,05/09/2026 10:17:48,3.427,74.169,4.53,0.41666,70.742
5170,05/09/2026 10:27:48,3.428,74.171,4.84,0.41681,70.743
5171,05/09/2026 10:37:48,3.404,74.146,5.15,0.41442,70.742
5172,05/09/2026 10:47:48,3.418,74.149,5.56,0.41583,70.731
5173,05/09/2026 10:57:48,3.421,74.157,5.97,0.41612,70.736
5174,05/09/2026 11:07:48,3.430,74.169,6.38,0.41704,70.739
5175,05/09/2026 11:17:48,3.430,74.164,6.79,0.41712,70.733
5176,05/09/2026 11:27:48,3.416,74.154,7.29,0.41565,70.738
5177,05/09/2026 11:37:48,3.418,74.166,7.69,0.41587,70.748
5178,05/09/2026 11:47:48,3.404,74.147,8.09,0.41440,70.743
5179,05/09/2026 11:57:48,3.406,74.146,8.49,0.41463,70.740
5180,05/09/2026 12:07:48,3.413,74.159,8.89,0.41534,70.746
5181,05/09/2026 12:17:48,3.403,74.144,9.29,0.41437,70.741
5182,05/09/2026 12:27:48,3.411,74.139,9.78,0.41523,70.728
5183,05/09/2026 12:37:48,3.415,74.148,10.17,0.41559,70.733
5184,05/09/2026 12:47:48,3.400,74.120,10.57,0.41406,70.720
5185,05/09/2026 12:57:48,3.386,74.114,10.96,0.41267,70.728
5186,05/09/2026 13:07:48,3.408,74.141,11.35,0.41494,70.733
5187,05/09/2026 13:17:48,3.407,74.136,11.74,0.41488,70.728
5188,05/09/2026 13:27:48,3.358,74.094,12.12,0.40983,70.736
5189,05/09/2026 13:37:48,3.379,74.116,12.51,0.41203,70.737
5190,05/09/2026 13:47:48,3.356,74.102,12.90,0.40966,70.746
5191,05/09/2026 13:57:48,3.383,74.115,13.28,0.41249,70.732
5192,05/09/2026 14:07:48,3.353,74.073,13.57,0.40941,70.720
5193,05/09/2026 14:17:48,3.364,74.079,13.77,0.41062,70.715
5194,05/09/2026 14:27:48,3.362,74.062,13.86,0.41034,70.700
5195,05/09/2026 14:37:48,3.368,74.070,14.15,0.41099,70.702
5196,05/09/2026 14:47:48,3.352,74.050,14.44,0.40938,70.698
5197,05/09/2026 14:57:48,3.370,74.072,14.34,0.41121,70.702
5198,05/09/2026 15:07:48,3.370,74.066,14.25,0.41120,70.696
5199,05/09/2026 15:17:48,3.365,74.054,14.34,0.41065,70.689
5200,05/09/2026 15:27:48,3.358,74.038,14.53,0.40995,70.680
5201,05/09/2026 15:37:48,3.348,74.039,14.63,0.40897,70.691
5202,05/09/2026 15:47:48,3.364,74.052,14.63,0.41066,70.688
5203,05/09/2026 15:57:48,3.343,74.039,14.63,0.40841,70.696
5204,05/09/2026 16:07:48,3.385,74.061,14.63,0.41277,70.676
5205,05/09/2026 16:17:48,3.345,74.025,14.63,0.40869,70.680
5206,05/09/2026 16:27:48,3.375,74.043,14.63,0.41172,70.668
5207,05/09/2026 16:37:48,3.360,74.032,14.44,0.41016,70.672
5208,05/09/2026 16:47:48,3.370,74.045,14.34,0.41114,70.675
5209,05/09/2026 16:57:48,3.398,74.069,14.05,0.41401,70.671
5210,05/09/2026 17:07:48,3.395,74.076,13.86,0.41372,70.681
5211,05/09/2026 17:17:48,3.393,74.060,13.67,0.41350,70.667
5212,05/09/2026 17:27:48,3.383,74.050,13.57,0.41251,70.667
5213,05/09/2026 17:37:48,3.444,74.113,13.48,0.41862,70.669
5214,05/09/2026 17:47:48,3.425,74.097,13.28,0.41671,70.672
5215,05/09/2026 17:57:48,3.451,74.113,13.09,0.41938,70.662
5216,05/09/2026 18:07:48,3.444,74.112,13.00,0.41867,70.668
5217,05/09/2026 18:17:48,3.497,74.164,12.80,0.42415,70.667
5218,05/09/2026 18:27:48,3.529,74.199,12.61,0.42731,70.670
5219,05/09/2026 18:37:48,3.553,74.224,12.42,0.42976,70.671
5220,05/09/2026 18:47:48,3.566,74.236,12.22,0.43102,70.670
5221,05/09/2026 18:57:48,3.598,74.270,12.03,0.43431,70.672
5222,05/09/2026 19:07:48,3.652,74.326,11.74,0.43986,70.674
5223,05/09/2026 19:17:48,3.617,74.296,11.44,0.43626,70.679
5224,05/09/2026 19:27:48,3.670,74.357,11.25,0.44167,70.687
5225,05/09/2026 19:37:48,3.655,74.346,11.05,0.44018,70.691
5226,05/09/2026 19:47:48,3.675,74.372,10.86,0.44214,70.697
5227,05/09/2026 19:57:48,3.722,74.432,10.57,0.44698,70.710
5228,05/09/2026 20:07:48,3.736,74.448,10.27,0.44831,70.712
5229,05/09/2026 20:17:48,3.751,74.468,9.98,0.44984,70.717
5230,05/09/2026 20:27:48,3.755,74.479,9.78,0.45033,70.724
5231,05/09/2026 20:37:48,3.745,74.472,9.48,0.44926,70.727
5232,05/09/2026 20:47:48,3.766,74.502,9.29,0.45136,70.736
5233,05/09/2026 20:57:48,3.769,74.517,8.99,0.45171,70.748
5234,05/09/2026 21:07:48,3.816,74.570,8.79,0.45648,70.754
5235,05/09/2026 21:17:48,3.796,74.572,8.49,0.45443,70.776
5236,05/09/2026 21:27:48,3.782,74.561,8.29,0.45302,70.779
5237,05/09/2026 21:37:48,3.811,74.596,8.09,0.45590,70.785
5238,05/09/2026 21:47:48,3.838,74.630,7.89,0.45870,70.792
5239,05/09/2026 21:57:48,3.795,74.592,7.69,0.45434,70.797
5240,05/09/2026 22:07:48,3.829,74.631,7.49,0.45778,70.802
5241,05/09/2026 22:17:48,3.815,74.612,7.29,0.45623,70.797
5242,05/09/2026 22:27:48,3.813,74.605,7.09,0.45615,70.792
5243,05/09/2026 22:37:48,3.791,74.595,6.89,0.45383,70.804
5244,05/09/2026 22:47:48,3.807,74.607,6.68,0.45544,70.800
5245,05/09/2026 22:57:48,3.762,74.555,6.48,0.45086,70.793
5246,05/09/2026 23:07:48,3.793,74.590,6.28,0.45402,70.797
5247,05/09/2026 23:17:48,3.786,74.584,6.07,0.45325,70.798
5248,05/09/2026 23:27:48,3.788,74.586,5.87,0.45360,70.798
5249,05/09/2026 23:37:48,3.777,74.577,5.77,0.45240,70.800
5250,05/09/2026 23:47:48,3.755,74.552,5.56,0.45022,70.797
5251,05/09/2026 23:57:48,3.791,74.601,5.36,0.45380,70.810
5252,05/10/2026 00:07:48,3.758,74.573,5.25,0.45042,70.815
5253,05/10/2026 00:17:48,3.750,74.580,5.05,0.44965,70.830
5254,05/10/2026 00:27:48,3.770,74.597,4.84,0.45168,70.827
5255,05/10/2026 00:37:48,3.754,74.578,4.74,0.45006,70.824
5256,05/10/2026 00:47:48,3.729,74.572,4.53,0.44746,70.843
5257,05/10/2026 00:57:48,3.728,74.571,4.43,0.44739,70.843
5258,05/10/2026 01:07:48,3.782,74.633,4.22,0.45287,70.851
5259,05/10/2026 01:17:48,3.698,74.551,4.11,0.44429,70.853
5260,05/10/2026 01:27:48,3.698,74.549,3.90,0.44436,70.851
5261,05/10/2026 01:37:48,3.721,74.571,3.80,0.44668,70.850
5262,05/10/2026 01:47:48,3.698,74.548,3.69,0.44429,70.850
5263,05/10/2026 01:57:48,3.705,74.552,3.59,0.44499,70.847
5264,05/10/2026 02:07:48,3.662,74.514,3.38,0.44063,70.852
5265,05/10/2026 02:17:48,3.679,74.536,3.27,0.44239,70.857
5266,05/10/2026 02:27:48,3.656,74.517,3.16,0.44007,70.861
5267,05/10/2026 02:37:48,3.644,74.512,3.06,0.43880,70.868
5268,05/10/2026 02:47:48,3.656,74.534,2.95,0.44000,70.878
5269,05/10/2026 02:57:48,3.679,74.560,2.85,0.44239,70.881
5270,05/10/2026 03:07:48,3.675,74.568,2.74,0.44204,70.893
5271,05/10/2026 03:17:48,3.659,74.550,2.63,0.44028,70.891
5272,05/10/2026 03:27:48,3.639,74.531,2.53,0.43831,70.892
5273,05/10/2026 03:37:48,3.636,74.530,2.42,0.43803,70.894
5274,05/10/2026 03:47:48,3.620,74.534,2.31,0.43635,70.914
5275,05/10/2026 03:57:48,3.625,74.533,2.20,0.43691,70.908
5276,05/10/2026 04:07:48,3.637,74.551,2.10,0.43810,70.914
5277,05/10/2026 04:17:48,3.618,74.536,1.99,0.43621,70.918
5278,05/10/2026 04:27:48,3.615,74.540,1.88,0.43586,70.925
5279,05/10/2026 04:37:48,3.610,74.540,1.77,0.43529,70.930
5280,05/10/2026 04:47:48,3.605,74.534,1.67,0.43487,70.929
5281,05/10/2026 04:57:48,3.612,74.552,1.67,0.43558,70.940
5282,05/10/2026 05:07:48,3.592,74.543,1.56,0.43347,70.951
5283,05/10/2026 05:17:48,3.599,74.551,1.45,0.43424,70.952
5284,05/10/2026 05:27:48,3.595,74.550,1.34,0.43389,70.955
5285,05/10/2026 05:37:48,3.566,74.532,1.34,0.43094,70.966
5286,05/10/2026 05:47:48,3.572,74.541,1.23,0.43143,70.969
5287,05/10/2026 05:57:48,3.543,74.513,1.12,0.42855,70.970
5288,05/10/2026 06:07:48,3.553,74.526,1.01,0.42954,70.973
5289,05/10/2026 06:17:48,3.554,74.535,1.01,0.42968,70.981
5290,05/10/2026 06:27:48,3.544,74.543,0.90,0.42869,70.999
5291,05/10/2026 06:37:48,3.521,74.525,0.90,0.42630,71.004
5292,05/10/2026 06:47:48,3.528,74.538,0.79,0.42701,71.010
5293,05/10/2026 06:57:48,3.492,74.506,0.79,0.42335,71.014
5294,05/10/2026 07:07:48,3.534,74.556,0.68,0.42757,71.022
5295,05/10/2026 07:17:48,3.482,74.510,0.68,0.42237,71.028
5296,05/10/2026 07:27:48,3.498,74.519,0.68,0.42398,71.021
5297,05/10/2026 07:37:48,3.495,74.519,0.57,0.42363,71.024
5298,05/10/2026 07:47:48,3.504,74.528,0.57,0.42455,71.024
5299,05/10/2026 07:57:48,3.509,74.537,0.57,0.42504,71.028
5300,05/10/2026 08:07:48,3.511,74.556,0.68,0.42525,71.045
5301,05/10/2026 08:17:48,3.483,74.543,0.90,0.42243,71.060
5302,05/10/2026 08:27:48,3.457,74.526,1.01,0.41976,71.069
5303,05/10/2026 08:37:48,3.494,74.568,1.23,0.42356,71.074
5304,05/10/2026 08:47:48,3.467,74.542,1.45,0.42081,71.075
5305,05/10/2026 08:57:48,3.446,74.521,1.67,0.41863,71.075
5306,05/10/2026 09:07:48,3.464,74.545,1.88,0.42046,71.081
5307,05/10/2026 09:17:48,3.452,74.537,2.10,0.41926,71.085
5308,05/10/2026 09:27:48,3.459,74.544,2.42,0.41989,71.085
5309,05/10/2026 09:37:48,3.457,74.550,2.63,0.41968,71.093
5310,05/10/2026 09:47:48,3.449,74.534,2.95,0.41891,71.085
5311,05/10/2026 09:57:48,3.457,74.549,3.27,0.41975,71.092
5312,05/10/2026 10:07:48,3.470,74.561,3.59,0.42102,71.091
5313,05/10/2026 10:17:48,3.449,74.549,3.90,0.41898,71.100
5314,05/10/2026 10:27:48,3.494,74.607,4.32,0.42348,71.113
5315,05/10/2026 10:37:48,3.500,74.613,4.63,0.42419,71.113
5316,05/10/2026 10:47:48,3.478,74.585,5.05,0.42187,71.107
5317,05/10/2026 10:57:48,3.490,74.597,5.46,0.42314,71.107
5318,05/10/2026 11:07:48,3.493,74.600,5.87,0.42343,71.107
5319,05/10/2026 11:17:48,3.497,74.609,6.38,0.42379,71.112
5320,05/10/2026 11:27:48,3.502,74.598,6.79,0.42443,71.096
5321,05/10/2026 11:37:48,3.488,74.583,7.19,0.42303,71.095
5322,05/10/2026 11:47:48,3.484,74.573,7.59,0.42262,71.089
5323,05/10/2026 11:57:48,3.451,74.546,8.09,0.41919,71.095
5324,05/10/2026 12:07:48,3.457,74.545,8.49,0.41983,71.088
5325,05/10/2026 12:17:48,3.483,74.571,8.89,0.42252,71.088
5326,05/10/2026 12:27:48,3.467,74.544,9.39,0.42084,71.077
5327,05/10/2026 12:37:48,3.483,74.565,9.78,0.42254,71.082
5328,05/10/2026 12:47:48,3.456,74.533,10.17,0.41974,71.077
5329,05/10/2026 12:57:48,3.484,74.559,10.57,0.42264,71.075
5330,05/10/2026 13:07:48,3.486,74.554,10.96,0.42287,71.068
5331,05/10/2026 13:17:48,3.473,74.540,11.35,0.42155,71.067
5332,05/10/2026 13:27:48,3.466,74.543,11.74,0.42093,71.077
5333,05/10/2026 13:37:48,3.442,74.507,12.12,0.41842,71.065
5334,05/10/2026 13:47:48,3.453,74.533,12.51,0.41956,71.080
5335,05/10/2026 13:57:48,3.473,74.546,12.90,0.42162,71.073
5336,05/10/2026 14:07:48,3.457,74.522,13.19,0.42002,71.065
5337,05/10/2026 14:17:48,3.453,74.522,13.57,0.41961,71.069
5338,05/10/2026 14:27:48,3.480,74.547,13.86,0.42244,71.067
5339,05/10/2026 14:37:48,3.425,74.492,14.15,0.41676,71.067
5340,05/10/2026 14:47:48,3.442,74.504,14.44,0.41853,71.062
5341,05/10/2026 14:57:48,3.429,74.501,14.63,0.41728,71.072
5342,05/10/2026 15:07:48,3.446,74.517,14.82,0.41898,71.071
5343,05/10/2026 15:17:48,3.434,74.502,15.11,0.41780,71.068
5344,05/10/2026 15:27:48,3.431,74.499,15.20,0.41745,71.068
5345,05/10/2026 15:37:48,3.406,74.484,15.11,0.41491,71.078
5346,05/10/2026 15:47:48,3.429,74.494,15.20,0.41731,71.065
5347,05/10/2026 15:57:48,3.408,74.470,15.49,0.41514,71.062
5348,05/10/2026 16:07:48,3.420,74.480,15.59,0.41642,71.060
5349,05/10/2026 16:17:48,3.437,74.500,15.68,0.41804,71.063
5350,05/10/2026 16:27:48,3.441,74.514,15.78,0.41854,71.073
5351,05/10/2026 16:37:48,3.435,74.505,15.78,0.41791,71.070
5352,05/10/2026 16:47:48,3.447,74.519,15.78,0.41910,71.072
5353,05/10/2026 16:57:48,3.425,74.502,15.87,0.41686,71.077
5354,05/10/2026 17:07:48,3.442,74.528,15.78,0.41861,71.086
5355,05/10/2026 17:17:48,3.465,74.554,15.68,0.42100,71.089
5356,05/10/2026 17:27:48,3.434,74.526,15.59,0.41775,71.092
5357,05/10/2026 17:37:48,3.478,74.579,15.49,0.42225,71.101
5358,05/10/2026 17:47:48,3.487,74.590,15.30,0.42323,71.103
5359,05/10/2026 17:57:48,3.495,74.593,15.11,0.42399,71.098
5360,05/10/2026 18:07:48,3.491,74.600,14.92,0.42356,71.109
5361,05/10/2026 18:17:48,3.527,74.643,14.73,0.42721,71.116
5362,05/10/2026 18:27:48,3.556,74.677,14.53,0.43022,71.121
5363,05/10/2026 18:37:48,3.547,74.669,14.25,0.42929,71.122
5364,05/10/2026 18:47:48,3.610,74.740,14.05,0.43568,71.130
5365,05/10/2026 18:57:48,3.617,74.755,13.77,0.43637,71.138
5366,05/10/2026 19:07:48,3.658,74.807,13.57,0.44058,71.149
5367,05/10/2026 19:17:48,3.694,74.850,13.28,0.44416,71.156
5368,05/10/2026 19:27:48,3.686,74.847,13.00,0.44330,71.161
5369,05/10/2026 19:37:48,3.684,74.848,12.71,0.44314,71.164
5370,05/10/2026 19:47:48,3.753,74.927,12.42,0.45016,71.174
5371,05/10/2026 19:57:48,3.759,74.945,12.03,0.45078,71.186
5372,05/10/2026 20:07:48,3.803,74.983,11.74,0.45527,71.180
5373,05/10/2026 20:17:48,3.802,74.988,11.35,0.45518,71.186
5374,05/10/2026 20:27:48,3.845,75.034,10.96,0.45952,71.189
5375,05/10/2026 20:37:48,3.825,75.013,10.66,0.45747,71.188
5376,05/10/2026 20:47:48,3.838,75.029,10.37,0.45872,71.191
5377,05/10/2026 20:57:48,3.836,75.025,9.98,0.45857,71.189
5378,05/10/2026 21:07:48,3.883,75.081,9.68,0.46334,71.198
5379,05/10/2026 21:17:48,3.824,75.029,9.39,0.45728,71.205
5380,05/10/2026 21:27:48,3.864,75.067,9.09,0.46135,71.203
5381,05/10/2026 21:37:48,3.867,75.078,8.79,0.46162,71.211
5382,05/10/2026 21:47:48,3.873,75.098,8.59,0.46231,71.225
5383,05/10/2026 21:57:48,3.872,75.109,8.29,0.46216,71.237
5384,05/10/2026 22:07:48,3.856,75.099,8.09,0.46047,71.243
5385,05/10/2026 22:17:48,3.839,75.087,7.79,0.45877,71.248
5386,05/10/2026 22:27:48,3.881,75.131,7.59,0.46299,71.250
5387,05/10/2026 22:37:48,3.855,75.110,7.29,0.46038,71.255
5388,05/10/2026 22:47:48,3.848,75.099,7.09,0.45967,71.251
5389,05/10/2026 22:57:48,3.865,75.125,6.89,0.46135,71.260
5390,05/10/2026 23:07:48,3.886,75.150,6.68,0.46353,71.264
5391,05/10/2026 23:17:48,3.840,75.108,6.48,0.45881,71.268
5392,05/10/2026 23:27:48,3.814,75.088,6.28,0.45620,71.274
5393,05/10/2026 23:37:48,3.831,75.110,6.18,0.45789,71.279
5394,05/10/2026 23:47:48,3.819,75.113,5.97,0.45662,71.294
5395,05/10/2026 23:57:48,3.836,75.125,5.77,0.45838,71.289
5396,05/11/2026 00:07:48,3.814,75.100,5.56,0.45619,71.286
5397,05/11/2026 00:17:48,3.811,75.103,5.36,0.45591,71.292
5398,05/11/2026 00:27:48,3.812,75.107,5.25,0.45598,71.295
5399,05/11/2026 00:37:48,3.774,75.069,5.05,0.45211,71.295
5400,05/11/2026 00:47:48,3.798,75.091,4.94,0.45457,71.293
5401,05/11/2026 00:57:48,3.758,75.049,4.74,0.45042,71.291
5402,05/11/2026 01:07:48,3.747,75.044,4.63,0.44929,71.297
5403,05/11/2026 01:17:48,3.785,75.078,4.43,0.45323,71.293
5404,05/11/2026 01:27:48,3.759,75.059,4.32,0.45055,71.300
5405,05/11/2026 01:37:48,3.733,75.035,4.11,0.44788,71.302
5406,05/11/2026 01:47:48,3.730,75.034,4.01,0.44767,71.304
5407,05/11/2026 01:57:48,3.730,75.034,3.90,0.44753,71.304
5408,05/11/2026 02:07:48,3.706,75.014,3.69,0.44513,71.308
5409,05/11/2026 02:17:48,3.706,75.013,3.59,0.44520,71.307
5410,05/11/2026 02:27:48,3.715,75.017,3.48,0.44605,71.302
5411,05/11/2026 02:37:48,3.711,75.007,3.27,0.44563,71.296
5412,05/11/2026 02:47:48,3.698,74.992,3.16,0.44436,71.294
5413,05/11/2026 02:57:48,3.719,75.014,3.06,0.44647,71.295
5414,05/11/2026 03:07:48,3.732,75.031,2.85,0.44780,71.299
5415,05/11/2026 03:17:48,3.686,74.994,2.74,0.44309,71.308
5416,05/11/2026 03:27:48,3.668,74.975,2.63,0.44127,71.307
5417,05/11/2026 03:37:48,3.691,75.002,2.53,0.44359,71.311
5418,05/11/2026 03:47:48,3.638,74.947,2.42,0.43817,71.309
5419,05/11/2026 03:57:48,3.670,74.978,2.31,0.44141,71.308
5420,05/11/2026 04:07:48,3.659,74.972,2.20,0.44035,71.313
5421,05/11/2026 04:17:48,3.637,74.958,2.10,0.43810,71.321
5422,05/11/2026 04:27:48,3.628,74.943,1.88,0.43719,71.315
5423,05/11/2026 04:37:48,3.638,74.948,1.88,0.43818,71.310
5424,05/11/2026 04:47:48,3.624,74.942,1.77,0.43684,71.318
5425,05/11/2026 04:57:48,3.627,74.946,1.67,0.43712,71.319
5426,05/11/2026 05:07:48,3.612,74.932,1.56,0.43558,71.320
5427,05/11/2026 05:17:48,3.619,74.940,1.45,0.43628,71.321
5428,05/11/2026 05:27:48,3.609,74.931,1.34,0.43523,71.322
5429,05/11/2026 05:37:48,3.577,74.894,1.34,0.43206,71.317
5430,05/11/2026 05:47:48,3.597,74.925,1.23,0.43410,71.328
5431,05/11/2026 05:57:48,3.603,74.934,1.12,0.43460,71.331
5432,05/11/2026 06:07:48,3.600,74.947,1.01,0.43432,71.347
5433,05/11/2026 06:17:48,3.573,74.924,1.01,0.43157,71.351
5434,05/11/2026 06:27:48,3.571,74.937,0.90,0.43136,71.366
5435,05/11/2026 06:37:48,3.558,74.932,0.90,0.43010,71.374
5436,05/11/2026 06:47:48,3.536,74.918,0.79,0.42785,71.382
5437,05/11/2026 06:57:48,3.552,74.936,0.79,0.42947,71.384
5438,05/11/2026 07:07:48,3.559,74.949,0.68,0.43017,71.390
5439,05/11/2026 07:17:48,3.561,74.949,0.68,0.43038,71.388
5440,05/11/2026 07:27:48,3.536,74.918,0.68,0.42778,71.382
5441,05/11/2026 07:37:48,3.524,74.917,0.57,0.42659,71.393
5442,05/11/2026 07:47:48,3.545,74.940,0.57,0.42870,71.395
5443,05/11/2026 07:57:48,3.540,74.936,0.68,0.42820,71.396
5444,05/11/2026 08:07:48,3.520,74.918,0.79,0.42623,71.398
5445,05/11/2026 08:17:48,3.513,74.919,0.90,0.42546,71.406
5446,05/11/2026 08:27:48,3.490,74.911,1.12,0.42313,71.421
5447,05/11/2026 08:37:48,3.492,74.917,1.34,0.42334,71.425
5448,05/11/2026 08:47:48,3.507,74.936,1.45,0.42482,71.429
5449,05/11/2026 08:57:48,3.505,74.933,1.77,0.42468,71.428
5450,05/11/2026 09:07:48,3.488,74.917,1.99,0.42285,71.429
5451,05/11/2026 09:17:48,3.513,74.936,2.20,0.42545,71.423
5452,05/11/2026 09:27:48,3.499,74.916,2.53,0.42397,71.417
5453,05/11/2026 09:37:48,3.511,74.917,2.74,0.42523,71.406
5454,05/11/2026 09:47:48,3.501,74.906,3.06,0.42418,71.405
5455,05/11/2026 09:57:48,3.535,74.939,3.38,0.42777,71.404
5456,05/11/2026 10:07:48,3.486,74.893,3.80,0.42263,71.407
5457,05/11/2026 10:17:48,3.521,74.931,4.11,0.42629,71.410
5458,05/11/2026 10:27:48,3.493,74.902,4.53,0.42348,71.409
5459,05/11/2026 10:37:48,3.503,74.905,4.94,0.42447,71.402
5460,05/11/2026 10:47:48,3.502,74.900,5.36,0.42434,71.398
5461,05/11/2026 10:57:48,3.510,74.903,5.77,0.42512,71.393
5462,05/11/2026 11:07:48,3.512,74.898,6.28,0.42533,71.386
5463,05/11/2026 11:17:48,3.509,74.892,6.68,0.42506,71.383
5464,05/11/2026 11:27:48,3.503,74.869,7.19,0.42444,71.366
5465,05/11/2026 11:37:48,3.510,74.863,7.59,0.42522,71.353
5466,05/11/2026 11:47:48,3.523,74.867,7.99,0.42650,71.344
5467,05/11/2026 11:57:48,3.538,74.880,8.49,0.42813,71.342
5468,05/11/2026 12:07:48,3.534,74.865,8.89,0.42772,71.331
5469,05/11/2026 12:17:48,3.500,74.829,9.39,0.42429,71.329
5470,05/11/2026 12:27:48,3.509,74.828,9.78,0.42522,71.319
5471,05/11/2026 12:37:48,3.527,74.851,10.27,0.42706,71.324
5472,05/11/2026 12:47:48,3.493,74.814,10.66,0.42356,71.321
5473,05/11/2026 12:57:48,3.512,74.828,11.15,0.42548,71.316
5474,05/11/2026 13:07:48,3.496,74.804,11.54,0.42395,71.308
5475,05/11/2026 13:17:48,3.480,74.784,11.74,0.42227,71.304
5476,05/11/2026 13:27:48,3.523,74.833,12.12,0.42672,71.310
5477,05/11/2026 13:37:48,3.483,74.779,12.61,0.42266,71.296
5478,05/11/2026 13:47:48,3.500,74.797,13.00,0.42437,71.297
5479,05/11/2026 13:57:48,3.510,74.796,13.38,0.42544,71.286
5480,05/11/2026 14:07:48,3.484,74.782,13.77,0.42279,71.298
5481,05/11/2026 14:17:48,3.504,74.791,14.15,0.42485,71.287
5482,05/11/2026 14:27:48,3.522,74.816,14.34,0.42669,71.294
5483,05/11/2026 14:37:48,3.516,74.828,14.63,0.42607,71.312
5484,05/11/2026 14:47:48,3.511,74.813,14.92,0.42560,71.302
5485,05/11/2026 14:57:48,3.482,74.784,15.20,0.42273,71.302
5486,05/11/2026 15:07:48,3.498,74.796,15.40,0.42429,71.298
5487,05/11/2026 15:17:48,3.487,74.780,15.59,0.42317,71.293
5488,05/11/2026 15:27:48,3.466,74.755,15.78,0.42107,71.289
5489,05/11/2026 15:37:48,3.508,74.789,15.97,0.42531,71.281
5490,05/11/2026 15:47:48,3.478,74.746,16.16,0.42229,71.268
5491,05/11/2026 15:57:48,3.485,74.765,16.25,0.42300,71.280
5492,05/11/2026 16:07:48,3.505,74.770,16.35,0.42512,71.265
5493,05/11/2026 16:17:48,3.479,74.731,16.45,0.42238,71.252
5494,05/11/2026 16:27:48,3.484,74.745,16.54,0.42302,71.261
5495,05/11/2026 16:37:48,3.510,74.782,16.54,0.42556,71.272
5496,05/11/2026 16:47:48,3.543,74.814,16.54,0.42894,71.271
5497,05/11/2026 16:57:48,3.524,74.794,16.45,0.42703,71.270
5498,05/11/2026 17:07:48,3.529,74.812,16.45,0.42759,71.283
5499,05/11/2026 17:17:48,3.565,74.843,16.35,0.43125,71.278
5500,05/11/2026 17:27:48,3.583,74.856,16.25,0.43300,71.273
5501,05/11/2026 17:37:48,3.558,74.841,16.16,0.43046,71.283
5502,05/11/2026 17:47:48,3.629,74.899,16.06,0.43771,71.270
5503,05/11/2026 17:57:48,3.629,74.910,15.87,0.43769,71.281
5504,05/11/2026 18:07:48,3.660,74.926,15.68,0.44085,71.266
5505,05/11/2026 18:17:48,3.711,74.984,15.59,0.44605,71.273
5506,05/11/2026 18:27:48,3.777,75.049,15.30,0.45279,71.272
5507,05/11/2026 18:37:48,3.770,75.051,15.11,0.45207,71.281
5508,05/11/2026 18:47:48,3.783,75.070,14.82,0.45339,71.287
5509,05/11/2026 18:57:48,3.808,75.094,14.53,0.45598,71.286
5510,05/11/2026 19:07:48,3.850,75.137,14.25,0.46012,71.287
5511,05/11/2026 19:17:48,3.887,75.179,13.96,0.46390,71.292
5512,05/11/2026 19:27:48,3.880,75.171,13.67,0.46325,71.291
5513,05/11/2026 19:37:48,3.936,75.231,13.28,0.46886,71.295
5514,05/11/2026 19:47:48,3.969,75.264,13.00,0.47222,71.295
5515,05/11/2026 19:57:48,3.968,75.269,12.61,0.47213,71.301
5516,05/11/2026 20:07:48,3.962,75.265,12.22,0.47147,71.303
5517,05/11/2026 20:17:48,3.960,75.275,11.93,0.47132,71.315
5518,05/11/2026 20:27:48,3.979,75.299,11.54,0.47320,71.320
5519,05/11/2026 20:37:48,3.986,75.314,11.25,0.47388,71.328
5520,05/11/2026 20:47:48,4.029,75.361,10.96,0.47823,71.332
5521,05/11/2026 20:57:48,4.017,75.358,10.66,0.47702,71.341
5522,05/11/2026 21:07:48,4.060,75.413,10.27,0.48144,71.353
5523,05/11/2026 21:17:48,4.022,75.389,10.08,0.47749,71.367
5524,05/11/2026 21:27:48,4.053,75.427,9.78,0.48064,71.374
5525,05/11/2026 21:37:48,4.056,75.437,9.48,0.48098,71.381
5526,05/11/2026 21:47:48,4.056,75.439,9.19,0.48097,71.383
5527,05/11/2026 21:57:48,4.037,75.433,8.99,0.47899,71.396
5528,05/11/2026 22:07:48,4.017,75.417,8.69,0.47694,71.400
5529,05/11/2026 22:17:48,4.069,75.474,8.49,0.48221,71.405
5530,05/11/2026 22:27:48,4.003,75.403,8.19,0.47552,71.400
5531,05/11/2026 22:37:48,4.058,75.465,7.99,0.48107,71.407
5532,05/11/2026 22:47:48,4.051,75.459,7.79,0.48036,71.408
5533,05/11/2026 22:57:48,4.035,75.451,7.49,0.47881,71.416
5534,05/11/2026 23:07:48,4.059,75.477,7.29,0.48119,71.418
5535,05/11/2026 23:17:48,4.026,75.448,7.09,0.47781,71.422
5536,05/11/2026 23:27:48,4.026,75.451,6.89,0.47781,71.425
5537,05/11/2026 23:37:48,3.990,75.422,6.68,0.47414,71.432
5538,05/11/2026 23:47:48,3.995,75.429,6.48,0.47470,71.434
5539,05/11/2026 23:57:48,3.959,75.396,6.28,0.47097,71.437
5540,05/12/2026 00:07:48,3.987,75.426,6.07,0.47385,71.439
5541,05/12/2026 00:17:48,3.950,75.393,5.87,0.47005,71.443
5542,05/12/2026 00:27:48,3.988,75.433,5.77,0.47392,71.445
5543,05/12/2026 00:37:48,3.934,75.368,5.56,0.46836,71.434
5544,05/12/2026 00:47:48,3.946,75.380,5.36,0.46962,71.434
5545,05/12/2026 00:57:48,3.917,75.351,5.15,0.46666,71.434
5546,05/12/2026 01:07:48,3.950,75.382,5.05,0.47004,71.432
5547,05/12/2026 01:17:48,3.960,75.394,4.84,0.47102,71.434
5548,05/12/2026 01:27:48,3.931,75.351,4.63,0.46813,71.420
5549,05/12/2026 01:37:48,3.956,75.364,4.53,0.47066,71.408
5550,05/12/2026 01:47:48,3.923,75.327,4.32,0.46722,71.404
5551,05/12/2026 01:57:48,3.900,75.303,4.22,0.46497,71.403
5552,05/12/2026 02:07:48,3.897,75.293,4.01,0.46454,71.396
5553,05/12/2026 02:17:48,3.881,75.278,3.90,0.46300,71.397
5554,05/12/2026 02:27:48,3.893,75.286,3.80,0.46426,71.393
5555,05/12/2026 02:37:48,3.858,75.249,3.59,0.46060,71.391
5556,05/12/2026 02:47:48,3.881,75.271,3.48,0.46292,71.390
5557,05/12/2026 02:57:48,3.866,75.256,3.38,0.46152,71.390
5558,05/12/2026 03:07:48,3.834,75.228,3.27,0.45821,71.394
5559,05/12/2026 03:17:48,3.851,75.246,3.16,0.45990,71.395
5560,05/12/2026 03:27:48,3.832,75.227,3.06,0.45800,71.395
5561,05/12/2026 03:37:48,3.841,75.244,2.85,0.45884,71.403
5562,05/12/2026 03:47:48,3.824,75.238,2.74,0.45723,71.414
5563,05/12/2026 03:57:48,3.804,75.224,2.63,0.45512,71.420
5564,05/12/2026 04:07:48,3.811,75.228,2.53,0.45582,71.417
5565,05/12/2026 04:17:48,3.803,75.219,2.53,0.45505,71.416
5566,05/12/2026 04:27:48,3.804,75.223,2.42,0.45512,71.419
5567,05/12/2026 04:37:48,3.785,75.204,2.31,0.45315,71.419
5568,05/12/2026 04:47:48,3.787,75.208,2.20,0.45336,71.421
5569,05/12/2026 04:57:48,3.798,75.216,2.10,0.45456,71.418
5570,05/12/2026 05:07:48,3.776,75.193,1.99,0.45224,71.417
5571,05/12/2026 05:17:48,3.763,75.183,1.88,0.45097,71.420
5572,05/12/2026 05:27:48,3.770,75.192,1.88,0.45168,71.422
5573,05/12/2026 05:37:48,3.747,75.169,1.77,0.44929,71.422
5574,05/12/2026 05:47:48,3.788,75.209,1.67,0.45351,71.421
5575,05/12/2026 05:57:48,3.740,75.168,1.67,0.44858,71.428
5576,05/12/2026 06:07:48,3.811,75.244,1.56,0.45590,71.433
5577,05/12/2026 06:17:48,3.757,75.194,1.45,0.45034,71.437
5578,05/12/2026 06:27:48,3.735,75.185,1.45,0.44809,71.450
5579,05/12/2026 06:37:48,3.716,75.170,1.34,0.44620,71.454
5580,05/12/2026 06:47:48,3.718,75.189,1.34,0.44634,71.471
5581,05/12/2026 06:57:48,3.697,75.174,1.23,0.44430,71.477
5582,05/12/2026 07:07:48,3.713,75.197,1.23,0.44585,71.484
5583,05/12/2026 07:17:48,3.724,75.214,1.12,0.44704,71.490
5584,05/12/2026 07:27:48,3.698,75.187,1.12,0.44437,71.489
5585,05/12/2026 07:37:48,3.694,75.183,1.12,0.44388,71.489
5586,05/12/2026 07:47:48,3.697,75.192,1.12,0.44423,71.495
5587,05/12/2026 07:57:48,3.672,75.169,1.12,0.44170,71.497
5588,05/12/2026 08:07:48,3.660,75.161,1.23,0.44043,71.501
5589,05/12/2026 08:17:48,3.641,75.144,1.45,0.43853,71.503
5590,05/12/2026 08:27:48,3.657,75.173,1.67,0.44008,71.516
5591,05/12/2026 08:37:48,3.601,75.128,1.77,0.43445,71.527
5592,05/12/2026 08:47:48,3.628,75.157,1.99,0.43712,71.529
5593,05/12/2026 08:57:48,3.612,75.144,2.20,0.43557,71.532
5594,05/12/2026 09:07:48,3.619,75.146,2.53,0.43634,71.527
5595,05/12/2026 09:17:48,3.614,75.139,2.74,0.43571,71.525
5596,05/12/2026 09:27:48,3.601,75.123,3.06,0.43445,71.522
5597,05/12/2026 09:37:48,3.628,75.151,3.27,0.43726,71.523
5598,05/12/2026 09:47:48,3.632,75.150,3.69,0.43761,71.518
5599,05/12/2026 09:57:48,3.627,75.139,4.01,0.43705,71.512
5600,05/12/2026 10:07:48,3.624,75.132,4.32,0.43677,71.508
5601,05/12/2026 10:17:48,3.613,75.121,4.74,0.43572,71.508
5602,05/12/2026 10:27:48,3.668,75.170,5.15,0.44128,71.502
5603,05/12/2026 10:37:48,3.607,75.105,5.56,0.43503,71.498
5604,05/12/2026 10:47:48,3.652,75.153,5.97,0.43967,71.501
5605,05/12/2026 10:57:48,3.601,75.107,6.38,0.43448,71.506
5606,05/12/2026 11:07:48,3.640,75.143,6.89,0.43843,71.503
5607,05/12/2026 11:17:48,3.612,75.110,7.29,0.43562,71.498
5608,05/12/2026 11:27:48,3.600,75.105,7.79,0.43437,71.505
5609,05/12/2026 11:37:48,3.624,75.127,8.19,0.43684,71.503
5610,05/12/2026 11:47:48,3.600,75.103,8.59,0.43439,71.503
5611,05/12/2026 11:57:48,3.616,75.117,9.09,0.43603,71.501
5612,05/12/2026 12:07:48,3.614,75.116,9.48,0.43583,71.502
5613,05/12/2026 12:17:48,3.590,75.084,9.98,0.43345,71.494
5614,05/12/2026 12:27:48,3.616,75.125,10.47,0.43607,71.509
5615,05/12/2026 12:37:48,3.582,75.065,10.86,0.43271,71.483
5616,05/12/2026 12:47:48,3.581,75.076,11.05,0.43258,71.495
5617,05/12/2026 12:57:48,3.585,75.083,11.25,0.43294,71.498
5618,05/12/2026 13:07:48,3.602,75.076,11.54,0.43478,71.474
5619,05/12/2026 13:17:48,3.587,75.076,11.93,0.43318,71.489
5620,05/12/2026 13:27:48,3.593,75.075,12.32,0.43391,71.482
5621,05/12/2026 13:37:48,3.601,75.073,12.51,0.43462,71.472
5622,05/12/2026 13:47:48,3.561,75.043,12.71,0.43062,71.482
5623,05/12/2026 13:57:48,3.572,75.052,13.09,0.43169,71.480
5624,05/12/2026 14:07:48,3.565,75.024,13.48,0.43108,71.459
5625,05/12/2026 14:17:48,3.577,75.026,13.67,0.43229,71.449
5626,05/12/2026 14:27:48,3.596,75.039,14.05,0.43428,71.443
5627,05/12/2026 14:37:48,3.580,75.020,14.34,0.43260,71.440
5628,05/12/2026 14:47:48,3.561,74.991,14.63,0.43072,71.430
5629,05/12/2026 14:57:48,3.583,75.011,14.82,0.43298,71.428
5630,05/12/2026 15:07:48,3.583,74.991,15.01,0.43299,71.408
5631,05/12/2026 15:17:48,3.596,74.999,14.92,0.43426,71.403
5632,05/12/2026 15:27:48,3.563,74.959,15.01,0.43095,71.396
5633,05/12/2026 15:37:48,3.553,74.935,15.30,0.42998,71.382
5634,05/12/2026 15:47:48,3.552,74.936,15.40,0.42985,71.384
5635,05/12/2026 15:57:48,3.583,74.957,15.59,0.43296,71.374
5636,05/12/2026 16:07:48,3.573,74.943,15.59,0.43197,71.370
5637,05/12/2026 16:17:48,3.624,74.980,15.68,0.43726,71.356
5638,05/12/2026 16:27:48,3.603,74.968,15.78,0.43508,71.365
5639,05/12/2026 16:37:48,3.617,74.977,15.78,0.43649,71.360
5640,05/12/2026 16:47:48,3.614,74.986,15.78,0.43621,71.372
5641,05/12/2026 16:57:48,3.679,75.037,15.87,0.44283,71.358
5642,05/12/2026 17:07:48,3.677,75.031,15.78,0.44269,71.354
5643,05/12/2026 17:17:48,3.719,75.068,15.78,0.44691,71.349
5644,05/12/2026 17:27:48,3.752,75.094,15.68,0.45028,71.342
5645,05/12/2026 17:37:48,3.784,75.125,15.59,0.45351,71.341
5646,05/12/2026 17:47:48,3.825,75.168,15.40,0.45765,71.343
5647,05/12/2026 17:57:48,3.839,75.185,15.30,0.45913,71.346
5648,05/12/2026 18:07:48,3.884,75.232,15.11,0.46376,71.348
5649,05/12/2026 18:17:48,3.901,75.239,14.92,0.46544,71.338
5650,05/12/2026 18:27:48,3.932,75.268,14.63,0.46858,71.336
5651,05/12/2026 18:37:48,3.974,75.307,14.44,0.47280,71.333
5652,05/12/2026 18:47:48,3.947,75.294,14.15,0.47010,71.347
5653,05/12/2026 18:57:48,3.977,75.323,13.86,0.47311,71.346
5654,05/12/2026 19:07:48,4.004,75.361,13.57,0.47584,71.357
5655,05/12/2026 19:17:48,4.021,75.380,13.28,0.47758,71.359
5656,05/12/2026 19:27:48,4.008,75.377,13.00,0.47623,71.369
5657,05/12/2026 19:37:48,4.062,75.433,12.71,0.48170,71.371
5658,05/12/2026 19:47:48,4.019,75.394,12.42,0.47732,71.375
5659,05/12/2026 19:57:48,4.040,75.418,12.12,0.47942,71.378
5660,05/12/2026 20:07:48,4.076,75.456,11.83,0.48306,71.380
5661,05/12/2026 20:17:48,4.070,75.456,11.44,0.48255,71.386
5662,05/12/2026 20:27:48,4.096,75.494,11.15,0.48514,71.398
5663,05/12/2026 20:37:48,4.087,75.491,10.86,0.48421,71.404
5664,05/12/2026 20:47:48,4.094,75.502,10.57,0.48490,71.408
5665,05/12/2026 20:57:48,4.118,75.526,10.27,0.48735,71.408
5666,05/12/2026 21:07:48,4.115,75.533,9.98,0.48698,71.418
5667,05/12/2026 21:17:48,4.118,75.539,9.68,0.48732,71.421
5668,05/12/2026 21:27:48,4.116,75.542,9.48,0.48703,71.426
5669,05/12/2026 21:37:48,4.137,75.571,9.19,0.48920,71.434
5670,05/12/2026 21:47:48,4.136,75.572,8.89,0.48912,71.436
5671,05/12/2026 21:57:48,4.132,75.566,8.69,0.48869,71.434
5672,05/12/2026 22:07:48,4.138,75.577,8.39,0.48931,71.439
5673,05/12/2026 22:17:48,4.150,75.593,8.19,0.49057,71.443
5674,05/12/2026 22:27:48,4.143,75.583,7.99,0.48972,71.440
5675,05/12/2026 22:37:48,4.119,75.563,7.79,0.48732,71.444
5676,05/12/2026 22:47:48,4.127,75.570,7.59,0.48816,71.443
5677,05/12/2026 22:57:48,4.115,75.555,7.39,0.48689,71.440
5678,05/12/2026 23:07:48,4.119,75.562,7.19,0.48731,71.443
5679,05/12/2026 23:17:48,4.079,75.525,7.09,0.48323,71.446
5680,05/12/2026 23:27:48,4.106,75.560,6.89,0.48596,71.454
5681,05/12/2026 23:37:48,4.087,75.544,6.68,0.48406,71.457
5682,05/12/2026 23:47:48,4.105,75.561,6.48,0.48581,71.456
5683,05/12/2026 23:57:48,4.074,75.524,6.38,0.48265,71.450
5684,05/13/2026 00:07:48,4.109,75.563,6.18,0.48623,71.454
5685,05/13/2026 00:17:48,4.067,75.517,6.07,0.48194,71.450
5686,05/13/2026 00:27:48,4.087,75.529,5.87,0.48397,71.442
5687,05/13/2026 00:37:48,4.041,75.478,5.77,0.47933,71.437
5688,05/13/2026 00:47:48,4.015,75.449,5.56,0.47672,71.434
5689,05/13/2026 00:57:48,4.043,75.471,5.46,0.47954,71.428
5690,05/13/2026 01:07:48,4.011,75.433,5.25,0.47630,71.422
5691,05/13/2026 01:17:48,3.998,75.423,5.05,0.47489,71.425
5692,05/13/2026 01:27:48,3.994,75.417,4.94,0.47454,71.423
5693,05/13/2026 01:37:48,3.942,75.366,4.74,0.46919,71.424
5694,05/13/2026 01:47:48,3.961,75.382,4.53,0.47123,71.421
5695,05/13/2026 01:57:48,3.969,75.382,4.43,0.47193,71.413
5696,05/13/2026 02:07:48,3.931,75.340,4.32,0.46813,71.409
5697,05/13/2026 02:17:48,3.934,75.343,4.11,0.46841,71.409
5698,05/13/2026 02:27:48,3.954,75.360,4.01,0.47045,71.406
5699,05/13/2026 02:37:48,3.987,75.382,3.90,0.47382,71.395
5700,05/13/2026 02:47:48,3.996,75.386,3.80,0.47474,71.390
5701,05/13/2026 02:57:48,3.968,75.358,3.69,0.47185,71.390
5702,05/13/2026 03:07:48,3.971,75.357,3.59,0.47220,71.386
5703,05/13/2026 03:17:48,3.987,75.376,3.59,0.47375,71.389
5704,05/13/2026 03:27:48,3.950,75.343,3.48,0.47002,71.393
5705,05/13/2026 03:37:48,3.918,75.306,3.38,0.46679,71.388
5706,05/13/2026 03:47:48,3.963,75.355,3.27,0.47136,71.392
5707,05/13/2026 03:57:48,3.904,75.291,3.16,0.46531,71.387
5708,05/13/2026 04:07:48,3.885,75.268,3.06,0.46334,71.383
5709,05/13/2026 04:17:48,3.897,75.276,2.95,0.46461,71.379
5710,05/13/2026 04:27:48,3.903,75.284,2.85,0.46524,71.381
5711,05/13/2026 04:37:48,3.871,75.247,2.74,0.46201,71.376
5712,05/13/2026 04:47:48,3.892,75.265,2.63,0.46412,71.373
5713,05/13/2026 04:57:48,3.853,75.228,2.53,0.46011,71.375
5714,05/13/2026 05:07:48,3.849,75.223,2.42,0.45969,71.374
5715,05/13/2026 05:17:48,3.851,75.222,2.31,0.45990,71.371
5716,05/13/2026 05:27:48,3.844,75.217,2.31,0.45927,71.373
5717,05/13/2026 05:37:48,3.846,75.226,2.20,0.45941,71.380
5718,05/13/2026 05:47:48,3.836,75.216,2.10,0.45842,71.380
5719,05/13/2026 05:57:48,3.831,75.211,1.99,0.45786,71.380
5720,05/13/2026 06:07:48,3.828,75.211,1.99,0.45758,71.383
5721,05/13/2026 06:17:48,3.844,75.233,1.88,0.45920,71.389
5722,05/13/2026 06:27:48,3.855,75.255,1.88,0.46039,71.400
5723,05/13/2026 06:37:48,3.803,75.205,1.77,0.45505,71.402
5724,05/13/2026 06:47:48,3.820,75.222,1.67,0.45681,71.402
5725,05/13/2026 06:57:48,3.790,75.195,1.67,0.45372,71.405
5726,05/13/2026 07:07:48,3.806,75.213,1.67,0.45540,71.407
5727,05/13/2026 07:17:48,3.807,75.208,1.56,0.45548,71.401
5728,05/13/2026 07:27:48,3.826,75.226,1.56,0.45737,71.400
5729,05/13/2026 07:37:48,3.821,75.217,1.56,0.45688,71.396
5730,05/13/2026 07:47:48,3.786,75.190,1.56,0.45330,71.404
5731,05/13/2026 07:57:48,3.776,75.181,1.56,0.45224,71.405
5732,05/13/2026 08:07:48,3.771,75.187,1.77,0.45175,71.416
5733,05/13/2026 08:17:48,3.734,75.160,1.88,0.44802,71.426
5734,05/13/2026 08:27:48,3.756,75.193,2.10,0.45027,71.437
5735,05/13/2026 08:37:48,3.722,75.154,2.31,0.44675,71.432
5736,05/13/2026 08:47:48,3.745,75.178,2.53,0.44914,71.433
5737,05/13/2026 08:57:48,3.747,75.184,2.74,0.44935,71.437
5738,05/13/2026 09:07:48,3.698,75.127,3.06,0.44436,71.429
5739,05/13/2026 09:17:48,3.683,75.111,3.27,0.44274,71.428
5740,05/13/2026 09:27:48,3.748,75.167,3.59,0.44942,71.419
5741,05/13/2026 09:37:48,3.731,75.138,3.90,0.44767,71.407
5742,05/13/2026 09:47:48,3.730,75.122,4.22,0.44760,71.392
5743,05/13/2026 09:57:48,3.735,75.115,4.53,0.44809,71.380
5744,05/13/2026 10:07:48,3.758,75.123,4.94,0.45042,71.365
5745,05/13/2026 10:17:48,3.758,75.112,5.36,0.45049,71.354
5746,05/13/2026 10:27:48,3.785,75.134,5.77,0.45317,71.349
5747,05/13/2026 10:37:48,3.758,75.096,6.18,0.45051,71.338
5748,05/13/2026 10:47:48,3.716,75.050,6.58,0.44615,71.334
5749,05/13/2026 10:57:48,3.729,75.053,6.99,0.44750,71.324
5750,05/13/2026 11:07:48,3.714,75.021,7.49,0.44604,71.307
5751,05/13/2026 11:17:48,3.735,75.043,7.99,0.44823,71.308
5752,05/13/2026 11:27:48,3.738,75.048,8.49,0.44845,71.310
5753,05/13/2026 11:37:48,3.711,75.007,8.99,0.44573,71.296
5754,05/13/2026 11:47:48,3.719,75.010,9.29,0.44651,71.291
5755,05/13/2026 11:57:48,3.730,75.024,9.39,0.44771,71.294
5756,05/13/2026 12:07:48,3.715,74.999,9.58,0.44617,71.284
5757,05/13/2026 12:17:48,3.690,74.962,9.98,0.44358,71.272
5758,05/13/2026 12:27:48,3.694,74.945,10.17,0.44408,71.251
5759,05/13/2026 12:37:48,3.756,74.992,10.76,0.45037,71.236
5760,05/13/2026 12:47:48,3.750,74.963,11.05,0.44982,71.213
5761,05/13/2026 12:57:48,3.756,74.959,11.54,0.45040,71.203
5762,05/13/2026 13:07:48,3.709,74.932,12.03,0.44564,71.223
5763,05/13/2026 13:17:48,3.714,74.910,12.12,0.44621,71.196
5764,05/13/2026 13:27:48,3.663,74.860,12.51,0.44095,71.197
5765,05/13/2026 13:37:48,3.686,74.878,13.00,0.44337,71.192
5766,05/13/2026 13:47:48,3.684,74.867,13.19,0.44317,71.183
5767,05/13/2026 13:57:48,3.698,74.846,13.38,0.44465,71.148
5768,05/13/2026 14:07:48,3.674,74.797,13.86,0.44215,71.123
5769,05/13/2026 14:17:48,3.706,74.791,14.15,0.44547,71.085
5770,05/13/2026 14:27:48,3.678,74.774,14.25,0.44259,71.096
5771,05/13/2026 14:37:48,3.694,74.777,14.15,0.44427,71.083
5772,05/13/2026 14:47:48,3.702,74.803,14.05,0.44511,71.101
5773,05/13/2026 14:57:48,3.685,74.780,13.96,0.44328,71.095
5774,05/13/2026 15:07:48,3.647,74.751,13.86,0.43947,71.104
5775,05/13/2026 15:17:48,3.685,74.823,13.77,0.44334,71.138
5776,05/13/2026 15:27:48,3.673,74.839,13.57,0.44206,71.166
5777,05/13/2026 15:37:48,3.695,74.843,13.48,0.44424,71.148
5778,05/13/2026 15:47:48,3.691,74.825,13.57,0.44396,71.134
5779,05/13/2026 15:57:48,3.679,74.782,13.77,0.44270,71.103
5780,05/13/2026 16:07:48,3.725,74.790,13.67,0.44741,71.065
5781,05/13/2026 16:17:48,3.718,74.797,13.48,0.44670,71.079
5782,05/13/2026 16:27:48,3.744,74.832,13.38,0.44937,71.088
5783,05/13/2026 16:37:48,3.776,74.862,13.19,0.45260,71.086
5784,05/13/2026 16:47:48,3.815,74.905,13.00,0.45660,71.090
5785,05/13/2026 16:57:48,3.766,74.867,12.80,0.45152,71.101
5786,05/13/2026 17:07:48,3.802,74.914,12.51,0.45516,71.112
5787,05/13/2026 17:17:48,3.827,74.976,12.32,0.45769,71.149
5788,05/13/2026 17:27:48,3.835,74.911,12.22,0.45853,71.076
5789,05/13/2026 17:37:48,3.871,74.937,12.12,0.46225,71.066
5790,05/13/2026 17:47:48,3.894,74.927,12.03,0.46457,71.033
5791,05/13/2026 17:57:48,3.906,74.926,11.93,0.46576,71.020
5792,05/13/2026 18:07:48,3.917,74.924,11.74,0.46694,71.007
5793,05/13/2026 18:17:48,3.940,74.941,11.64,0.46926,71.001
5794,05/13/2026 18:27:48,3.978,74.958,11.44,0.47305,70.980
5795,05/13/2026 18:37:48,3.953,74.924,11.25,0.47051,70.971
5796,05/13/2026 18:47:48,3.997,74.968,11.15,0.47508,70.971
5797,05/13/2026 18:57:48,3.993,74.953,10.96,0.47457,70.960
5798,05/13/2026 19:07:48,3.990,74.946,10.76,0.47435,70.956
5799,05/13/2026 19:17:48,4.042,74.995,10.66,0.47963,70.953
5800,05/13/2026 19:27:48,4.030,74.984,10.47,0.47842,70.954
5801,05/13/2026 19:37:48,4.033,74.992,10.37,0.47870,70.959
5802,05/13/2026 19:47:48,4.030,74.991,10.17,0.47827,70.961
5803,05/13/2026 19:57:48,4.001,74.989,9.98,0.47538,70.988
5804,05/13/2026 20:07:48,4.026,75.074,9.88,0.47790,71.048
5805,05/13/2026 20:17:48,3.998,75.045,9.68,0.47501,71.047
5806,05/13/2026 20:27:48,4.028,75.085,9.58,0.47810,71.057
5807,05/13/2026 20:37:48,4.027,75.128,9.39,0.47803,71.101
5808,05/13/2026 20:47:48,4.044,75.172,9.19,0.47971,71.128
5809,05/13/2026 20:57:48,4.030,75.121,9.09,0.47830,71.091
5810,05/13/2026 21:07:48,4.046,75.128,8.89,0.47998,71.082
5811,05/13/2026 21:17:48,4.051,75.105,8.79,0.48039,71.054
5812,05/13/2026 21:27:48,4.011,75.089,8.59,0.47638,71.078
5813,05/13/2026 21:37:48,4.062,75.125,8.49,0.48151,71.063
5814,05/13/2026 21:47:48,4.041,75.082,8.29,0.47939,71.041
5815,05/13/2026 21:57:48,4.054,75.086,8.19,0.48073,71.032
5816,05/13/2026 22:07:48,4.082,75.093,7.99,0.48360,71.011
5817,05/13/2026 22:17:48,4.050,75.061,7.89,0.48022,71.011
5818,05/13/2026 22:27:48,4.052,75.064,7.79,0.48050,71.012
5819,05/13/2026 22:37:48,4.034,75.049,7.59,0.47867,71.015
5820,05/13/2026 22:47:48,4.069,75.084,7.49,0.48225,71.015
5821,05/13/2026 22:57:48,4.058,75.061,7.39,0.48105,71.003
5822,05/13/2026 23:07:48,4.046,75.065,7.29,0.47986,71.019
5823,05/13/2026 23:17:48,4.041,75.059,7.19,0.47936,71.018
5824,05/13/2026 23:27:48,4.038,75.049,7.09,0.47908,71.011
5825,05/13/2026 23:37:48,4.070,75.071,6.99,0.48231,71.001
5826,05/13/2026 23:47:48,4.037,75.039,6.89,0.47886,71.002
5827,05/13/2026 23:57:48,4.029,75.042,6.79,0.47816,71.013
5828,05/14/2026 00:07:48,4.009,75.014,6.68,0.47611,71.005
5829,05/14/2026 00:17:48,4.018,75.027,6.58,0.47703,71.009
5830,05/14/2026 00:27:48,4.004,75.017,6.48,0.47555,71.013
5831,05/14/2026 00:37:48,3.994,74.994,6.38,0.47449,71.000
5832,05/14/2026 00:47:48,4.025,75.025,6.38,0.47772,71.000
5833,05/14/2026 00:57:48,3.999,74.984,6.28,0.47505,70.985
5834,05/14/2026 01:07:48,3.989,74.965,6.18,0.47399,70.976
5835,05/14/2026 01:17:48,3.989,74.959,6.07,0.47406,70.970
5836,05/14/2026 01:27:48,4.002,74.964,6.07,0.47533,70.962
5837,05/14/2026 01:37:48,4.021,74.968,5.97,0.47729,70.947
5838,05/14/2026 01:47:48,3.999,74.935,5.87,0.47504,70.936
5839,05/14/2026 01:57:48,3.990,74.930,5.77,0.47413,70.940
5840,05/14/2026 02:07:48,4.001,74.915,5.67,0.47532,70.914
5841,05/14/2026 02:17:48,3.985,74.878,5.56,0.47363,70.893
5842,05/14/2026 02:27:48,3.991,74.860,5.46,0.47419,70.869
5843,05/14/2026 02:37:48,4.016,74.886,5.36,0.47679,70.870
5844,05/14/2026 02:47:48,3.986,74.885,5.25,0.47370,70.899
5845,05/14/2026 02:57:48,3.995,74.898,5.15,0.47461,70.903
5846,05/14/2026 03:07:48,3.986,74.906,5.05,0.47376,70.920
5847,05/14/2026 03:17:48,3.981,74.897,5.05,0.47320,70.916
5848,05/14/2026 03:27:48,3.990,74.919,4.94,0.47411,70.929
5849,05/14/2026 03:37:48,3.969,74.900,4.84,0.47200,70.931
5850,05/14/2026 03:47:48,4.005,74.890,4.74,0.47566,70.885
5851,05/14/2026 03:57:48,3.985,74.854,4.74,0.47362,70.869
5852,05/14/2026 04:07:48,3.999,74.853,4.63,0.47509,70.854
5853,05/14/2026 04:17:48,3.963,74.812,4.53,0.47137,70.849
5854,05/14/2026 04:27:48,3.989,74.829,4.43,0.47404,70.840
5855,05/14/2026 04:37:48,4.009,74.833,4.32,0.47601,70.824
5856,05/14/2026 04:47:48,3.966,74.791,4.22,0.47172,70.825
5857,05/14/2026 04:57:48,3.958,74.777,4.11,0.47087,70.819
5858,05/14/2026 05:07:48,3.957,74.776,4.01,0.47080,70.819
5859,05/14/2026 05:17:48,3.964,74.781,4.01,0.47143,70.817
5860,05/14/2026 05:27:48,3.963,74.776,3.90,0.47129,70.813
5861,05/14/2026 05:37:48,3.982,74.793,3.80,0.47326,70.811
5862,05/14/2026 05:47:48,3.970,74.779,3.69,0.47199,70.809
5863,05/14/2026 05:57:48,4.000,74.805,3.59,0.47516,70.805
5864,05/14/2026 06:07:48,3.945,74.755,3.48,0.46946,70.810
5865,05/14/2026 06:17:48,3.982,74.799,3.38,0.47333,70.817
5866,05/14/2026 06:27:48,3.952,74.763,3.38,0.47024,70.811
5867,05/14/2026 06:37:48,3.933,74.739,3.27,0.46834,70.806
5868,05/14/2026 06:47:48,3.946,74.749,3.27,0.46960,70.803
5869,05/14/2026 06:57:48,3.949,74.748,3.16,0.46988,70.799
5870,05/14/2026 07:07:48,3.917,74.712,3.16,0.46665,70.795
5871,05/14/2026 07:17:48,3.928,74.734,3.16,0.46777,70.806
5872,05/14/2026 07:27:48,3.949,74.752,3.16,0.46995,70.803
5873,05/14/2026 07:37:48,3.920,74.724,3.06,0.46700,70.804
5874,05/14/2026 07:47:48,3.933,74.729,3.06,0.46827,70.796
5875,05/14/2026 07:57:48,3.903,74.716,3.16,0.46524,70.813
5876,05/14/2026 08:07:48,3.874,74.694,3.27,0.46229,70.820
5877,05/14/2026 08:17:48,3.903,74.740,3.38,0.46524,70.837
5878,05/14/2026 08:27:48,3.899,74.742,3.59,0.46482,70.843
5879,05/14/2026 08:37:48,3.868,74.715,3.69,0.46166,70.847
5880,05/14/2026 08:47:48,3.894,74.726,3.90,0.46426,70.832
5881,05/14/2026 08:57:48,3.922,74.754,4.01,0.46714,70.832
5882,05/14/2026 09:07:48,3.856,74.687,4.22,0.46047,70.831
5883,05/14/2026 09:17:48,3.889,74.717,4.53,0.46377,70.828
5884,05/14/2026 09:27:48,3.888,74.714,4.74,0.46371,70.826
5885,05/14/2026 09:37:48,3.878,74.702,4.94,0.46265,70.824
5886,05/14/2026 09:47:48,3.851,74.672,5.25,0.45998,70.821
5887,05/14/2026 09:57:48,3.877,74.706,5.56,0.46266,70.829
5888,05/14/2026 10:07:48,3.833,74.676,5.77,0.45816,70.843
5889,05/14/2026 10:17:48,3.854,74.700,5.97,0.46028,70.846
5890,05/14/2026 10:27:48,3.837,74.658,6.38,0.45860,70.821
5891,05/14/2026 10:37:48,3.818,74.661,6.68,0.45656,70.843
5892,05/14/2026 10:47:48,3.884,74.723,7.09,0.46333,70.839
5893,05/14/2026 10:57:48,3.827,74.671,7.39,0.45757,70.844
5894,05/14/2026 11:07:48,3.823,74.670,7.79,0.45715,70.847
5895,05/14/2026 11:17:48,3.864,74.723,8.19,0.46139,70.859
5896,05/14/2026 11:27:48,3.814,74.663,8.59,0.45626,70.849
5897,05/14/2026 11:37:48,3.834,74.694,8.99,0.45832,70.860
5898,05/14/2026 11:47:48,3.798,74.652,9.29,0.45460,70.854
5899,05/14/2026 11:57:48,3.809,74.623,9.68,0.45581,70.814
5900,05/14/2026 12:07:48,3.824,74.659,10.08,0.45730,70.835
5901,05/14/2026 12:17:48,3.809,74.640,10.47,0.45577,70.831
5902,05/14/2026 12:27:48,3.808,74.621,10.86,0.45572,70.813
5903,05/14/2026 12:37:48,3.819,74.629,11.25,0.45686,70.810
5904,05/14/2026 12:47:48,3.802,74.611,11.74,0.45519,70.809
5905,05/14/2026 12:57:48,3.774,74.565,12.03,0.45225,70.791
5906,05/14/2026 13:07:48,3.844,74.627,12.42,0.45952,70.783
5907,05/14/2026 13:17:48,3.790,74.563,12.80,0.45398,70.773
5908,05/14/2026 13:27:48,3.792,74.563,13.19,0.45421,70.771
5909,05/14/2026 13:37:48,3.798,74.552,13.48,0.45486,70.754
5910,05/14/2026 13:47:48,3.775,74.542,13.77,0.45249,70.767
5911,05/14/2026 13:57:48,3.811,74.545,14.05,0.45616,70.734
5912,05/14/2026 14:07:48,3.789,74.531,14.44,0.45393,70.742
5913,05/14/2026 14:17:48,3.786,74.534,14.73,0.45367,70.748
5914,05/14/2026 14:27:48,3.766,74.506,15.01,0.45165,70.740
5915,05/14/2026 14:37:48,3.815,74.549,15.20,0.45666,70.734
5916,05/14/2026 14:47:48,3.810,74.528,15.40,0.45618,70.718
5917,05/14/2026 14:57:48,3.807,74.535,15.59,0.45584,70.728
5918,05/14/2026 15:07:48,3.817,74.543,15.87,0.45684,70.726
5919,05/14/2026 15:17:48,3.804,74.527,16.06,0.45559,70.723
5920,05/14/2026 15:27:48,3.826,74.541,16.16,0.45792,70.715
5921,05/14/2026 15:37:48,3.840,74.553,16.35,0.45927,70.713
5922,05/14/2026 15:47:48,3.832,74.531,16.45,0.45850,70.699
5923,05/14/2026 15:57:48,3.832,74.533,16.64,0.45851,70.701
5924,05/14/2026 16:07:48,3.888,74.584,16.73,0.46429,70.696
5925,05/14/2026 16:17:48,3.897,74.584,16.73,0.46521,70.687
5926,05/14/2026 16:27:48,3.927,74.613,16.83,0.46817,70.686
5927,05/14/2026 16:37:48,3.917,74.598,16.73,0.46718,70.681
5928,05/14/2026 16:47:48,3.950,74.637,16.54,0.47047,70.687
5929,05/14/2026 16:57:48,3.953,74.631,16.45,0.47082,70.678
5930,05/14/2026 17:07:48,3.977,74.659,16.54,0.47336,70.682
5931,05/14/2026 17:17:48,3.998,74.680,16.35,0.47539,70.682
5932,05/14/2026 17:27:48,4.042,74.724,16.25,0.47989,70.682
5933,05/14/2026 17:37:48,4.047,74.731,16.06,0.48037,70.684
5934,05/14/2026 17:47:48,4.061,74.742,15.87,0.48183,70.681
5935,05/14/2026 17:57:48,4.103,74.790,15.68,0.48611,70.687
5936,05/14/2026 18:07:48,4.177,74.865,15.49,0.49363,70.688
5937,05/14/2026 18:17:48,4.126,74.816,15.20,0.48847,70.690
5938,05/14/2026 18:27:48,4.174,74.872,14.92,0.49331,70.698
5939,05/14/2026 18:37:48,4.154,74.855,14.63,0.49125,70.701
5940,05/14/2026 18:47:48,4.204,74.906,14.34,0.49637,70.702
5941,05/14/2026 18:57:48,4.186,74.894,14.05,0.49445,70.708
5942,05/14/2026 19:07:48,4.198,74.910,13.86,0.49570,70.712
5943,05/14/2026 19:17:48,4.236,74.952,13.57,0.49955,70.716
5944,05/14/2026 19:27:48,4.209,74.927,13.28,0.49672,70.718
5945,05/14/2026 19:37:48,4.237,74.955,13.00,0.49966,70.718
5946,05/14/2026 19:47:48,4.224,74.952,12.71,0.49830,70.728
5947,05/14/2026 19:57:48,4.237,74.971,12.32,0.49955,70.734
5948,05/14/2026 20:07:48,4.285,75.022,12.03,0.50446,70.737
5949,05/14/2026 20:17:48,4.312,75.047,11.74,0.50719,70.735
5950,05/14/2026 20:27:48,4.268,75.011,11.35,0.50266,70.743
5951,05/14/2026 20:37:48,4.312,75.058,11.05,0.50715,70.746
5952,05/14/2026 20:47:48,4.340,75.091,10.76,0.51002,70.751
5953,05/14/2026 20:57:48,4.318,75.075,10.47,0.50775,70.757
5954,05/14/2026 21:07:48,4.305,75.072,10.17,0.50640,70.767
5955,05/14/2026 21:17:48,4.311,75.088,9.88,0.50695,70.777
5956,05/14/2026 21:27:48,4.324,75.098,9.58,0.50835,70.774
5957,05/14/2026 21:37:48,4.268,75.056,9.39,0.50257,70.788
5958,05/14/2026 21:47:48,4.318,75.112,9.09,0.50769,70.794
5959,05/14/2026 21:57:48,4.308,75.105,8.79,0.50663,70.797
5960,05/14/2026 22:07:48,4.317,75.117,8.59,0.50753,70.800
5961,05/14/2026 22:17:48,4.344,75.146,8.29,0.51027,70.802
5962,05/14/2026 22:27:48,4.316,75.117,8.09,0.50738,70.801
5963,05/14/2026 22:37:48,4.317,75.110,7.79,0.50751,70.793
5964,05/14/2026 22:47:48,4.327,75.121,7.59,0.50856,70.794
5965,05/14/2026 22:57:48,4.275,75.065,7.39,0.50328,70.790
5966,05/14/2026 23:07:48,4.337,75.123,7.19,0.50953,70.786
5967,05/14/2026 23:17:48,4.294,75.080,6.99,0.50516,70.786
5968,05/14/2026 23:27:48,4.308,75.097,6.79,0.50656,70.789
5969,05/14/2026 23:37:48,4.271,75.054,6.58,0.50283,70.783
5970,05/14/2026 23:47:48,4.255,75.034,6.38,0.50121,70.779
5971,05/14/2026 23:57:48,4.260,75.042,6.18,0.50163,70.782
5972,05/15/2026 00:07:48,4.249,75.036,5.97,0.50050,70.787
5973,05/15/2026 00:17:48,4.229,75.017,5.87,0.49846,70.788
5974,05/15/2026 00:27:48,4.223,75.011,5.67,0.49782,70.788
5975,05/15/2026 00:37:48,4.180,74.964,5.46,0.49346,70.784
5976,05/15/2026 00:47:48,4.209,74.994,5.25,0.49641,70.785
5977,05/15/2026 00:57:48,4.210,74.984,5.15,0.49655,70.774
5978,05/15/2026 01:07:48,4.179,74.955,4.94,0.49338,70.776
5979,05/15/2026 01:17:48,4.168,74.936,4.84,0.49232,70.768
5980,05/15/2026 01:27:48,4.175,74.948,4.63,0.49303,70.773
5981,05/15/2026 01:37:48,4.154,74.916,4.53,0.49084,70.762
5982,05/15/2026 01:47:48,4.138,74.901,4.32,0.48916,70.763
5983,05/15/2026 01:57:48,4.153,74.918,4.22,0.49077,70.765
5984,05/15/2026 02:07:48,4.139,74.895,4.11,0.48929,70.756
5985,05/15/2026 02:17:48,4.106,74.853,3.90,0.48592,70.747
5986,05/15/2026 02:27:48,4.129,74.879,3.80,0.48831,70.750
5987,05/15/2026 02:37:48,4.105,74.851,3.69,0.48585,70.746
5988,05/15/2026 02:47:48,4.089,74.841,3.59,0.48423,70.752
5989,05/15/2026 02:57:48,4.084,74.827,3.48,0.48367,70.743
5990,05/15/2026 03:07:48,4.113,74.849,3.38,0.48662,70.736
5991,05/15/2026 03:17:48,4.082,74.807,3.27,0.48352,70.725
5992,05/15/2026 03:27:48,4.089,74.807,3.16,0.48416,70.718
5993,05/15/2026 03:37:48,4.091,74.806,3.06,0.48437,70.715
5994,05/15/2026 03:47:48,4.097,74.823,2.95,0.48507,70.726
5995,05/15/2026 03:57:48,4.082,74.809,2.85,0.48345,70.727
5996,05/15/2026 04:07:48,4.045,74.772,2.74,0.47973,70.727
5997,05/15/2026 04:17:48,4.053,74.771,2.63,0.48057,70.718
5998,05/15/2026 04:27:48,4.039,74.753,2.53,0.47902,70.714
5999,05/15/2026 04:37:48,4.069,74.784,2.42,0.48212,70.715
6000,05/15/2026 04:47:48,4.025,74.743,2.42,0.47769,70.718
6001,05/15/2026 04:57:48,4.063,74.774,2.31,0.48156,70.711
6002,05/15/2026 05:07:48,4.015,74.728,2.20,0.47664,70.713
6003,05/15/2026 05:17:48,4.026,74.732,2.10,0.47776,70.706
6004,05/15/2026 05:27:48,4.020,74.727,2.10,0.47720,70.707
6005,05/15/2026 05:37:48,4.009,74.722,1.99,0.47607,70.713
6006,05/15/2026 05:47:48,4.021,74.730,1.88,0.47727,70.709
6007,05/15/2026 05:57:48,4.019,74.735,1.88,0.47706,70.716
6008,05/15/2026 06:07:48,4.016,74.739,1.77,0.47671,70.723
6009,05/15/2026 06:17:48,4.008,74.729,1.67,0.47594,70.721
6010,05/15/2026 06:27:48,4.002,74.729,1.67,0.47530,70.727
6011,05/15/2026 06:37:48,3.967,74.701,1.56,0.47179,70.734
6012,05/15/2026 06:47:48,3.995,74.733,1.56,0.47460,70.738
6013,05/15/2026 06:57:48,4.024,74.760,1.56,0.47755,70.736
6014,05/15/2026 07:07:48,3.980,74.710,1.45,0.47306,70.730
6015,05/15/2026 07:17:48,3.987,74.719,1.45,0.47376,70.732
6016,05/15/2026 07:27:48,3.978,74.714,1.45,0.47291,70.736
6017,05/15/2026 07:37:48,3.990,74.727,1.34,0.47411,70.737
6018,05/15/2026 07:47:48,3.963,74.700,1.45,0.47144,70.737
6019,05/15/2026 07:57:48,3.955,74.700,1.45,0.47059,70.745
6020,05/15/2026 08:07:48,3.957,74.711,1.67,0.47073,70.754
6021,05/15/2026 08:17:48,3.947,74.703,1.77,0.46968,70.756
6022,05/15/2026 08:27:48,3.927,74.681,1.99,0.46771,70.754
6023,05/15/2026 08:37:48,3.960,74.710,2.20,0.47101,70.750
6024,05/15/2026 08:47:48,3.966,74.720,2.42,0.47171,70.754
6025,05/15/2026 08:57:48,3.930,74.676,2.63,0.46798,70.746
6026,05/15/2026 09:07:48,3.909,74.655,2.85,0.46588,70.746
6027,05/15/2026 09:17:48,3.926,74.675,3.16,0.46763,70.749
6028,05/15/2026 09:27:48,3.904,74.641,3.48,0.46538,70.737
6029,05/15/2026 09:37:48,3.909,74.634,3.69,0.46581,70.725
6030,05/15/2026 09:47:48,3.934,74.650,4.01,0.46834,70.716
6031,05/15/2026 09:57:48,3.911,74.634,4.43,0.46609,70.723
6032,05/15/2026 10:07:48,3.937,74.655,4.74,0.46870,70.718
6033,05/15/2026 10:17:48,3.915,74.631,5.15,0.46645,70.716
6034,05/15/2026 10:27:48,3.925,74.625,5.56,0.46751,70.700
6035,05/15/2026 10:37:48,3.926,74.626,5.77,0.46766,70.700
6036,05/15/2026 10:47:48,3.911,74.612,6.18,0.46605,70.701
6037,05/15/2026 10:57:48,3.906,74.610,6.58,0.46563,70.704
6038,05/15/2026 11:07:48,3.919,74.628,7.09,0.46691,70.709
6039,05/15/2026 11:17:48,3.881,74.576,7.39,0.46305,70.695
6040,05/15/2026 11:27:48,3.892,74.611,7.79,0.46419,70.719
6041,05/15/2026 11:37:48,3.884,74.593,8.29,0.46336,70.709
6042,05/15/2026 11:47:48,3.872,74.569,8.69,0.46218,70.697
6043,05/15/2026 11:57:48,3.885,74.591,9.09,0.46346,70.706
6044,05/15/2026 12:07:48,3.880,74.581,9.48,0.46298,70.701
6045,05/15/2026 12:17:48,3.831,74.526,9.88,0.45800,70.695
6046,05/15/2026 12:27:48,3.873,74.585,10.37,0.46231,70.712
6047,05/15/2026 12:37:48,3.840,74.534,10.76,0.45895,70.694
6048,05/15/2026 12:47:48,3.858,74.560,11.15,0.46087,70.702
6049,05/15/2026 12:57:48,3.865,74.559,11.44,0.46151,70.694
6050,05/15/2026 13:07:48,3.878,74.556,11.64,0.46293,70.678
6051,05/15/2026 13:17:48,3.851,74.541,11.93,0.46013,70.690
6052,05/15/2026 13:27:48,3.840,74.514,11.93,0.45900,70.674
6053,05/15/2026 13:37:48,3.850,74.520,12.12,0.46007,70.670
6054,05/15/2026 13:47:48,3.862,74.538,12.51,0.46128,70.676
6055,05/15/2026 13:57:48,3.872,74.546,12.42,0.46233,70.674
6056,05/15/2026 14:07:48,3.846,74.509,12.32,0.45959,70.663
6057,05/15/2026 14:17:48,3.832,74.485,12.71,0.45827,70.653
6058,05/15/2026 14:27:48,3.845,74.495,12.80,0.45961,70.650
6059,05/15/2026 14:37:48,3.819,74.464,12.80,0.45687,70.645
6060,05/15/2026 14:47:48,3.831,74.475,13.00,0.45814,70.644
6061,05/15/2026 14:57:48,3.850,74.476,13.09,0.46012,70.626
6062,05/15/2026 15:07:48,3.840,74.478,13.28,0.45907,70.638
6063,05/15/2026 15:17:48,3.851,74.480,13.48,0.46021,70.629
6064,05/15/2026 15:27:48,3.851,74.481,13.57,0.46022,70.630
6065,05/15/2026 15:37:48,3.848,74.459,13.67,0.45994,70.611
6066,05/15/2026 15:47:48,3.862,74.479,13.86,0.46143,70.617
6067,05/15/2026 15:57:48,3.835,74.435,13.96,0.45862,70.600
6068,05/15/2026 16:07:48,3.868,74.458,13.96,0.46200,70.590
6069,05/15/2026 16:17:48,3.913,74.481,14.05,0.46665,70.568
6070,05/15/2026 16:27:48,3.885,74.446,14.15,0.46377,70.561
6071,05/15/2026 16:37:48,3.884,74.434,14.25,0.46363,70.550
6072,05/15/2026 16:47:48,3.902,74.461,14.25,0.46546,70.559
6073,05/15/2026 16:57:48,3.898,74.456,14.25,0.46511,70.558
6074,05/15/2026 17:07:48,3.917,74.488,14.25,0.46701,70.571
6075,05/15/2026 17:17:48,3.942,74.497,14.25,0.46962,70.555
6076,05/15/2026 17:27:48,3.922,74.484,14.25,0.46751,70.562
6077,05/15/2026 17:37:48,3.926,74.493,14.25,0.46793,70.567
6078,05/15/2026 17:47:48,4.001,74.555,14.15,0.47559,70.554
6079,05/15/2026 17:57:48,3.942,74.504,14.05,0.46960,70.562
6080,05/15/2026 18:07:48,3.977,74.539,13.96,0.47319,70.562
6081,05/15/2026 18:17:48,3.986,74.542,13.77,0.47402,70.556
6082,05/15/2026 18:27:48,3.994,74.541,13.67,0.47479,70.547
6083,05/15/2026 18:37:48,3.975,74.524,13.38,0.47287,70.549
6084,05/15/2026 18:47:48,3.997,74.554,13.19,0.47511,70.557
6085,05/15/2026 18:57:48,4.002,74.560,12.90,0.47559,70.558
6086,05/15/2026 19:07:48,3.994,74.558,12.71,0.47480,70.564
6087,05/15/2026 19:17:48,4.019,74.582,12.42,0.47732,70.563
6088,05/15/2026 19:27:48,4.058,74.630,12.22,0.48132,70.572
6089,05/15/2026 19:37:48,4.048,74.618,11.93,0.48025,70.570
6090,05/15/2026 19:47:48,4.061,74.633,11.64,0.48157,70.572
6091,05/15/2026 19:57:48,4.105,74.680,11.35,0.48606,70.575
6092,05/15/2026 20:07:48,4.127,74.695,11.05,0.48830,70.568
6093,05/15/2026 20:17:48,4.130,74.706,10.76,0.48856,70.576
6094,05/15/2026 20:27:48,4.109,74.676,10.47,0.48644,70.567
6095,05/15/2026 20:37:48,4.128,74.696,10.17,0.48833,70.568
6096,05/15/2026 20:47:48,4.172,74.748,9.88,0.49274,70.576
6097,05/15/2026 20:57:48,4.114,74.690,9.58,0.48697,70.576
6098,05/15/2026 21:07:48,4.150,74.733,9.29,0.49054,70.583
6099,05/15/2026 21:17:48,4.144,74.722,9.09,0.48997,70.578
6100,05/15/2026 21:27:48,4.156,74.742,8.79,0.49116,70.586
6101,05/15/2026 21:37:48,4.143,74.731,8.49,0.48974,70.588
6102,05/15/2026 21:47:48,4.141,74.733,8.29,0.48959,70.592
6103,05/15/2026 21:57:48,4.181,74.790,8.09,0.49373,70.609
6104,05/15/2026 22:07:48,4.181,74.789,7.89,0.49366,70.608
6105,05/15/2026 22:17:48,4.128,74.737,7.69,0.48824,70.609
6106,05/15/2026 22:27:48,4.167,74.776,7.49,0.49224,70.609
6107,05/15/2026 22:37:48,4.168,74.779,7.29,0.49230,70.611
6108,05/15/2026 22:47:48,4.120,74.732,7.09,0.48745,70.612
6109,05/15/2026 22:57:48,4.167,74.776,6.89,0.49215,70.609
6110,05/15/2026 23:07:48,4.138,74.742,6.68,0.48926,70.604
6111,05/15/2026 23:17:48,4.119,74.723,6.48,0.48729,70.604
6112,05/15/2026 23:27:48,4.110,74.717,6.38,0.48637,70.607
6113,05/15/2026 23:37:48,4.133,74.743,6.18,0.48869,70.610
6114,05/15/2026 23:47:48,4.103,74.710,5.97,0.48559,70.607
6115,05/15/2026 23:57:48,4.104,74.712,5.77,0.48580,70.608
6116,05/16/2026 00:07:48,4.130,74.734,5.67,0.48847,70.604
6117,05/16/2026 00:17:48,4.131,74.737,5.46,0.48854,70.606
6118,05/16/2026 00:27:48,4.119,74.722,5.25,0.48727,70.603
6119,05/16/2026 00:37:48,4.094,74.694,5.15,0.48473,70.600
6120,05/16/2026 00:47:48,4.103,74.706,4.94,0.48565,70.603
6121,05/16/2026 00:57:48,4.124,74.724,4.84,0.48775,70.600
6122,05/16/2026 01:07:48,4.058,74.659,4.63,0.48100,70.601
6123,05/16/2026 01:17:48,4.079,74.680,4.53,0.48325,70.601
6124,05/16/2026 01:27:48,4.040,74.634,4.43,0.47924,70.594
6125,05/16/2026 01:37:48,4.041,74.629,4.32,0.47931,70.588
6126,05/16/2026 01:47:48,4.052,74.633,4.22,0.48043,70.581
6127,05/16/2026 01:57:48,4.078,74.655,4.11,0.48304,70.577
6128,05/16/2026 02:07:48,4.026,74.595,4.01,0.47783,70.569
6129,05/16/2026 02:17:48,4.045,74.613,3.90,0.47966,70.568
6130,05/16/2026 02:27:48,4.023,74.589,3.80,0.47748,70.566
6131,05/16/2026 02:37:48,4.018,74.580,3.80,0.47699,70.562
6132,05/16/2026 02:47:48,4.019,74.566,3.69,0.47706,70.547
6133,05/16/2026 02:57:48,3.999,74.529,3.59,0.47502,70.530
6134,05/16/2026 03:07:48,3.992,74.524,3.59,0.47431,70.532
6135,05/16/2026 03:17:48,4.008,74.533,3.48,0.47593,70.525
6136,05/16/2026 03:27:48,3.979,74.515,3.48,0.47291,70.536
6137,05/16/2026 03:37:48,3.990,74.528,3.48,0.47410,70.538
6138,05/16/2026 03:47:48,3.988,74.523,3.38,0.47389,70.535
6139,05/16/2026 03:57:48,3.979,74.518,3.38,0.47305,70.539
6140,05/16/2026 04:07:48,3.970,74.500,3.27,0.47199,70.530
6141,05/16/2026 04:17:48,3.984,74.527,3.27,0.47347,70.543
6142,05/16/2026 04:27:48,3.962,74.518,3.27,0.47122,70.556
6143,05/16/2026 04:37:48,3.946,74.486,3.27,0.46960,70.540
6144,05/16/2026 04:47:48,3.957,74.503,3.16,0.47080,70.546
6145,05/16/2026 04:57:48,3.992,74.531,3.16,0.47424,70.539
6146,05/16/2026 05:07:48,3.936,74.462,3.06,0.46862,70.526
6147,05/16/2026 05:17:48,3.962,74.485,3.06,0.47122,70.523
6148,05/16/2026 05:27:48,3.944,74.466,2.95,0.46939,70.522
6149,05/16/2026 05:37:48,3.932,74.452,2.95,0.46820,70.520
6150,05/16/2026 05:47:48,3.926,74.443,2.95,0.46756,70.517
6151,05/16/2026 05:57:48,3.931,74.447,2.85,0.46806,70.516
6152,05/16/2026 06:07:48,3.921,74.447,2.85,0.46707,70.526
6153,05/16/2026 06:17:48,3.953,74.470,2.85,0.47031,70.517
6154,05/16/2026 06:27:48,3.944,74.469,2.74,0.46939,70.525
6155,05/16/2026 06:37:48,3.944,74.469,2.74,0.46939,70.525
6156,05/16/2026 06:47:48,3.970,74.495,2.63,0.47206,70.525
6157,05/16/2026 06:57:48,3.920,74.455,2.63,0.46693,70.535
6158,05/16/2026 07:07:48,3.939,74.472,2.53,0.46890,70.533
6159,05/16/2026 07:17:48,3.896,74.436,2.53,0.46447,70.540
6160,05/16/2026 07:27:48,3.908,74.449,2.42,0.46574,70.541
6161,05/16/2026 07:37:48,3.937,74.476,2.42,0.46869,70.539
6162,05/16/2026 07:47:48,3.923,74.476,2.42,0.46728,70.553
6163,05/16/2026 07:57:48,3.904,74.468,2.63,0.46531,70.564
6164,05/16/2026 08:07:48,3.895,74.464,2.74,0.46447,70.569
6165,05/16/2026 08:17:48,3.888,74.455,2.74,0.46370,70.567
6166,05/16/2026 08:27:48,3.901,74.470,2.95,0.46503,70.569
6167,05/16/2026 08:37:48,3.884,74.457,3.06,0.46334,70.573
6168,05/16/2026 08:47:48,3.896,74.463,3.27,0.46454,70.567
6169,05/16/2026 08:57:48,3.846,74.415,3.48,0.45941,70.569
6170,05/16/2026 09:07:48,3.865,74.416,3.69,0.46138,70.551
6171,05/16/2026 09:17:48,3.915,74.459,3.90,0.46644,70.544
6172,05/16/2026 09:27:48,3.892,74.429,4.22,0.46412,70.537
6173,05/16/2026 09:37:48,3.865,74.395,4.53,0.46138,70.530
6174,05/16/2026 09:47:48,3.850,74.379,4.74,0.45977,70.529
6175,05/16/2026 09:57:48,3.864,74.381,5.05,0.46125,70.517
6176,05/16/2026 10:07:48,3.841,74.357,5.46,0.45893,70.516
6177,05/16/2026 10:17:48,3.848,74.356,5.87,0.45957,70.508
6178,05/16/2026 10:27:48,3.858,74.367,6.18,0.46070,70.509
6179,05/16/2026 10:37:48,3.866,74.370,6.58,0.46148,70.504
6180,05/16/2026 10:47:48,3.866,74.368,6.89,0.46149,70.502
6181,05/16/2026 10:57:48,3.870,74.362,7.29,0.46199,70.492
6182,05/16/2026 11:07:48,3.856,74.335,7.79,0.46046,70.479
6183,05/16/2026 11:17:48,3.838,74.320,8.19,0.45871,70.482
6184,05/16/2026 11:27:48,3.862,74.320,8.69,0.46112,70.458
6185,05/16/2026 11:37:48,3.854,74.314,9.09,0.46036,70.460
6186,05/16/2026 11:47:48,3.805,74.266,9.29,0.45537,70.461
6187,05/16/2026 11:57:48,3.850,74.311,9.68,0.45996,70.461
6188,05/16/2026 12:07:48,3.841,74.333,10.08,0.45899,70.492
6189,05/16/2026 12:17:48,3.852,74.332,9.98,0.46011,70.480
6190,05/16/2026 12:27:48,3.840,74.333,10.08,0.45892,70.493
6191,05/16/2026 12:37:48,3.827,74.270,10.17,0.45766,70.443
6192,05/16/2026 12:47:48,3.802,74.216,10.66,0.45508,70.414
6193,05/16/2026 12:57:48,3.816,74.227,10.86,0.45649,70.411
6194,05/16/2026 13:07:48,3.811,74.231,10.86,0.45607,70.420
6195,05/16/2026 13:17:48,3.805,74.205,10.96,0.45544,70.400
6196,05/16/2026 13:27:48,3.815,74.207,11.15,0.45643,70.392
6197,05/16/2026 13:37:48,3.807,74.249,11.25,0.45559,70.442
6198,05/16/2026 13:47:48,3.815,74.195,11.35,0.45644,70.380
6199,05/16/2026 13:57:48,3.818,74.175,11.64,0.45681,70.357
6200,05/16/2026 14:07:48,3.802,74.136,11.74,0.45512,70.334
6201,05/16/2026 14:17:48,3.854,74.166,12.03,0.46041,70.312
6202,05/16/2026 14:27:48,3.836,74.128,12.32,0.45860,70.292
6203,05/16/2026 14:37:48,3.812,74.085,12.61,0.45622,70.273
6204,05/16/2026 14:47:48,3.795,74.060,12.80,0.45447,70.265
6205,05/16/2026 14:57:48,3.806,74.069,12.80,0.45560,70.263
6206,05/16/2026 15:07:48,3.842,74.118,12.71,0.45925,70.276
6207,05/16/2026 15:17:48,3.805,74.064,12.71,0.45545,70.259
6208,05/16/2026 15:27:48,3.792,74.035,13.00,0.45420,70.243
6209,05/16/2026 15:37:48,3.795,74.023,13.19,0.45457,70.228
6210,05/16/2026 15:47:48,3.827,74.080,13.38,0.45774,70.253
6211,05/16/2026 15:57:48,3.823,74.038,13.28,0.45739,70.215
6212,05/16/2026 16:07:48,3.802,74.006,13.28,0.45527,70.204
6213,05/16/2026 16:17:48,3.838,74.053,13.38,0.45887,70.215
6214,05/16/2026 16:27:48,3.868,74.068,13.57,0.46198,70.200
6215,05/16/2026 16:37:48,3.843,74.032,13.57,0.45944,70.189
6216,05/16/2026 16:47:48,3.876,74.055,13.57,0.46275,70.179
6217,05/16/2026 16:57:48,3.853,74.032,13.57,0.46043,70.179
6218,05/16/2026 17:07:48,3.841,74.017,13.48,0.45923,70.176
6219,05/16/2026 17:17:48,3.836,74.025,13.38,0.45873,70.189
6220,05/16/2026 17:27:48,3.871,74.056,13.28,0.46231,70.185
6221,05/16/2026 17:37:48,3.869,74.045,13.09,0.46209,70.176
6222,05/16/2026 17:47:48,3.894,74.067,13.00,0.46455,70.173
6223,05/16/2026 17:57:48,3.842,74.006,12.80,0.45926,70.164
6224,05/16/2026 18:07:48,3.860,74.007,12.51,0.46114,70.147
6225,05/16/2026 18:17:48,3.865,74.024,12.42,0.46163,70.159
6226,05/16/2026 18:27:48,3.894,74.040,12.12,0.46450,70.146
6227,05/16/2026 18:37:48,3.891,74.042,11.93,0.46428,70.151
6228,05/16/2026 18:47:48,3.905,74.057,11.64,0.46567,70.152
6229,05/16/2026 18:57:48,3.905,74.047,11.44,0.46559,70.142
6230,05/16/2026 19:07:48,3.895,74.036,11.25,0.46460,70.141
6231,05/16/2026 19:17:48,3.930,74.052,11.05,0.46818,70.122
6232,05/16/2026 19:27:48,3.951,74.049,10.76,0.47027,70.098
6233,05/16/2026 19:37:48,3.917,74.034,10.57,0.46675,70.117
6234,05/16/2026 19:47:48,3.941,74.059,10.37,0.46927,70.118
6235,05/16/2026 19:57:48,3.946,74.075,10.17,0.46976,70.129
6236,05/16/2026 20:07:48,3.993,74.128,9.98,0.47453,70.135
6237,05/16/2026 20:17:48,3.967,74.103,9.78,0.47192,70.136
6238,05/16/2026 20:27:48,3.949,74.088,9.58,0.47001,70.139
6239,05/16/2026 20:37:48,3.942,74.045,9.39,0.46937,70.103
6240,05/16/2026 20:47:48,3.972,74.084,9.19,0.47239,70.112
6241,05/16/2026 20:57:48,3.980,74.102,9.09,0.47316,70.122
6242,05/16/2026 21:07:48,3.999,74.104,8.89,0.47512,70.105
6243,05/16/2026 21:17:48,3.994,74.117,8.79,0.47463,70.123
6244,05/16/2026 21:27:48,4.047,74.170,8.59,0.47997,70.123
6245,05/16/2026 21:37:48,4.024,74.151,8.49,0.47764,70.127
6246,05/16/2026 21:47:48,3.998,74.131,8.29,0.47496,70.133
6247,05/16/2026 21:57:48,4.011,74.153,8.19,0.47630,70.142
6248,05/16/2026 22:07:48,3.960,74.079,8.09,0.47116,70.119
6249,05/16/2026 22:17:48,4.013,74.145,7.89,0.47657,70.132
6250,05/16/2026 22:27:48,3.984,74.122,7.79,0.47354,70.138
6251,05/16/2026 22:37:48,3.997,74.135,7.69,0.47487,70.138
6252,05/16/2026 22:47:48,4.015,74.147,7.59,0.47677,70.132
6253,05/16/2026 22:57:48,3.999,74.110,7.49,0.47515,70.111
6254,05/16/2026 23:07:48,4.013,74.119,7.39,0.47648,70.106
6255,05/16/2026 23:17:48,3.965,74.026,7.19,0.47163,70.061
6256,05/16/2026 23:27:48,3.991,74.039,7.09,0.47430,70.048
6257,05/16/2026 23:37:48,3.988,74.038,6.99,0.47401,70.050
6258,05/16/2026 23:47:48,3.980,74.033,6.89,0.47309,70.053
6259,05/16/2026 23:57:48,4.050,74.087,6.79,0.48019,70.037
6260,05/17/2026 00:07:48,3.992,74.009,6.68,0.47436,70.017
6261,05/17/2026 00:17:48,3.967,73.981,6.58,0.47175,70.014
6262,05/17/2026 00:27:48,3.993,74.007,6.48,0.47449,70.014
6263,05/17/2026 00:37:48,3.986,74.002,6.38,0.47372,70.016
6264,05/17/2026 00:47:48,4.008,74.015,6.28,0.47589,70.007
6265,05/17/2026 00:57:48,3.983,73.996,6.18,0.47336,70.013
6266,05/17/2026 01:07:48,3.982,73.995,6.07,0.47329,70.013
6267,05/17/2026 01:17:48,3.976,73.985,5.97,0.47272,70.009
6268,05/17/2026 01:27:48,3.964,73.965,5.77,0.47152,70.001
6269,05/17/2026 01:37:48,3.991,73.992,5.67,0.47420,70.001
6270,05/17/2026 01:47:48,3.964,73.955,5.56,0.47145,69.991
6271,05/17/2026 01:57:48,3.930,73.913,5.46,0.46800,69.983
6272,05/17/2026 02:07:48,3.981,73.967,5.36,0.47321,69.986
6273,05/17/2026 02:17:48,3.915,73.916,5.25,0.46645,70.001
6274,05/17/2026 02:27:48,3.910,73.902,5.15,0.46596,69.992
6275,05/17/2026 02:37:48,3.902,73.897,5.05,0.46512,69.995
6276,05/17/2026 02:47:48,3.948,73.955,4.94,0.46983,70.007
6277,05/17/2026 02:57:48,3.930,73.936,4.84,0.46800,70.006
6278,05/17/2026 03:07:48,3.910,73.903,4.63,0.46588,69.993
6279,05/17/2026 03:17:48,3.917,73.906,4.53,0.46673,69.989
6280,05/17/2026 03:27:48,3.942,73.934,4.53,0.46919,69.992
6281,05/17/2026 03:37:48,3.946,73.928,4.32,0.46954,69.982
6282,05/17/2026 03:47:48,3.913,73.891,4.22,0.46623,69.978
6283,05/17/2026 03:57:48,3.941,73.912,4.11,0.46918,69.971
6284,05/17/2026 04:07:48,3.921,73.880,4.01,0.46707,69.959
6285,05/17/2026 04:17:48,3.912,73.880,4.01,0.46616,69.968
6286,05/17/2026 04:27:48,3.897,73.848,3.90,0.46461,69.951
6287,05/17/2026 04:37:48,3.935,73.883,3.80,0.46848,69.948
6288,05/17/2026 04:47:48,3.914,73.873,3.69,0.46637,69.959
6289,05/17/2026 04:57:48,3.884,73.837,3.69,0.46328,69.953
6290,05/17/2026 05:07:48,3.873,73.823,3.59,0.46215,69.950
6291,05/17/2026 05:17:48,3.904,73.845,3.48,0.46531,69.941
6292,05/17/2026 05:27:48,3.912,73.858,3.48,0.46616,69.946
6293,05/17/2026 05:37:48,3.908,73.849,3.38,0.46567,69.941
6294,05/17/2026 05:47:48,3.874,73.807,3.27,0.46229,69.933
6295,05/17/2026 05:57:48,3.870,73.798,3.27,0.46187,69.928
6296,05/17/2026 06:07:48,3.891,73.815,3.16,0.46405,69.924
6297,05/17/2026 06:17:48,3.895,73.811,3.16,0.46440,69.916
6298,05/17/2026 06:27:48,3.908,73.825,3.16,0.46566,69.917
6299,05/17/2026 06:37:48,3.868,73.792,3.06,0.46166,69.924
6300,05/17/2026 06:47:48,3.865,73.792,3.06,0.46138,69.927
6301,05/17/2026 06:57:48,3.878,73.801,3.06,0.46271,69.923
6302,05/17/2026 07:07:48,3.868,73.797,3.06,0.46166,69.929
6303,05/17/2026 07:17:48,3.848,73.783,3.06,0.45962,69.935
6304,05/17/2026 07:27:48,3.849,73.792,3.06,0.45976,69.943
6305,05/17/2026 07:37:48,3.881,73.828,3.06,0.46299,69.947
6306,05/17/2026 07:47:48,3.847,73.801,3.06,0.45955,69.954
6307,05/17/2026 07:57:48,3.825,73.779,3.16,0.45730,69.954
6308,05/17/2026 08:07:48,3.826,73.779,3.16,0.45744,69.953
6309,05/17/2026 08:17:48,3.850,73.803,3.27,0.45976,69.953
6310,05/17/2026 08:27:48,3.819,73.758,3.38,0.45666,69.939
6311,05/17/2026 08:37:48,3.818,73.764,3.59,0.45660,69.946
6312,05/17/2026 08:47:48,3.830,73.770,3.80,0.45779,69.940
6313,05/17/2026 08:57:48,3.853,73.784,3.90,0.46018,69.931
6314,05/17/2026 09:07:48,3.825,73.753,4.01,0.45730,69.928
6315,05/17/2026 09:17:48,3.816,73.740,4.11,0.45639,69.924
6316,05/17/2026 09:27:48,3.853,73.761,4.43,0.46012,69.908
6317,05/17/2026 09:37:48,3.822,73.731,4.63,0.45695,69.909
6318,05/17/2026 09:47:48,3.831,73.772,4.74,0.45794,69.941
6319,05/17/2026 09:57:48,3.820,73.795,4.74,0.45674,69.975
6320,05/17/2026 10:07:48,3.838,73.809,4.84,0.45864,69.971
6321,05/17/2026 10:17:48,3.851,73.814,4.94,0.45998,69.963
6322,05/17/2026 10:27:48,3.831,73.789,5.15,0.45787,69.958
6323,05/17/2026 10:37:48,3.828,73.830,5.25,0.45759,70.002
6324,05/17/2026 10:47:48,3.847,73.815,5.05,0.45956,69.968
6325,05/17/2026 10:57:48,3.856,73.838,5.05,0.46040,69.982
6326,05/17/2026 11:07:48,3.850,73.866,5.15,0.45977,70.016
6327,05/17/2026 11:17:48,3.870,73.887,5.05,0.46195,70.017
6328,05/17/2026 11:27:48,3.829,73.838,5.05,0.45766,70.009
6329,05/17/2026 11:37:48,3.860,73.880,5.25,0.46083,70.020
6330,05/17/2026 11:47:48,3.872,73.895,5.46,0.46210,70.023
6331,05/17/2026 11:57:48,3.866,73.879,5.67,0.46140,70.013
6332,05/17/2026 12:07:48,3.869,73.881,5.97,0.46175,70.012
6333,05/17/2026 12:17:48,3.895,73.891,6.07,0.46443,69.996
6334,05/17/2026 12:27:48,3.908,73.913,5.97,0.46569,70.005
6335,05/17/2026 12:37:48,3.863,73.889,5.87,0.46119,70.026
6336,05/17/2026 12:47:48,3.918,73.912,5.87,0.46674,69.994
6337,05/17/2026 12:57:48,3.911,73.886,6.07,0.46612,69.975
6338,05/17/2026 13:07:48,3.927,73.886,6.58,0.46767,69.959
6339,05/17/2026 13:17:48,3.878,73.830,6.99,0.46276,69.952
6340,05/17/2026 13:27:48,3.899,73.842,7.29,0.46481,69.943
6341,05/17/2026 13:37:48,3.880,73.794,7.59,0.46299,69.914
6342,05/17/2026 13:47:48,3.897,73.814,7.79,0.46468,69.917
6343,05/17/2026 13:57:48,3.881,73.791,7.79,0.46306,69.910
6344,05/17/2026 14:07:48,3.882,73.774,7.89,0.46321,69.892
6345,05/17/2026 14:17:48,3.902,73.789,7.99,0.46518,69.887
6346,05/17/2026 14:27:48,3.860,73.735,8.09,0.46096,69.875
6347,05/17/2026 14:37:48,3.900,73.765,8.39,0.46498,69.865
6348,05/17/2026 14:47:48,3.892,73.761,8.49,0.46421,69.869
6349,05/17/2026 14:57:48,3.867,73.719,8.89,0.46169,69.852
6350,05/17/2026 15:07:48,3.884,73.731,9.19,0.46339,69.847
6351,05/17/2026 15:17:48,3.871,73.736,9.29,0.46213,69.865
6352,05/17/2026 15:27:48,3.878,73.742,9.39,0.46276,69.864
6353,05/17/2026 15:37:48,3.840,73.715,9.48,0.45897,69.875
6354,05/17/2026 15:47:48,3.870,73.748,9.58,0.46200,69.878
6355,05/17/2026 15:57:48,3.827,73.690,9.68,0.45764,69.863
6356,05/17/2026 16:07:48,3.833,73.677,9.78,0.45828,69.844
6357,05/17/2026 16:17:48,3.877,73.710,9.88,0.46271,69.833
6358,05/17/2026 16:27:48,3.831,73.657,10.08,0.45808,69.826
6359,05/17/2026 16:37:48,3.840,73.676,10.17,0.45899,69.836
6360,05/17/2026 16:47:48,3.860,73.696,10.37,0.46104,69.836
6361,05/17/2026 16:57:48,3.863,73.678,10.37,0.46132,69.815
6362,05/17/2026 17:07:48,3.866,73.666,10.47,0.46161,69.800
6363,05/17/2026 17:17:48,3.874,73.684,10.47,0.46238,69.810
6364,05/17/2026 17:27:48,3.883,73.675,10.47,0.46330,69.792
6365,05/17/2026 17:37:48,3.812,73.601,10.37,0.45612,69.789
6366,05/17/2026 17:47:48,3.884,73.664,10.27,0.46343,69.780
6367,05/17/2026 17:57:48,3.868,73.663,10.17,0.46181,69.795
6368,05/17/2026 18:07:48,3.853,73.657,10.08,0.46033,69.804
6369,05/17/2026 18:17:48,3.839,73.634,9.98,0.45885,69.795
6370,05/17/2026 18:27:48,3.865,73.643,9.98,0.46152,69.778
6371,05/17/2026 18:37:48,3.857,73.642,9.88,0.46067,69.785
6372,05/17/2026 18:47:48,3.863,73.632,9.78,0.46130,69.769
6373,05/17/2026 18:57:48,3.890,73.658,9.68,0.46411,69.768
6374,05/17/2026 19:07:48,3.854,73.626,9.58,0.46031,69.772
6375,05/17/2026 19:17:48,3.884,73.657,9.48,0.46340,69.773
6376,05/17/2026 19:27:48,3.891,73.664,9.29,0.46410,69.773
6377,05/17/2026 19:37:48,3.870,73.640,9.19,0.46198,69.770
6378,05/17/2026 19:47:48,3.873,73.639,8.99,0.46226,69.766
6379,05/17/2026 19:57:48,3.912,73.679,8.89,0.46619,69.767
6380,05/17/2026 20:07:48,3.882,73.650,8.69,0.46316,69.768
6381,05/17/2026 20:17:48,3.881,73.643,8.49,0.46308,69.762
6382,05/17/2026 20:27:48,3.867,73.615,8.39,0.46167,69.748
6383,05/17/2026 20:37:48,3.866,73.618,8.19,0.46153,69.752
6384,05/17/2026 20:47:48,3.873,73.616,7.99,0.46229,69.743
6385,05/17/2026 20:57:48,3.859,73.593,7.89,0.46081,69.734
6386,05/17/2026 21:07:48,3.870,73.600,7.69,0.46193,69.730
6387,05/17/2026 21:17:48,3.847,73.559,7.59,0.45954,69.712
6388,05/17/2026 21:27:48,3.875,73.594,7.49,0.46242,69.719
6389,05/17/2026 21:37:48,3.886,73.593,7.29,0.46347,69.707
6390,05/17/2026 21:47:48,3.877,73.587,7.19,0.46262,69.710
6391,05/17/2026 21:57:48,3.864,73.577,7.09,0.46136,69.713
6392,05/17/2026 22:07:48,3.891,73.595,6.99,0.46403,69.704
6393,05/17/2026 22:17:48,3.883,73.598,6.79,0.46332,69.714
6394,05/17/2026 22:27:48,3.892,73.606,6.68,0.46416,69.714
6395,05/17/2026 22:37:48,3.897,73.619,6.58,0.46458,69.722
6396,05/17/2026 22:47:48,3.816,73.536,6.48,0.45642,69.720
6397,05/17/2026 22:57:48,3.854,73.558,6.38,0.46029,69.704
6398,05/17/2026 23:07:48,3.838,73.539,6.28,0.45867,69.701
6399,05/17/2026 23:17:48,3.841,73.534,6.18,0.45895,69.693
6400,05/17/2026 23:27:48,3.861,73.551,6.07,0.46098,69.690
6401,05/17/2026 23:37:48,3.846,73.528,5.97,0.45943,69.682
6402,05/17/2026 23:47:48,3.855,73.527,5.87,0.46035,69.672
6403,05/17/2026 23:57:48,3.864,73.553,5.77,0.46133,69.689
6404,05/18/2026 00:07:48,3.854,73.530,5.67,0.46027,69.676
6405,05/18/2026 00:17:48,3.914,73.597,5.56,0.46639,69.683
6406,05/18/2026 00:27:48,3.849,73.524,5.46,0.45971,69.675
6407,05/18/2026 00:37:48,3.890,73.559,5.36,0.46392,69.669
6408,05/18/2026 00:47:48,3.833,73.509,5.25,0.45809,69.676
6409,05/18/2026 00:57:48,3.833,73.509,5.25,0.45809,69.676
6410,05/18/2026 01:07:48,3.846,73.508,5.15,0.45942,69.662
6411,05/18/2026 01:17:48,3.856,73.512,5.05,0.46040,69.656
6412,05/18/2026 01:27:48,3.861,73.502,4.94,0.46097,69.641
6413,05/18/2026 01:37:48,3.850,73.488,4.84,0.45977,69.638
6414,05/18/2026 01:47:48,3.774,73.410,4.74,0.45210,69.636
6415,05/18/2026 01:57:48,3.783,73.418,4.63,0.45302,69.635
6416,05/18/2026 02:07:48,3.807,73.445,4.63,0.45548,69.638
6417,05/18/2026 02:17:48,3.801,73.427,4.53,0.45477,69.626
6418,05/18/2026 02:27:48,3.812,73.435,4.43,0.45597,69.623
6419,05/18/2026 02:37:48,3.799,73.421,4.32,0.45456,69.622
6420,05/18/2026 02:47:48,3.810,73.429,4.22,0.45575,69.619
6421,05/18/2026 02:57:48,3.822,73.424,4.22,0.45702,69.602
6422,05/18/2026 03:07:48,3.801,73.410,4.11,0.45484,69.609
6423,05/18/2026 03:17:48,3.768,73.360,4.01,0.45139,69.592
6424,05/18/2026 03:27:48,3.768,73.359,3.90,0.45146,69.591
6425,05/18/2026 03:37:48,3.811,73.395,3.90,0.45589,69.584
6426,05/18/2026 03:47:48,3.805,73.408,3.80,0.45526,69.603
6427,05/18/2026 03:57:48,3.776,73.353,3.69,0.45231,69.577
6428,05/18/2026 04:07:48,3.769,73.330,3.69,0.45160,69.561
6429,05/18/2026 04:17:48,3.784,73.339,3.59,0.45308,69.555
6430,05/18/2026 04:27:48,3.768,73.315,3.48,0.45153,69.547
6431,05/18/2026 04:37:48,3.761,73.315,3.38,0.45069,69.554
6432,05/18/2026 04:47:48,3.791,73.337,3.38,0.45385,69.546
6433,05/18/2026 04:57:48,3.773,73.314,3.27,0.45195,69.541
6434,05/18/2026 05:07:48,3.745,73.277,3.16,0.44914,69.532
6435,05/18/2026 05:17:48,3.772,73.308,3.06,0.45188,69.536
6436,05/18/2026 05:27:48,3.758,73.298,2.95,0.45048,69.540
6437,05/18/2026 05:37:48,3.783,73.334,2.95,0.45301,69.551
6438,05/18/2026 05:47:48,3.760,73.329,2.85,0.45069,69.569
6439,05/18/2026 05:57:48,3.781,73.338,2.74,0.45273,69.557
6440,05/18/2026 06:07:48,3.781,73.342,2.74,0.45280,69.561
6441,05/18/2026 06:17:48,3.749,73.314,2.63,0.44956,69.565
6442,05/18/2026 06:27:48,3.790,73.354,2.53,0.45371,69.564
6443,05/18/2026 06:37:48,3.760,73.327,2.53,0.45069,69.567
6444,05/18/2026 06:47:48,3.755,73.314,2.53,0.45013,69.559
6445,05/18/2026 06:57:48,3.734,73.300,2.53,0.44802,69.566
6446,05/18/2026 07:07:48,3.743,73.305,2.53,0.44886,69.562
6447,05/18/2026 07:17:48,3.767,73.323,2.53,0.45132,69.556
6448,05/18/2026 07:27:48,3.750,73.318,2.53,0.44963,69.568
6449,05/18/2026 07:37:48,3.753,73.313,2.42,0.44991,69.560
6450,05/18/2026 07:47:48,3.727,73.277,2.42,0.44724,69.550
6451,05/18/2026 07:57:48,3.733,73.273,2.53,0.44788,69.540
6452,05/18/2026 08:07:48,3.726,73.264,2.53,0.44717,69.538
6453,05/18/2026 08:17:48,3.701,73.233,2.63,0.44464,69.532
6454,05/18/2026 08:27:48,3.714,73.251,2.63,0.44598,69.537
6455,05/18/2026 08:37:48,3.715,73.265,2.74,0.44612,69.550
6456,05/18/2026 08:47:48,3.680,73.257,2.85,0.44246,69.577
6457,05/18/2026 08:57:48,3.713,73.320,2.85,0.44591,69.607
6458,05/18/2026 09:07:48,3.703,73.311,2.85,0.44485,69.608
6459,05/18/2026 09:17:48,3.730,73.344,2.95,0.44752,69.614
6460,05/18/2026 09:27:48,3.722,73.362,3.06,0.44682,69.640
6461,05/18/2026 09:37:48,3.704,73.344,3.06,0.44499,69.640
6462,05/18/2026 09:47:48,3.728,73.362,3.06,0.44738,69.634
6463,05/18/2026 09:57:48,3.750,73.376,3.06,0.44963,69.626
6464,05/18/2026 10:07:48,3.764,73.403,3.06,0.45104,69.639
6465,05/18/2026 10:17:48,3.760,73.403,3.06,0.45062,69.643
6466,05/18/2026 10:27:48,3.750,73.389,2.95,0.44963,69.639
6467,05/18/2026 10:37:48,3.744,73.389,2.95,0.44900,69.645
6468,05/18/2026 10:47:48,3.787,73.435,3.06,0.45336,69.648
6469,05/18/2026 10:57:48,3.774,73.443,2.95,0.45209,69.669
6470,05/18/2026 11:07:48,3.808,73.497,2.85,0.45554,69.689
6471,05/18/2026 11:17:48,3.803,73.537,2.74,0.45498,69.734
6472,05/18/2026 11:27:48,3.816,73.572,2.53,0.45631,69.756
6473,05/18/2026 11:37:48,3.833,73.588,2.31,0.45814,69.755
6474,05/18/2026 11:47:48,3.840,73.619,2.20,0.45885,69.779
6475,05/18/2026 11:57:48,3.845,73.646,2.10,0.45927,69.801
6476,05/18/2026 12:07:48,3.850,73.676,1.88,0.45983,69.826
6477,05/18/2026 12:17:48,3.889,73.726,1.88,0.46377,69.837
6478,05/18/2026 12:27:48,3.878,73.726,1.88,0.46264,69.848
6479,05/18/2026 12:37:48,3.871,73.744,1.88,0.46194,69.873
6480,05/18/2026 12:47:48,3.888,73.780,1.88,0.46370,69.892
6481,05/18/2026 12:57:48,3.872,73.788,1.77,0.46215,69.916
6482,05/18/2026 13:07:48,3.900,73.838,1.67,0.46490,69.938
6483,05/18/2026 13:17:48,3.872,73.824,1.67,0.46208,69.952
6484,05/18/2026 13:27:48,3.865,73.821,1.99,0.46138,69.956
6485,05/18/2026 13:37:48,3.884,73.842,2.31,0.46328,69.958
6486,05/18/2026 13:47:48,3.881,73.860,2.31,0.46292,69.979
6487,05/18/2026 13:57:48,3.909,73.901,2.42,0.46588,69.992
6488,05/18/2026 14:07:48,3.886,73.894,2.74,0.46348,70.008
6489,05/18/2026 14:17:48,3.886,73.905,3.06,0.46355,70.019
6490,05/18/2026 14:27:48,3.854,73.870,3.27,0.46025,70.016
6491,05/18/2026 14:37:48,3.904,73.935,3.48,0.46538,70.031
6492,05/18/2026 14:47:48,3.908,73.950,3.69,0.46574,70.042
6493,05/18/2026 14:57:48,3.883,73.926,4.11,0.46321,70.043
6494,05/18/2026 15:07:48,3.892,73.960,4.43,0.46412,70.068
6495,05/18/2026 15:17:48,3.919,73.980,4.74,0.46687,70.061
6496,05/18/2026 15:27:48,3.953,74.032,5.05,0.47039,70.079
6497,05/18/2026 15:37:48,3.918,74.020,5.15,0.46673,70.102
6498,05/18/2026 15:47:48,3.933,74.043,5.25,0.46828,70.110
6499,05/18/2026 15:57:48,3.937,74.048,5.36,0.46871,70.111
6500,05/18/2026 16:07:48,3.934,74.054,5.46,0.46836,70.120
6501,05/18/2026 16:17:48,3.967,74.099,5.46,0.47173,70.132
6502,05/18/2026 16:27:48,3.946,74.072,5.56,0.46969,70.126
6503,05/18/2026 16:37:48,3.931,74.072,5.56,0.46815,70.141
6504,05/18/2026 16:47:48,3.940,74.087,5.67,0.46899,70.147
6505,05/18/2026 16:57:48,3.950,74.115,5.77,0.47005,70.165
6506,05/18/2026 17:07:48,3.961,74.142,5.77,0.47117,70.181
6507,05/18/2026 17:17:48,3.980,74.187,5.77,0.47314,70.207
6508,05/18/2026 17:27:48,3.991,74.201,5.77,0.47420,70.210
6509,05/18/2026 17:37:48,3.965,74.187,5.77,0.47160,70.222
6510,05/18/2026 17:47:48,3.963,74.191,5.67,0.47138,70.228
6511,05/18/2026 17:57:48,3.985,74.223,5.67,0.47356,70.238
6512,05/18/2026 18:07:48,3.974,74.217,5.56,0.47251,70.243
6513,05/18/2026 18:17:48,3.969,74.217,5.46,0.47194,70.248
6514,05/18/2026 18:27:48,3.974,74.243,5.36,0.47250,70.269
6515,05/18/2026 18:37:48,3.985,74.256,5.25,0.47356,70.271
6516,05/18/2026 18:47:48,4.004,74.287,5.15,0.47552,70.283
6517,05/18/2026 18:57:48,3.983,74.272,5.05,0.47341,70.289
6518,05/18/2026 19:07:48,4.000,74.294,4.94,0.47517,70.294
6519,05/18/2026 19:17:48,3.972,74.275,4.84,0.47228,70.303
6520,05/18/2026 19:27:48,3.986,74.301,4.63,0.47369,70.315
6521,05/18/2026 19:37:48,3.984,74.300,4.53,0.47355,70.316
6522,05/18/2026 19:47:48,3.978,74.304,4.43,0.47291,70.326
6523,05/18/2026 19:57:48,3.950,74.281,4.32,0.46996,70.331
6524,05/18/2026 20:07:48,3.973,74.321,4.22,0.47235,70.348
6525,05/18/2026 20:17:48,3.992,74.355,4.01,0.47432,70.363
6526,05/18/2026 20:27:48,3.972,74.355,3.90,0.47221,70.383
6527,05/18/2026 20:37:48,3.970,74.354,3.80,0.47206,70.384
6528,05/18/2026 20:47:48,3.948,74.357,3.59,0.46981,70.409
6529,05/18/2026 20:57:48,3.947,74.365,3.48,0.46974,70.418
6530,05/18/2026 21:07:48,3.932,74.355,3.38,0.46827,70.423
6531,05/18/2026 21:17:48,3.931,74.365,3.38,0.46806,70.434
6532,05/18/2026 21:27:48,3.905,74.350,3.27,0.46545,70.445
6533,05/18/2026 21:37:48,3.934,74.399,3.16,0.46841,70.465
6534,05/18/2026 21:47:48,3.927,74.399,3.06,0.46763,70.472
6535,05/18/2026 21:57:48,3.902,74.389,2.95,0.46510,70.487
6536,05/18/2026 22:07:48,3.878,74.379,2.85,0.46271,70.501
6537,05/18/2026 22:17:48,3.893,74.405,2.74,0.46426,70.512
6538,05/18/2026 22:27:48,3.907,74.427,2.63,0.46566,70.520
6539,05/18/2026 22:37:48,3.899,74.427,2.53,0.46482,70.528
6540,05/18/2026 22:47:48,3.895,74.417,2.42,0.46440,70.522
6541,05/18/2026 22:57:48,3.903,74.430,2.31,0.46524,70.527
6542,05/18/2026 23:07:48,3.882,74.407,2.20,0.46306,70.525
6543,05/18/2026 23:17:48,3.882,74.411,2.20,0.46306,70.529
6544,05/18/2026 23:27:48,3.855,74.397,2.10,0.46032,70.542
6545,05/18/2026 23:37:48,3.854,74.387,1.99,0.46025,70.533
6546,05/18/2026 23:47:48,3.827,74.364,1.99,0.45751,70.537
6547,05/18/2026 23:57:48,3.837,74.368,1.88,0.45857,70.531
6548,05/19/2026 00:07:48,3.866,74.395,1.88,0.46152,70.529
6549,05/19/2026 00:17:48,3.817,74.345,1.77,0.45646,70.528
6550,05/19/2026 00:27:48,3.841,74.377,1.77,0.45885,70.536
6551,05/19/2026 00:37:48,3.830,74.367,1.67,0.45779,70.537
6552,05/19/2026 00:47:48,3.838,74.381,1.67,0.45857,70.543
6553,05/19/2026 00:57:48,3.813,74.358,1.67,0.45604,70.545
6554,05/19/2026 01:07:48,3.805,74.357,1.56,0.45526,70.552
6555,05/19/2026 01:17:48,3.785,74.344,1.56,0.45315,70.559
6556,05/19/2026 01:27:48,3.786,74.353,1.56,0.45330,70.567
6557,05/19/2026 01:37:48,3.798,74.366,1.45,0.45449,70.568
6558,05/19/2026 01:47:48,3.803,74.370,1.45,0.45505,70.567
6559,05/19/2026 01:57:48,3.790,74.357,1.45,0.45365,70.567
6560,05/19/2026 02:07:48,3.782,74.338,1.45,0.45295,70.556
6561,05/19/2026 02:17:48,3.796,74.352,1.45,0.45435,70.556
6562,05/19/2026 02:27:48,3.775,74.333,1.34,0.45224,70.558
6563,05/19/2026 02:37:48,3.783,74.333,1.34,0.45302,70.550
6564,05/19/2026 02:47:48,3.798,74.347,1.34,0.45449,70.549
6565,05/19/2026 02:57:48,3.770,74.315,1.34,0.45168,70.545
6566,05/19/2026 03:07:48,3.791,74.338,1.34,0.45379,70.547
6567,05/19/2026 03:17:48,3.755,74.311,1.34,0.45013,70.556
6568,05/19/2026 03:27:48,3.764,74.315,1.34,0.45105,70.551
6569,05/19/2026 03:37:48,3.757,74.310,1.23,0.45035,70.553
6570,05/19/2026 03:47:48,3.756,74.301,1.23,0.45028,70.545
6571,05/19/2026 03:57:48,3.741,74.296,1.23,0.44880,70.555
6572,05/19/2026 04:07:48,3.738,74.296,1.23,0.44845,70.558
6573,05/19/2026 04:17:48,3.728,74.283,1.23,0.44739,70.555
6574,05/19/2026 04:27:48,3.737,74.296,1.23,0.44838,70.559
6575,05/19/2026 04:37:48,3.726,74.278,1.23,0.44725,70.552
6576,05/19/2026 04:47:48,3.711,74.269,1.23,0.44570,70.558
6577,05/19/2026 04:57:48,3.761,74.310,1.23,0.45077,70.549
6578,05/19/2026 05:07:48,3.742,74.278,1.23,0.44887,70.536
6579,05/19/2026 05:17:48,3.707,74.237,1.12,0.44528,70.530
6580,05/19/2026 05:27:48,3.765,74.296,1.12,0.45112,70.531
6581,05/19/2026 05:37:48,3.756,74.282,1.12,0.45028,70.526
6582,05/19/2026 05:47:48,3.750,74.282,1.12,0.44964,70.532
6583,05/19/2026 05:57:48,3.732,74.263,1.01,0.44782,70.531
6584,05/19/2026 06:07:48,3.731,74.259,1.01,0.44768,70.528
6585,05/19/2026 06:17:48,3.718,74.250,1.01,0.44634,70.532
6586,05/19/2026 06:27:48,3.693,74.227,1.01,0.44388,70.534
6587,05/19/2026 06:37:48,3.713,74.259,1.01,0.44585,70.546
6588,05/19/2026 06:47:48,3.721,74.273,1.01,0.44662,70.552
6589,05/19/2026 06:57:48,3.696,74.254,1.01,0.44416,70.558
6590,05/19/2026 07:07:48,3.714,74.277,1.01,0.44599,70.563
6591,05/19/2026 07:17:48,3.689,74.254,1.01,0.44346,70.565
6592,05/19/2026 07:27:48,3.721,74.300,1.12,0.44669,70.579
6593,05/19/2026 07:37:48,3.727,74.300,1.12,0.44732,70.573
6594,05/19/2026 07:47:48,3.707,74.287,1.12,0.44521,70.580
6595,05/19/2026 07:57:48,3.749,74.328,1.23,0.44957,70.579
6596,05/19/2026 08:07:48,3.726,74.311,1.34,0.44718,70.585
6597,05/19/2026 08:17:48,3.687,74.275,1.45,0.44324,70.588
6598,05/19/2026 08:27:48,3.713,74.303,1.56,0.44584,70.590
6599,05/19/2026 08:37:48,3.685,74.282,1.77,0.44296,70.597
6600,05/19/2026 08:47:48,3.667,74.260,1.88,0.44113,70.593
6601,05/19/2026 08:57:48,3.656,74.252,2.10,0.44007,70.596
6602,05/19/2026 09:07:48,3.660,74.262,2.31,0.44049,70.602
6603,05/19/2026 09:17:48,3.700,74.309,2.53,0.44450,70.609
6604,05/19/2026 09:27:48,3.709,74.314,2.63,0.44548,70.605
6605,05/19/2026 09:37:48,3.673,74.270,2.74,0.44176,70.597
6606,05/19/2026 09:47:48,3.704,74.299,3.06,0.44492,70.595
6607,05/19/2026 09:57:48,3.663,74.257,3.48,0.44070,70.594
6608,05/19/2026 10:07:48,3.678,74.267,3.69,0.44232,70.589
6609,05/19/2026 10:17:48,3.686,74.277,3.80,0.44310,70.591
6610,05/19/2026 10:27:48,3.714,74.301,4.01,0.44598,70.587
6611,05/19/2026 10:37:48,3.695,74.295,4.43,0.44401,70.600
6612,05/19/2026 10:47:48,3.738,74.329,4.74,0.44838,70.591
6613,05/19/2026 10:57:48,3.717,74.318,5.05,0.44620,70.601
6614,05/19/2026 11:07:48,3.715,74.321,5.46,0.44607,70.606
6615,05/19/2026 11:17:48,3.721,74.328,5.77,0.44663,70.607
6616,05/19/2026 11:27:48,3.731,74.340,6.18,0.44769,70.609
6617,05/19/2026 11:37:48,3.781,74.378,6.38,0.45276,70.597
6618,05/19/2026 11:47:48,3.776,74.367,6.79,0.45235,70.591
6619,05/19/2026 11:57:48,3.747,74.334,7.19,0.44940,70.587
6620,05/19/2026 12:07:48,3.767,74.364,7.49,0.45145,70.597
6621,05/19/2026 12:17:48,3.755,74.331,7.89,0.45020,70.576
6622,05/19/2026 12:27:48,3.782,74.361,8.19,0.45295,70.579
6623,05/19/2026 12:37:48,3.780,74.349,8.39,0.45281,70.569
6624,05/19/2026 12:47:48,3.791,74.365,8.69,0.45395,70.574
6625,05/19/2026 12:57:48,3.786,74.353,8.89,0.45346,70.567
6626,05/19/2026 13:07:48,3.775,74.342,9.09,0.45227,70.567
6627,05/19/2026 13:17:48,3.835,74.402,9.29,0.45847,70.567
6628,05/19/2026 13:27:48,3.805,74.372,9.48,0.45538,70.567
6629,05/19/2026 13:37:48,3.827,74.402,9.78,0.45764,70.575
6630,05/19/2026 13:47:48,3.801,74.372,9.98,0.45498,70.571
6631,05/19/2026 13:57:48,3.838,74.407,10.27,0.45872,70.569
6632,05/19/2026 14:07:48,3.838,74.418,10.47,0.45873,70.580
6633,05/19/2026 14:17:48,3.792,74.382,10.57,0.45416,70.590
6634,05/19/2026 14:27:48,3.821,74.408,10.86,0.45705,70.587
6635,05/19/2026 14:37:48,3.843,74.436,10.96,0.45931,70.593
6636,05/19/2026 14:47:48,3.792,74.397,11.15,0.45411,70.605
6637,05/19/2026 14:57:48,3.837,74.443,11.25,0.45876,70.606
6638,05/19/2026 15:07:48,3.800,74.405,11.44,0.45490,70.605
6639,05/19/2026 15:17:48,3.782,74.387,11.54,0.45315,70.605
6640,05/19/2026 15:27:48,3.815,74.425,11.64,0.45646,70.610
6641,05/19/2026 15:37:48,3.811,74.426,11.74,0.45604,70.615
6642,05/19/2026 15:47:48,3.826,74.440,11.83,0.45759,70.614
6643,05/19/2026 15:57:48,3.842,74.464,11.93,0.45921,70.622
6644,05/19/2026 16:07:48,3.849,74.451,12.03,0.45999,70.602
6645,05/19/2026 16:17:48,3.844,74.466,12.12,0.45943,70.622
6646,05/19/2026 16:27:48,3.841,74.467,12.22,0.45909,70.626
6647,05/19/2026 16:37:48,3.841,74.467,12.22,0.45909,70.626
6648,05/19/2026 16:47:48,3.869,74.494,12.22,0.46197,70.625
6649,05/19/2026 16:57:48,3.860,74.485,12.22,0.46106,70.625
6650,05/19/2026 17:07:48,3.877,74.502,12.12,0.46281,70.625
6651,05/19/2026 17:17:48,3.886,74.516,12.12,0.46373,70.630
6652,05/19/2026 17:27:48,3.880,74.507,12.12,0.46309,70.627
6653,05/19/2026 17:37:48,3.909,74.560,12.03,0.46604,70.651
6654,05/19/2026 17:47:48,3.881,74.532,11.93,0.46322,70.651
6655,05/19/2026 17:57:48,3.910,74.563,11.83,0.46610,70.653
6656,05/19/2026 18:07:48,3.912,74.575,11.74,0.46638,70.663
6657,05/19/2026 18:17:48,3.918,74.583,11.64,0.46701,70.665
6658,05/19/2026 18:27:48,3.936,74.596,11.54,0.46883,70.660
6659,05/19/2026 18:37:48,3.943,74.608,11.35,0.46946,70.665
6660,05/19/2026 18:47:48,3.954,74.610,11.15,0.47064,70.656
6661,05/19/2026 18:57:48,3.959,74.613,10.96,0.47113,70.654
6662,05/19/2026 19:07:48,3.917,74.567,10.86,0.46676,70.650
6663,05/19/2026 19:17:48,3.977,74.633,10.66,0.47294,70.656
6664,05/19/2026 19:27:48,3.979,74.639,10.37,0.47314,70.660
6665,05/19/2026 19:37:48,3.992,74.655,10.17,0.47447,70.663
6666,05/19/2026 19:47:48,4.026,74.694,9.98,0.47791,70.668
6667,05/19/2026 19:57:48,4.003,74.674,9.78,0.47558,70.671
6668,05/19/2026 20:07:48,4.002,74.676,9.48,0.47543,70.674
6669,05/19/2026 20:17:48,4.043,74.720,9.29,0.47971,70.676
6670,05/19/2026 20:27:48,4.040,74.731,9.09,0.47935,70.691
6671,05/19/2026 20:37:48,4.045,74.742,8.79,0.47983,70.697
6672,05/19/2026 20:47:48,4.032,74.745,8.59,0.47849,70.713
6673,05/19/2026 20:57:48,4.003,74.715,8.29,0.47552,70.712
6674,05/19/2026 21:07:48,3.993,74.718,8.09,0.47446,70.725
6675,05/19/2026 21:17:48,3.987,74.707,7.89,0.47389,70.720
6676,05/19/2026 21:27:48,3.981,74.719,7.69,0.47326,70.738
6677,05/19/2026 21:37:48,4.012,74.754,7.49,0.47635,70.742
6678,05/19/2026 21:47:48,3.996,74.738,7.29,0.47479,70.742
6679,05/19/2026 21:57:48,3.981,74.714,7.09,0.47324,70.733
6680,05/19/2026 22:07:48,4.004,74.753,6.89,0.47556,70.749
6681,05/19/2026 22:17:48,3.994,74.747,6.68,0.47457,70.753
6682,05/19/2026 22:27:48,3.955,74.714,6.48,0.47055,70.759
6683,05/19/2026 22:37:48,3.960,74.726,6.38,0.47111,70.766
6684,05/19/2026 22:47:48,3.951,74.716,6.18,0.47013,70.765
6685,05/19/2026 22:57:48,3.950,74.723,5.97,0.47005,70.773
6686,05/19/2026 23:07:48,3.927,74.695,5.87,0.46773,70.768
6687,05/19/2026 23:17:48,3.906,74.671,5.67,0.46555,70.765
6688,05/19/2026 23:27:48,3.923,74.684,5.56,0.46723,70.761
6689,05/19/2026 23:37:48,3.889,74.656,5.46,0.46378,70.767
6690,05/19/2026 23:47:48,3.878,74.641,5.36,0.46273,70.763
6691,05/19/2026 23:57:48,3.900,74.663,5.25,0.46498,70.763
6692,05/20/2026 00:07:48,3.909,74.657,5.05,0.46589,70.748
6693,05/20/2026 00:17:48,3.889,74.635,5.05,0.46378,70.746
6694,05/20/2026 00:27:48,3.887,74.643,4.94,0.46357,70.756
6695,05/20/2026 00:37:48,3.864,74.624,4.84,0.46125,70.760
6696,05/20/2026 00:47:48,3.891,74.646,4.74,0.46399,70.755
6697,05/20/2026 00:57:48,3.891,74.650,4.63,0.46399,70.759
6698,05/20/2026 01:07:48,3.870,74.649,4.53,0.46188,70.779
6699,05/20/2026 01:17:48,3.866,74.634,4.43,0.46152,70.768
6700,05/20/2026 01:27:48,3.860,74.630,4.43,0.46082,70.770
6701,05/20/2026 01:37:48,3.871,74.629,4.32,0.46201,70.758
6702,05/20/2026 01:47:48,3.838,74.588,4.22,0.45857,70.750
6703,05/20/2026 01:57:48,3.840,74.573,4.11,0.45885,70.733
6704,05/20/2026 02:07:48,3.820,74.560,4.11,0.45674,70.740
6705,05/20/2026 02:17:48,3.830,74.582,4.01,0.45772,70.752
6706,05/20/2026 02:27:48,3.836,74.573,4.01,0.45835,70.737
6707,05/20/2026 02:37:48,3.810,74.549,3.90,0.45575,70.739
6708,05/20/2026 02:47:48,3.815,74.558,3.80,0.45624,70.743
6709,05/20/2026 02:57:48,3.787,74.517,3.80,0.45336,70.730
6710,05/20/2026 03:07:48,3.791,74.516,3.69,0.45378,70.725
6711,05/20/2026 03:17:48,3.775,74.507,3.69,0.45217,70.732
6712,05/20/2026 03:27:48,3.778,74.506,3.59,0.45252,70.728
6713,05/20/2026 03:37:48,3.839,74.565,3.59,0.45870,70.726
6714,05/20/2026 03:47:48,3.755,74.470,3.59,0.45013,70.715
6715,05/20/2026 03:57:48,3.783,74.496,3.48,0.45301,70.713
6716,05/20/2026 04:07:48,3.774,74.483,3.48,0.45209,70.709
6717,05/20/2026 04:17:48,3.773,74.487,3.38,0.45195,70.714
6718,05/20/2026 04:27:48,3.774,74.482,3.38,0.45209,70.708
6719,05/20/2026 04:37:48,3.730,74.428,3.38,0.44759,70.698
6720,05/20/2026 04:47:48,3.748,74.445,3.27,0.44942,70.697
6721,05/20/2026 04:57:48,3.740,74.436,3.27,0.44865,70.696
6722,05/20/2026 05:07:48,3.746,74.427,3.27,0.44921,70.681
6723,05/20/2026 05:17:48,3.758,74.445,3.27,0.45048,70.687
6724,05/20/2026 05:27:48,3.760,74.454,3.16,0.45062,70.694
6725,05/20/2026 05:37:48,3.749,74.440,3.16,0.44949,70.691
6726,05/20/2026 05:47:48,3.746,74.440,3.16,0.44921,70.694
6727,05/20/2026 05:57:48,3.755,74.435,3.06,0.45013,70.680
6728,05/20/2026 06:07:48,3.751,74.426,3.06,0.44970,70.675
6729,05/20/2026 06:17:48,3.747,74.425,2.95,0.44935,70.678
6730,05/20/2026 06:27:48,3.721,74.402,2.95,0.44668,70.681
6731,05/20/2026 06:37:48,3.743,74.425,2.95,0.44893,70.682
6732,05/20/2026 06:47:48,3.747,74.434,2.95,0.44935,70.687
6733,05/20/2026 06:57:48,3.711,74.407,2.95,0.44563,70.696
6734,05/20/2026 07:07:48,3.721,74.420,2.95,0.44675,70.699
6735,05/20/2026 07:17:48,3.770,74.466,2.95,0.45167,70.696
6736,05/20/2026 07:27:48,3.728,74.429,2.85,0.44738,70.701
6737,05/20/2026 07:37:48,3.739,74.438,2.85,0.44851,70.699
6738,05/20/2026 07:47:48,3.736,74.424,2.85,0.44823,70.688
6739,05/20/2026 07:57:48,3.744,74.434,2.95,0.44900,70.690
6740,05/20/2026 08:07:48,3.718,74.407,2.95,0.44633,70.689
6741,05/20/2026 08:17:48,3.693,74.385,3.06,0.44380,70.692
6742,05/20/2026 08:27:48,3.715,74.417,3.06,0.44605,70.702
6743,05/20/2026 08:37:48,3.683,74.380,3.06,0.44281,70.697
6744,05/20/2026 08:47:48,3.700,74.390,3.16,0.44457,70.690
6745,05/20/2026 08:57:48,3.697,74.386,3.27,0.44429,70.689
6746,05/20/2026 09:07:48,3.711,74.383,3.38,0.44563,70.672
6747,05/20/2026 09:17:48,3.713,74.392,3.48,0.44591,70.679
6748,05/20/2026 09:27:48,3.702,74.384,3.59,0.44471,70.682
6749,05/20/2026 09:37:48,3.720,74.389,3.69,0.44661,70.669
6750,05/20/2026 09:47:48,3.714,74.386,3.90,0.44598,70.672
6751,05/20/2026 09:57:48,3.703,74.370,4.22,0.44486,70.667
6752,05/20/2026 10:07:48,3.689,74.366,4.22,0.44338,70.677
6753,05/20/2026 10:17:48,3.754,74.430,4.32,0.45006,70.676
6754,05/20/2026 10:27:48,3.669,74.327,4.53,0.44141,70.658
6755,05/20/2026 10:37:48,3.688,74.342,4.63,0.44331,70.654
6756,05/20/2026 10:47:48,3.650,74.316,4.84,0.43945,70.666
6757,05/20/2026 10:57:48,3.698,74.371,4.94,0.44437,70.673
6758,05/20/2026 11:07:48,3.692,74.358,4.94,0.44367,70.666
6759,05/20/2026 11:17:48,3.667,74.332,5.15,0.44114,70.665
6760,05/20/2026 11:27:48,3.670,74.321,5.46,0.44142,70.651
6761,05/20/2026 11:37:48,3.684,74.340,5.67,0.44297,70.656
6762,05/20/2026 11:47:48,3.678,74.333,5.87,0.44227,70.655
6763,05/20/2026 11:57:48,3.690,74.331,6.18,0.44355,70.641
6764,05/20/2026 12:07:48,3.671,74.311,6.48,0.44158,70.640
6765,05/20/2026 12:17:48,3.667,74.311,6.58,0.44123,70.644
6766,05/20/2026 12:27:48,3.659,74.308,6.79,0.44046,70.649
6767,05/20/2026 12:37:48,3.661,74.306,6.99,0.44054,70.645
6768,05/20/2026 12:47:48,3.686,74.313,7.39,0.44322,70.627
6769,05/20/2026 12:57:48,3.654,74.275,7.69,0.43992,70.621
6770,05/20/2026 13:07:48,3.664,74.290,7.79,0.44091,70.626
6771,05/20/2026 13:17:48,3.663,74.277,7.89,0.44084,70.614
6772,05/20/2026 13:27:48,3.655,74.257,8.19,0.44001,70.602
6773,05/20/2026 13:37:48,3.660,74.271,8.29,0.44057,70.611
6774,05/20/2026 13:47:48,3.646,74.249,8.39,0.43917,70.603
6775,05/20/2026 13:57:48,3.675,74.252,8.69,0.44206,70.577
6776,05/20/2026 14:07:48,3.660,74.231,8.89,0.44059,70.571
6777,05/20/2026 14:17:48,3.645,74.201,9.09,0.43905,70.556
6778,05/20/2026 14:27:48,3.646,74.188,9.58,0.43907,70.542
6779,05/20/2026 14:37:48,3.672,74.232,9.98,0.44182,70.560
6780,05/20/2026 14:47:48,3.645,74.193,10.17,0.43909,70.548
6781,05/20/2026 14:57:48,3.657,74.205,10.47,0.44030,70.548
6782,05/20/2026 15:07:48,3.646,74.185,10.76,0.43918,70.539
6783,05/20/2026 15:17:48,3.653,74.206,11.05,0.43990,70.553
6784,05/20/2026 15:27:48,3.622,74.181,11.25,0.43674,70.559
6785,05/20/2026 15:37:48,3.625,74.173,11.44,0.43710,70.548
6786,05/20/2026 15:47:48,3.599,74.135,11.64,0.43437,70.536
6787,05/20/2026 15:57:48,3.653,74.182,11.83,0.43993,70.529
6788,05/20/2026 16:07:48,3.604,74.143,12.03,0.43495,70.539
6789,05/20/2026 16:17:48,3.618,74.148,12.12,0.43643,70.530
6790,05/20/2026 16:27:48,3.627,74.163,12.22,0.43735,70.536
6791,05/20/2026 16:37:48,3.594,74.137,12.32,0.43391,70.543
6792,05/20/2026 16:47:48,3.609,74.156,12.42,0.43546,70.547
6793,05/20/2026 16:57:48,3.616,74.161,12.51,0.43624,70.545
6794,05/20/2026 17:07:48,3.619,74.175,12.51,0.43652,70.556
6795,05/20/2026 17:17:48,3.644,74.203,12.61,0.43906,70.559
6796,05/20/2026 17:27:48,3.625,74.185,12.61,0.43716,70.560
6797,05/20/2026 17:37:48,3.589,74.157,12.51,0.43342,70.568
6798,05/20/2026 17:47:48,3.617,74.183,12.42,0.43630,70.566
6799,05/20/2026 17:57:48,3.599,74.173,12.32,0.43447,70.574
6800,05/20/2026 18:07:48,3.604,74.186,12.22,0.43496,70.582
6801,05/20/2026 18:17:48,3.588,74.171,12.12,0.43333,70.583
6802,05/20/2026 18:27:48,3.603,74.179,12.03,0.43488,70.576
6803,05/20/2026 18:37:48,3.630,74.214,11.93,0.43769,70.584
6804,05/20/2026 18:47:48,3.619,74.208,11.74,0.43648,70.589
6805,05/20/2026 18:57:48,3.578,74.170,11.54,0.43225,70.592
6806,05/20/2026 19:07:48,3.608,74.209,11.35,0.43534,70.601
6807,05/20/2026 19:17:48,3.607,74.207,11.15,0.43519,70.600
6808,05/20/2026 19:27:48,3.616,74.214,10.96,0.43617,70.598
6809,05/20/2026 19:37:48,3.647,74.247,10.66,0.43932,70.600
6810,05/20/2026 19:47:48,3.637,74.232,10.47,0.43826,70.595
6811,05/20/2026 19:57:48,3.646,74.247,10.17,0.43923,70.601
6812,05/20/2026 20:07:48,3.645,74.259,9.98,0.43908,70.614
6813,05/20/2026 20:17:48,3.629,74.247,9.68,0.43745,70.618
6814,05/20/2026 20:27:48,3.645,74.276,9.39,0.43906,70.631
6815,05/20/2026 20:37:48,3.651,74.284,9.19,0.43962,70.633
6816,05/20/2026 20:47:48,3.664,74.304,8.89,0.44094,70.640
6817,05/20/2026 20:57:48,3.686,74.337,8.59,0.44318,70.651
6818,05/20/2026 21:07:48,3.654,74.304,8.39,0.43987,70.650
6819,05/20/2026 21:17:48,3.681,74.328,8.09,0.44268,70.647
6820,05/20/2026 21:27:48,3.656,74.304,7.89,0.44014,70.648
6821,05/20/2026 21:37:48,3.670,74.329,7.59,0.44147,70.659
6822,05/20/2026 21:47:48,3.677,74.345,7.39,0.44224,70.668
6823,05/20/2026 21:57:48,3.659,74.339,7.19,0.44040,70.680
6824,05/20/2026 22:07:48,3.697,74.373,6.99,0.44434,70.676
6825,05/20/2026 22:17:48,3.659,74.336,6.79,0.44032,70.677
6826,05/20/2026 22:27:48,3.656,74.333,6.48,0.44011,70.677
6827,05/20/2026 22:37:48,3.664,74.341,6.38,0.44095,70.677
6828,05/20/2026 22:47:48,3.635,74.317,6.18,0.43792,70.682
6829,05/20/2026 22:57:48,3.667,74.356,5.97,0.44122,70.689
6830,05/20/2026 23:07:48,3.682,74.368,5.77,0.44277,70.686
6831,05/20/2026 23:17:48,3.657,74.335,5.56,0.44016,70.678
6832,05/20/2026 23:27:48,3.680,74.357,5.46,0.44248,70.677
6833,05/20/2026 23:37:48,3.645,74.315,5.25,0.43889,70.670
6834,05/20/2026 23:47:48,3.684,74.350,5.15,0.44290,70.666
6835,05/20/2026 23:57:48,3.667,74.330,4.94,0.44121,70.663
6836,05/21/2026 00:07:48,3.643,74.307,4.84,0.43874,70.664
6837,05/21/2026 00:17:48,3.636,74.305,4.63,0.43804,70.669
6838,05/21/2026 00:27:48,3.688,74.350,4.53,0.44331,70.662
6839,05/21/2026 00:37:48,3.692,74.354,4.43,0.44366,70.662
6840,05/21/2026 00:47:48,3.649,74.312,4.22,0.43930,70.663
6841,05/21/2026 00:57:48,3.674,74.338,4.11,0.44190,70.664
6842,05/21/2026 01:07:48,3.669,74.327,3.90,0.44141,70.658
6843,05/21/2026 01:17:48,3.665,74.322,3.80,0.44099,70.657
6844,05/21/2026 01:27:48,3.645,74.299,3.69,0.43888,70.654
6845,05/21/2026 01:37:48,3.625,74.284,3.59,0.43691,70.659
6846,05/21/2026 01:47:48,3.675,74.334,3.48,0.44190,70.659
6847,05/21/2026 01:57:48,3.631,74.287,3.27,0.43747,70.656
6848,05/21/2026 02:07:48,3.654,74.295,3.16,0.43986,70.641
6849,05/21/2026 02:17:48,3.645,74.276,3.06,0.43895,70.631
6850,05/21/2026 02:27:48,3.640,74.271,2.95,0.43845,70.631
6851,05/21/2026 02:37:48,3.605,74.234,2.85,0.43487,70.629
6852,05/21/2026 02:47:48,3.664,74.288,2.74,0.44084,70.624
6853,05/21/2026 02:57:48,3.638,74.255,2.63,0.43824,70.617
6854,05/21/2026 03:07:48,3.630,74.237,2.53,0.43733,70.607
6855,05/21/2026 03:17:48,3.643,74.240,2.42,0.43874,70.597
6856,05/21/2026 03:27:48,3.621,74.217,2.31,0.43649,70.596
6857,05/21/2026 03:37:48,3.629,74.212,2.20,0.43726,70.583
6858,05/21/2026 03:47:48,3.616,74.198,2.10,0.43592,70.582
6859,05/21/2026 03:57:48,3.622,74.197,1.99,0.43656,70.575
6860,05/21/2026 04:07:48,3.592,74.169,1.88,0.43353,70.577
6861,05/21/2026 04:17:48,3.583,74.155,1.77,0.43262,70.572
6862,05/21/2026 04:27:48,3.621,74.195,1.67,0.43649,70.574
6863,05/21/2026 04:37:48,3.626,74.199,1.56,0.43698,70.573
6864,05/21/2026 04:47:48,3.602,74.171,1.45,0.43452,70.569
6865,05/21/2026 04:57:48,3.607,74.170,1.34,0.43509,70.563
6866,05/21/2026 05:07:48,3.625,74.188,1.23,0.43684,70.563
6867,05/21/2026 05:17:48,3.616,74.174,1.23,0.43600,70.558
6868,05/21/2026 05:27:48,3.614,74.183,1.12,0.43572,70.569
6869,05/21/2026 05:37:48,3.591,74.150,1.01,0.43347,70.559
6870,05/21/2026 05:47:48,3.605,74.164,1.01,0.43488,70.559
6871,05/21/2026 05:57:48,3.610,74.168,0.90,0.43537,70.558
6872,05/21/2026 06:07:48,3.597,74.158,0.79,0.43404,70.561
6873,05/21/2026 06:17:48,3.604,74.172,0.79,0.43474,70.568
6874,05/21/2026 06:27:48,3.565,74.139,0.68,0.43080,70.574
6875,05/21/2026 06:37:48,3.580,74.157,0.68,0.43235,70.577
6876,05/21/2026 06:47:48,3.579,74.152,0.57,0.43221,70.573
6877,05/21/2026 06:57:48,3.574,74.139,0.57,0.43165,70.565
6878,05/21/2026 07:07:48,3.587,74.161,0.57,0.43306,70.574
6879,05/21/2026 07:17:48,3.571,74.143,0.46,0.43137,70.572
6880,05/21/2026 07:27:48,3.576,74.147,0.46,0.43193,70.571
6881,05/21/2026 07:37:48,3.539,74.106,0.46,0.42821,70.567
6882,05/21/2026 07:47:48,3.549,74.106,0.46,0.42919,70.557
6883,05/21/2026 07:57:48,3.576,74.134,0.57,0.43193,70.558
6884,05/21/2026 08:07:48,3.563,74.122,0.79,0.43059,70.559
6885,05/21/2026 08:17:48,3.555,74.114,0.90,0.42968,70.559
6886,05/21/2026 08:27:48,3.555,74.119,1.12,0.42981,70.564
6887,05/21/2026 08:37:48,3.517,74.079,1.23,0.42588,70.562
6888,05/21/2026 08:47:48,3.525,74.094,1.45,0.42672,70.569
6889,05/21/2026 08:57:48,3.532,74.109,1.67,0.42742,70.577
6890,05/21/2026 09:07:48,3.552,74.128,1.77,0.42939,70.576
6891,05/21/2026 09:17:48,3.531,74.115,1.88,0.42728,70.584
6892,05/21/2026 09:27:48,3.546,74.131,2.20,0.42875,70.585
6893,05/21/2026 09:37:48,3.534,74.118,2.42,0.42763,70.584
6894,05/21/2026 09:47:48,3.557,74.134,2.74,0.42995,70.577
6895,05/21/2026 09:57:48,3.517,74.091,3.06,0.42587,70.574
6896,05/21/2026 10:07:48,3.535,74.103,3.48,0.42770,70.568
6897,05/21/2026 10:17:48,3.534,74.087,3.80,0.42756,70.553
6898,05/21/2026 10:27:48,3.540,74.099,4.22,0.42819,70.559
6899,05/21/2026 10:37:48,3.518,74.065,4.53,0.42594,70.547
6900,05/21/2026 10:47:48,3.562,74.104,4.94,0.43045,70.542
6901,05/21/2026 10:57:48,3.560,74.094,5.36,0.43024,70.534
6902,05/21/2026 11:07:48,3.535,74.069,5.77,0.42779,70.534
6903,05/21/2026 11:17:48,3.544,74.068,6.18,0.42864,70.524
6904,05/21/2026 11:27:48,3.537,74.061,6.48,0.42801,70.524
6905,05/21/2026 11:37:48,3.536,74.065,6.89,0.42781,70.529
6906,05/21/2026 11:47:48,3.561,74.085,7.19,0.43042,70.524
6907,05/21/2026 11:57:48,3.537,74.051,7.39,0.42796,70.514
6908,05/21/2026 12:07:48,3.537,74.042,7.39,0.42789,70.505
6909,05/21/2026 12:17:48,3.499,74.012,7.69,0.42417,70.513
6910,05/21/2026 12:27:48,3.546,74.043,8.09,0.42889,70.497
6911,05/21/2026 12:37:48,3.538,74.024,8.49,0.42806,70.486
6912,05/21/2026 12:47:48,3.538,73.987,8.99,0.42814,70.449
6913,05/21/2026 12:57:48,3.529,73.995,9.39,0.42724,70.466
6914,05/21/2026 13:07:48,3.558,74.017,9.78,0.43021,70.459
6915,05/21/2026 13:17:48,3.522,73.966,10.17,0.42657,70.444
6916,05/21/2026 13:27:48,3.523,73.957,10.57,0.42658,70.434
6917,05/21/2026 13:37:48,3.486,73.937,10.86,0.42280,70.451
6918,05/21/2026 13:47:48,3.526,73.958,11.15,0.42689,70.432
6919,05/21/2026 13:57:48,3.530,73.956,11.44,0.42739,70.426
6920,05/21/2026 14:07:48,3.515,73.909,11.74,0.42586,70.394
6921,05/21/2026 14:17:48,3.507,73.898,12.03,0.42510,70.391
6922,05/21/2026 14:27:48,3.505,73.905,12.22,0.42482,70.400
6923,05/21/2026 14:37:48,3.494,73.885,12.51,0.42378,70.391
6924,05/21/2026 14:47:48,3.510,73.901,12.80,0.42549,70.391
6925,05/21/2026 14:57:48,3.474,73.849,13.00,0.42177,70.375
6926,05/21/2026 15:07:48,3.494,73.883,13.19,0.42374,70.389
6927,05/21/2026 15:17:48,3.498,73.871,13.38,0.42425,70.373
6928,05/21/2026 15:27:48,3.487,73.845,13.48,0.42313,70.358
6929,05/21/2026 15:37:48,3.491,73.843,13.67,0.42349,70.352
6930,05/21/2026 15:47:48,3.485,73.840,13.86,0.42294,70.355
6931,05/21/2026 15:57:48,3.463,73.837,13.96,0.42062,70.374
6932,05/21/2026 16:07:48,3.455,73.798,14.15,0.41985,70.343
6933,05/21/2026 16:17:48,3.478,73.799,14.25,0.42218,70.321
6934,05/21/2026 16:27:48,3.480,73.822,14.25,0.42239,70.342
6935,05/21/2026 16:37:48,3.436,73.748,14.15,0.41788,70.312
6936,05/21/2026 16:47:48,3.469,73.779,14.05,0.42126,70.310
6937,05/21/2026 16:57:48,3.472,73.775,14.15,0.42161,70.303
6938,05/21/2026 17:07:48,3.465,73.789,14.15,0.42084,70.324
6939,05/21/2026 17:17:48,3.497,73.797,14.05,0.42414,70.300
6940,05/21/2026 17:27:48,3.466,73.792,14.05,0.42098,70.326
6941,05/21/2026 17:37:48,3.482,73.792,14.05,0.42266,70.310
6942,05/21/2026 17:47:48,3.441,73.764,13.96,0.41844,70.323
6943,05/21/2026 17:57:48,3.459,73.766,13.77,0.42033,70.307
6944,05/21/2026 18:07:48,3.460,73.778,13.57,0.42032,70.318
6945,05/21/2026 18:17:48,3.466,73.795,13.48,0.42095,70.329
6946,05/21/2026 18:27:48,3.455,73.770,13.28,0.41988,70.315
6947,05/21/2026 18:37:48,3.485,73.809,13.09,0.42290,70.324
6948,05/21/2026 18:47:48,3.482,73.797,12.80,0.42260,70.315
6949,05/21/2026 18:57:48,3.482,73.813,12.61,0.42259,70.331
6950,05/21/2026 19:07:48,3.494,73.811,12.42,0.42378,70.317
6951,05/21/2026 19:17:48,3.507,73.832,12.22,0.42511,70.325
6952,05/21/2026 19:27:48,3.525,73.843,11.93,0.42685,70.318
6953,05/21/2026 19:37:48,3.493,73.823,11.74,0.42361,70.330
6954,05/21/2026 19:47:48,3.518,73.847,11.44,0.42620,70.329
6955,05/21/2026 19:57:48,3.532,73.885,11.15,0.42759,70.353
6956,05/21/2026 20:07:48,3.527,73.874,10.96,0.42709,70.347
6957,05/21/2026 20:17:48,3.521,73.880,10.66,0.42645,70.359
6958,05/21/2026 20:27:48,3.539,73.905,10.37,0.42826,70.366
6959,05/21/2026 20:37:48,3.519,73.888,10.08,0.42628,70.369
6960,05/21/2026 20:47:48,3.534,73.913,9.78,0.42775,70.379
6961,05/21/2026 20:57:48,3.547,73.943,9.58,0.42901,70.396
6962,05/21/2026 21:07:48,3.534,73.936,9.29,0.42766,70.402
6963,05/21/2026 21:17:48,3.559,73.957,9.09,0.43019,70.398
6964,05/21/2026 21:27:48,3.559,73.963,8.79,0.43025,70.404
6965,05/21/2026 21:37:48,3.550,73.957,8.59,0.42926,70.407
6966,05/21/2026 21:47:48,3.582,73.991,8.39,0.43263,70.409
6967,05/21/2026 21:57:48,3.553,73.952,8.09,0.42967,70.399
6968,05/21/2026 22:07:48,3.581,73.987,7.89,0.43247,70.406
6969,05/21/2026 22:17:48,3.589,73.999,7.69,0.43324,70.410
6970,05/21/2026 22:27:48,3.578,73.983,7.39,0.43211,70.405
6971,05/21/2026 22:37:48,3.584,73.986,7.19,0.43274,70.402
6972,05/21/2026 22:47:48,3.621,74.029,6.99,0.43653,70.408
6973,05/21/2026 22:57:48,3.618,74.023,6.79,0.43624,70.405
6974,05/21/2026 23:07:48,3.592,74.000,6.68,0.43350,70.408
6975,05/21/2026 23:17:48,3.599,74.012,6.48,0.43420,70.413
6976,05/21/2026 23:27:48,3.588,74.001,6.28,0.43314,70.413
6977,05/21/2026 23:37:48,3.557,73.977,6.07,0.42997,70.420
6978,05/21/2026 23:47:48,3.589,74.008,5.97,0.43320,70.419
6979,05/21/2026 23:57:48,3.587,74.011,5.77,0.43299,70.424
6980,05/22/2026 00:07:48,3.580,74.005,5.67,0.43236,70.425
6981,05/22/2026 00:17:48,3.570,73.995,5.56,0.43137,70.425
6982,05/22/2026 00:27:48,3.598,74.022,5.46,0.43411,70.424
6983,05/22/2026 00:37:48,3.558,73.989,5.25,0.43003,70.431
6984,05/22/2026 00:47:48,3.586,74.015,5.15,0.43291,70.429
6985,05/22/2026 00:57:48,3.583,74.010,5.05,0.43256,70.427
6986,05/22/2026 01:07:48,3.591,74.018,4.94,0.43340,70.427
6987,05/22/2026 01:17:48,3.586,74.008,4.84,0.43291,70.422
6988,05/22/2026 01:27:48,3.567,73.985,4.74,0.43094,70.418
6989,05/22/2026 01:37:48,3.598,74.011,4.63,0.43417,70.413
6990,05/22/2026 01:47:48,3.585,74.010,4.53,0.43284,70.425
6991,05/22/2026 01:57:48,3.592,74.014,4.43,0.43354,70.422
6992,05/22/2026 02:07:48,3.586,74.004,4.32,0.43297,70.418
6993,05/22/2026 02:17:48,3.583,73.990,4.22,0.43262,70.407
6994,05/22/2026 02:27:48,3.614,74.017,4.11,0.43571,70.403
6995,05/22/2026 02:37:48,3.572,73.962,4.01,0.43142,70.390
6996,05/22/2026 02:47:48,3.576,73.961,3.90,0.43185,70.385
6997,05/22/2026 02:57:48,3.580,73.964,3.69,0.43227,70.384
6998,05/22/2026 03:07:48,3.592,73.981,3.59,0.43353,70.389
6999,05/22/2026 03:17:48,3.606,73.994,3.48,0.43494,70.388
7000,05/22/2026 03:27:48,3.591,73.989,3.38,0.43339,70.398
7001,05/22/2026 03:37:48,3.609,74.015,3.27,0.43529,70.406
7002,05/22/2026 03:47:48,3.552,73.960,3.16,0.42945,70.408
7003,05/22/2026 03:57:48,3.578,73.987,3.06,0.43205,70.409
7004,05/22/2026 04:07:48,3.567,73.972,2.95,0.43100,70.405
7005,05/22/2026 04:17:48,3.566,73.976,2.85,0.43086,70.410
7006,05/22/2026 04:27:48,3.576,73.980,2.74,0.43191,70.404
7007,05/22/2026 04:37:48,3.549,73.961,2.63,0.42917,70.412
7008,05/22/2026 04:47:48,3.563,73.979,2.53,0.43051,70.416
7009,05/22/2026 04:57:48,3.562,73.977,2.31,0.43051,70.415
7010,05/22/2026 05:07:48,3.565,73.995,2.20,0.43072,70.430
7011,05/22/2026 05:17:48,3.547,73.981,2.10,0.42889,70.434
7012,05/22/2026 05:27:48,3.559,73.985,2.10,0.43016,70.426
7013,05/22/2026 05:37:48,3.560,73.980,1.99,0.43023,70.420
7014,05/22/2026 05:47:48,3.549,73.979,1.88,0.42918,70.430
7015,05/22/2026 05:57:48,3.541,73.974,1.77,0.42833,70.433
7016,05/22/2026 06:07:48,3.553,74.000,1.67,0.42960,70.447
7017,05/22/2026 06:17:48,3.557,74.000,1.56,0.42995,70.443
7018,05/22/2026 06:27:48,3.533,73.981,1.45,0.42749,70.448
7019,05/22/2026 06:37:48,3.550,74.013,1.45,0.42918,70.463
7020,05/22/2026 06:47:48,3.511,73.976,1.34,0.42524,70.465
7021,05/22/2026 06:57:48,3.542,74.002,1.23,0.42848,70.460
7022,05/22/2026 07:07:48,3.539,74.007,1.23,0.42813,70.468
7023,05/22/2026 07:17:48,3.567,74.038,1.12,0.43094,70.471
7024,05/22/2026 07:27:48,3.527,73.993,1.12,0.42686,70.466
7025,05/22/2026 07:37:48,3.530,73.992,1.01,0.42721,70.462
7026,05/22/2026 07:47:48,3.513,73.969,1.01,0.42553,70.456
7027,05/22/2026 07:57:48,3.479,73.943,1.12,0.42201,70.464
7028,05/22/2026 08:07:48,3.505,73.980,1.23,0.42461,70.475
7029,05/22/2026 08:17:48,3.475,73.963,1.45,0.42158,70.488
7030,05/22/2026 08:27:48,3.502,73.996,1.67,0.42433,70.494
7031,05/22/2026 08:37:48,3.496,73.997,1.77,0.42369,70.501
7032,05/22/2026 08:47:48,3.506,74.002,1.99,0.42482,70.496
7033,05/22/2026 08:57:48,3.486,73.972,2.20,0.42270,70.486
7034,05/22/2026 09:07:48,3.491,73.978,2.42,0.42320,70.487
7035,05/22/2026 09:17:48,3.501,73.993,2.63,0.42425,70.492
7036,05/22/2026 09:27:48,3.463,73.950,2.95,0.42031,70.487
7037,05/22/2026 09:37:48,3.503,73.984,3.27,0.42439,70.481
7038,05/22/2026 09:47:48,3.487,73.958,3.48,0.42277,70.471
7039,05/22/2026 09:57:48,3.491,73.960,3.80,0.42320,70.469
7040,05/22/2026 10:07:48,3.503,73.967,4.11,0.42439,70.464
7041,05/22/2026 10:17:48,3.509,73.978,4.43,0.42503,70.469
7042,05/22/2026 10:27:48,3.501,73.963,4.84,0.42426,70.462
7043,05/22/2026 10:37:48,3.489,73.947,5.15,0.42307,70.458
7044,05/22/2026 10:47:48,3.484,73.937,5.56,0.42251,70.453
7045,05/22/2026 10:57:48,3.491,73.949,5.97,0.42322,70.458
7046,05/22/2026 11:07:48,3.509,73.969,6.28,0.42512,70.460
7047,05/22/2026 11:17:48,3.518,73.976,6.58,0.42604,70.458
7048,05/22/2026 11:27:48,3.501,73.952,6.99,0.42429,70.451
7049,05/22/2026 11:37:48,3.484,73.941,7.29,0.42254,70.457
7050,05/22/2026 11:47:48,3.500,73.957,7.59,0.42424,70.457
7051,05/22/2026 11:57:48,3.485,73.951,7.89,0.42263,70.466
7052,05/22/2026 12:07:48,3.503,73.963,8.29,0.42454,70.460
7053,05/22/2026 12:17:48,3.489,73.956,8.49,0.42307,70.467
7054,05/22/2026 12:27:48,3.461,73.917,8.69,0.42019,70.456
7055,05/22/2026 12:37:48,3.482,73.932,8.89,0.42237,70.450
7056,05/22/2026 12:47:48,3.446,73.889,9.09,0.41865,70.443
7057,05/22/2026 12:57:48,3.470,73.923,9.39,0.42119,70.453
7058,05/22/2026 13:07:48,3.472,73.922,9.78,0.42142,70.450
7059,05/22/2026 13:17:48,3.464,73.917,10.17,0.42052,70.453
7060,05/22/2026 13:27:48,3.498,73.934,10.57,0.42405,70.436
7061,05/22/2026 13:37:48,3.446,73.892,10.96,0.41879,70.446
7062,05/22/2026 13:47:48,3.479,73.927,11.25,0.42218,70.448
7063,05/22/2026 13:57:48,3.470,73.914,11.35,0.42127,70.444
7064,05/22/2026 14:07:48,3.438,73.884,11.54,0.41804,70.446
7065,05/22/2026 14:17:48,3.456,73.909,11.74,0.41981,70.453
7066,05/22/2026 14:27:48,3.441,73.905,11.83,0.41833,70.464
7067,05/22/2026 14:37:48,3.446,73.934,12.03,0.41891,70.488
7068,05/22/2026 14:47:48,3.471,74.007,12.03,0.42137,70.536
7069,05/22/2026 14:57:48,3.465,74.039,12.03,0.42073,70.574
7070,05/22/2026 15:07:48,3.438,73.993,12.03,0.41806,70.555
7071,05/22/2026 15:17:48,3.453,73.984,12.03,0.41961,70.531
7072,05/22/2026 15:27:48,3.447,73.965,12.32,0.41892,70.518
7073,05/22/2026 15:37:48,3.454,73.961,12.42,0.41970,70.507
7074,05/22/2026 15:47:48,3.446,73.935,12.51,0.41886,70.489
7075,05/22/2026 15:57:48,3.415,73.889,12.51,0.41576,70.474
7076,05/22/2026 16:07:48,3.432,73.903,12.51,0.41745,70.471
7077,05/22/2026 16:17:48,3.432,73.894,12.51,0.41745,70.462
7078,05/22/2026 16:27:48,3.448,73.912,12.51,0.41907,70.464
7079,05/22/2026 16:37:48,3.409,73.876,12.51,0.41506,70.467
7080,05/22/2026 16:47:48,3.449,73.925,12.42,0.41913,70.476
7081,05/22/2026 16:57:48,3.459,73.951,12.32,0.42019,70.492
7082,05/22/2026 17:07:48,3.452,73.945,12.22,0.41948,70.493
7083,05/22/2026 17:17:48,3.433,73.926,12.12,0.41757,70.493
7084,05/22/2026 17:27:48,3.440,73.947,11.93,0.41820,70.507
7085,05/22/2026 17:37:48,3.431,73.959,11.74,0.41727,70.528
7086,05/22/2026 17:47:48,3.433,73.976,11.64,0.41748,70.543
7087,05/22/2026 17:57:48,3.417,73.952,11.54,0.41586,70.535
7088,05/22/2026 18:07:48,3.455,74.001,11.44,0.41972,70.546
7089,05/22/2026 18:17:48,3.449,74.026,11.25,0.41915,70.577
7090,05/22/2026 18:27:48,3.481,74.052,11.05,0.42231,70.571
7091,05/22/2026 18:37:48,3.459,74.023,10.86,0.42005,70.564
7092,05/22/2026 18:47:48,3.438,74.021,10.66,0.41793,70.583
7093,05/22/2026 18:57:48,3.458,74.055,10.47,0.42004,70.597
7094,05/22/2026 19:07:48,3.462,74.081,10.27,0.42038,70.619
7095,05/22/2026 19:17:48,3.486,74.101,10.08,0.42291,70.615
7096,05/22/2026 19:27:48,3.464,74.086,9.88,0.42058,70.622
7097,05/22/2026 19:37:48,3.470,74.093,9.68,0.42120,70.623
7098,05/22/2026 19:47:48,3.462,74.091,9.48,0.42042,70.629
7099,05/22/2026 19:57:48,3.461,74.094,9.29,0.42028,70.633
7100,05/22/2026 20:07:48,3.478,74.115,9.09,0.42203,70.637
7101,05/22/2026 20:17:48,3.453,74.095,8.89,0.41942,70.642
7102,05/22/2026 20:27:48,3.465,74.112,8.69,0.42061,70.647
7103,05/22/2026 20:37:48,3.491,74.147,8.59,0.42328,70.656
7104,05/22/2026 20:47:48,3.499,74.163,8.39,0.42412,70.664
7105,05/22/2026 20:57:48,3.502,74.175,8.19,0.42446,70.673
7106,05/22/2026 21:07:48,3.502,74.174,8.09,0.42446,70.672
7107,05/22/2026 21:17:48,3.506,74.173,7.89,0.42481,70.667
7108,05/22/2026 21:27:48,3.492,74.157,7.69,0.42340,70.665
7109,05/22/2026 21:37:48,3.491,74.161,7.59,0.42325,70.670
7110,05/22/2026 21:47:48,3.477,74.150,7.39,0.42184,70.673
7111,05/22/2026 21:57:48,3.488,74.168,7.29,0.42289,70.680
7112,05/22/2026 22:07:48,3.515,74.198,7.09,0.42570,70.683
7113,05/22/2026 22:17:48,3.497,74.192,6.99,0.42387,70.695
7114,05/22/2026 22:27:48,3.512,74.213,6.79,0.42541,70.701
7115,05/22/2026 22:37:48,3.501,74.203,6.68,0.42429,70.702
7116,05/22/2026 22:47:48,3.513,74.212,6.58,0.42548,70.699
7117,05/22/2026 22:57:48,3.505,74.201,6.38,0.42470,70.696
7118,05/22/2026 23:07:48,3.509,74.196,6.28,0.42505,70.687
7119,05/22/2026 23:17:48,3.515,74.195,6.18,0.42568,70.680
7120,05/22/2026 23:27:48,3.500,74.176,6.07,0.42414,70.676
7121,05/22/2026 23:37:48,3.514,74.193,5.87,0.42561,70.678
7122,05/22/2026 23:47:48,3.544,74.219,5.77,0.42863,70.675
7123,05/22/2026 23:57:48,3.539,74.214,5.67,0.42807,70.675
7124,05/23/2026 00:07:48,3.526,74.203,5.46,0.42680,70.677
7125,05/23/2026 00:17:48,3.522,74.202,5.36,0.42637,70.680
7126,05/23/2026 00:27:48,3.513,74.192,5.15,0.42546,70.679
7127,05/23/2026 00:37:48,3.532,74.213,5.05,0.42743,70.681
7128,05/23/2026 00:47:48,3.499,74.176,4.94,0.42412,70.677
7129,05/23/2026 00:57:48,3.554,74.229,4.74,0.42967,70.675
7130,05/23/2026 01:07:48,3.552,74.224,4.63,0.42946,70.672
7131,05/23/2026 01:17:48,3.538,74.214,4.53,0.42805,70.676
7132,05/23/2026 01:27:48,3.545,74.222,4.32,0.42868,70.677
7133,05/23/2026 01:37:48,3.540,74.212,4.22,0.42819,70.672
7134,05/23/2026 01:47:48,3.530,74.202,4.11,0.42721,70.672
7135,05/23/2026 01:57:48,3.522,74.192,4.01,0.42643,70.670
7136,05/23/2026 02:07:48,3.519,74.178,3.90,0.42608,70.659
7137,05/23/2026 02:17:48,3.505,74.172,3.69,0.42467,70.667
7138,05/23/2026 02:27:48,3.532,74.208,3.59,0.42734,70.676
7139,05/23/2026 02:37:48,3.522,74.189,3.48,0.42636,70.667
7140,05/23/2026 02:47:48,3.535,74.206,3.38,0.42770,70.671
7141,05/23/2026 02:57:48,3.529,74.196,3.27,0.42713,70.667
7142,05/23/2026 03:07:48,3.478,74.150,3.06,0.42186,70.672
7143,05/23/2026 03:17:48,3.515,74.199,2.95,0.42566,70.684
7144,05/23/2026 03:27:48,3.493,74.175,2.85,0.42348,70.682
7145,05/23/2026 03:37:48,3.511,74.193,2.74,0.42523,70.682
7146,05/23/2026 03:47:48,3.533,74.206,2.63,0.42748,70.673
7147,05/23/2026 03:57:48,3.520,74.205,2.53,0.42615,70.685
7148,05/23/2026 04:07:48,3.479,74.173,2.42,0.42193,70.694
7149,05/23/2026 04:17:48,3.501,74.195,2.31,0.42418,70.694
7150,05/23/2026 04:27:48,3.489,74.185,2.20,0.42299,70.696
7151,05/23/2026 04:37:48,3.500,74.207,2.10,0.42411,70.707
7152,05/23/2026 04:47:48,3.514,74.224,1.99,0.42559,70.710
7153,05/23/2026 04:57:48,3.477,74.187,1.88,0.42179,70.710
7154,05/23/2026 05:07:48,3.490,74.205,1.77,0.42306,70.715
7155,05/23/2026 05:17:48,3.481,74.204,1.67,0.42222,70.723
7156,05/23/2026 05:27:48,3.492,74.212,1.56,0.42334,70.720
7157,05/23/2026 05:37:48,3.486,74.207,1.45,0.42271,70.721
7158,05/23/2026 05:47:48,3.513,74.243,1.45,0.42552,70.730
7159,05/23/2026 05:57:48,3.485,74.225,1.34,0.42257,70.740
7160,05/23/2026 06:07:48,3.475,74.220,1.23,0.42152,70.745
7161,05/23/2026 06:17:48,3.474,74.223,1.12,0.42152,70.749
7162,05/23/2026 06:27:48,3.487,74.251,1.12,0.42278,70.764
7163,05/23/2026 06:37:48,3.465,74.232,1.01,0.42053,70.767
7164,05/23/2026 06:47:48,3.479,74.259,1.01,0.42201,70.780
7165,05/23/2026 06:57:48,3.497,74.281,0.90,0.42384,70.784
7166,05/23/2026 07:07:48,3.476,74.263,0.90,0.42166,70.787
7167,05/23/2026 07:17:48,3.477,74.271,0.79,0.42180,70.794
7168,05/23/2026 07:27:48,3.454,74.253,0.79,0.41948,70.799
7169,05/23/2026 07:37:48,3.467,74.271,0.79,0.42082,70.804
7170,05/23/2026 07:47:48,3.487,74.289,0.79,0.42286,70.802
7171,05/23/2026 07:57:48,3.443,74.258,0.90,0.41836,70.815
7172,05/23/2026 08:07:48,3.430,74.250,1.01,0.41702,70.820
7173,05/23/2026 08:17:48,3.438,74.269,1.12,0.41779,70.831
7174,05/23/2026 08:27:48,3.431,74.270,1.34,0.41709,70.839
7175,05/23/2026 08:37:48,3.437,74.276,1.56,0.41772,70.839
7176,05/23/2026 08:47:48,3.434,74.272,1.67,0.41743,70.838
7177,05/23/2026 08:57:48,3.450,74.296,1.88,0.41905,70.846
7178,05/23/2026 09:07:48,3.444,74.289,2.20,0.41842,70.845
7179,05/23/2026 09:17:48,3.429,74.277,2.42,0.41687,70.848
7180,05/23/2026 09:27:48,3.441,74.292,2.74,0.41813,70.851
7181,05/23/2026 09:37:48,3.432,74.280,2.95,0.41722,70.848
7182,05/23/2026 09:47:48,3.438,74.282,3.27,0.41785,70.844
7183,05/23/2026 09:57:48,3.489,74.330,3.69,0.42306,70.841
7184,05/23/2026 10:07:48,3.432,74.274,4.01,0.41715,70.842
7185,05/23/2026 10:17:48,3.460,74.290,4.43,0.42011,70.830
7186,05/23/2026 10:27:48,3.473,74.302,4.74,0.42138,70.829
7187,05/23/2026 10:37:48,3.472,74.322,5.05,0.42131,70.850
7188,05/23/2026 10:47:48,3.465,74.312,5.46,0.42054,70.847
7189,05/23/2026 10:57:48,3.466,74.315,5.87,0.42069,70.849
7190,05/23/2026 11:07:48,3.470,74.313,6.28,0.42112,70.843
7191,05/23/2026 11:17:48,3.506,74.363,6.79,0.42478,70.857
7192,05/23/2026 11:27:48,3.480,74.325,7.19,0.42219,70.845
7193,05/23/2026 11:37:48,3.463,74.315,7.59,0.42044,70.852
7194,05/23/2026 11:47:48,3.483,74.356,8.09,0.42242,70.873
7195,05/23/2026 11:57:48,3.437,74.306,8.59,0.41772,70.869
7196,05/23/2026 12:07:48,3.470,74.341,8.99,0.42111,70.871
7197,05/23/2026 12:17:48,3.430,74.290,9.39,0.41712,70.860
7198,05/23/2026 12:27:48,3.452,74.335,9.88,0.41938,70.883
7199,05/23/2026 12:37:48,3.443,74.303,10.27,0.41841,70.860
7200,05/23/2026 12:47:48,3.401,74.269,10.57,0.41420,70.868
7201,05/23/2026 12:57:48,3.436,74.300,10.96,0.41781,70.864
7202,05/23/2026 13:07:48,3.458,74.318,11.44,0.42008,70.860
7203,05/23/2026 13:17:48,3.449,74.330,11.74,0.41917,70.881
7204,05/23/2026 13:27:48,3.424,74.293,12.12,0.41666,70.869
7205,05/23/2026 13:37:48,3.407,74.293,12.51,0.41485,70.886
7206,05/23/2026 13:47:48,3.398,74.277,12.71,0.41394,70.879
7207,05/23/2026 13:57:48,3.406,74.272,13.09,0.41480,70.866
7208,05/23/2026 14:07:48,3.437,74.335,13.48,0.41792,70.898
7209,05/23/2026 14:17:48,3.412,74.297,13.77,0.41547,70.885
7210,05/23/2026 14:27:48,3.408,74.290,13.96,0.41506,70.882
7211,05/23/2026 14:37:48,3.398,74.299,13.96,0.41400,70.901
7212,05/23/2026 14:47:48,3.405,74.318,14.05,0.41478,70.913
7213,05/23/2026 14:57:48,3.402,74.328,14.15,0.41451,70.926
7214,05/23/2026 15:07:48,3.425,74.339,14.34,0.41684,70.914
7215,05/23/2026 15:17:48,3.420,74.339,14.34,0.41635,70.919
7216,05/23/2026 15:27:48,3.397,74.297,14.15,0.41387,70.900
7217,05/23/2026 15:37:48,3.368,74.258,14.34,0.41100,70.890
7218,05/23/2026 15:47:48,3.367,74.245,14.44,0.41093,70.878
7219,05/23/2026 15:57:48,3.385,74.250,14.44,0.41269,70.865
7220,05/23/2026 16:07:48,3.383,74.246,14.53,0.41256,70.863
7221,05/23/2026 16:17:48,3.377,74.256,14.63,0.41200,70.879
7222,05/23/2026 16:27:48,3.382,74.261,14.63,0.41242,70.879
7223,05/23/2026 16:37:48,3.405,74.297,14.63,0.41481,70.892
7224,05/23/2026 16:47:48,3.393,74.288,14.63,0.41355,70.895
7225,05/23/2026 16:57:48,3.377,74.270,14.63,0.41193,70.893
7226,05/23/2026 17:07:48,3.409,74.297,14.63,0.41524,70.888
7227,05/23/2026 17:17:48,3.393,74.297,14.63,0.41355,70.904
7228,05/23/2026 17:27:48,3.383,74.292,14.53,0.41249,70.909
7229,05/23/2026 17:37:48,3.373,74.304,14.44,0.41149,70.931
7230,05/23/2026 17:47:48,3.359,74.280,14.34,0.41015,70.921
7231,05/23/2026 17:57:48,3.395,74.316,14.25,0.41374,70.921
7232,05/23/2026 18:07:48,3.394,74.319,14.15,0.41366,70.925
7233,05/23/2026 18:17:48,3.385,74.304,13.96,0.41267,70.919
7234,05/23/2026 18:27:48,3.381,74.302,13.86,0.41231,70.921
7235,05/23/2026 18:37:48,3.396,74.310,13.67,0.41378,70.914
7236,05/23/2026 18:47:48,3.384,74.307,13.48,0.41264,70.923
7237,05/23/2026 18:57:48,3.391,74.324,13.28,0.41327,70.933
7238,05/23/2026 19:07:48,3.392,74.332,13.19,0.41333,70.940
7239,05/23/2026 19:17:48,3.423,74.361,13.00,0.41656,70.938
7240,05/23/2026 19:27:48,3.412,74.350,12.80,0.41542,70.938
7241,05/23/2026 19:37:48,3.422,74.366,12.61,0.41647,70.944
7242,05/23/2026 19:47:48,3.425,74.369,12.42,0.41667,70.944
7243,05/23/2026 19:57:48,3.416,74.362,12.22,0.41582,70.946
7244,05/23/2026 20:07:48,3.427,74.378,11.93,0.41686,70.951
7245,05/23/2026 20:17:48,3.425,74.384,11.64,0.41664,70.959
7246,05/23/2026 20:27:48,3.454,74.427,11.44,0.41965,70.973
7247,05/23/2026 20:37:48,3.438,74.415,11.15,0.41802,70.977
7248,05/23/2026 20:47:48,3.461,74.435,10.86,0.42033,70.974
7249,05/23/2026 20:57:48,3.481,74.460,10.66,0.42237,70.979
7250,05/23/2026 21:07:48,3.472,74.453,10.37,0.42144,70.981
7251,05/23/2026 21:17:48,3.479,74.464,10.08,0.42213,70.985
7252,05/23/2026 21:27:48,3.476,74.467,9.88,0.42177,70.991
7253,05/23/2026 21:37:48,3.469,74.473,9.58,0.42106,71.004
7254,05/23/2026 21:47:48,3.470,74.479,9.29,0.42119,71.009
7255,05/23/2026 21:57:48,3.493,74.509,9.09,0.42358,71.016
7256,05/23/2026 22:07:48,3.487,74.498,8.79,0.42286,71.011
7257,05/23/2026 22:17:48,3.496,74.509,8.49,0.42377,71.013
7258,05/23/2026 22:27:48,3.494,74.511,8.29,0.42362,71.017
7259,05/23/2026 22:37:48,3.492,74.514,8.09,0.42341,71.022
7260,05/23/2026 22:47:48,3.468,74.499,7.89,0.42094,71.031
7261,05/23/2026 22:57:48,3.493,74.514,7.59,0.42353,71.021
7262,05/23/2026 23:07:48,3.498,74.518,7.49,0.42402,71.020
7263,05/23/2026 23:17:48,3.485,74.507,7.29,0.42268,71.022
7264,05/23/2026 23:27:48,3.506,74.533,7.09,0.42479,71.027
7265,05/23/2026 23:37:48,3.500,74.527,6.89,0.42415,71.027
7266,05/23/2026 23:47:48,3.483,74.511,6.68,0.42246,71.028
7267,05/23/2026 23:57:48,3.513,74.537,6.48,0.42548,71.024
7268,05/24/2026 00:07:48,3.506,74.523,6.38,0.42470,71.017
7269,05/24/2026 00:17:48,3.508,74.525,6.18,0.42505,71.017
7270,05/24/2026 00:27:48,3.481,74.497,5.97,0.42217,71.016
7271,05/24/2026 00:37:48,3.515,74.523,5.87,0.42568,71.008
7272,05/24/2026 00:47:48,3.508,74.508,5.67,0.42497,71.000
7273,05/24/2026 00:57:48,3.504,74.503,5.56,0.42455,70.999
7274,05/24/2026 01:07:48,3.528,74.519,5.36,0.42701,70.991
7275,05/24/2026 01:17:48,3.557,74.550,5.25,0.42996,70.993
7276,05/24/2026 01:27:48,3.508,74.494,5.05,0.42497,70.986
7277,05/24/2026 01:37:48,3.501,74.480,4.94,0.42419,70.979
7278,05/24/2026 01:47:48,3.488,74.465,4.84,0.42299,70.977
7279,05/24/2026 01:57:48,3.501,74.478,4.74,0.42426,70.977
7280,05/24/2026 02:07:48,3.492,74.472,4.53,0.42334,70.980
7281,05/24/2026 02:17:48,3.491,74.481,4.43,0.42320,70.990
7282,05/24/2026 02:27:48,3.506,74.489,4.32,0.42475,70.983
7283,05/24/2026 02:37:48,3.489,74.484,4.22,0.42299,70.995
7284,05/24/2026 02:47:48,3.490,74.505,4.11,0.42313,71.015
7285,05/24/2026 02:57:48,3.510,74.527,4.01,0.42517,71.017
7286,05/24/2026 03:07:48,3.492,74.508,3.90,0.42334,71.016
7287,05/24/2026 03:17:48,3.481,74.499,3.80,0.42214,71.018
7288,05/24/2026 03:27:48,3.496,74.512,3.69,0.42369,71.016
7289,05/24/2026 03:37:48,3.476,74.502,3.59,0.42165,71.026
7290,05/24/2026 03:47:48,3.488,74.519,3.48,0.42291,71.031
7291,05/24/2026 03:57:48,3.491,74.532,3.38,0.42320,71.041
7292,05/24/2026 04:07:48,3.471,74.509,3.27,0.42116,71.038
7293,05/24/2026 04:17:48,3.469,74.508,3.16,0.42095,71.039
7294,05/24/2026 04:27:48,3.477,74.521,3.06,0.42179,71.044
7295,05/24/2026 04:37:48,3.470,74.511,2.95,0.42109,71.041
7296,05/24/2026 04:47:48,3.482,74.524,2.85,0.42228,71.042
7297,05/24/2026 04:57:48,3.479,74.519,2.74,0.42193,71.040
7298,05/24/2026 05:07:48,3.476,74.532,2.63,0.42165,71.056
7299,05/24/2026 05:17:48,3.468,74.522,2.53,0.42088,71.054
7300,05/24/2026 05:27:48,3.487,74.548,2.42,0.42284,71.061
7301,05/24/2026 05:37:48,3.464,74.538,2.31,0.42052,71.074
7302,05/24/2026 05:47:48,3.464,74.542,2.20,0.42053,71.078
7303,05/24/2026 05:57:48,3.450,74.533,2.20,0.41905,71.083
7304,05/24/2026 06:07:48,3.467,74.560,2.10,0.42074,71.093
7305,05/24/2026 06:17:48,3.459,74.564,1.99,0.41989,71.105
7306,05/24/2026 06:27:48,3.451,74.564,1.99,0.41912,71.113
7307,05/24/2026 06:37:48,3.477,74.604,1.88,0.42172,71.127
7308,05/24/2026 06:47:48,3.462,74.598,1.77,0.42032,71.136
7309,05/24/2026 06:57:48,3.526,74.671,1.77,0.42679,71.145
7310,05/24/2026 07:07:48,3.488,74.639,1.77,0.42292,71.151
7311,05/24/2026 07:17:48,3.439,74.594,1.77,0.41793,71.155
7312,05/24/2026 07:27:48,3.458,74.621,1.77,0.41982,71.163
7313,05/24/2026 07:37:48,3.442,74.617,1.77,0.41821,71.175
7314,05/24/2026 07:47:48,3.465,74.644,1.77,0.42053,71.179
7315,05/24/2026 07:57:48,3.443,74.635,1.88,0.41835,71.192
7316,05/24/2026 08:07:48,3.444,74.644,1.88,0.41849,71.200
7317,05/24/2026 08:17:48,3.439,74.646,2.10,0.41785,71.207
7318,05/24/2026 08:27:48,3.443,74.652,2.31,0.41827,71.209
7319,05/24/2026 08:37:48,3.439,74.643,2.42,0.41792,71.204
7320,05/24/2026 08:47:48,3.444,74.649,2.63,0.41841,71.205
7321,05/24/2026 08:57:48,3.430,74.633,2.85,0.41694,71.203
7322,05/24/2026 09:07:48,3.398,74.607,3.06,0.41370,71.209
7323,05/24/2026 09:17:48,3.443,74.654,3.38,0.41834,71.211
7324,05/24/2026 09:27:48,3.431,74.638,3.59,0.41708,71.207
7325,05/24/2026 09:37:48,3.435,74.631,3.90,0.41750,71.196
7326,05/24/2026 09:47:48,3.441,74.619,4.22,0.41814,71.178
7327,05/24/2026 09:57:48,3.409,74.585,4.53,0.41491,71.176
7328,05/24/2026 10:07:48,3.432,74.610,4.84,0.41723,71.178
7329,05/24/2026 10:17:48,3.439,74.617,5.15,0.41793,71.178
7330,05/24/2026 10:27:48,3.458,74.632,5.25,0.41983,71.174
7331,05/24/2026 10:37:48,3.440,74.610,5.46,0.41808,71.170
7332,05/24/2026 10:47:48,3.414,74.583,5.97,0.41534,71.169
7333,05/24/2026 10:57:48,3.427,74.590,6.38,0.41676,71.163
7334,05/24/2026 11:07:48,3.441,74.611,6.68,0.41817,71.170
7335,05/24/2026 11:17:48,3.434,74.583,7.19,0.41748,71.149
7336,05/24/2026 11:27:48,3.438,74.591,7.49,0.41784,71.153
7337,05/24/2026 11:37:48,3.441,74.592,7.69,0.41819,71.151
7338,05/24/2026 11:47:48,3.441,74.580,7.89,0.41820,71.139
7339,05/24/2026 11:57:48,3.450,74.572,8.49,0.41913,71.122
7340,05/24/2026 12:07:48,3.435,74.570,8.79,0.41759,71.135
7341,05/24/2026 12:17:48,3.427,74.580,8.89,0.41675,71.153
7342,05/24/2026 12:27:48,3.434,74.585,8.99,0.41752,71.151
7343,05/24/2026 12:37:48,3.443,74.568,9.09,0.41844,71.125
7344,05/24/2026 12:47:48,3.429,74.541,9.58,0.41698,71.112
7345,05/24/2026 12:57:48,3.413,74.535,9.88,0.41537,71.122
7346,05/24/2026 13:07:48,3.419,74.544,9.88,0.41594,71.125
7347,05/24/2026 13:17:48,3.412,74.526,9.88,0.41523,71.114
7348,05/24/2026 13:27:48,3.404,74.525,10.27,0.41447,71.121
7349,05/24/2026 13:37:48,3.388,74.510,10.66,0.41287,71.122
7350,05/24/2026 13:47:48,3.397,74.524,11.15,0.41380,71.127
7351,05/24/2026 13:57:48,3.401,74.529,11.64,0.41425,71.128
7352,05/24/2026 14:07:48,3.381,74.500,11.93,0.41222,71.119
7353,05/24/2026 14:17:48,3.380,74.488,12.12,0.41216,71.108
7354,05/24/2026 14:27:48,3.435,74.527,12.32,0.41772,71.092
7355,05/24/2026 14:37:48,3.421,74.507,12.61,0.41633,71.086
7356,05/24/2026 14:47:48,3.387,74.479,12.51,0.41281,71.092
7357,05/24/2026 14:57:48,3.404,74.492,12.51,0.41464,71.088
7358,05/24/2026 15:07:48,3.395,74.497,12.51,0.41365,71.102
7359,05/24/2026 15:17:48,3.388,74.482,12.42,0.41294,71.094
7360,05/24/2026 15:27:48,3.402,74.504,12.32,0.41435,71.102
7361,05/24/2026 15:37:48,3.379,74.490,12.32,0.41202,71.111
7362,05/24/2026 15:47:48,3.385,74.527,12.32,0.41259,71.142
7363,05/24/2026 15:57:48,3.412,74.562,12.22,0.41540,71.150
7364,05/24/2026 16:07:48,3.372,74.517,12.22,0.41125,71.145
7365,05/24/2026 16:17:48,3.386,74.522,12.32,0.41273,71.136
7366,05/24/2026 16:27:48,3.405,74.544,12.22,0.41462,71.139
7367,05/24/2026 16:37:48,3.389,74.520,12.12,0.41307,71.131
7368,05/24/2026 16:47:48,3.384,74.497,12.12,0.41258,71.113
7369,05/24/2026 16:57:48,3.380,74.487,12.03,0.41215,71.107
7370,05/24/2026 17:07:48,3.369,74.469,12.03,0.41103,71.100
7371,05/24/2026 17:17:48,3.365,74.475,12.12,0.41054,71.110
7372,05/24/2026 17:27:48,3.378,74.497,12.03,0.41187,71.119
7373,05/24/2026 17:37:48,3.397,74.509,11.93,0.41384,71.112
7374,05/24/2026 17:47:48,3.405,74.505,11.93,0.41461,71.100
7375,05/24/2026 17:57:48,3.418,74.530,11.74,0.41594,71.112
7376,05/24/2026 18:07:48,3.402,74.502,11.64,0.41432,71.100
7377,05/24/2026 18:17:48,3.378,74.487,11.54,0.41192,71.109
7378,05/24/2026 18:27:48,3.386,74.476,11.35,0.41269,71.090
7379,05/24/2026 18:37:48,3.408,74.502,11.25,0.41493,71.094
7380,05/24/2026 18:47:48,3.396,74.479,11.15,0.41366,71.083
7381,05/24/2026 18:57:48,3.419,74.504,10.96,0.41605,71.085
7382,05/24/2026 19:07:48,3.408,74.499,10.86,0.41485,71.091
7383,05/24/2026 19:17:48,3.427,74.543,10.76,0.41681,71.116
7384,05/24/2026 19:27:48,3.447,74.615,10.66,0.41885,71.168
7385,05/24/2026 19:37:48,3.440,74.617,10.47,0.41821,71.177
7386,05/24/2026 19:47:48,3.420,74.571,10.37,0.41609,71.151
7387,05/24/2026 19:57:48,3.431,74.592,10.17,0.41721,71.161
7388,05/24/2026 20:07:48,3.459,74.663,10.08,0.42009,71.204
7389,05/24/2026 20:17:48,3.449,74.657,9.88,0.41903,71.208
7390,05/24/2026 20:27:48,3.451,74.661,9.78,0.41924,71.210
7391,05/24/2026 20:37:48,3.443,74.609,9.58,0.41846,71.166
7392,05/24/2026 20:47:48,3.461,74.639,9.39,0.42028,71.178
7393,05/24/2026 20:57:48,3.460,74.638,9.29,0.42014,71.178
7394,05/24/2026 21:07:48,3.494,74.681,9.09,0.42365,71.187
7395,05/24/2026 21:17:48,3.514,74.703,8.99,0.42568,71.189
7396,05/24/2026 21:27:48,3.518,74.715,8.79,0.42610,71.197
7397,05/24/2026 21:37:48,3.518,74.713,8.59,0.42609,71.195
7398,05/24/2026 21:47:48,3.540,74.734,8.39,0.42834,71.194
7399,05/24/2026 21:57:48,3.558,74.764,8.19,0.43016,71.206
7400,05/24/2026 22:07:48,3.571,74.777,8.09,0.43142,71.206
7401,05/24/2026 22:17:48,3.531,74.730,7.89,0.42734,71.199
7402,05/24/2026 22:27:48,3.548,74.755,7.69,0.42909,71.207
7403,05/24/2026 22:37:48,3.536,74.741,7.59,0.42782,71.205
7404,05/24/2026 22:47:48,3.534,74.735,7.39,0.42761,71.201
7405,05/24/2026 22:57:48,3.523,74.715,7.19,0.42648,71.192
7406,05/24/2026 23:07:48,3.536,74.719,7.09,0.42781,71.183
7407,05/24/2026 23:17:48,3.533,74.712,6.89,0.42760,71.179
7408,05/24/2026 23:27:48,3.522,74.689,6.79,0.42640,71.167
7409,05/24/2026 23:37:48,3.536,74.693,6.68,0.42780,71.157
7410,05/24/2026 23:47:48,3.538,74.700,6.48,0.42801,71.162
7411,05/24/2026 23:57:48,3.548,74.699,6.38,0.42906,71.151
7412,05/25/2026 00:07:48,3.524,74.675,6.18,0.42660,71.151
7413,05/25/2026 00:17:48,3.538,74.679,6.07,0.42800,71.141
7414,05/25/2026 00:27:48,3.533,74.673,5.97,0.42758,71.140
7415,05/25/2026 00:37:48,3.512,74.649,5.77,0.42540,71.137
7416,05/25/2026 00:47:48,3.512,74.648,5.67,0.42540,71.136
7417,05/25/2026 00:57:48,3.540,74.666,5.56,0.42821,71.126
7418,05/25/2026 01:07:48,3.518,74.650,5.36,0.42602,71.132
7419,05/25/2026 01:17:48,3.524,74.654,5.25,0.42658,71.130
7420,05/25/2026 01:27:48,3.540,74.672,5.15,0.42820,71.132
7421,05/25/2026 01:37:48,3.546,74.675,5.05,0.42883,71.129
7422,05/25/2026 01:47:48,3.536,74.651,4.84,0.42785,71.115
7423,05/25/2026 01:57:48,3.516,74.628,4.74,0.42574,71.112
7424,05/25/2026 02:07:48,3.519,74.631,4.63,0.42616,71.112
7425,05/25/2026 02:17:48,3.526,74.640,4.53,0.42679,71.114
7426,05/25/2026 02:27:48,3.530,74.639,4.43,0.42721,71.109
7427,05/25/2026 02:37:48,3.520,74.625,4.32,0.42615,71.105
7428,05/25/2026 02:47:48,3.520,74.619,4.22,0.42622,71.099
7429,05/25/2026 02:57:48,3.512,74.609,4.01,0.42531,71.097
7430,05/25/2026 03:07:48,3.508,74.604,3.90,0.42489,71.096
7431,05/25/2026 03:17:48,3.545,74.644,3.80,0.42868,71.099
7432,05/25/2026 03:27:48,3.507,74.620,3.69,0.42488,71.113
7433,05/25/2026 03:37:48,3.494,74.597,3.59,0.42348,71.103
7434,05/25/2026 03:47:48,3.501,74.610,3.48,0.42418,71.109
7435,05/25/2026 03:57:48,3.514,74.623,3.48,0.42559,71.109
7436,05/25/2026 04:07:48,3.523,74.627,3.38,0.42650,71.104
7437,05/25/2026 04:17:48,3.512,74.613,3.27,0.42530,71.101
7438,05/25/2026 04:27:48,3.507,74.612,3.16,0.42488,71.105
7439,05/25/2026 04:37:48,3.519,74.625,3.06,0.42608,71.106
7440,05/25/2026 04:47:48,3.515,74.620,3.06,0.42573,71.105
7441,05/25/2026 04:57:48,3.494,74.592,2.95,0.42355,71.098
7442,05/25/2026 05:07:48,3.491,74.592,2.85,0.42320,71.101
7443,05/25/2026 05:17:48,3.484,74.583,2.85,0.42249,71.099
7444,05/25/2026 05:27:48,3.495,74.596,2.74,0.42355,71.101
7445,05/25/2026 05:37:48,3.487,74.595,2.63,0.42277,71.108
7446,05/25/2026 05:47:48,3.477,74.581,2.53,0.42172,71.104
7447,05/25/2026 05:57:48,3.470,74.571,2.42,0.42109,71.101
7448,05/25/2026 06:07:48,3.479,74.580,2.42,0.42200,71.101
7449,05/25/2026 06:17:48,3.446,74.552,2.31,0.41863,71.106
7450,05/25/2026 06:27:48,3.484,74.597,2.20,0.42249,71.113
7451,05/25/2026 06:37:48,3.472,74.592,2.20,0.42130,71.120
7452,05/25/2026 06:47:48,3.500,74.619,2.10,0.42411,71.119
7453,05/25/2026 06:57:48,3.494,74.619,2.10,0.42348,71.125
7454,05/25/2026 07:07:48,3.505,74.623,2.10,0.42467,71.118
7455,05/25/2026 07:17:48,3.479,74.595,1.99,0.42200,71.116
7456,05/25/2026 07:27:48,3.505,74.613,1.99,0.42467,71.108
7457,05/25/2026 07:37:48,3.493,74.600,1.99,0.42341,71.107
7458,05/25/2026 07:47:48,3.500,74.610,2.10,0.42411,71.110
7459,05/25/2026 07:57:48,3.501,74.610,2.20,0.42425,71.109
7460,05/25/2026 08:07:48,3.493,74.606,2.31,0.42348,71.113
7461,05/25/2026 08:17:48,3.483,74.593,2.42,0.42242,71.110
7462,05/25/2026 08:27:48,3.479,74.599,2.63,0.42200,71.120
7463,05/25/2026 08:37:48,3.469,74.592,2.85,0.42095,71.123
7464,05/25/2026 08:47:48,3.470,74.593,3.06,0.42109,71.123
7465,05/25/2026 08:57:48,3.492,74.613,3.27,0.42327,71.121
7466,05/25/2026 09:07:48,3.463,74.579,3.59,0.42031,71.116
7467,05/25/2026 09:17:48,3.459,74.562,3.80,0.41996,71.103
7468,05/25/2026 09:27:48,3.471,74.569,4.11,0.42116,71.098
7469,05/25/2026 09:37:48,3.459,74.539,4.43,0.41997,71.080
7470,05/25/2026 09:47:48,3.479,74.546,4.74,0.42201,71.067
7471,05/25/2026 09:57:48,3.450,74.508,5.05,0.41899,71.058
7472,05/25/2026 10:07:48,3.489,74.542,5.36,0.42300,71.053
7473,05/25/2026 10:17:48,3.444,74.490,5.67,0.41843,71.046
7474,05/25/2026 10:27:48,3.450,74.479,6.07,0.41907,71.029
7475,05/25/2026 10:37:48,3.470,74.495,6.38,0.42112,71.025
7476,05/25/2026 10:47:48,3.453,74.471,6.79,0.41944,71.018
7477,05/25/2026 10:57:48,3.469,74.484,7.19,0.42099,71.015
7478,05/25/2026 11:07:48,3.467,74.478,7.59,0.42086,71.011
7479,05/25/2026 11:17:48,3.459,74.463,7.99,0.42003,71.004
7480,05/25/2026 11:27:48,3.450,74.444,8.39,0.41912,70.994
7481,05/25/2026 11:37:48,3.445,74.433,8.69,0.41864,70.988
7482,05/25/2026 11:47:48,3.450,74.432,9.09,0.41915,70.982
7483,05/25/2026 11:57:48,3.435,74.412,9.39,0.41761,70.977
7484,05/25/2026 12:07:48,3.439,74.404,9.48,0.41803,70.965
7485,05/25/2026 12:17:48,3.432,74.381,9.88,0.41727,70.949
7486,05/25/2026 12:27:48,3.447,74.381,10.37,0.41884,70.934
7487,05/25/2026 12:37:48,3.479,74.397,10.66,0.42216,70.918
7488,05/25/2026 12:47:48,3.434,74.358,10.86,0.41759,70.924
7489,05/25/2026 12:57:48,3.449,74.378,11.05,0.41908,70.929
7490,05/25/2026 13:07:48,3.453,74.438,11.15,0.41950,70.985
7491,05/25/2026 13:17:48,3.467,74.451,11.05,0.42090,70.984
7492,05/25/2026 13:27:48,3.494,74.491,11.05,0.42372,70.997
7493,05/25/2026 13:37:48,3.465,74.464,11.05,0.42076,70.999
7494,05/25/2026 13:47:48,3.440,74.464,11.05,0.41823,71.024
7495,05/25/2026 13:57:48,3.444,74.482,11.05,0.41865,71.038
7496,05/25/2026 14:07:48,3.448,74.487,11.05,0.41900,71.039
7497,05/25/2026 14:17:48,3.452,74.460,11.05,0.41936,71.008
7498,05/25/2026 14:27:48,3.428,74.373,10.96,0.41689,70.945
7499,05/25/2026 14:37:48,3.461,74.382,10.96,0.42027,70.921
7500,05/25/2026 14:47:48,3.432,74.336,10.96,0.41738,70.904
7501,05/25/2026 14:57:48,3.425,74.318,10.96,0.41668,70.893
7502,05/25/2026 15:07:48,3.413,74.300,10.96,0.41541,70.887
7503,05/25/2026 15:17:48,3.435,74.309,10.96,0.41766,70.874
7504,05/25/2026 15:27:48,3.440,74.310,11.05,0.41816,70.870
7505,05/25/2026 15:37:48,3.436,74.283,11.05,0.41774,70.847
7506,05/25/2026 15:47:48,3.407,74.251,11.05,0.41485,70.844
7507,05/25/2026 15:57:48,3.419,74.237,10.96,0.41598,70.818
7508,05/25/2026 16:07:48,3.414,74.246,10.96,0.41548,70.832
7509,05/25/2026 16:17:48,3.434,74.286,10.86,0.41752,70.852
7510,05/25/2026 16:27:48,3.427,74.234,10.66,0.41681,70.807
7511,05/25/2026 16:37:48,3.424,74.233,10.57,0.41652,70.809
7512,05/25/2026 16:47:48,3.381,74.192,10.57,0.41216,70.811
7513,05/25/2026 16:57:48,3.410,74.225,10.66,0.41505,70.815
7514,05/25/2026 17:07:48,3.404,74.212,10.76,0.41449,70.808
7515,05/25/2026 17:17:48,3.411,74.208,10.76,0.41519,70.797
7516,05/25/2026 17:27:48,3.422,74.227,10.86,0.41632,70.805
7517,05/25/2026 17:37:48,3.422,74.244,10.76,0.41632,70.822
7518,05/25/2026 17:47:48,3.441,74.293,10.66,0.41822,70.852
7519,05/25/2026 17:57:48,3.432,74.278,10.57,0.41737,70.846
7520,05/25/2026 18:07:48,3.441,74.282,10.47,0.41828,70.841
7521,05/25/2026 18:17:48,3.450,74.277,10.47,0.41919,70.827
7522,05/25/2026 18:27:48,3.428,74.232,10.47,0.41694,70.804
7523,05/25/2026 18:37:48,3.432,74.218,10.47,0.41736,70.786
7524,05/25/2026 18:47:48,3.413,74.182,10.47,0.41539,70.769
7525,05/25/2026 18:57:48,3.436,74.196,10.47,0.41772,70.760
7526,05/25/2026 19:07:48,3.418,74.172,10.37,0.41595,70.754
7527,05/25/2026 19:17:48,3.453,74.199,10.37,0.41954,70.746
7528,05/25/2026 19:27:48,3.424,74.162,10.27,0.41651,70.738
7529,05/25/2026 19:37:48,3.447,74.184,10.17,0.41883,70.737
7530,05/25/2026 19:47:48,3.451,74.192,10.08,0.41925,70.741
7531,05/25/2026 19:57:48,3.455,74.196,9.98,0.41967,70.741
7532,05/25/2026 20:07:48,3.439,74.186,9.88,0.41798,70.747
7533,05/25/2026 20:17:48,3.480,74.226,9.78,0.42219,70.746
7534,05/25/2026 20:27:48,3.474,74.216,9.68,0.42156,70.742
7535,05/25/2026 20:37:48,3.464,74.201,9.58,0.42057,70.737
7536,05/25/2026 20:47:48,3.464,74.200,9.48,0.42057,70.736
7537,05/25/2026 20:57:48,3.474,74.217,9.39,0.42162,70.743
7538,05/25/2026 21:07:48,3.474,74.225,9.19,0.42154,70.751
7539,05/25/2026 21:17:48,3.472,74.237,9.09,0.42140,70.765
7540,05/25/2026 21:27:48,3.470,74.237,8.99,0.42111,70.767
7541,05/25/2026 21:37:48,3.486,74.253,8.79,0.42279,70.767
7542,05/25/2026 21:47:48,3.476,74.238,8.69,0.42181,70.762
7543,05/25/2026 21:57:48,3.503,74.269,8.59,0.42455,70.766
7544,05/25/2026 22:07:48,3.475,74.249,8.39,0.42173,70.774
7545,05/25/2026 22:17:48,3.483,74.253,8.29,0.42250,70.770
7546,05/25/2026 22:27:48,3.490,74.252,8.19,0.42320,70.762
7547,05/25/2026 22:37:48,3.498,74.260,8.09,0.42404,70.762
7548,05/25/2026 22:47:48,3.496,74.251,7.99,0.42376,70.755
7549,05/25/2026 22:57:48,3.481,74.241,7.89,0.42221,70.760
7550,05/25/2026 23:07:48,3.507,74.266,7.69,0.42494,70.759
7551,05/25/2026 23:17:48,3.497,74.238,7.59,0.42389,70.741
7552,05/25/2026 23:27:48,3.478,74.219,7.49,0.42198,70.741
7553,05/25/2026 23:37:48,3.500,74.232,7.39,0.42416,70.732
7554,05/25/2026 23:47:48,3.484,74.208,7.29,0.42261,70.724
7555,05/25/2026 23:57:48,3.489,74.203,7.19,0.42303,70.714
7556,05/26/2026 00:07:48,3.490,74.193,7.09,0.42317,70.703
7557,05/26/2026 00:17:48,3.510,74.197,6.99,0.42521,70.687
7558,05/26/2026 00:27:48,3.522,74.196,6.89,0.42640,70.674
7559,05/26/2026 00:37:48,3.507,74.164,6.79,0.42492,70.656
7560,05/26/2026 00:47:48,3.516,74.163,6.68,0.42576,70.647
7561,05/26/2026 00:57:48,3.539,74.185,6.58,0.42808,70.646
7562,05/26/2026 01:07:48,3.509,74.157,6.48,0.42506,70.648
7563,05/26/2026 01:17:48,3.515,74.160,6.38,0.42569,70.645
7564,05/26/2026 01:27:48,3.517,74.164,6.28,0.42590,70.647
7565,05/26/2026 01:37:48,3.526,74.169,6.28,0.42674,70.643
7566,05/26/2026 01:47:48,3.519,74.150,6.18,0.42604,70.631
7567,05/26/2026 01:57:48,3.502,74.117,6.07,0.42435,70.615
7568,05/26/2026 02:07:48,3.526,74.131,6.07,0.42681,70.605
7569,05/26/2026 02:17:48,3.493,74.103,5.97,0.42343,70.610
7570,05/26/2026 02:27:48,3.502,74.103,5.97,0.42434,70.601
7571,05/26/2026 02:37:48,3.514,74.093,5.87,0.42554,70.579
7572,05/26/2026 02:47:48,3.531,74.088,5.77,0.42730,70.557
7573,05/26/2026 02:57:48,3.514,74.065,5.77,0.42561,70.551
7574,05/26/2026 03:07:48,3.504,74.060,5.67,0.42455,70.556
7575,05/26/2026 03:17:48,3.510,74.050,5.56,0.42518,70.540
7576,05/26/2026 03:27:48,3.517,74.050,5.56,0.42589,70.533
7577,05/26/2026 03:37:48,3.516,74.049,5.46,0.42581,70.533
7578,05/26/2026 03:47:48,3.525,74.054,5.46,0.42666,70.529
7579,05/26/2026 03:57:48,3.522,74.039,5.36,0.42645,70.517
7580,05/26/2026 04:07:48,3.508,74.012,5.36,0.42497,70.504
7581,05/26/2026 04:17:48,3.501,74.007,5.25,0.42419,70.506
7582,05/26/2026 04:27:48,3.518,74.024,5.15,0.42602,70.506
7583,05/26/2026 04:37:48,3.507,74.006,5.15,0.42483,70.499
7584,05/26/2026 04:47:48,3.513,74.032,5.05,0.42553,70.519
7585,05/26/2026 04:57:48,3.501,74.009,4.94,0.42426,70.508
7586,05/26/2026 05:07:48,3.530,74.041,4.94,0.42714,70.511
7587,05/26/2026 05:17:48,3.526,74.031,4.84,0.42679,70.505
7588,05/26/2026 05:27:48,3.522,74.026,4.84,0.42644,70.504
7589,05/26/2026 05:37:48,3.509,74.017,4.74,0.42510,70.507
7590,05/26/2026 05:47:48,3.519,74.025,4.63,0.42609,70.506
7591,05/26/2026 05:57:48,3.496,74.006,4.53,0.42369,70.510
7592,05/26/2026 06:07:48,3.519,74.024,4.53,0.42609,70.505
7593,05/26/2026 06:17:48,3.529,74.037,4.43,0.42707,70.508
7594,05/26/2026 06:27:48,3.497,74.004,4.32,0.42390,70.507
7595,05/26/2026 06:37:48,3.495,74.014,4.32,0.42355,70.519
7596,05/26/2026 06:47:48,3.499,74.017,4.22,0.42404,70.518
7597,05/26/2026 06:57:48,3.513,74.044,4.22,0.42552,70.531
7598,05/26/2026 07:07:48,3.523,74.057,4.11,0.42650,70.534
7599,05/26/2026 07:17:48,3.495,74.025,4.01,0.42362,70.530
7600,05/26/2026 07:27:48,3.502,74.038,4.01,0.42439,70.536
7601,05/26/2026 07:37:48,3.490,74.034,4.01,0.42313,70.544
7602,05/26/2026 07:47:48,3.468,73.998,4.01,0.42081,70.530
7603,05/26/2026 07:57:48,3.481,74.007,4.01,0.42214,70.526
7604,05/26/2026 08:07:48,3.472,73.998,4.01,0.42123,70.526
7605,05/26/2026 08:17:48,3.503,74.030,4.11,0.42446,70.527
7606,05/26/2026 08:27:48,3.464,73.985,4.11,0.42046,70.521
7607,05/26/2026 08:37:48,3.490,74.013,4.22,0.42306,70.523
7608,05/26/2026 08:47:48,3.467,73.995,4.22,0.42074,70.528
7609,05/26/2026 08:57:48,3.488,74.014,4.32,0.42285,70.526
7610,05/26/2026 09:07:48,3.473,73.995,4.32,0.42144,70.522
7611,05/26/2026 09:17:48,3.477,73.996,4.43,0.42179,70.519
7612,05/26/2026 09:27:48,3.464,73.983,4.53,0.42053,70.519
7613,05/26/2026 09:37:48,3.461,73.970,4.63,0.42018,70.509
7614,05/26/2026 09:47:48,3.480,73.980,4.74,0.42215,70.500
7615,05/26/2026 09:57:48,3.463,73.958,4.84,0.42039,70.495
7616,05/26/2026 10:07:48,3.470,73.955,4.94,0.42103,70.485
7617,05/26/2026 10:17:48,3.454,73.942,5.05,0.41941,70.488
7618,05/26/2026 10:27:48,3.481,73.957,5.25,0.42223,70.476
7619,05/26/2026 10:37:48,3.475,73.958,5.36,0.42159,70.483
7620,05/26/2026 10:47:48,3.476,73.958,5.46,0.42174,70.482
7621,05/26/2026 10:57:48,3.457,73.929,5.77,0.41977,70.472
7622,05/26/2026 11:07:48,3.469,73.935,5.97,0.42104,70.466
7623,05/26/2026 11:17:48,3.459,73.919,6.28,0.42006,70.460
7624,05/26/2026 11:27:48,3.454,73.894,6.48,0.41943,70.440
7625,05/26/2026 11:37:48,3.447,73.877,6.68,0.41880,70.430
7626,05/26/2026 11:47:48,3.441,73.880,6.99,0.41818,70.439
7627,05/26/2026 11:57:48,3.456,73.878,7.29,0.41966,70.422
7628,05/26/2026 12:07:48,3.486,73.902,7.49,0.42276,70.416
7629,05/26/2026 12:17:48,3.456,73.872,7.69,0.41974,70.416
7630,05/26/2026 12:27:48,3.427,73.840,7.69,0.41679,70.413
7631,05/26/2026 12:37:48,3.454,73.868,7.79,0.41953,70.414
7632,05/26/2026 12:47:48,3.456,73.865,7.89,0.41967,70.409
7633,05/26/2026 12:57:48,3.486,73.892,7.89,0.42277,70.406
7634,05/26/2026 13:07:48,3.458,73.870,7.99,0.41989,70.412
7635,05/26/2026 13:17:48,3.460,73.884,7.99,0.42010,70.424
7636,05/26/2026 13:27:48,3.461,73.897,7.99,0.42024,70.436
7637,05/26/2026 13:37:48,3.473,73.898,8.09,0.42144,70.425
7638,05/26/2026 13:47:48,3.461,73.890,8.19,0.42024,70.429
7639,05/26/2026 13:57:48,3.467,73.885,8.19,0.42088,70.418
7640,05/26/2026 14:07:48,3.453,73.864,8.29,0.41940,70.411
7641,05/26/2026 14:17:48,3.449,73.860,8.39,0.41898,70.411
7642,05/26/2026 14:27:48,3.460,73.864,8.39,0.42018,70.404
7643,05/26/2026 14:37:48,3.454,73.860,8.39,0.41948,70.406
7644,05/26/2026 14:47:48,3.463,73.879,8.49,0.42039,70.416
7645,05/26/2026 14:57:48,3.463,73.892,8.49,0.42046,70.429
7646,05/26/2026 15:07:48,3.482,73.906,8.49,0.42236,70.424
7647,05/26/2026 15:17:48,3.489,73.914,8.39,0.42313,70.425
7648,05/26/2026 15:27:48,3.493,73.910,8.39,0.42348,70.417
7649,05/26/2026 15:37:48,3.486,73.906,8.49,0.42278,70.420
7650,05/26/2026 15:47:48,3.487,73.911,8.49,0.42285,70.424
7651,05/26/2026 15:57:48,3.480,73.902,8.49,0.42222,70.421
7652,05/26/2026 16:07:48,3.471,73.897,8.49,0.42124,70.426
7653,05/26/2026 16:17:48,3.499,73.924,8.49,0.42412,70.425
7654,05/26/2026 16:27:48,3.483,73.901,8.39,0.42243,70.418
7655,05/26/2026 16:37:48,3.520,73.933,8.49,0.42630,70.413
7656,05/26/2026 16:47:48,3.514,73.924,8.49,0.42567,70.410
7657,05/26/2026 16:57:48,3.498,73.905,8.39,0.42405,70.407
7658,05/26/2026 17:07:48,3.487,73.883,8.39,0.42285,70.396
7659,05/26/2026 17:17:48,3.516,73.906,8.49,0.42588,70.390
7660,05/26/2026 17:27:48,3.513,73.905,8.39,0.42552,70.392
7661,05/26/2026 17:37:48,3.479,73.865,8.49,0.42208,70.386
7662,05/26/2026 17:47:48,3.515,73.888,8.49,0.42574,70.373
7663,05/26/2026 17:57:48,3.511,73.879,8.49,0.42532,70.368
7664,05/26/2026 18:07:48,3.532,73.896,8.39,0.42749,70.364
7665,05/26/2026 18:17:48,3.539,73.905,8.39,0.42820,70.366
7666,05/26/2026 18:27:48,3.533,73.892,8.39,0.42756,70.359
7667,05/26/2026 18:37:48,3.546,73.909,8.29,0.42890,70.363
7668,05/26/2026 18:47:48,3.531,73.891,8.29,0.42735,70.360
7669,05/26/2026 18:57:48,3.515,73.881,8.19,0.42573,70.366
7670,05/26/2026 19:07:48,3.513,73.885,8.19,0.42559,70.372
7671,05/26/2026 19:17:48,3.537,73.917,8.19,0.42798,70.380
7672,05/26/2026 19:27:48,3.525,73.912,8.09,0.42671,70.387
7673,05/26/2026 19:37:48,3.511,73.906,7.99,0.42537,70.395
7674,05/26/2026 19:47:48,3.544,73.938,7.99,0.42868,70.394
7675,05/26/2026 19:57:48,3.543,73.937,7.89,0.42861,70.394
7676,05/26/2026 20:07:48,3.540,73.941,7.79,0.42825,70.401
7677,05/26/2026 20:17:48,3.552,73.954,7.79,0.42952,70.402
7678,05/26/2026 20:27:48,3.535,73.945,7.69,0.42769,70.410
7679,05/26/2026 20:37:48,3.532,73.948,7.59,0.42747,70.416
7680,05/26/2026 20:47:48,3.518,73.938,7.49,0.42606,70.420
7681,05/26/2026 20:57:48,3.561,73.988,7.49,0.43042,70.427
7682,05/26/2026 21:07:48,3.564,74.001,7.39,0.43070,70.437
7683,05/26/2026 21:17:48,3.570,74.009,7.29,0.43133,70.439
7684,05/26/2026 21:27:48,3.605,74.054,7.19,0.43485,70.449
7685,05/26/2026 21:37:48,3.607,74.067,7.19,0.43513,70.460
7686,05/26/2026 21:47:48,3.632,74.089,7.09,0.43766,70.457
7687,05/26/2026 21:57:48,3.590,74.052,6.99,0.43337,70.462
7688,05/26/2026 22:07:48,3.618,74.083,6.89,0.43618,70.465
7689,05/26/2026 22:17:48,3.619,74.092,6.89,0.43632,70.473
7690,05/26/2026 22:27:48,3.629,74.109,6.79,0.43737,70.480
7691,05/26/2026 22:37:48,3.638,74.113,6.68,0.43821,70.475
7692,05/26/2026 22:47:48,3.673,74.149,6.68,0.44180,70.476
7693,05/26/2026 22:57:48,3.653,74.126,6.58,0.43976,70.473
7694,05/26/2026 23:07:48,3.642,74.129,6.48,0.43870,70.487
7695,05/26/2026 23:17:48,3.648,74.134,6.48,0.43926,70.486
7696,05/26/2026 23:27:48,3.654,74.142,6.38,0.43989,70.488
7697,05/26/2026 23:37:48,3.671,74.151,6.38,0.44165,70.480
7698,05/26/2026 23:47:48,3.671,74.150,6.28,0.44165,70.479
7699,05/26/2026 23:57:48,3.664,74.141,6.18,0.44087,70.477
7700,05/27/2026 00:07:48,3.660,74.141,6.18,0.44045,70.481
7701,05/27/2026 00:17:48,3.676,74.153,6.07,0.44214,70.477
7702,05/27/2026 00:27:48,3.619,74.090,6.07,0.43630,70.471
7703,05/27/2026 00:37:48,3.665,74.135,6.07,0.44101,70.470
7704,05/27/2026 00:47:48,3.668,74.139,5.97,0.44129,70.471
7705,05/27/2026 00:57:48,3.640,74.103,5.97,0.43841,70.463
7706,05/27/2026 01:07:48,3.666,74.138,5.87,0.44108,70.472
7707,05/27/2026 01:17:48,3.666,74.134,5.87,0.44108,70.468
7708,05/27/2026 01:27:48,3.654,74.128,5.77,0.43988,70.474
7709,05/27/2026 01:37:48,3.654,74.133,5.77,0.43981,70.479
7710,05/27/2026 01:47:48,3.695,74.177,5.67,0.44410,70.482
7711,05/27/2026 01:57:48,3.701,74.182,5.67,0.44466,70.481
7712,05/27/2026 02:07:48,3.666,74.141,5.67,0.44108,70.475
7713,05/27/2026 02:17:48,3.697,74.177,5.67,0.44431,70.480
7714,05/27/2026 02:27:48,3.670,74.149,5.56,0.44150,70.479
7715,05/27/2026 02:37:48,3.687,74.168,5.56,0.44318,70.481
7716,05/27/2026 02:47:48,3.677,74.144,5.46,0.44220,70.467
7717,05/27/2026 02:57:48,3.689,74.149,5.46,0.44339,70.460
7718,05/27/2026 03:07:48,3.686,74.149,5.46,0.44311,70.463
7719,05/27/2026 03:17:48,3.685,74.152,5.36,0.44304,70.467
7720,05/27/2026 03:27:48,3.701,74.183,5.25,0.44466,70.482
7721,05/27/2026 03:37:48,3.704,74.183,5.25,0.44501,70.479
7722,05/27/2026 03:47:48,3.687,74.164,5.15,0.44325,70.477
7723,05/27/2026 03:57:48,3.680,74.155,5.15,0.44255,70.475
7724,05/27/2026 04:07:48,3.648,74.127,5.05,0.43931,70.479
7725,05/27/2026 04:17:48,3.710,74.204,4.94,0.44550,70.494
7726,05/27/2026 04:27:48,3.685,74.172,4.94,0.44304,70.487
7727,05/27/2026 04:37:48,3.662,74.153,4.84,0.44064,70.491
7728,05/27/2026 04:47:48,3.676,74.179,4.74,0.44212,70.503
7729,05/27/2026 04:57:48,3.697,74.211,4.74,0.44423,70.514
7730,05/27/2026 05:07:48,3.649,74.170,4.63,0.43930,70.521
7731,05/27/2026 05:17:48,3.673,74.196,4.53,0.44177,70.523
7732,05/27/2026 05:27:48,3.656,74.182,4.53,0.44008,70.526
7733,05/27/2026 05:37:48,3.673,74.191,4.43,0.44176,70.518
7734,05/27/2026 05:47:48,3.653,74.172,4.32,0.43972,70.519
7735,05/27/2026 05:57:48,3.645,74.180,4.22,0.43895,70.535
7736,05/27/2026 06:07:48,3.656,74.194,4.22,0.44000,70.538
7737,05/27/2026 06:17:48,3.646,74.189,4.11,0.43895,70.543
7738,05/27/2026 06:27:48,3.668,74.220,4.01,0.44120,70.552
7739,05/27/2026 06:37:48,3.662,74.233,4.01,0.44064,70.571
7740,05/27/2026 06:47:48,3.646,74.232,3.90,0.43909,70.586
7741,05/27/2026 06:57:48,3.633,74.232,3.80,0.43768,70.599
7742,05/27/2026 07:07:48,3.615,74.218,3.80,0.43585,70.603
7743,05/27/2026 07:17:48,3.631,74.232,3.80,0.43747,70.601
7744,05/27/2026 07:27:48,3.641,74.245,3.80,0.43853,70.604
7745,05/27/2026 07:37:48,3.631,74.232,3.80,0.43747,70.601
7746,05/27/2026 07:47:48,3.640,74.254,3.80,0.43846,70.614
7747,05/27/2026 07:57:48,3.634,74.255,3.90,0.43782,70.621
7748,05/27/2026 08:07:48,3.630,74.255,3.90,0.43740,70.625
7749,05/27/2026 08:17:48,3.614,74.238,4.01,0.43571,70.624
7750,05/27/2026 08:27:48,3.595,74.230,4.22,0.43382,70.635
7751,05/27/2026 08:37:48,3.591,74.240,4.32,0.43340,70.649
7752,05/27/2026 08:47:48,3.590,74.236,4.43,0.43333,70.646
7753,05/27/2026 08:57:48,3.601,74.250,4.53,0.43445,70.649
7754,05/27/2026 09:07:48,3.575,74.225,4.74,0.43178,70.650
7755,05/27/2026 09:17:48,3.604,74.262,4.94,0.43481,70.658
7756,05/27/2026 09:27:48,3.588,74.251,5.25,0.43312,70.663
7757,05/27/2026 09:37:48,3.617,74.286,5.67,0.43608,70.669
7758,05/27/2026 09:47:48,3.589,74.261,5.97,0.43328,70.672
7759,05/27/2026 09:57:48,3.560,74.233,6.38,0.43026,70.673
7760,05/27/2026 10:07:48,3.597,74.267,6.68,0.43406,70.670
7761,05/27/2026 10:17:48,3.579,74.243,7.09,0.43224,70.664
7762,05/27/2026 10:27:48,3.592,74.264,7.39,0.43352,70.672
7763,05/27/2026 10:37:48,3.581,74.248,7.69,0.43247,70.667
7764,05/27/2026 10:47:48,3.592,74.259,7.89,0.43353,70.667
7765,05/27/2026 10:57:48,3.578,74.246,7.99,0.43212,70.668
7766,05/27/2026 11:07:48,3.578,74.248,8.19,0.43213,70.670
7767,05/27/2026 11:17:48,3.567,74.240,8.39,0.43108,70.673
7768,05/27/2026 11:27:48,3.540,74.215,8.59,0.42827,70.675
7769,05/27/2026 11:37:48,3.535,74.213,8.89,0.42779,70.678
7770,05/27/2026 11:47:48,3.575,74.244,9.29,0.43188,70.669
7771,05/27/2026 11:57:48,3.563,74.233,9.58,0.43063,70.670
7772,05/27/2026 12:07:48,3.568,74.240,9.88,0.43120,70.672
7773,05/27/2026 12:17:48,3.569,74.239,10.27,0.43135,70.670
7774,05/27/2026 12:27:48,3.563,74.237,10.57,0.43073,70.674
7775,05/27/2026 12:37:48,3.551,74.230,10.76,0.42954,70.679
7776,05/27/2026 12:47:48,3.587,74.263,10.86,0.43314,70.676
7777,05/27/2026 12:57:48,3.565,74.241,10.96,0.43096,70.676
7778,05/27/2026 13:07:48,3.574,74.247,11.05,0.43181,70.673
7779,05/27/2026 13:17:48,3.551,74.224,11.05,0.42949,70.673
7780,05/27/2026 13:27:48,3.565,74.234,11.15,0.43097,70.669
7781,05/27/2026 13:37:48,3.559,74.226,11.25,0.43034,70.667
7782,05/27/2026 13:47:48,3.535,74.213,11.35,0.42788,70.678
7783,05/27/2026 13:57:48,3.549,74.236,11.35,0.42929,70.687
7784,05/27/2026 14:07:48,3.550,74.237,11.44,0.42943,70.687
7785,05/27/2026 14:17:48,3.542,74.232,11.44,0.42866,70.690
7786,05/27/2026 14:27:48,3.532,74.202,11.54,0.42754,70.670
7787,05/27/2026 14:37:48,3.545,74.218,11.83,0.42896,70.673
7788,05/27/2026 14:47:48,3.524,74.193,12.03,0.42679,70.669
7789,05/27/2026 14:57:48,3.547,74.213,12.22,0.42912,70.666
7790,05/27/2026 15:07:48,3.536,74.206,12.42,0.42800,70.670
7791,05/27/2026 15:17:48,3.497,74.167,12.61,0.42407,70.670
7792,05/27/2026 15:27:48,3.516,74.173,12.80,0.42605,70.657
7793,05/27/2026 15:37:48,3.520,74.166,13.00,0.42648,70.646
7794,05/27/2026 15:47:48,3.511,74.158,13.09,0.42557,70.647
7795,05/27/2026 15:57:48,3.519,74.155,13.19,0.42635,70.636
7796,05/27/2026 16:07:48,3.525,74.152,13.38,0.42699,70.627
7797,05/27/2026 16:17:48,3.512,74.132,13.57,0.42559,70.620
7798,05/27/2026 16:27:48,3.507,74.129,13.77,0.42518,70.622
7799,05/27/2026 16:37:48,3.499,74.118,13.96,0.42428,70.619
7800,05/27/2026 16:47:48,3.518,74.133,14.15,0.42633,70.615
7801,05/27/2026 16:57:48,3.504,74.112,14.25,0.42486,70.608
7802,05/27/2026 17:07:48,3.494,74.108,14.34,0.42388,70.614
7803,05/27/2026 17:17:48,3.473,74.090,14.34,0.42169,70.617
7804,05/27/2026 17:27:48,3.471,74.091,14.44,0.42149,70.620
7805,05/27/2026 17:37:48,3.470,74.091,14.44,0.42142,70.621
7806,05/27/2026 17:47:48,3.476,74.105,14.44,0.42198,70.629
7807,05/27/2026 17:57:48,3.475,74.109,14.44,0.42191,70.634
7808,05/27/2026 18:07:48,3.503,74.144,14.34,0.42479,70.641
7809,05/27/2026 18:17:48,3.464,74.116,14.25,0.42077,70.652
7810,05/27/2026 18:27:48,3.461,74.130,14.25,0.42042,70.669
7811,05/27/2026 18:37:48,3.478,74.155,14.05,0.42217,70.677
7812,05/27/2026 18:47:48,3.475,74.154,13.96,0.42188,70.679
7813,05/27/2026 18:57:48,3.479,74.171,13.86,0.42230,70.692
7814,05/27/2026 19:07:48,3.459,74.146,13.67,0.42025,70.687
7815,05/27/2026 19:17:48,3.460,74.158,13.48,0.42031,70.698
7816,05/27/2026 19:27:48,3.472,74.174,13.28,0.42157,70.702
7817,05/27/2026 19:37:48,3.473,74.195,13.09,0.42163,70.722
7818,05/27/2026 19:47:48,3.458,74.202,12.90,0.42007,70.744
7819,05/27/2026 19:57:48,3.465,74.209,12.71,0.42077,70.744
7820,05/27/2026 20:07:48,3.465,74.216,12.51,0.42076,70.751
7821,05/27/2026 20:17:48,3.452,74.218,12.32,0.41948,70.766
7822,05/27/2026 20:27:48,3.464,74.247,12.03,0.42066,70.783
7823,05/27/2026 20:37:48,3.466,74.259,11.83,0.42087,70.793
7824,05/27/2026 20:47:48,3.474,74.275,11.64,0.42170,70.801
7825,05/27/2026 20:57:48,3.442,74.241,11.44,0.41846,70.799
7826,05/27/2026 21:07:48,3.471,74.285,11.25,0.42133,70.814
7827,05/27/2026 21:17:48,3.467,74.287,10.96,0.42090,70.820
7828,05/27/2026 21:27:48,3.494,74.325,10.76,0.42371,70.831
7829,05/27/2026 21:37:48,3.472,74.319,10.57,0.42145,70.847
7830,05/27/2026 21:47:48,3.502,74.353,10.37,0.42454,70.851
7831,05/27/2026 21:57:48,3.458,74.315,10.17,0.42003,70.857
7832,05/27/2026 22:07:48,3.480,74.350,9.98,0.42220,70.870
7833,05/27/2026 22:17:48,3.491,74.362,9.78,0.42332,70.871
7834,05/27/2026 22:27:48,3.467,74.346,9.58,0.42092,70.879
7835,05/27/2026 22:37:48,3.485,74.362,9.39,0.42274,70.877
7836,05/27/2026 22:47:48,3.497,74.370,9.19,0.42393,70.873
7837,05/27/2026 22:57:48,3.501,74.368,8.99,0.42435,70.867
7838,05/27/2026 23:07:48,3.499,74.358,8.89,0.42413,70.859
7839,05/27/2026 23:17:48,3.500,74.361,8.69,0.42420,70.861
7840,05/27/2026 23:27:48,3.492,74.355,8.59,0.42342,70.863
7841,05/27/2026 23:37:48,3.503,74.372,8.39,0.42447,70.869
7842,05/27/2026 23:47:48,3.513,74.379,8.19,0.42552,70.866
7843,05/27/2026 23:57:48,3.492,74.351,8.09,0.42341,70.859
7844,05/28/2026 00:07:48,3.527,74.386,7.89,0.42692,70.859
7845,05/28/2026 00:17:48,3.518,74.371,7.79,0.42607,70.853
7846,05/28/2026 00:27:48,3.509,74.374,7.59,0.42508,70.865
7847,05/28/2026 00:37:48,3.541,74.400,7.49,0.42838,70.859
7848,05/28/2026 00:47:48,3.540,74.399,7.29,0.42824,70.859
7849,05/28/2026 00:57:48,3.497,74.357,7.19,0.42388,70.860
7850,05/28/2026 01:07:48,3.481,74.338,7.09,0.42226,70.857
7851,05/28/2026 01:17:48,3.529,74.386,6.89,0.42717,70.857
7852,05/28/2026 01:27:48,3.521,74.372,6.79,0.42633,70.851
7853,05/28/2026 01:37:48,3.518,74.366,6.68,0.42605,70.848
7854,05/28/2026 01:47:48,3.512,74.357,6.58,0.42534,70.845
7855,05/28/2026 01:57:48,3.523,74.365,6.48,0.42646,70.842
7856,05/28/2026 02:07:48,3.509,74.346,6.38,0.42506,70.837
7857,05/28/2026 02:17:48,3.508,74.345,6.28,0.42498,70.837
7858,05/28/2026 02:27:48,3.489,74.326,6.18,0.42308,70.837
7859,05/28/2026 02:37:48,3.509,74.348,6.07,0.42505,70.839
7860,05/28/2026 02:47:48,3.532,74.374,5.97,0.42744,70.842
7861,05/28/2026 02:57:48,3.491,74.343,5.97,0.42322,70.852
7862,05/28/2026 03:07:48,3.530,74.387,5.87,0.42723,70.857
7863,05/28/2026 03:17:48,3.535,74.386,5.77,0.42779,70.851
7864,05/28/2026 03:27:48,3.497,74.358,5.67,0.42392,70.861
7865,05/28/2026 03:37:48,3.521,74.380,5.56,0.42631,70.859
7866,05/28/2026 03:47:48,3.519,74.375,5.46,0.42610,70.856
7867,05/28/2026 03:57:48,3.530,74.392,5.36,0.42722,70.862
7868,05/28/2026 04:07:48,3.522,74.387,5.25,0.42637,70.865
7869,05/28/2026 04:17:48,3.567,74.441,5.15,0.43094,70.874
7870,05/28/2026 04:27:48,3.528,74.404,5.05,0.42693,70.876
7871,05/28/2026 04:37:48,3.526,74.398,4.94,0.42679,70.872
7872,05/28/2026 04:47:48,3.532,74.407,4.84,0.42735,70.875
7873,05/28/2026 04:57:48,3.517,74.393,4.84,0.42588,70.876
7874,05/28/2026 05:07:48,3.522,74.401,4.74,0.42644,70.879
7875,05/28/2026 05:17:48,3.533,74.423,4.63,0.42749,70.890
7876,05/28/2026 05:27:48,3.518,74.418,4.53,0.42594,70.900
7877,05/28/2026 05:37:48,3.533,74.435,4.43,0.42756,70.902
7878,05/28/2026 05:47:48,3.577,74.489,4.32,0.43199,70.912
7879,05/28/2026 05:57:48,3.506,74.416,4.22,0.42475,70.910
7880,05/28/2026 06:07:48,3.551,74.465,4.11,0.42932,70.914
7881,05/28/2026 06:17:48,3.539,74.459,4.01,0.42812,70.920
7882,05/28/2026 06:27:48,3.525,74.455,4.01,0.42664,70.930
7883,05/28/2026 06:37:48,3.538,74.477,3.90,0.42798,70.939
7884,05/28/2026 06:47:48,3.513,74.458,3.80,0.42545,70.945
7885,05/28/2026 06:57:48,3.515,74.471,3.69,0.42566,70.956
7886,05/28/2026 07:07:48,3.524,74.489,3.69,0.42657,70.965
7887,05/28/2026 07:17:48,3.530,74.506,3.59,0.42720,70.976
7888,05/28/2026 07:27:48,3.518,74.493,3.59,0.42594,70.975
7889,05/28/2026 07:37:48,3.518,74.496,3.48,0.42601,70.978
7890,05/28/2026 07:47:48,3.526,74.506,3.48,0.42671,70.980
7891,05/28/2026 07:57:48,3.481,74.466,3.59,0.42214,70.985
7892,05/28/2026 08:07:48,3.476,74.466,3.69,0.42172,70.990
7893,05/28/2026 08:17:48,3.476,74.476,3.80,0.42172,71.000
7894,05/28/2026 08:27:48,3.490,74.491,4.01,0.42313,71.001
7895,05/28/2026 08:37:48,3.484,74.488,4.22,0.42250,71.004
7896,05/28/2026 08:47:48,3.500,74.507,4.32,0.42411,71.007
7897,05/28/2026 08:57:48,3.460,74.464,4.63,0.42004,71.004
7898,05/28/2026 09:07:48,3.482,74.497,4.84,0.42229,71.015
7899,05/28/2026 09:17:48,3.472,74.481,5.05,0.42124,71.009
7900,05/28/2026 09:27:48,3.481,74.487,5.36,0.42223,71.006
7901,05/28/2026 09:37:48,3.462,74.462,5.56,0.42026,71.000
7902,05/28/2026 09:47:48,3.467,74.460,5.87,0.42076,70.993
7903,05/28/2026 09:57:48,3.509,74.490,6.28,0.42505,70.981
7904,05/28/2026 10:07:48,3.476,74.447,6.58,0.42175,70.971
7905,05/28/2026 10:17:48,3.499,74.472,6.89,0.42408,70.973
7906,05/28/2026 10:27:48,3.483,74.439,7.29,0.42247,70.956
7907,05/28/2026 10:37:48,3.463,74.416,7.69,0.42037,70.953
7908,05/28/2026 10:47:48,3.468,74.419,8.09,0.42095,70.951
7909,05/28/2026 10:57:48,3.507,74.454,8.49,0.42496,70.947
7910,05/28/2026 11:07:48,3.472,74.412,8.89,0.42139,70.940
7911,05/28/2026 11:17:48,3.483,74.415,9.19,0.42252,70.932
7912,05/28/2026 11:27:48,3.464,74.390,9.39,0.42056,70.926
7913,05/28/2026 11:37:48,3.477,74.396,9.58,0.42190,70.919
7914,05/28/2026 11:47:48,3.438,74.354,9.98,0.41798,70.916
7915,05/28/2026 11:57:48,3.453,74.360,10.57,0.41948,70.907
7916,05/28/2026 12:07:48,3.470,74.378,11.05,0.42126,70.908
7917,05/28/2026 12:17:48,3.459,74.359,11.44,0.42015,70.900
7918,05/28/2026 12:27:48,3.465,74.340,11.83,0.42080,70.875
7919,05/28/2026 12:37:48,3.449,74.344,12.22,0.41920,70.895
7920,05/28/2026 12:47:48,3.452,74.336,12.71,0.41943,70.884
7921,05/28/2026 12:57:48,3.476,74.344,13.09,0.42198,70.868
7922,05/28/2026 13:07:48,3.433,74.297,13.38,0.41763,70.864
7923,05/28/2026 13:17:48,3.417,74.274,13.77,0.41596,70.857
7924,05/28/2026 13:27:48,3.444,74.291,14.05,0.41872,70.847
7925,05/28/2026 13:37:48,3.426,74.257,14.25,0.41690,70.831
7926,05/28/2026 13:47:48,3.424,74.259,14.44,0.41670,70.835
7927,05/28/2026 13:57:48,3.445,74.256,14.63,0.41890,70.811
7928,05/28/2026 14:07:48,3.413,74.215,15.01,0.41568,70.802
7929,05/28/2026 14:17:48,3.443,74.236,15.20,0.41865,70.793
7930,05/28/2026 14:27:48,3.441,74.228,15.30,0.41844,70.787
7931,05/28/2026 14:37:48,3.418,74.188,15.40,0.41612,70.770
7932,05/28/2026 14:47:48,3.413,74.172,15.59,0.41564,70.759
7933,05/28/2026 14:57:48,3.415,74.166,15.87,0.41587,70.751
7934,05/28/2026 15:07:48,3.401,74.158,15.97,0.41447,70.757
7935,05/28/2026 15:17:48,3.390,74.151,15.78,0.41333,70.761
7936,05/28/2026 15:27:48,3.395,74.135,15.97,0.41390,70.740
7937,05/28/2026 15:37:48,3.398,74.147,16.16,0.41413,70.749
7938,05/28/2026 15:47:48,3.391,74.149,15.97,0.41341,70.758
7939,05/28/2026 15:57:48,3.408,74.149,15.97,0.41517,70.741
7940,05/28/2026 16:07:48,3.382,74.101,16.16,0.41258,70.719
7941,05/28/2026 16:17:48,3.368,74.082,16.06,0.41109,70.714
7942,05/28/2026 16:27:48,3.384,74.104,15.97,0.41271,70.720
7943,05/28/2026 16:37:48,3.387,74.103,15.87,0.41298,70.716
7944,05/28/2026 16:47:48,3.369,74.092,15.78,0.41122,70.723
7945,05/28/2026 16:57:48,3.387,74.128,15.68,0.41297,70.741
7946,05/28/2026 17:07:48,3.362,74.080,15.49,0.41043,70.718
7947,05/28/2026 17:17:48,3.358,74.092,15.30,0.40999,70.734
7948,05/28/2026 17:27:48,3.374,74.104,15.20,0.41168,70.730
7949,05/28/2026 17:37:48,3.371,74.088,15.01,0.41139,70.717
7950,05/28/2026 17:47:48,3.372,74.096,14.92,0.41145,70.724
7951,05/28/2026 17:57:48,3.391,74.109,14.82,0.41335,70.718
7952,05/28/2026 18:07:48,3.395,74.107,14.63,0.41376,70.712
7953,05/28/2026 18:17:48,3.391,74.136,14.44,0.41340,70.745
7954,05/28/2026 18:27:48,3.399,74.122,14.34,0.41416,70.723
7955,05/28/2026 18:37:48,3.378,74.105,14.05,0.41197,70.727
7956,05/28/2026 18:47:48,3.385,74.094,13.86,0.41266,70.709
7957,05/28/2026 18:57:48,3.385,74.115,13.67,0.41265,70.730
7958,05/28/2026 19:07:48,3.394,74.144,13.48,0.41363,70.750
7959,05/28/2026 19:17:48,3.392,74.114,13.19,0.41340,70.722
7960,05/28/2026 19:27:48,3.418,74.139,13.00,0.41607,70.721
7961,05/28/2026 19:37:48,3.426,74.172,12.71,0.41690,70.746
7962,05/28/2026 19:47:48,3.398,74.143,12.51,0.41400,70.745
7963,05/28/2026 19:57:48,3.427,74.173,12.32,0.41695,70.746
7964,05/28/2026 20:07:48,3.421,74.162,12.12,0.41631,70.741
7965,05/28/2026 20:17:48,3.431,74.169,11.93,0.41728,70.738
7966,05/28/2026 20:27:48,3.463,74.208,11.74,0.42058,70.745
7967,05/28/2026 20:37:48,3.438,74.192,11.54,0.41804,70.754
7968,05/28/2026 20:47:48,3.463,74.222,11.35,0.42056,70.759
7969,05/28/2026 20:57:48,3.457,74.219,11.05,0.41999,70.762
7970,05/28/2026 21:07:48,3.511,74.282,10.96,0.42540,70.771
7971,05/28/2026 21:17:48,3.468,74.244,10.76,0.42103,70.776
7972,05/28/2026 21:27:48,3.448,74.237,10.57,0.41906,70.789
7973,05/28/2026 21:37:48,3.452,74.255,10.47,0.41933,70.803
7974,05/28/2026 21:47:48,3.477,74.289,10.27,0.42193,70.812
7975,05/28/2026 21:57:48,3.474,74.278,10.08,0.42164,70.804
7976,05/28/2026 22:07:48,3.505,74.309,9.98,0.42480,70.804
7977,05/28/2026 22:17:48,3.488,74.294,9.78,0.42297,70.806
7978,05/28/2026 22:27:48,3.479,74.296,9.58,0.42212,70.817
7979,05/28/2026 22:37:48,3.492,74.309,9.48,0.42345,70.817
7980,05/28/2026 22:47:48,3.519,74.330,9.29,0.42619,70.811
7981,05/28/2026 22:57:48,3.504,74.311,9.19,0.42463,70.807
7982,05/28/2026 23:07:48,3.502,74.318,8.99,0.42442,70.816
7983,05/28/2026 23:17:48,3.500,74.317,8.89,0.42427,70.817
7984,05/28/2026 23:27:48,3.490,74.311,8.69,0.42321,70.821
7985,05/28/2026 23:37:48,3.532,74.351,8.59,0.42743,70.819
7986,05/28/2026 23:47:48,3.518,74.326,8.39,0.42609,70.808
7987,05/28/2026 23:57:48,3.503,74.307,8.29,0.42454,70.804
7988,05/29/2026 00:07:48,3.517,74.325,8.19,0.42594,70.808
7989,05/29/2026 00:17:48,3.509,74.323,7.99,0.42509,70.814
7990,05/29/2026 00:27:48,3.518,74.331,7.89,0.42607,70.813
7991,05/29/2026 00:37:48,3.496,74.303,7.79,0.42382,70.807
7992,05/29/2026 00:47:48,3.508,74.320,7.69,0.42508,70.812
7993,05/29/2026 00:57:48,3.520,74.328,7.49,0.42620,70.808
7994,05/29/2026 01:07:48,3.489,74.295,7.39,0.42311,70.806
7995,05/29/2026 01:17:48,3.493,74.290,7.29,0.42346,70.797
7996,05/29/2026 01:27:48,3.524,74.316,7.19,0.42662,70.792
7997,05/29/2026 01:37:48,3.518,74.302,7.09,0.42598,70.784
7998,05/29/2026 01:47:48,3.538,74.311,7.09,0.42802,70.773
7999,05/29/2026 01:57:48,3.507,74.265,6.99,0.42486,70.758
8000,05/29/2026 02:07:48,3.494,74.241,6.89,0.42359,70.747
8001,05/29/2026 02:17:48,3.504,74.263,6.79,0.42457,70.759
8002,05/29/2026 02:27:48,3.509,74.267,6.68,0.42506,70.758
8003,05/29/2026 02:37:48,3.513,74.262,6.68,0.42555,70.749
8004,05/29/2026 02:47:48,3.516,74.284,6.58,0.42583,70.768
8005,05/29/2026 02:57:48,3.494,74.265,6.48,0.42358,70.771
8006,05/29/2026 03:07:48,3.521,74.292,6.38,0.42625,70.771
8007,05/29/2026 03:17:48,3.488,74.255,6.38,0.42295,70.767
8008,05/29/2026 03:27:48,3.498,74.255,6.28,0.42393,70.757
8009,05/29/2026 03:37:48,3.492,74.272,6.18,0.42336,70.780
8010,05/29/2026 03:47:48,3.524,74.308,6.18,0.42660,70.784
8011,05/29/2026 03:57:48,3.472,74.244,6.07,0.42132,70.772
8012,05/29/2026 04:07:48,3.509,74.285,6.07,0.42505,70.776
8013,05/29/2026 04:17:48,3.487,74.266,5.97,0.42280,70.779
8014,05/29/2026 04:27:48,3.496,74.275,5.97,0.42371,70.779
8015,05/29/2026 04:37:48,3.485,74.247,5.87,0.42259,70.762
8016,05/29/2026 04:47:48,3.523,74.279,5.87,0.42645,70.756
8017,05/29/2026 04:57:48,3.486,74.242,5.77,0.42265,70.756
8018,05/29/2026 05:07:48,3.506,74.264,5.77,0.42476,70.758
8019,05/29/2026 05:17:48,3.476,74.232,5.67,0.42167,70.756
8020,05/29/2026 05:27:48,3.486,74.245,5.67,0.42272,70.759
8021,05/29/2026 05:37:48,3.498,74.254,5.56,0.42392,70.756
8022,05/29/2026 05:47:48,3.481,74.231,5.56,0.42223,70.750
8023,05/29/2026 05:57:48,3.474,74.221,5.46,0.42152,70.747
8024,05/29/2026 06:07:48,3.498,74.239,5.46,0.42399,70.741
8025,05/29/2026 06:17:48,3.463,74.220,5.36,0.42040,70.757
8026,05/29/2026 06:27:48,3.501,74.261,5.36,0.42427,70.760
8027,05/29/2026 06:37:48,3.499,74.265,5.25,0.42405,70.766
8028,05/29/2026 06:47:48,3.526,74.292,5.25,0.42680,70.766
8029,05/29/2026 06:57:48,3.478,74.246,5.15,0.42187,70.768
8030,05/29/2026 07:07:48,3.464,74.223,5.15,0.42047,70.759
8031,05/29/2026 07:17:48,3.467,74.219,5.15,0.42075,70.752
8032,05/29/2026 07:27:48,3.478,74.223,5.15,0.42194,70.745
8033,05/29/2026 07:37:48,3.470,74.214,5.15,0.42110,70.744
8034,05/29/2026 07:47:48,3.461,74.210,5.15,0.42011,70.749
8035,05/29/2026 07:57:48,3.482,74.232,5.15,0.42236,70.750
8036,05/29/2026 08:07:48,3.468,74.215,5.25,0.42089,70.747
8037,05/29/2026 08:17:48,3.469,74.216,5.36,0.42096,70.747
8038,05/29/2026 08:27:48,3.465,74.212,5.46,0.42061,70.747
8039,05/29/2026 08:37:48,3.468,74.218,5.67,0.42089,70.750
8040,05/29/2026 08:47:48,3.455,74.193,5.87,0.41963,70.737
8041,05/29/2026 08:57:48,3.452,74.185,6.07,0.41928,70.733
8042,05/29/2026 09:07:48,3.465,74.187,6.28,0.42055,70.722
8043,05/29/2026 09:17:48,3.446,74.157,6.48,0.41859,70.711
8044,05/29/2026 09:27:48,3.452,74.159,6.79,0.41930,70.707
8045,05/29/2026 09:37:48,3.476,74.170,6.99,0.42169,70.694
8046,05/29/2026 09:47:48,3.493,74.179,6.99,0.42345,70.686
8047,05/29/2026 09:57:48,3.457,74.138,6.99,0.41979,70.681
8048,05/29/2026 10:07:48,3.471,74.143,6.99,0.42127,70.671
8049,05/29/2026 10:17:48,3.453,74.116,7.09,0.41937,70.663
8050,05/29/2026 10:27:48,3.462,74.101,7.49,0.42037,70.639
8051,05/29/2026 10:37:48,3.452,74.086,7.79,0.41925,70.634
8052,05/29/2026 10:47:48,3.454,74.088,8.09,0.41954,70.634
8053,05/29/2026 10:57:48,3.479,74.112,8.19,0.42207,70.633
8054,05/29/2026 11:07:48,3.481,74.095,8.39,0.42229,70.614
8055,05/29/2026 11:17:48,3.469,74.072,8.79,0.42104,70.603
8056,05/29/2026 11:27:48,3.479,74.073,8.89,0.42202,70.594
8057,05/29/2026 11:37:48,3.438,74.027,8.89,0.41794,70.589
8058,05/29/2026 11:47:48,3.461,74.049,9.29,0.42028,70.588
8059,05/29/2026 11:57:48,3.466,74.045,9.39,0.42077,70.579
8060,05/29/2026 12:07:48,3.434,73.997,9.58,0.41754,70.563
8061,05/29/2026 12:17:48,3.457,74.003,10.17,0.41982,70.546
8062,05/29/2026 12:27:48,3.471,74.024,10.47,0.42130,70.553
8063,05/29/2026 12:37:48,3.469,74.019,10.47,0.42109,70.550
8064,05/29/2026 12:47:48,3.467,74.003,10.66,0.42089,70.536
8065,05/29/2026 12:57:48,3.465,73.995,10.76,0.42068,70.530
8066,05/29/2026 13:07:48,3.460,73.977,10.86,0.42026,70.517
8067,05/29/2026 13:17:48,3.461,73.960,10.96,0.42034,70.499
8068,05/29/2026 13:27:48,3.433,73.925,11.05,0.41746,70.492
8069,05/29/2026 13:37:48,3.444,73.920,11.05,0.41865,70.476
8070,05/29/2026 13:47:48,3.433,73.903,11.15,0.41746,70.470
8071,05/29/2026 13:57:48,3.447,73.912,11.15,0.41894,70.465
8072,05/29/2026 14:07:48,3.447,73.908,11.15,0.41887,70.461
8073,05/29/2026 14:17:48,3.454,73.902,11.44,0.41958,70.448
8074,05/29/2026 14:27:48,3.439,73.893,11.54,0.41811,70.454
8075,05/29/2026 14:37:48,3.434,73.880,11.54,0.41755,70.446
8076,05/29/2026 14:47:48,3.428,73.858,11.64,0.41699,70.430
8077,05/29/2026 14:57:48,3.433,73.866,11.54,0.41748,70.433
8078,05/29/2026 15:07:48,3.422,73.856,11.44,0.41635,70.434
8079,05/29/2026 15:17:48,3.424,73.829,11.44,0.41656,70.405
8080,05/29/2026 15:27:48,3.400,73.797,11.44,0.41417,70.397
8081,05/29/2026 15:37:48,3.417,73.780,11.54,0.41586,70.363
8082,05/29/2026 15:47:48,3.438,73.799,11.64,0.41804,70.361
8083,05/29/2026 15:57:48,3.408,73.749,11.64,0.41495,70.341
8084,05/29/2026 16:07:48,3.408,73.749,11.64,0.41495,70.341
8085,05/29/2026 16:17:48,3.401,73.727,11.64,0.41417,70.326
8086,05/29/2026 16:27:48,3.433,73.754,11.64,0.41748,70.321
8087,05/29/2026 16:37:48,3.417,73.731,11.64,0.41586,70.314
8088,05/29/2026 16:47:48,3.422,73.724,11.83,0.41636,70.302
8089,05/29/2026 16:57:48,3.408,73.715,11.83,0.41496,70.307
8090,05/29/2026 17:07:48,3.398,73.697,11.83,0.41390,70.299
8091,05/29/2026 17:17:48,3.378,73.680,11.93,0.41187,70.302
8092,05/29/2026 17:27:48,3.405,73.711,11.93,0.41468,70.306
8093,05/29/2026 17:37:48,3.391,73.692,11.83,0.41327,70.301
8094,05/29/2026 17:47:48,3.399,73.700,11.74,0.41404,70.301
8095,05/29/2026 17:57:48,3.394,73.696,11.74,0.41348,70.302
8096,05/29/2026 18:07:48,3.397,73.709,11.64,0.41375,70.312
8097,05/29/2026 18:17:48,3.382,73.680,11.54,0.41234,70.298
8098,05/29/2026 18:27:48,3.376,73.676,11.54,0.41164,70.300
8099,05/29/2026 18:37:48,3.374,73.698,11.44,0.41142,70.324
8100,05/29/2026 18:47:48,3.368,73.670,11.44,0.41086,70.302
8101,05/29/2026 18:57:48,3.379,73.670,11.44,0.41199,70.291
8102,05/29/2026 19:07:48,3.385,73.661,11.44,0.41262,70.276
8103,05/29/2026 19:17:48,3.363,73.642,11.35,0.41036,70.279
8104,05/29/2026 19:27:48,3.353,73.641,11.25,0.40938,70.288
8105,05/29/2026 19:37:48,3.369,73.667,11.05,0.41092,70.298
8106,05/29/2026 19:47:48,3.356,73.657,10.96,0.40957,70.301
8107,05/29/2026 19:57:48,3.364,73.677,10.76,0.41048,70.313
8108,05/29/2026 20:07:48,3.380,73.698,10.57,0.41209,70.318
8109,05/29/2026 20:17:48,3.366,73.693,10.47,0.41061,70.327
8110,05/29/2026 20:27:48,3.374,73.696,10.27,0.41145,70.321
8111,05/29/2026 20:37:48,3.360,73.695,10.17,0.40997,70.335
8112,05/29/2026 20:47:48,3.401,73.738,9.98,0.41418,70.337
8113,05/29/2026 20:57:48,3.382,73.736,9.78,0.41227,70.354
8114,05/29/2026 21:07:48,3.374,73.725,9.58,0.41142,70.351
8115,05/29/2026 21:17:48,3.374,73.734,9.48,0.41135,70.360
8116,05/29/2026 21:27:48,3.362,73.736,9.29,0.41022,70.374
8117,05/29/2026 21:37:48,3.358,73.739,9.09,0.40979,70.381
8118,05/29/2026 21:47:48,3.372,73.761,8.99,0.41119,70.389
8119,05/29/2026 21:57:48,3.386,73.782,8.79,0.41260,70.396
8120,05/29/2026 22:07:48,3.401,73.816,8.59,0.41414,70.415
8121,05/29/2026 22:17:48,3.397,73.811,8.49,0.41371,70.414
8122,05/29/2026 22:27:48,3.403,73.836,8.29,0.41434,70.433
8123,05/29/2026 22:37:48,3.392,73.812,8.09,0.41321,70.420
8124,05/29/2026 22:47:48,3.390,73.811,7.99,0.41300,70.421
8125,05/29/2026 22:57:48,3.413,73.832,7.79,0.41531,70.419
8126,05/29/2026 23:07:48,3.421,73.818,7.69,0.41608,70.397
8127,05/29/2026 23:17:48,3.403,73.802,7.49,0.41432,70.399
8128,05/29/2026 23:27:48,3.409,73.815,7.39,0.41495,70.406
8129,05/29/2026 23:37:48,3.423,73.823,7.19,0.41628,70.400
8130,05/29/2026 23:47:48,3.406,73.804,7.09,0.41459,70.398
8131,05/29/2026 23:57:48,3.407,73.788,6.89,0.41473,70.381
8132,05/30/2026 00:07:48,3.423,73.801,6.79,0.41634,70.378
8133,05/30/2026 00:17:48,3.413,73.769,6.68,0.41529,70.356
8134,05/30/2026 00:27:48,3.415,73.776,6.48,0.41549,70.361
8135,05/30/2026 00:37:48,3.428,73.803,6.38,0.41676,70.375
8136,05/30/2026 00:47:48,3.436,73.802,6.28,0.41760,70.366
8137,05/30/2026 00:57:48,3.437,73.805,6.07,0.41774,70.368
8138,05/30/2026 01:07:48,3.437,73.804,5.97,0.41773,70.367
8139,05/30/2026 01:17:48,3.424,73.799,5.87,0.41640,70.375
8140,05/30/2026 01:27:48,3.434,73.807,5.77,0.41738,70.373
8141,05/30/2026 01:37:48,3.441,73.810,5.56,0.41815,70.369
8142,05/30/2026 01:47:48,3.432,73.805,5.46,0.41717,70.373
8143,05/30/2026 01:57:48,3.434,73.804,5.36,0.41737,70.370
8144,05/30/2026 02:07:48,3.439,73.821,5.25,0.41794,70.382
8145,05/30/2026 02:17:48,3.420,73.789,5.15,0.41597,70.369
8146,05/30/2026 02:27:48,3.445,73.797,5.05,0.41850,70.352
8147,05/30/2026 02:37:48,3.427,73.786,4.84,0.41674,70.359
8148,05/30/2026 02:47:48,3.450,73.808,4.74,0.41906,70.358
8149,05/30/2026 02:57:48,3.437,73.808,4.63,0.41765,70.371
8150,05/30/2026 03:07:48,3.416,73.793,4.53,0.41561,70.377
8151,05/30/2026 03:17:48,3.431,73.806,4.43,0.41708,70.375
8152,05/30/2026 03:27:48,3.431,73.797,4.43,0.41708,70.366
8153,05/30/2026 03:37:48,3.442,73.818,4.22,0.41821,70.376
8154,05/30/2026 03:47:48,3.411,73.791,4.22,0.41504,70.380
8155,05/30/2026 03:57:48,3.454,73.849,4.11,0.41947,70.395
8156,05/30/2026 04:07:48,3.435,73.830,4.01,0.41750,70.395
8157,05/30/2026 04:17:48,3.442,73.839,3.90,0.41821,70.397
8158,05/30/2026 04:27:48,3.454,73.842,3.80,0.41947,70.388
8159,05/30/2026 04:37:48,3.435,73.828,3.69,0.41750,70.393
8160,05/30/2026 04:47:48,3.414,73.800,3.59,0.41539,70.386
8161,05/30/2026 04:57:48,3.470,73.854,3.48,0.42109,70.384
8162,05/30/2026 05:07:48,3.424,73.808,3.38,0.41638,70.384
8163,05/30/2026 05:17:48,3.461,73.843,3.27,0.42017,70.382
8164,05/30/2026 05:27:48,3.451,73.843,3.16,0.41912,70.392
8165,05/30/2026 05:37:48,3.439,73.825,3.16,0.41785,70.386
8166,05/30/2026 05:47:48,3.437,73.828,3.06,0.41771,70.391
8167,05/30/2026 05:57:48,3.434,73.837,2.95,0.41736,70.403
8168,05/30/2026 06:07:48,3.443,73.850,2.85,0.41827,70.407
8169,05/30/2026 06:17:48,3.435,73.849,2.74,0.41750,70.414
8170,05/30/2026 06:27:48,3.413,73.831,2.74,0.41525,70.418
8171,05/30/2026 06:37:48,3.436,73.866,2.63,0.41764,70.430
8172,05/30/2026 06:47:48,3.426,73.861,2.53,0.41659,70.435
8173,05/30/2026 06:57:48,3.420,73.879,2.53,0.41602,70.459
8174,05/30/2026 07:07:48,3.418,73.874,2.42,0.41574,70.456
8175,05/30/2026 07:17:48,3.411,73.883,2.42,0.41504,70.472
8176,05/30/2026 07:27:48,3.417,73.891,2.31,0.41567,70.474
8177,05/30/2026 07:37:48,3.453,73.923,2.31,0.41933,70.470
8178,05/30/2026 07:47:48,3.425,73.891,2.31,0.41652,70.466
8179,05/30/2026 07:57:48,3.400,73.878,2.42,0.41398,70.478
8180,05/30/2026 08:07:48,3.408,73.884,2.53,0.41469,70.476
8181,05/30/2026 08:17:48,3.387,73.853,2.63,0.41258,70.466
8182,05/30/2026 08:27:48,3.423,73.895,2.85,0.41623,70.472
8183,05/30/2026 08:37:48,3.415,73.900,2.95,0.41546,70.485
8184,05/30/2026 08:47:48,3.393,73.870,3.16,0.41321,70.477
8185,05/30/2026 08:57:48,3.396,73.885,3.38,0.41349,70.489
8186,05/30/2026 09:07:48,3.399,73.891,3.59,0.41377,70.492
8187,05/30/2026 09:17:48,3.382,73.879,3.80,0.41209,70.497
8188,05/30/2026 09:27:48,3.395,73.894,4.11,0.41350,70.499
8189,05/30/2026 09:37:48,3.392,73.904,4.22,0.41314,70.512
8190,05/30/2026 09:47:48,3.366,73.878,4.43,0.41054,70.512
8191,05/30/2026 09:57:48,3.416,73.939,4.63,0.41554,70.523
8192,05/30/2026 10:07:48,3.384,73.909,4.84,0.41231,70.525
8193,05/30/2026 10:17:48,3.389,73.916,5.25,0.41287,70.527
8194,05/30/2026 10:27:48,3.421,73.959,5.56,0.41611,70.538
8195,05/30/2026 10:37:48,3.408,73.946,5.67,0.41485,70.538
8196,05/30/2026 10:47:48,3.402,73.939,5.87,0.41415,70.537
8197,05/30/2026 10:57:48,3.390,73.932,6.18,0.41296,70.542
8198,05/30/2026 11:07:48,3.413,73.954,6.58,0.41528,70.541
8199,05/30/2026 11:17:48,3.412,73.962,7.09,0.41522,70.550
8200,05/30/2026 11:27:48,3.417,73.979,7.49,0.41573,70.562
8201,05/30/2026 11:37:48,3.390,73.945,7.69,0.41292,70.555
8202,05/30/2026 11:47:48,3.440,73.998,8.09,0.41806,70.558
8203,05/30/2026 11:57:48,3.408,73.949,8.69,0.41477,70.541
8204,05/30/2026 12:07:48,3.386,73.938,9.09,0.41267,70.552
8205,05/30/2026 12:17:48,3.372,73.945,9.29,0.41113,70.573
8206,05/30/2026 12:27:48,3.381,73.935,9.68,0.41206,70.554
8207,05/30/2026 12:37:48,3.409,73.982,9.88,0.41495,70.573
8208,05/30/2026 12:47:48,3.388,73.965,9.98,0.41277,70.577
8209,05/30/2026 12:57:48,3.372,73.960,9.98,0.41123,70.588
8210,05/30/2026 13:07:48,3.404,74.002,10.08,0.41447,70.598
8211,05/30/2026 13:17:48,3.372,73.989,10.17,0.41123,70.617
8212,05/30/2026 13:27:48,3.384,74.034,10.17,0.41250,70.650
8213,05/30/2026 13:37:48,3.386,74.043,10.17,0.41271,70.657
8214,05/30/2026 13:47:48,3.391,74.059,10.37,0.41314,70.668
8215,05/30/2026 13:57:48,3.382,74.039,10.66,0.41224,70.657
8216,05/30/2026 14:07:48,3.372,74.025,11.05,0.41120,70.653
8217,05/30/2026 14:17:48,3.376,74.006,11.44,0.41163,70.630
8218,05/30/2026 14:27:48,3.388,74.012,11.64,0.41291,70.624
8219,05/30/2026 14:37:48,3.388,74.010,11.83,0.41285,70.622
8220,05/30/2026 14:47:48,3.392,74.012,12.12,0.41335,70.620
8221,05/30/2026 14:57:48,3.354,73.972,12.12,0.40941,70.618
8222,05/30/2026 15:07:48,3.366,73.981,12.12,0.41068,70.615
8223,05/30/2026 15:17:48,3.366,73.977,12.22,0.41068,70.611
8224,05/30/2026 15:27:48,3.341,73.976,12.12,0.40815,70.635
8225,05/30/2026 15:37:48,3.353,73.975,12.03,0.40934,70.622
8226,05/30/2026 15:47:48,3.356,73.984,12.03,0.40969,70.628
8227,05/30/2026 15:57:48,3.349,73.974,11.93,0.40898,70.625
8228,05/30/2026 16:07:48,3.362,73.996,11.83,0.41024,70.634
8229,05/30/2026 16:17:48,3.348,73.978,11.83,0.40884,70.630
8230,05/30/2026 16:27:48,3.346,73.978,11.83,0.40863,70.632
8231,05/30/2026 16:37:48,3.351,73.982,11.83,0.40919,70.631
8232,05/30/2026 16:47:48,3.373,74.014,11.83,0.41137,70.641
8233,05/30/2026 16:57:48,3.363,74.018,11.74,0.41031,70.655
8234,05/30/2026 17:07:48,3.342,73.994,11.64,0.40820,70.652
8235,05/30/2026 17:17:48,3.344,73.994,11.64,0.40841,70.650
8236,05/30/2026 17:27:48,3.347,74.002,11.54,0.40875,70.655
8237,05/30/2026 17:37:48,3.359,74.020,11.54,0.40995,70.661
8238,05/30/2026 17:47:48,3.347,74.015,11.44,0.40868,70.668
8239,05/30/2026 17:57:48,3.354,74.014,11.35,0.40938,70.660
8240,05/30/2026 18:07:48,3.336,74.000,11.35,0.40762,70.664
8241,05/30/2026 18:17:48,3.337,74.000,11.35,0.40769,70.663
8242,05/30/2026 18:27:48,3.331,73.995,11.25,0.40705,70.664
8243,05/30/2026 18:37:48,3.323,73.997,11.05,0.40627,70.674
8244,05/30/2026 18:47:48,3.331,74.010,10.96,0.40704,70.679
8245,05/30/2026 18:57:48,3.337,74.027,10.86,0.40767,70.690
8246,05/30/2026 19:07:48,3.347,74.048,10.66,0.40865,70.701
8247,05/30/2026 19:17:48,3.334,74.029,10.57,0.40738,70.695
8248,05/30/2026 19:27:48,3.346,74.041,10.37,0.40857,70.695
8249,05/30/2026 19:37:48,3.348,74.062,10.17,0.40870,70.714
8250,05/30/2026 19:47:48,3.348,74.065,10.08,0.40877,70.717
8251,05/30/2026 19:57:48,3.354,74.077,9.88,0.40939,70.723
8252,05/30/2026 20:07:48,3.350,74.080,9.68,0.40890,70.730
8253,05/30/2026 20:17:48,3.349,74.079,9.58,0.40882,70.730
8254,05/30/2026 20:27:48,3.325,74.050,9.39,0.40635,70.725
8255,05/30/2026 20:37:48,3.384,74.117,9.29,0.41240,70.733
8256,05/30/2026 20:47:48,3.344,74.074,9.09,0.40838,70.730
8257,05/30/2026 20:57:48,3.348,74.087,8.99,0.40873,70.739
8258,05/30/2026 21:07:48,3.334,74.099,8.79,0.40725,70.765
8259,05/30/2026 21:17:48,3.378,74.152,8.69,0.41182,70.774
8260,05/30/2026 21:27:48,3.353,74.142,8.49,0.40921,70.789
8261,05/30/2026 21:37:48,3.348,74.136,8.39,0.40872,70.788
8262,05/30/2026 21:47:48,3.331,74.130,8.19,0.40695,70.799
8263,05/30/2026 21:57:48,3.334,74.133,7.99,0.40723,70.799
8264,05/30/2026 22:07:48,3.357,74.168,7.89,0.40962,70.811
8265,05/30/2026 22:17:48,3.366,74.189,7.69,0.41053,70.823
8266,05/30/2026 22:27:48,3.348,74.175,7.59,0.40863,70.827
8267,05/30/2026 22:37:48,3.378,74.218,7.39,0.41179,70.840
8268,05/30/2026 22:47:48,3.360,74.190,7.29,0.40995,70.830
8269,05/30/2026 22:57:48,3.368,74.202,7.09,0.41072,70.834
8270,05/30/2026 23:07:48,3.355,74.192,6.99,0.40939,70.837
8271,05/30/2026 23:17:48,3.356,74.187,6.89,0.40945,70.831
8272,05/30/2026 23:27:48,3.390,74.231,6.79,0.41297,70.841
8273,05/30/2026 23:37:48,3.374,74.203,6.68,0.41135,70.829
8274,05/30/2026 23:47:48,3.371,74.202,6.48,0.41099,70.831
8275,05/30/2026 23:57:48,3.367,74.206,6.38,0.41057,70.839
8276,05/31/2026 00:07:48,3.377,74.205,6.28,0.41162,70.828
8277,05/31/2026 00:17:48,3.365,74.199,6.07,0.41035,70.834
8278,05/31/2026 00:27:48,3.388,74.216,5.97,0.41274,70.828
8279,05/31/2026 00:37:48,3.377,74.206,5.87,0.41162,70.829
8280,05/31/2026 00:47:48,3.386,74.210,5.77,0.41253,70.824
8281,05/31/2026 00:57:48,3.388,74.213,5.56,0.41274,70.825
8282,05/31/2026 01:07:48,3.391,74.212,5.46,0.41302,70.821
8283,05/31/2026 01:17:48,3.366,74.185,5.46,0.41049,70.819
8284,05/31/2026 01:27:48,3.378,74.198,5.36,0.41168,70.820
8285,05/31/2026 01:37:48,3.383,74.197,5.25,0.41217,70.814
8286,05/31/2026 01:47:48,3.363,74.178,5.15,0.41020,70.815
8287,05/31/2026 01:57:48,3.394,74.204,5.05,0.41336,70.810
8288,05/31/2026 02:07:48,3.388,74.194,4.84,0.41273,70.806
8289,05/31/2026 02:17:48,3.394,74.203,4.84,0.41329,70.809
8290,05/31/2026 02:27:48,3.393,74.202,4.74,0.41322,70.809
8291,05/31/2026 02:37:48,3.364,74.165,4.63,0.41026,70.801
8292,05/31/2026 02:47:48,3.389,74.192,4.53,0.41280,70.803
8293,05/31/2026 02:57:48,3.387,74.182,4.43,0.41258,70.795
8294,05/31/2026 03:07:48,3.367,74.163,4.32,0.41054,70.796
8295,05/31/2026 03:17:48,3.402,74.189,4.22,0.41420,70.787
8296,05/31/2026 03:27:48,3.377,74.170,4.11,0.41167,70.793
8297,05/31/2026 03:37:48,3.395,74.192,4.01,0.41349,70.797
8298,05/31/2026 03:47:48,3.387,74.183,3.90,0.41258,70.796
8299,05/31/2026 03:57:48,3.382,74.173,3.80,0.41209,70.791
8300,05/31/2026 04:07:48,3.389,74.181,3.69,0.41279,70.792
8301,05/31/2026 04:17:48,3.380,74.177,3.69,0.41188,70.797
8302,05/31/2026 04:27:48,3.402,74.198,3.59,0.41420,70.796
8303,05/31/2026 04:37:48,3.380,74.180,3.48,0.41188,70.800
8304,05/31/2026 04:47:48,3.386,74.179,3.38,0.41251,70.793
8305,05/31/2026 04:57:48,3.393,74.192,3.27,0.41321,70.799
8306,05/31/2026 05:07:48,3.411,74.209,3.16,0.41511,70.798
8307,05/31/2026 05:17:48,3.383,74.186,3.06,0.41216,70.803
8308,05/31/2026 05:27:48,3.387,74.185,2.95,0.41265,70.798
8309,05/31/2026 05:37:48,3.383,74.184,2.85,0.41223,70.801
8310,05/31/2026 05:47:48,3.409,74.220,2.74,0.41483,70.811
8311,05/31/2026 05:57:48,3.394,74.211,2.74,0.41328,70.817
8312,05/31/2026 06:07:48,3.383,74.201,2.63,0.41223,70.818
8313,05/31/2026 06:17:48,3.395,74.214,2.53,0.41342,70.819
8314,05/31/2026 06:27:48,3.396,74.222,2.42,0.41356,70.826
8315,05/31/2026 06:37:48,3.401,74.236,2.42,0.41406,70.835
8316,05/31/2026 06:47:48,3.409,74.249,2.31,0.41483,70.840
8317,05/31/2026 06:57:48,3.398,74.244,2.20,0.41370,70.846
8318,05/31/2026 07:07:48,3.380,74.235,2.20,0.41188,70.855
8319,05/31/2026 07:17:48,3.400,74.266,2.10,0.41392,70.866
8320,05/31/2026 07:27:48,3.405,74.279,2.10,0.41448,70.874
8321,05/31/2026 07:37:48,3.386,74.261,2.10,0.41251,70.875
8322,05/31/2026 07:47:48,3.356,74.234,2.10,0.40942,70.878
8323,05/31/2026 07:57:48,3.375,74.262,2.20,0.41138,70.887
8324,05/31/2026 08:07:48,3.369,74.267,2.31,0.41075,70.898
8325,05/31/2026 08:17:48,3.355,74.268,2.53,0.40934,70.913
8326,05/31/2026 08:27:48,3.342,74.261,2.74,0.40801,70.919
8327,05/31/2026 08:37:48,3.359,74.289,2.95,0.40977,70.930
8328,05/31/2026 08:47:48,3.330,74.273,3.16,0.40674,70.943
8329,05/31/2026 08:57:48,3.351,74.291,3.27,0.40899,70.940
8330,05/31/2026 09:07:48,3.355,74.301,3.38,0.40934,70.946
8331,05/31/2026 09:17:48,3.327,74.275,3.59,0.40653,70.948
8332,05/31/2026 09:27:48,3.353,74.313,3.80,0.40913,70.960
8333,05/31/2026 09:37:48,3.380,74.328,4.01,0.41188,70.948
8334,05/31/2026 09:47:48,3.354,74.293,4.11,0.40921,70.939
8335,05/31/2026 09:57:48,3.356,74.294,4.32,0.40949,70.938
8336,05/31/2026 10:07:48,3.368,74.318,4.53,0.41069,70.950
8337,05/31/2026 10:17:48,3.370,74.325,4.84,0.41090,70.955
8338,05/31/2026 10:27:48,3.351,74.301,5.25,0.40894,70.950
8339,05/31/2026 10:37:48,3.364,74.318,5.67,0.41028,70.954
8340,05/31/2026 10:47:48,3.351,74.303,6.07,0.40895,70.952
8341,05/31/2026 10:57:48,3.357,74.329,6.48,0.40952,70.972
8342,05/31/2026 11:07:48,3.364,74.322,6.79,0.41030,70.958
8343,05/31/2026 11:17:48,3.351,74.307,7.19,0.40897,70.956
8344,05/31/2026 11:27:48,3.342,74.301,7.59,0.40813,70.959
8345,05/31/2026 11:37:48,3.356,74.322,7.89,0.40955,70.966
8346,05/31/2026 11:47:48,3.342,74.301,8.09,0.40808,70.959
8347,05/31/2026 11:57:48,3.328,74.287,8.49,0.40661,70.959
8348,05/31/2026 12:07:48,3.339,74.286,8.89,0.40775,70.947
8349,05/31/2026 12:17:48,3.356,74.304,9.39,0.40952,70.948
8350,05/31/2026 12:27:48,3.343,74.285,9.88,0.40827,70.942
8351,05/31/2026 12:37:48,3.326,74.254,10.37,0.40653,70.928
8352,05/31/2026 12:47:48,3.370,74.299,10.86,0.41105,70.929
8353,05/31/2026 12:57:48,3.342,74.263,11.35,0.40818,70.921
8354,05/31/2026 13:07:48,3.313,74.250,11.83,0.40525,70.937
8355,05/31/2026 13:17:48,3.345,74.282,12.32,0.40851,70.937
8356,05/31/2026 13:27:48,3.309,74.231,12.71,0.40494,70.922
8357,05/31/2026 13:37:48,3.334,74.258,13.09,0.40749,70.924
8358,05/31/2026 13:47:48,3.328,74.249,13.48,0.40680,70.921
8359,05/31/2026 13:57:48,3.346,74.271,13.86,0.40872,70.925
8360,05/31/2026 14:07:48,3.306,74.223,14.05,0.40465,70.917
8361,05/31/2026 14:17:48,3.327,74.240,14.34,0.40677,70.913
8362,05/31/2026 14:27:48,3.313,74.225,14.63,0.40538,70.912
8363,05/31/2026 14:37:48,3.334,74.270,15.01,0.40751,70.936
8364,05/31/2026 14:47:48,3.343,74.278,15.30,0.40845,70.935
8365,05/31/2026 14:57:48,3.311,74.239,15.49,0.40522,70.928
8366,05/31/2026 15:07:48,3.285,74.224,15.78,0.40256,70.939
8367,05/31/2026 15:17:48,3.320,74.244,15.97,0.40623,70.924
8368,05/31/2026 15:27:48,3.297,74.206,16.16,0.40378,70.909
8369,05/31/2026 15:37:48,3.282,74.190,16.35,0.40231,70.908
8370,05/31/2026 15:47:48,3.293,74.194,16.35,0.40351,70.901
8371,05/31/2026 15:57:48,3.299,74.203,16.35,0.40407,70.904
8372,05/31/2026 16:07:48,3.303,74.209,16.45,0.40450,70.906
8373,05/31/2026 16:17:48,3.283,74.175,16.64,0.40247,70.892
8374,05/31/2026 16:27:48,3.293,74.194,16.73,0.40346,70.901
8375,05/31/2026 16:37:48,3.286,74.190,16.73,0.40276,70.904
8376,05/31/2026 16:47:48,3.261,74.153,16.73,0.40022,70.892
8377,05/31/2026 16:57:48,3.285,74.181,16.73,0.40262,70.896
8378,05/31/2026 17:07:48,3.284,74.173,16.83,0.40255,70.889
8379,05/31/2026 17:17:48,3.260,74.148,16.64,0.40008,70.888
8380,05/31/2026 17:27:48,3.272,74.170,16.64,0.40134,70.898
8381,05/31/2026 17:37:48,3.259,74.157,16.64,0.40001,70.898
8382,05/31/2026 17:47:48,3.260,74.169,16.54,0.40014,70.909
8383,05/31/2026 17:57:48,3.285,74.185,16.35,0.40266,70.900
8384,05/31/2026 18:07:48,3.282,74.189,16.25,0.40231,70.907
8385,05/31/2026 18:17:48,3.253,74.164,16.06,0.39934,70.911
8386,05/31/2026 18:27:48,3.269,74.193,15.87,0.40102,70.924
8387,05/31/2026 18:37:48,3.276,74.196,15.68,0.40164,70.920
8388,05/31/2026 18:47:48,3.258,74.181,15.59,0.39980,70.923
8389,05/31/2026 18:57:48,3.236,74.174,15.40,0.39761,70.938
8390,05/31/2026 19:07:48,3.261,74.200,15.30,0.40014,70.939
8391,05/31/2026 19:17:48,3.237,74.185,15.11,0.39760,70.948
8392,05/31/2026 19:27:48,3.254,74.210,14.92,0.39934,70.956
8393,05/31/2026 19:37:48,3.232,74.194,14.73,0.39715,70.962
8394,05/31/2026 19:47:48,3.250,74.215,14.53,0.39890,70.965
8395,05/31/2026 19:57:48,3.240,74.212,14.34,0.39798,70.972
8396,05/31/2026 20:07:48,3.239,74.215,14.15,0.39783,70.976
8397,05/31/2026 20:17:48,3.254,74.244,13.86,0.39929,70.990
8398,05/31/2026 20:27:48,3.266,74.259,13.57,0.40047,70.993
8399,05/31/2026 20:37:48,3.256,74.260,13.28,0.39954,71.004
8400,05/31/2026 20:47:48,3.257,74.267,13.09,0.39961,71.010
8401,05/31/2026 20:57:48,3.262,74.282,12.80,0.40015,71.020
8402,05/31/2026 21:07:48,3.282,74.302,12.51,0.40211,71.020
8403,05/31/2026 21:17:48,3.261,74.290,12.22,0.39999,71.029
8404,05/31/2026 21:27:48,3.300,74.338,12.03,0.40392,71.038
8405,05/31/2026 21:37:48,3.273,74.321,11.74,0.40123,71.048
8406,05/31/2026 21:47:48,3.290,74.342,11.54,0.40291,71.052
8407,05/31/2026 21:57:48,3.285,74.344,11.25,0.40234,71.059
8408,05/31/2026 22:07:48,3.283,74.350,10.96,0.40219,71.067
8409,05/31/2026 22:17:48,3.290,74.362,10.76,0.40281,71.072
8410,05/31/2026 22:27:48,3.323,74.400,10.47,0.40618,71.077
8411,05/31/2026 22:37:48,3.316,74.397,10.17,0.40547,71.081
8412,05/31/2026 22:47:48,3.299,74.386,9.98,0.40377,71.087
8413,05/31/2026 22:57:48,3.334,74.420,9.78,0.40735,71.086
8414,05/31/2026 23:07:48,3.291,74.381,9.48,0.40298,71.090
8415,05/31/2026 23:17:48,3.301,74.389,9.29,0.40389,71.088
8416,05/31/2026 23:27:48,3.315,74.410,9.09,0.40529,71.095
8417,05/31/2026 23:37:48,3.290,74.381,8.89,0.40275,71.091
8418,05/31/2026 23:47:48,3.312,74.402,8.69,0.40500,71.090
8419,05/31/2026 23:57:48,3.309,74.400,8.49,0.40471,71.091
8420,06/01/2026 00:07:48,3.322,74.403,8.29,0.40604,71.081
8421,06/01/2026 00:17:48,3.320,74.392,8.09,0.40582,71.072
8422,06/01/2026 00:27:48,3.311,74.372,7.89,0.40491,71.061
8423,06/01/2026 00:37:48,3.306,74.357,7.69,0.40434,71.051
8424,06/01/2026 00:47:48,3.317,74.364,7.49,0.40553,71.047
8425,06/01/2026 00:57:48,3.323,74.368,7.39,0.40609,71.045
8426,06/01/2026 01:07:48,3.335,74.375,7.19,0.40735,71.040
8427,06/01/2026 01:17:48,3.331,74.373,6.99,0.40699,71.042
8428,06/01/2026 01:27:48,3.333,74.373,6.89,0.40713,71.040
8429,06/01/2026 01:37:48,3.321,74.357,6.68,0.40593,71.036
8430,06/01/2026 01:47:48,3.324,74.357,6.58,0.40614,71.033
8431,06/01/2026 01:57:48,3.349,74.378,6.38,0.40874,71.029
8432,06/01/2026 02:07:48,3.319,74.350,6.28,0.40565,71.031
8433,06/01/2026 02:17:48,3.323,74.348,6.07,0.40613,71.025
8434,06/01/2026 02:27:48,3.313,74.329,5.97,0.40508,71.016
8435,06/01/2026 02:37:48,3.336,74.350,5.77,0.40747,71.014
8436,06/01/2026 02:47:48,3.340,74.349,5.67,0.40789,71.009
8437,06/01/2026 02:57:48,3.354,74.358,5.56,0.40922,71.004
8438,06/01/2026 03:07:48,3.343,74.343,5.36,0.40809,71.000
8439,06/01/2026 03:17:48,3.338,74.337,5.25,0.40767,70.999
8440,06/01/2026 03:27:48,3.341,74.350,5.15,0.40795,71.009
8441,06/01/2026 03:37:48,3.365,74.372,5.05,0.41034,71.007
8442,06/01/2026 03:47:48,3.341,74.348,4.94,0.40795,71.007
8443,06/01/2026 03:57:48,3.326,74.329,4.74,0.40640,71.003
8444,06/01/2026 04:07:48,3.329,74.342,4.63,0.40668,71.013
8445,06/01/2026 04:17:48,3.334,74.350,4.53,0.40724,71.016
8446,06/01/2026 04:27:48,3.341,74.358,4.43,0.40794,71.017
8447,06/01/2026 04:37:48,3.341,74.358,4.32,0.40787,71.017
8448,06/01/2026 04:47:48,3.345,74.366,4.22,0.40829,71.021
8449,06/01/2026 04:57:48,3.332,74.356,4.11,0.40703,71.024
8450,06/01/2026 05:07:48,3.344,74.369,4.01,0.40822,71.025
8451,06/01/2026 05:17:48,3.327,74.350,3.90,0.40646,71.023
8452,06/01/2026 05:27:48,3.329,74.354,3.80,0.40667,71.025
8453,06/01/2026 05:37:48,3.323,74.349,3.69,0.40604,71.026
8454,06/01/2026 05:47:48,3.346,74.375,3.59,0.40843,71.029
8455,06/01/2026 05:57:48,3.340,74.383,3.48,0.40787,71.043
8456,06/01/2026 06:07:48,3.336,74.392,3.38,0.40738,71.056
8457,06/01/2026 06:17:48,3.345,74.410,3.38,0.40829,71.065
8458,06/01/2026 06:27:48,3.327,74.400,3.27,0.40646,71.073
8459,06/01/2026 06:37:48,3.349,74.422,3.16,0.40871,71.073
8460,06/01/2026 06:47:48,3.329,74.412,3.06,0.40674,71.083
8461,06/01/2026 06:57:48,3.331,74.417,3.06,0.40688,71.086
8462,06/01/2026 07:07:48,3.342,74.430,2.95,0.40794,71.088
8463,06/01/2026 07:17:48,3.349,74.434,2.95,0.40871,71.085
8464,06/01/2026 07:27:48,3.332,74.420,2.85,0.40695,71.088
8465,06/01/2026 07:37:48,3.320,74.406,2.85,0.40583,71.086
8466,06/01/2026 07:47:48,3.317,74.406,2.85,0.40548,71.089
8467,06/01/2026 07:57:48,3.326,74.420,2.95,0.40646,71.094
8468,06/01/2026 08:07:48,3.307,74.412,3.06,0.40449,71.105
8469,06/01/2026 08:17:48,3.340,74.454,3.16,0.40780,71.114
8470,06/01/2026 08:27:48,3.315,74.432,3.38,0.40534,71.117
8471,06/01/2026 08:37:48,3.302,74.429,3.59,0.40400,71.127
8472,06/01/2026 08:47:48,3.294,74.426,3.80,0.40316,71.132
8473,06/01/2026 08:57:48,3.282,74.410,4.01,0.40189,71.128
8474,06/01/2026 09:07:48,3.291,74.416,4.22,0.40281,71.125
8475,06/01/2026 09:17:48,3.333,74.459,4.53,0.40710,71.126
8476,06/01/2026 09:27:48,3.328,74.447,4.74,0.40654,71.119
8477,06/01/2026 09:37:48,3.321,74.435,5.05,0.40591,71.114
8478,06/01/2026 09:47:48,3.317,74.429,5.36,0.40542,71.112
8479,06/01/2026 09:57:48,3.321,74.431,5.67,0.40592,71.110
8480,06/01/2026 10:07:48,3.309,74.420,5.97,0.40466,71.111
8481,06/01/2026 10:17:48,3.308,74.418,6.28,0.40452,71.110
8482,06/01/2026 10:27:48,3.296,74.412,6.68,0.40333,71.116
8483,06/01/2026 10:37:48,3.298,74.415,7.09,0.40355,71.117
8484,06/01/2026 10:47:48,3.327,74.446,7.49,0.40651,71.119
8485,06/01/2026 10:57:48,3.320,74.444,7.89,0.40589,71.124
8486,06/01/2026 11:07:48,3.309,74.434,8.29,0.40477,71.125
8487,06/01/2026 11:17:48,3.314,74.433,8.69,0.40528,71.119
8488,06/01/2026 11:27:48,3.318,74.451,9.19,0.40571,71.133
8489,06/01/2026 11:37:48,3.333,74.455,9.58,0.40720,71.122
8490,06/01/2026 11:47:48,3.333,74.464,10.08,0.40722,71.131
8491,06/01/2026 11:57:48,3.317,74.445,10.47,0.40562,71.128
8492,06/01/2026 12:07:48,3.316,74.426,10.86,0.40556,71.110
8493,06/01/2026 12:17:48,3.303,74.404,11.35,0.40417,71.101
8494,06/01/2026 12:27:48,3.297,74.416,11.64,0.40355,71.119
8495,06/01/2026 12:37:48,3.280,74.391,11.93,0.40195,71.111
8496,06/01/2026 12:47:48,3.304,74.394,12.22,0.40435,71.090
8497,06/01/2026 12:57:48,3.308,74.412,12.61,0.40472,71.104
8498,06/01/2026 13:07:48,3.315,74.402,13.00,0.40551,71.087
8499,06/01/2026 13:17:48,3.312,74.393,13.38,0.40518,71.081
8500,06/01/2026 13:27:48,3.292,74.374,13.77,0.40323,71.082
8501,06/01/2026 13:37:48,3.278,74.350,14.05,0.40176,71.072
8502,06/01/2026 13:47:48,3.271,74.331,14.44,0.40115,71.060
8503,06/01/2026 13:57:48,3.252,74.318,14.82,0.39920,71.065
8504,06/01/2026 14:07:48,3.263,74.310,14.92,0.40033,71.046
8505,06/01/2026 14:17:48,3.266,74.308,15.20,0.40063,71.042
8506,06/01/2026 14:27:48,3.256,74.299,15.59,0.39959,71.043
8507,06/01/2026 14:37:48,3.219,74.270,15.87,0.39588,71.051
8508,06/01/2026 14:47:48,3.228,74.275,15.87,0.39679,71.047
8509,06/01/2026 14:57:48,3.225,74.278,15.78,0.39651,71.053
8510,06/01/2026 15:07:48,3.225,74.279,15.87,0.39651,71.054
8511,06/01/2026 15:17:48,3.228,74.267,15.97,0.39680,71.039
8512,06/01/2026 15:27:48,3.260,74.299,15.97,0.40004,71.039
8513,06/01/2026 15:37:48,3.242,74.268,16.06,0.39821,71.026
8514,06/01/2026 15:47:48,3.241,74.257,16.25,0.39808,71.016
8515,06/01/2026 15:57:48,3.230,74.253,16.35,0.39703,71.023
8516,06/01/2026 16:07:48,3.262,74.284,16.25,0.40026,71.022
8517,06/01/2026 16:17:48,3.236,74.257,16.25,0.39759,71.021
8518,06/01/2026 16:27:48,3.255,74.270,16.25,0.39956,71.015
8519,06/01/2026 16:37:48,3.250,74.261,16.25,0.39907,71.011
8520,06/01/2026 16:47:48,3.253,74.275,16.25,0.39935,71.022
8521,06/01/2026 16:57:48,3.240,74.265,16.16,0.39801,71.025
8522,06/01/2026 17:07:48,3.240,74.260,16.16,0.39801,71.020
8523,06/01/2026 17:17:48,3.225,74.254,16.06,0.39652,71.029
8524,06/01/2026 17:27:48,3.215,74.244,15.97,0.39546,71.029
8525,06/01/2026 17:37:48,3.238,74.266,15.87,0.39778,71.028
8526,06/01/2026 17:47:48,3.244,74.274,15.78,0.39841,71.030
8527,06/01/2026 17:57:48,3.230,74.256,15.78,0.39693,71.026
8528,06/01/2026 18:07:48,3.240,74.268,15.68,0.39805,71.028
8529,06/01/2026 18:17:48,3.229,74.272,15.59,0.39685,71.043
8530,06/01/2026 18:27:48,3.240,74.301,15.40,0.39803,71.061
8531,06/01/2026 18:37:48,3.249,74.300,15.30,0.39894,71.051
8532,06/01/2026 18:47:48,3.230,74.293,15.11,0.39689,71.064
8533,06/01/2026 18:57:48,3.230,74.305,14.92,0.39695,71.075
8534,06/01/2026 19:07:48,3.226,74.307,14.73,0.39652,71.081
8535,06/01/2026 19:17:48,3.219,74.293,14.63,0.39574,71.074
8536,06/01/2026 19:27:48,3.232,74.305,14.53,0.39714,71.073
8537,06/01/2026 19:37:48,3.226,74.312,14.34,0.39650,71.086
8538,06/01/2026 19:47:48,3.227,74.324,14.15,0.39656,71.097
8539,06/01/2026 19:57:48,3.227,74.331,13.96,0.39655,71.104
8540,06/01/2026 20:07:48,3.206,74.312,13.86,0.39436,71.106
8541,06/01/2026 20:17:48,3.221,74.332,13.67,0.39597,71.111
8542,06/01/2026 20:27:48,3.227,74.357,13.48,0.39660,71.130
8543,06/01/2026 20:37:48,3.242,74.364,13.28,0.39814,71.122
8544,06/01/2026 20:47:48,3.244,74.366,13.00,0.39826,71.122
8545,06/01/2026 20:57:48,3.221,74.350,12.80,0.39593,71.129
8546,06/01/2026 21:07:48,3.217,74.357,12.61,0.39550,71.140
8547,06/01/2026 21:17:48,3.210,74.350,12.32,0.39472,71.140
8548,06/01/2026 21:27:48,3.234,74.384,12.12,0.39724,71.150
8549,06/01/2026 21:37:48,3.232,74.391,11.93,0.39702,71.159
8550,06/01/2026 21:47:48,3.215,74.384,11.64,0.39525,71.169
8551,06/01/2026 21:57:48,3.249,74.423,11.44,0.39869,71.174
8552,06/01/2026 22:07:48,3.250,74.430,11.25,0.39882,71.180
8553,06/01/2026 22:17:48,3.243,74.432,10.96,0.39804,71.189
8554,06/01/2026 22:27:48,3.246,74.439,10.76,0.39838,71.193
8555,06/01/2026 22:37:48,3.247,74.441,10.57,0.39852,71.194
8556,06/01/2026 22:47:48,3.248,74.444,10.37,0.39858,71.196
8557,06/01/2026 22:57:48,3.252,74.456,10.17,0.39892,71.204
8558,06/01/2026 23:07:48,3.243,74.449,9.98,0.39807,71.206
8559,06/01/2026 23:17:48,3.258,74.465,9.68,0.39954,71.207
8560,06/01/2026 23:27:48,3.263,74.472,9.48,0.40010,71.209
8561,06/01/2026 23:37:48,3.265,74.475,9.29,0.40023,71.210
8562,06/01/2026 23:47:48,3.255,74.468,9.09,0.39917,71.214
8563,06/01/2026 23:57:48,3.280,74.494,8.89,0.40177,71.214
8564,06/02/2026 00:07:48,3.275,74.488,8.69,0.40120,71.213
8565,06/02/2026 00:17:48,3.289,74.504,8.49,0.40267,71.215
8566,06/02/2026 00:27:48,3.290,74.502,8.29,0.40281,71.212
8567,06/02/2026 00:37:48,3.276,74.488,8.19,0.40133,71.212
8568,06/02/2026 00:47:48,3.274,74.482,7.99,0.40111,71.208
8569,06/02/2026 00:57:48,3.278,74.484,7.79,0.40160,71.206
8570,06/02/2026 01:07:48,3.280,74.488,7.69,0.40174,71.208
8571,06/02/2026 01:17:48,3.280,74.477,7.49,0.40180,71.197
8572,06/02/2026 01:27:48,3.305,74.498,7.29,0.40433,71.193
8573,06/02/2026 01:37:48,3.283,74.470,7.19,0.40208,71.187
8574,06/02/2026 01:47:48,3.309,74.482,6.99,0.40474,71.173
8575,06/02/2026 01:57:48,3.296,74.463,6.89,0.40341,71.167
8576,06/02/2026 02:07:48,3.302,74.471,6.68,0.40397,71.169
8577,06/02/2026 02:17:48,3.301,74.461,6.58,0.40382,71.160
8578,06/02/2026 02:27:48,3.299,74.455,6.38,0.40361,71.156
8579,06/02/2026 02:37:48,3.300,74.445,6.28,0.40375,71.145
8580,06/02/2026 02:47:48,3.305,74.448,6.18,0.40431,71.143
8581,06/02/2026 02:57:48,3.313,74.466,6.07,0.40508,71.153
8582,06/02/2026 03:07:48,3.324,74.478,5.87,0.40620,71.154
8583,06/02/2026 03:17:48,3.322,74.477,5.77,0.40599,71.155
8584,06/02/2026 03:27:48,3.299,74.462,5.56,0.40367,71.163
8585,06/02/2026 03:37:48,3.298,74.466,5.46,0.40352,71.168
8586,06/02/2026 03:47:48,3.322,74.492,5.36,0.40598,71.170
8587,06/02/2026 03:57:48,3.306,74.482,5.25,0.40436,71.176
8588,06/02/2026 04:07:48,3.314,74.490,5.15,0.40521,71.176
8589,06/02/2026 04:17:48,3.305,74.485,5.05,0.40429,71.180
8590,06/02/2026 04:27:48,3.315,74.507,4.94,0.40528,71.192
8591,06/02/2026 04:37:48,3.331,74.533,4.84,0.40696,71.202
8592,06/02/2026 04:47:48,3.311,74.518,4.63,0.40492,71.207
8593,06/02/2026 04:57:48,3.322,74.527,4.53,0.40590,71.205
8594,06/02/2026 05:07:48,3.334,74.544,4.43,0.40717,71.210
8595,06/02/2026 05:17:48,3.330,74.544,4.43,0.40682,71.214
8596,06/02/2026 05:27:48,3.321,74.538,4.22,0.40590,71.217
8597,06/02/2026 05:37:48,3.336,74.564,4.11,0.40745,71.228
8598,06/02/2026 05:47:48,3.348,74.587,4.11,0.40864,71.239
8599,06/02/2026 05:57:48,3.309,74.550,4.01,0.40464,71.241
8600,06/02/2026 06:07:48,3.328,74.572,3.90,0.40660,71.244
8601,06/02/2026 06:17:48,3.334,74.585,3.80,0.40717,71.251
8602,06/02/2026 06:27:48,3.357,74.598,3.69,0.40949,71.241
8603,06/02/2026 06:37:48,3.321,74.579,3.69,0.40590,71.258
8604,06/02/2026 06:47:48,3.329,74.588,3.59,0.40667,71.259
8605,06/02/2026 06:57:48,3.330,74.587,3.48,0.40681,71.257
8606,06/02/2026 07:07:48,3.325,74.587,3.48,0.40632,71.262
8607,06/02/2026 07:17:48,3.320,74.577,3.38,0.40583,71.257
8608,06/02/2026 07:27:48,3.337,74.595,3.38,0.40752,71.258
8609,06/02/2026 07:37:48,3.320,74.591,3.38,0.40576,71.271
8610,06/02/2026 07:47:48,3.311,74.595,3.38,0.40491,71.284
8611,06/02/2026 07:57:48,3.342,74.636,3.38,0.40801,71.294
8612,06/02/2026 08:07:48,3.284,74.592,3.48,0.40203,71.308
8613,06/02/2026 08:17:48,3.279,74.592,3.59,0.40161,71.313
8614,06/02/2026 08:27:48,3.315,74.634,3.69,0.40527,71.319
8615,06/02/2026 08:37:48,3.305,74.621,3.80,0.40421,71.316
8616,06/02/2026 08:47:48,3.295,74.622,3.90,0.40316,71.327
8617,06/02/2026 08:57:48,3.289,74.622,4.01,0.40267,71.333
8618,06/02/2026 09:07:48,3.300,74.637,4.22,0.40379,71.337
8619,06/02/2026 09:17:48,3.287,74.625,4.43,0.40246,71.338
8620,06/02/2026 09:27:48,3.292,74.628,4.74,0.40288,71.336
8621,06/02/2026 09:37:48,3.291,74.603,5.05,0.40282,71.312
8622,06/02/2026 09:47:48,3.308,74.618,5.25,0.40458,71.310
8623,06/02/2026 09:57:48,3.296,74.598,5.56,0.40331,71.302
8624,06/02/2026 10:07:48,3.299,74.591,5.87,0.40367,71.292
8625,06/02/2026 10:17:48,3.307,74.589,6.18,0.40445,71.282
8626,06/02/2026 10:27:48,3.288,74.582,6.48,0.40255,71.294
8627,06/02/2026 10:37:48,3.310,74.603,6.79,0.40474,71.293
8628,06/02/2026 10:47:48,3.308,74.605,7.09,0.40461,71.297
8629,06/02/2026 10:57:48,3.320,74.630,7.29,0.40581,71.310
8630,06/02/2026 11:07:48,3.299,74.608,7.39,0.40370,71.309
8631,06/02/2026 11:17:48,3.305,74.624,7.69,0.40427,71.319
8632,06/02/2026 11:27:48,3.318,74.627,8.09,0.40568,71.309
8633,06/02/2026 11:37:48,3.330,74.645,8.59,0.40689,71.315
8634,06/02/2026 11:47:48,3.289,74.616,8.89,0.40275,71.327
8635,06/02/2026 11:57:48,3.307,74.619,9.19,0.40452,71.312
8636,06/02/2026 12:07:48,3.325,74.637,9.68,0.40643,71.312
8637,06/02/2026 12:17:48,3.326,74.644,9.98,0.40651,71.318
8638,06/02/2026 12:27:48,3.295,74.605,10.17,0.40343,71.310
8639,06/02/2026 12:37:48,3.292,74.587,10.66,0.40309,71.295
8640,06/02/2026 12:47:48,3.280,74.568,11.05,0.40191,71.288
8641,06/02/2026 12:57:48,3.290,74.576,11.35,0.40291,71.286
8642,06/02/2026 13:07:48,3.294,74.579,11.64,0.40327,71.285
8643,06/02/2026 13:17:48,3.268,74.533,12.03,0.40061,71.265
8644,06/02/2026 13:27:48,3.276,74.546,12.42,0.40147,71.270
8645,06/02/2026 13:37:48,3.286,74.554,12.80,0.40255,71.268
8646,06/02/2026 13:47:48,3.283,74.554,13.19,0.40221,71.271
8647,06/02/2026 13:57:48,3.270,74.540,13.57,0.40089,71.270
8648,06/02/2026 14:07:48,3.260,74.527,13.67,0.39991,71.267
8649,06/02/2026 14:17:48,3.276,74.550,13.67,0.40153,71.274
8650,06/02/2026 14:27:48,3.269,74.554,13.67,0.40090,71.285
8651,06/02/2026 14:37:48,3.237,74.516,13.86,0.39753,71.279
8652,06/02/2026 14:47:48,3.244,74.511,14.25,0.39832,71.267
8653,06/02/2026 14:57:48,3.229,74.503,14.34,0.39678,71.274
8654,06/02/2026 15:07:48,3.255,74.624,14.25,0.39945,71.369
8655,06/02/2026 15:17:48,3.239,74.605,14.15,0.39783,71.366
8656,06/02/2026 15:27:48,3.239,74.560,14.15,0.39776,71.321
8657,06/02/2026 15:37:48,3.246,74.575,14.34,0.39854,71.329
8658,06/02/2026 15:47:48,3.251,74.542,14.63,0.39905,71.291
8659,06/02/2026 15:57:48,3.228,74.503,14.82,0.39674,71.275
8660,06/02/2026 16:07:48,3.224,74.465,15.01,0.39632,71.241
8661,06/02/2026 16:17:48,3.238,74.471,15.20,0.39781,71.233
8662,06/02/2026 16:27:48,3.236,74.450,15.30,0.39754,71.214
8663,06/02/2026 16:37:48,3.232,74.442,15.40,0.39712,71.210
8664,06/02/2026 16:47:48,3.235,74.429,15.49,0.39748,71.194
8665,06/02/2026 16:57:48,3.213,74.403,15.59,0.39523,71.190
8666,06/02/2026 17:07:48,3.243,74.441,15.68,0.39826,71.198
8667,06/02/2026 17:17:48,3.228,74.404,15.68,0.39678,71.176
8668,06/02/2026 17:27:48,3.268,74.450,15.68,0.40079,71.182
8669,06/02/2026 17:37:48,3.232,74.418,15.68,0.39713,71.186
8670,06/02/2026 17:47:48,3.234,74.400,15.68,0.39735,71.166
8671,06/02/2026 17:57:48,3.211,74.385,15.59,0.39502,71.174
8672,06/02/2026 18:07:48,3.211,74.375,15.49,0.39501,71.164
8673,06/02/2026 18:17:48,3.186,74.352,15.49,0.39248,71.166
8674,06/02/2026 18:27:48,3.196,74.360,15.40,0.39353,71.164
8675,06/02/2026 18:37:48,3.199,74.368,15.30,0.39380,71.169
8676,06/02/2026 18:47:48,3.202,74.376,15.20,0.39408,71.174
8677,06/02/2026 18:57:48,3.209,74.393,15.11,0.39485,71.184
8678,06/02/2026 19:07:48,3.215,74.392,15.01,0.39541,71.177
8679,06/02/2026 19:17:48,3.171,74.358,14.82,0.39096,71.187
8680,06/02/2026 19:27:48,3.165,74.357,14.73,0.39033,71.192
8681,06/02/2026 19:37:48,3.168,74.364,14.53,0.39060,71.196
8682,06/02/2026 19:47:48,3.191,74.390,14.44,0.39299,71.199
8683,06/02/2026 19:57:48,3.217,74.420,14.25,0.39558,71.203
8684,06/02/2026 20:07:48,3.187,74.395,14.05,0.39254,71.208
8685,06/02/2026 20:17:48,3.191,74.407,13.86,0.39289,71.216
8686,06/02/2026 20:27:48,3.195,74.409,13.67,0.39330,71.214
8687,06/02/2026 20:37:48,3.192,74.412,13.48,0.39294,71.220
8688,06/02/2026 20:47:48,3.206,74.428,13.28,0.39441,71.222
8689,06/02/2026 20:57:48,3.194,74.421,13.09,0.39320,71.227
8690,06/02/2026 21:07:48,3.184,74.415,12.90,0.39214,71.231
8691,06/02/2026 21:17:48,3.206,74.440,12.71,0.39438,71.234
8692,06/02/2026 21:27:48,3.185,74.424,12.51,0.39226,71.239
8693,06/02/2026 21:37:48,3.199,74.450,12.32,0.39359,71.251
8694,06/02/2026 21:47:48,3.195,74.457,12.12,0.39316,71.262
8695,06/02/2026 21:57:48,3.201,74.482,11.93,0.39386,71.281
8696,06/02/2026 22:07:48,3.185,74.475,11.74,0.39223,71.290
8697,06/02/2026 22:17:48,3.212,74.492,11.54,0.39489,71.280
8698,06/02/2026 22:27:48,3.209,74.481,11.35,0.39461,71.272
8699,06/02/2026 22:37:48,3.180,74.461,11.15,0.39164,71.281
8700,06/02/2026 22:47:48,3.227,74.518,10.96,0.39642,71.291
8701,06/02/2026 22:57:48,3.185,74.480,10.76,0.39212,71.295
8702,06/02/2026 23:07:48,3.233,74.523,10.57,0.39704,71.290
8703,06/02/2026 23:17:48,3.224,74.512,10.37,0.39612,71.288
8704,06/02/2026 23:27:48,3.220,74.510,10.17,0.39569,71.290
8705,06/02/2026 23:37:48,3.212,74.513,9.98,0.39484,71.301
8706,06/02/2026 23:47:48,3.223,74.525,9.78,0.39596,71.302
8707,06/02/2026 23:57:48,3.228,74.537,9.68,0.39652,71.309
8708,06/03/2026 00:07:48,3.194,74.499,9.48,0.39306,71.305
8709,06/03/2026 00:17:48,3.205,74.507,9.29,0.39411,71.302
8710,06/03/2026 00:27:48,3.243,74.542,9.19,0.39798,71.299
8711,06/03/2026 00:37:48,3.266,74.558,8.99,0.40036,71.292
8712,06/03/2026 00:47:48,3.242,74.535,8.89,0.39790,71.293
8713,06/03/2026 00:57:48,3.240,74.528,8.69,0.39775,71.288
8714,06/03/2026 01:07:48,3.212,74.518,8.59,0.39487,71.306
8715,06/03/2026 01:17:48,3.249,74.557,8.39,0.39866,71.308
8716,06/03/2026 01:27:48,3.244,74.552,8.29,0.39809,71.308
8717,06/03/2026 01:37:48,3.259,74.574,8.19,0.39964,71.315
8718,06/03/2026 01:47:48,3.233,74.540,7.99,0.39703,71.307
8719,06/03/2026 01:57:48,3.256,74.558,7.89,0.39928,71.302
8720,06/03/2026 02:07:48,3.259,74.566,7.79,0.39963,71.307
8721,06/03/2026 02:17:48,3.280,74.588,7.69,0.40174,71.308
8722,06/03/2026 02:27:48,3.290,74.604,7.49,0.40279,71.314
8723,06/03/2026 02:37:48,3.293,74.594,7.39,0.40307,71.301
8724,06/03/2026 02:47:48,3.306,74.602,7.29,0.40447,71.296
8725,06/03/2026 02:57:48,3.310,74.606,7.19,0.40482,71.296
8726,06/03/2026 03:07:48,3.283,74.577,6.99,0.40207,71.294
8727,06/03/2026 03:17:48,3.283,74.576,6.89,0.40207,71.293
8728,06/03/2026 03:27:48,3.278,74.567,6.79,0.40151,71.289
8729,06/03/2026 03:37:48,3.270,74.557,6.68,0.40066,71.287
8730,06/03/2026 03:47:48,3.262,74.547,6.58,0.39988,71.285
8731,06/03/2026 03:57:48,3.280,74.555,6.48,0.40171,71.275
8732,06/03/2026 04:07:48,3.284,74.572,6.38,0.40220,71.288
8733,06/03/2026 04:17:48,3.287,74.572,6.28,0.40241,71.285
8734,06/03/2026 04:27:48,3.287,74.571,6.18,0.40241,71.284
8735,06/03/2026 04:37:48,3.275,74.556,6.07,0.40121,71.281
8736,06/03/2026 04:47:48,3.278,74.551,5.97,0.40149,71.273
8737,06/03/2026 04:57:48,3.271,74.546,5.87,0.40079,71.275
8738,06/03/2026 05:07:48,3.253,74.531,5.77,0.39903,71.278
8739,06/03/2026 05:17:48,3.264,74.540,5.67,0.40001,71.276
8740,06/03/2026 05:27:48,3.259,74.540,5.67,0.39952,71.281
8741,06/03/2026 05:37:48,3.283,74.570,5.56,0.40205,71.287
8742,06/03/2026 05:47:48,3.302,74.597,5.46,0.40395,71.295
8743,06/03/2026 05:57:48,3.316,74.610,5.36,0.40535,71.294
8744,06/03/2026 06:07:48,3.274,74.577,5.25,0.40113,71.303
8745,06/03/2026 06:17:48,3.310,74.618,5.25,0.40479,71.308
8746,06/03/2026 06:27:48,3.283,74.599,5.15,0.40204,71.316
8747,06/03/2026 06:37:48,3.292,74.613,5.15,0.40289,71.321
8748,06/03/2026 06:47:48,3.258,74.585,5.05,0.39944,71.327
8749,06/03/2026 06:57:48,3.270,74.603,5.05,0.40064,71.333
8750,06/03/2026 07:07:48,3.272,74.598,5.05,0.40092,71.326
8751,06/03/2026 07:17:48,3.262,74.585,5.05,0.39986,71.323
8752,06/03/2026 07:27:48,3.265,74.598,5.05,0.40021,71.333
8753,06/03/2026 07:37:48,3.267,74.603,5.05,0.40035,71.336
8754,06/03/2026 07:47:48,3.283,74.625,5.05,0.40204,71.342
8755,06/03/2026 07:57:48,3.251,74.595,5.15,0.39874,71.344
8756,06/03/2026 08:07:48,3.228,74.577,5.25,0.39642,71.349
8757,06/03/2026 08:17:48,3.266,74.614,5.36,0.40029,71.348
8758,06/03/2026 08:27:48,3.268,74.611,5.56,0.40050,71.343
8759,06/03/2026 08:37:48,3.248,74.585,5.67,0.39846,71.337
8760,06/03/2026 08:47:48,3.254,74.590,5.77,0.39910,71.336
8761,06/03/2026 08:57:48,3.251,74.583,5.97,0.39875,71.332
8762,06/03/2026 09:07:48,3.269,74.606,6.07,0.40065,71.337
8763,06/03/2026 09:17:48,3.263,74.599,6.28,0.39995,71.336
8764,06/03/2026 09:27:48,3.256,74.587,6.48,0.39925,71.331
8765,06/03/2026 09:37:48,3.287,74.611,6.68,0.40242,71.324
8766,06/03/2026 09:47:48,3.257,74.586,6.99,0.39940,71.329
8767,06/03/2026 09:57:48,3.272,74.593,7.19,0.40088,71.321
8768,06/03/2026 10:07:48,3.265,74.581,7.49,0.40025,71.316
8769,06/03/2026 10:17:48,3.264,74.575,7.79,0.40012,71.311
8770,06/03/2026 10:27:48,3.262,74.565,8.19,0.39992,71.303
8771,06/03/2026 10:37:48,3.281,74.576,8.49,0.40190,71.295
8772,06/03/2026 10:47:48,3.280,74.571,8.89,0.40177,71.291
8773,06/03/2026 10:57:48,3.272,74.560,9.19,0.40100,71.288
8774,06/03/2026 11:07:48,3.250,74.539,9.39,0.39876,71.289
8775,06/03/2026 11:17:48,3.248,74.522,9.48,0.39855,71.274
8776,06/03/2026 11:27:48,3.278,74.561,9.78,0.40158,71.283
8777,06/03/2026 11:37:48,3.256,74.544,9.88,0.39934,71.288
8778,06/03/2026 11:47:48,3.263,74.526,9.88,0.40004,71.263
8779,06/03/2026 11:57:48,3.245,74.501,10.17,0.39829,71.256
8780,06/03/2026 12:07:48,3.245,74.505,10.57,0.39823,71.260
8781,06/03/2026 12:17:48,3.250,74.490,10.96,0.39881,71.240
8782,06/03/2026 12:27:48,3.246,74.467,11.35,0.39840,71.221
8783,06/03/2026 12:37:48,3.240,74.448,11.74,0.39786,71.208
8784,06/03/2026 12:47:48,3.248,74.457,12.12,0.39858,71.209
8785,06/03/2026 12:57:48,3.263,74.474,12.51,0.40021,71.211
8786,06/03/2026 13:07:48,3.259,74.462,12.61,0.39972,71.203
8787,06/03/2026 13:17:48,3.259,74.462,12.61,0.39972,71.203
8788,06/03/2026 13:27:48,3.212,74.416,12.61,0.39501,71.204
8789,06/03/2026 13:37:48,3.248,74.435,12.71,0.39867,71.187
8790,06/03/2026 13:47:48,3.235,74.405,12.80,0.39734,71.170
8791,06/03/2026 13:57:48,3.238,74.398,13.00,0.39763,71.160
8792,06/03/2026 14:07:48,3.247,74.395,13.19,0.39862,71.148
8793,06/03/2026 14:17:48,3.242,74.375,13.48,0.39815,71.133
8794,06/03/2026 14:27:48,3.238,74.388,13.77,0.39767,71.150
8795,06/03/2026 14:37:48,3.231,74.392,13.77,0.39696,71.161
8796,06/03/2026 14:47:48,3.229,74.373,13.67,0.39675,71.144
8797,06/03/2026 14:57:48,3.214,74.350,13.67,0.39527,71.136
8798,06/03/2026 15:07:48,3.218,74.346,13.67,0.39562,71.128
8799,06/03/2026 15:17:48,3.212,74.315,13.77,0.39506,71.103
8800,06/03/2026 15:27:48,3.219,74.317,13.96,0.39578,71.098
8801,06/03/2026 15:37:48,3.215,74.294,13.96,0.39542,71.079
8802,06/03/2026 15:47:48,3.206,74.268,14.05,0.39444,71.062
8803,06/03/2026 15:57:48,3.202,74.276,13.96,0.39409,71.074
8804,06/03/2026 16:07:48,3.199,74.268,14.05,0.39374,71.069
8805,06/03/2026 16:17:48,3.187,74.251,14.15,0.39255,71.064
8806,06/03/2026 16:27:48,3.193,74.257,14.25,0.39312,71.064
8807,06/03/2026 16:37:48,3.185,74.238,14.15,0.39227,71.053
8808,06/03/2026 16:47:48,3.198,74.247,14.15,0.39360,71.049
8809,06/03/2026 16:57:48,3.183,74.218,14.05,0.39212,71.035
8810,06/03/2026 17:07:48,3.170,74.199,13.96,0.39078,71.029
8811,06/03/2026 17:17:48,3.171,74.181,13.96,0.39085,71.010
8812,06/03/2026 17:27:48,3.172,74.195,13.96,0.39092,71.023
8813,06/03/2026 17:37:48,3.187,74.223,14.05,0.39247,71.036
8814,06/03/2026 17:47:48,3.193,74.247,14.15,0.39311,71.054
8815,06/03/2026 17:57:48,3.175,74.224,14.15,0.39128,71.049
8816,06/03/2026 18:07:48,3.179,74.210,14.15,0.39170,71.031
8817,06/03/2026 18:17:48,3.189,74.224,14.15,0.39269,71.035
8818,06/03/2026 18:27:48,3.154,74.191,14.05,0.38917,71.037
8819,06/03/2026 18:37:48,3.179,74.196,14.05,0.39163,71.017
8820,06/03/2026 18:47:48,3.198,74.226,13.96,0.39366,71.028
8821,06/03/2026 18:57:48,3.167,74.195,13.96,0.39043,71.028
8822,06/03/2026 19:07:48,3.168,74.198,13.86,0.39056,71.030
8823,06/03/2026 19:17:48,3.173,74.223,13.67,0.39112,71.050
8824,06/03/2026 19:27:48,3.177,74.231,13.57,0.39147,71.054
8825,06/03/2026 19:37:48,3.174,74.230,13.48,0.39118,71.056
8826,06/03/2026 19:47:48,3.166,74.224,13.28,0.39033,71.058
8827,06/03/2026 19:57:48,3.175,74.236,13.19,0.39131,71.061
8828,06/03/2026 20:07:48,3.155,74.216,13.00,0.38919,71.061
8829,06/03/2026 20:17:48,3.159,74.220,12.90,0.38953,71.061
8830,06/03/2026 20:27:48,3.183,74.250,12.71,0.39199,71.067
8831,06/03/2026 20:37:48,3.194,74.279,12.51,0.39318,71.085
8832,06/03/2026 20:47:48,3.188,74.282,12.32,0.39253,71.094
8833,06/03/2026 20:57:48,3.183,74.285,12.22,0.39204,71.102
8834,06/03/2026 21:07:48,3.182,74.302,12.03,0.39182,71.120
8835,06/03/2026 21:17:48,3.181,74.313,11.83,0.39181,71.132
8836,06/03/2026 21:27:48,3.166,74.307,11.64,0.39026,71.141
8837,06/03/2026 21:37:48,3.184,74.333,11.54,0.39208,71.149
8838,06/03/2026 21:47:48,3.195,74.354,11.35,0.39320,71.159
8839,06/03/2026 21:57:48,3.185,74.352,11.15,0.39214,71.167
8840,06/03/2026 22:07:48,3.206,74.377,10.96,0.39431,71.171
8841,06/03/2026 22:17:48,3.188,74.371,10.76,0.39240,71.183
8842,06/03/2026 22:27:48,3.189,74.374,10.66,0.39261,71.185
8843,06/03/2026 22:37:48,3.209,74.390,10.37,0.39457,71.181
8844,06/03/2026 22:47:48,3.224,74.406,10.17,0.39611,71.182
8845,06/03/2026 22:57:48,3.211,74.381,9.98,0.39484,71.170
8846,06/03/2026 23:07:48,3.201,74.366,9.78,0.39378,71.165
8847,06/03/2026 23:17:48,3.195,74.355,9.58,0.39314,71.160
8848,06/03/2026 23:27:48,3.221,74.372,9.39,0.39573,71.151
8849,06/03/2026 23:37:48,3.201,74.352,9.19,0.39369,71.151
8850,06/03/2026 23:47:48,3.211,74.359,8.99,0.39474,71.148
8851,06/03/2026 23:57:48,3.224,74.371,8.79,0.39607,71.147
8852,06/04/2026 00:07:48,3.232,74.379,8.69,0.39684,71.147
8853,06/04/2026 00:17:48,3.230,74.386,8.49,0.39669,71.156
8854,06/04/2026 00:27:48,3.220,74.375,8.29,0.39570,71.155
8855,06/04/2026 00:37:48,3.201,74.360,8.09,0.39373,71.159
8856,06/04/2026 00:47:48,3.220,74.373,7.99,0.39562,71.153
8857,06/04/2026 00:57:48,3.213,74.362,7.79,0.39492,71.149
8858,06/04/2026 01:07:48,3.213,74.360,7.59,0.39498,71.147
8859,06/04/2026 01:17:48,3.230,74.378,7.49,0.39660,71.148
8860,06/04/2026 01:27:48,3.236,74.381,7.29,0.39730,71.144
8861,06/04/2026 01:37:48,3.216,74.357,7.19,0.39519,71.141
8862,06/04/2026 01:47:48,3.218,74.347,7.09,0.39546,71.129
8863,06/04/2026 01:57:48,3.222,74.341,6.89,0.39581,71.119
8864,06/04/2026 02:07:48,3.235,74.358,6.79,0.39715,71.123
8865,06/04/2026 02:17:48,3.232,74.348,6.58,0.39679,71.116
8866,06/04/2026 02:27:48,3.242,74.351,6.48,0.39791,71.109
8867,06/04/2026 02:37:48,3.238,74.341,6.38,0.39749,71.103
8868,06/04/2026 02:47:48,3.224,74.318,6.28,0.39601,71.094
8869,06/04/2026 02:57:48,3.231,74.316,6.07,0.39678,71.085
8870,06/04/2026 03:07:48,3.215,74.293,5.97,0.39509,71.078
8871,06/04/2026 03:17:48,3.229,74.310,5.87,0.39657,71.081
8872,06/04/2026 03:27:48,3.245,74.332,5.77,0.39818,71.087
8873,06/04/2026 03:37:48,3.252,74.336,5.67,0.39882,71.084
8874,06/04/2026 03:47:48,3.276,74.358,5.56,0.40127,71.082
8875,06/04/2026 03:57:48,3.248,74.330,5.46,0.39839,71.082
8876,06/04/2026 04:07:48,3.252,74.338,5.36,0.39888,71.086
8877,06/04/2026 04:17:48,3.263,74.350,5.15,0.40000,71.087
8878,06/04/2026 04:27:48,3.238,74.322,5.05,0.39740,71.084
8879,06/04/2026 04:37:48,3.251,74.335,4.94,0.39874,71.084
8880,06/04/2026 04:47:48,3.261,74.348,4.94,0.39979,71.087
8881,06/04/2026 04:57:48,3.278,74.357,4.84,0.40148,71.079
8882,06/04/2026 05:07:48,3.273,74.356,4.74,0.40098,71.083
8883,06/04/2026 05:17:48,3.260,74.337,4.63,0.39965,71.077
8884,06/04/2026 05:27:48,3.274,74.350,4.53,0.40112,71.076
8885,06/04/2026 05:37:48,3.263,74.340,4.43,0.40000,71.077
8886,06/04/2026 05:47:48,3.253,74.326,4.32,0.39894,71.073
8887,06/04/2026 05:57:48,3.250,74.330,4.22,0.39859,71.080
8888,06/04/2026 06:07:48,3.267,74.348,4.22,0.40035,71.081
8889,06/04/2026 06:17:48,3.241,74.324,4.11,0.39775,71.083
8890,06/04/2026 06:27:48,3.237,74.333,4.01,0.39725,71.096
8891,06/04/2026 06:37:48,3.250,74.346,3.90,0.39859,71.096
8892,06/04/2026 06:47:48,3.252,74.341,3.90,0.39887,71.089
8893,06/04/2026 06:57:48,3.251,74.345,3.80,0.39873,71.094
8894,06/04/2026 07:07:48,3.242,74.340,3.80,0.39781,71.098
8895,06/04/2026 07:17:48,3.282,74.385,3.69,0.40189,71.103
8896,06/04/2026 07:27:48,3.258,74.353,3.69,0.39943,71.095
8897,06/04/2026 07:37:48,3.249,74.344,3.69,0.39852,71.095
8898,06/04/2026 07:47:48,3.238,74.330,3.69,0.39746,71.092
8899,06/04/2026 07:57:48,3.236,74.330,3.69,0.39725,71.094
8900,06/04/2026 08:07:48,3.230,74.327,3.90,0.39662,71.097
8901,06/04/2026 08:17:48,3.223,74.333,4.01,0.39585,71.110
8902,06/04/2026 08:27:48,3.231,74.348,4.22,0.39669,71.117
8903,06/04/2026 08:37:48,3.217,74.336,4.43,0.39522,71.119
8904,06/04/2026 08:47:48,3.222,74.337,4.63,0.39578,71.115
8905,06/04/2026 08:57:48,3.218,74.330,4.84,0.39536,71.112
8906,06/04/2026 09:07:48,3.233,74.345,5.05,0.39691,71.112
8907,06/04/2026 09:17:48,3.246,74.352,5.36,0.39818,71.106
8908,06/04/2026 09:27:48,3.229,74.335,5.56,0.39649,71.106
8909,06/04/2026 09:37:48,3.241,74.342,5.87,0.39776,71.101
8910,06/04/2026 09:47:48,3.234,74.322,6.18,0.39699,71.088
8911,06/04/2026 09:57:48,3.220,74.306,6.48,0.39559,71.086
8912,06/04/2026 10:07:48,3.240,74.309,6.89,0.39771,71.069
8913,06/04/2026 10:17:48,3.272,74.334,7.19,0.40095,71.062
8914,06/04/2026 10:27:48,3.273,74.315,7.59,0.40103,71.042
8915,06/04/2026 10:37:48,3.238,74.295,7.89,0.39745,71.057
8916,06/04/2026 10:47:48,3.254,74.297,8.09,0.39907,71.043
8917,06/04/2026 10:57:48,3.261,74.312,8.29,0.39985,71.051
8918,06/04/2026 11:07:48,3.236,74.289,8.29,0.39732,71.053
8919,06/04/2026 11:17:48,3.239,74.281,8.39,0.39760,71.042
8920,06/04/2026 11:27:48,3.237,74.270,8.69,0.39740,71.033
8921,06/04/2026 11:37:48,3.247,74.304,8.89,0.39839,71.057
8922,06/04/2026 11:47:48,3.238,74.300,8.99,0.39748,71.062
8923,06/04/2026 11:57:48,3.255,74.324,9.19,0.39931,71.069
8924,06/04/2026 12:07:48,3.237,74.300,9.48,0.39742,71.063
8925,06/04/2026 12:17:48,3.238,74.291,9.98,0.39751,71.053
8926,06/04/2026 12:27:48,3.239,74.277,10.47,0.39767,71.038
8927,06/04/2026 12:37:48,3.246,74.283,11.05,0.39839,71.037
8928,06/04/2026 12:47:48,3.251,74.306,11.54,0.39890,71.055
8929,06/04/2026 12:57:48,3.227,74.255,11.93,0.39653,71.028
8930,06/04/2026 13:07:48,3.239,74.260,12.42,0.39775,71.021
8931,06/04/2026 13:17:48,3.241,74.241,12.80,0.39797,71.000
8932,06/04/2026 13:27:48,3.243,74.281,13.09,0.39813,71.038
8933,06/04/2026 13:37:48,3.233,74.243,13.38,0.39716,71.010
8934,06/04/2026 13:47:48,3.215,74.219,13.67,0.39534,71.004
8935,06/04/2026 13:57:48,3.238,74.226,13.96,0.39775,70.988
8936,06/04/2026 14:07:48,3.236,74.238,14.15,0.39747,71.002
8937,06/04/2026 14:17:48,3.226,74.224,14.53,0.39644,70.998
8938,06/04/2026 14:27:48,3.217,74.196,14.92,0.39561,70.979
8939,06/04/2026 14:37:48,3.226,74.193,15.01,0.39646,70.967
8940,06/04/2026 14:47:48,3.226,74.195,15.20,0.39654,70.969
8941,06/04/2026 14:57:48,3.216,74.183,15.40,0.39557,70.967
8942,06/04/2026 15:07:48,3.210,74.179,15.78,0.39489,70.969
8943,06/04/2026 15:17:48,3.219,74.183,16.16,0.39589,70.964
8944,06/04/2026 15:27:48,3.217,74.191,16.45,0.39570,70.974
8945,06/04/2026 15:37:48,3.198,74.177,16.45,0.39380,70.979
8946,06/04/2026 15:47:48,3.198,74.159,16.45,0.39373,70.961
8947,06/04/2026 15:57:48,3.183,74.148,16.64,0.39219,70.965
8948,06/04/2026 16:07:48,3.186,74.136,16.83,0.39255,70.950
8949,06/04/2026 16:17:48,3.179,74.116,17.02,0.39186,70.937
8950,06/04/2026 16:27:48,3.194,74.140,17.11,0.39335,70.946
8951,06/04/2026 16:37:48,3.186,74.105,17.21,0.39251,70.919
8952,06/04/2026 16:47:48,3.180,74.106,17.30,0.39195,70.926
8953,06/04/2026 16:57:48,3.163,74.089,17.40,0.39019,70.926
8954,06/04/2026 17:07:48,3.159,74.063,17.49,0.38978,70.904
8955,06/04/2026 17:17:48,3.163,74.067,17.49,0.39027,70.904
8956,06/04/2026 17:27:48,3.180,74.082,17.59,0.39197,70.902
8957,06/04/2026 17:37:48,3.149,74.041,17.59,0.38880,70.892
8958,06/04/2026 17:47:48,3.162,74.058,17.49,0.39013,70.896
8959,06/04/2026 17:57:48,3.142,74.035,17.49,0.38816,70.893
8960,06/04/2026 18:07:48,3.154,74.039,17.40,0.38928,70.885
8961,06/04/2026 18:17:48,3.130,74.010,17.30,0.38688,70.880
8962,06/04/2026 18:27:48,3.138,74.014,17.21,0.38765,70.876
8963,06/04/2026 18:37:48,3.124,74.012,17.02,0.38616,70.888
8964,06/04/2026 18:47:48,3.138,74.032,16.83,0.38763,70.894
8965,06/04/2026 18:57:48,3.119,74.013,16.73,0.38565,70.894
8966,06/04/2026 19:07:48,3.127,74.021,16.64,0.38649,70.894
8967,06/04/2026 19:17:48,3.141,74.041,16.45,0.38796,70.900
8968,06/04/2026 19:27:48,3.120,74.030,16.25,0.38576,70.910
8969,06/04/2026 19:37:48,3.123,74.051,16.16,0.38611,70.928
8970,06/04/2026 19:47:48,3.132,74.063,15.97,0.38694,70.931
8971,06/04/2026 19:57:48,3.126,74.065,15.78,0.38637,70.939
8972,06/04/2026 20:07:48,3.139,74.081,15.59,0.38770,70.942
8973,06/04/2026 20:17:48,3.114,74.055,15.30,0.38515,70.941
8974,06/04/2026 20:27:48,3.154,74.094,15.11,0.38915,70.940
8975,06/04/2026 20:37:48,3.125,74.068,14.82,0.38625,70.943
8976,06/04/2026 20:47:48,3.138,74.089,14.63,0.38751,70.951
8977,06/04/2026 20:57:48,3.134,74.086,14.34,0.38707,70.952
8978,06/04/2026 21:07:48,3.122,74.078,14.05,0.38586,70.956
8979,06/04/2026 21:17:48,3.134,74.097,13.77,0.38711,70.963
8980,06/04/2026 21:27:48,3.146,74.109,13.57,0.38830,70.963
8981,06/04/2026 21:37:48,3.123,74.097,13.28,0.38589,70.974
8982,06/04/2026 21:47:48,3.137,74.117,13.00,0.38729,70.980
8983,06/04/2026 21:57:48,3.136,74.119,12.80,0.38721,70.983
8984,06/04/2026 22:07:48,3.134,74.125,12.51,0.38706,70.991
8985,06/04/2026 22:17:48,3.134,74.131,12.22,0.38704,70.997
8986,06/04/2026 22:27:48,3.134,74.129,12.03,0.38703,70.995
8987,06/04/2026 22:37:48,3.126,74.122,11.74,0.38618,70.996
8988,06/04/2026 22:47:48,3.136,74.120,11.54,0.38716,70.984
8989,06/04/2026 22:57:48,3.140,74.126,11.25,0.38757,70.986
8990,06/04/2026 23:07:48,3.151,74.147,11.05,0.38869,70.996
8991,06/04/2026 23:17:48,3.157,74.153,10.76,0.38931,70.996
8992,06/04/2026 23:27:48,3.135,74.124,10.57,0.38705,70.989
8993,06/04/2026 23:37:48,3.159,74.140,10.37,0.38951,70.981
8994,06/04/2026 23:47:48,3.164,74.147,10.08,0.38999,70.983
8995,06/04/2026 23:57:48,3.149,74.136,9.88,0.38843,70.987
8996,06/05/2026 00:07:48,3.172,74.152,9.68,0.39082,70.980
8997,06/05/2026 00:17:48,3.164,74.150,9.48,0.39004,70.986
8998,06/05/2026 00:27:48,3.171,74.157,9.19,0.39066,70.986
8999,06/05/2026 00:37:48,3.170,74.155,8.99,0.39059,70.985
9000,06/05/2026 00:47:48,3.172,74.158,8.79,0.39072,70.986
9001,06/05/2026 00:57:48,3.164,74.157,8.69,0.38995,70.993
9002,06/05/2026 01:07:48,3.175,74.164,8.49,0.39107,70.989
9003,06/05/2026 01:17:48,3.185,74.162,8.29,0.39212,70.977
9004,06/05/2026 01:27:48,3.173,74.147,8.09,0.39085,70.974
9005,06/05/2026 01:37:48,3.171,74.155,7.99,0.39070,70.984
9006,06/05/2026 01:47:48,3.182,74.167,7.79,0.39182,70.985
9007,06/05/2026 01:57:48,3.166,74.148,7.69,0.39013,70.982
9008,06/05/2026 02:07:48,3.185,74.160,7.49,0.39210,70.975
9009,06/05/2026 02:17:48,3.195,74.182,7.39,0.39308,70.987
9010,06/05/2026 02:27:48,3.187,74.171,7.19,0.39230,70.984
9011,06/05/2026 02:37:48,3.189,74.170,7.09,0.39251,70.981
9012,06/05/2026 02:47:48,3.198,74.182,6.89,0.39342,70.984
9013,06/05/2026 02:57:48,3.187,74.173,6.79,0.39222,70.986
9014,06/05/2026 03:07:48,3.183,74.163,6.68,0.39180,70.980
9015,06/05/2026 03:17:48,3.202,74.184,6.48,0.39376,70.982
9016,06/05/2026 03:27:48,3.195,74.178,6.38,0.39306,70.983
9017,06/05/2026 03:37:48,3.190,74.169,6.28,0.39250,70.979
9018,06/05/2026 03:47:48,3.192,74.172,6.18,0.39278,70.980
9019,06/05/2026 03:57:48,3.203,74.176,6.07,0.39390,70.973
9020,06/05/2026 04:07:48,3.219,74.193,5.97,0.39551,70.974
9021,06/05/2026 04:17:48,3.211,74.192,5.77,0.39467,70.981
9022,06/05/2026 04:27:48,3.208,74.195,5.67,0.39439,70.987
9023,06/05/2026 04:37:48,3.211,74.195,5.56,0.39466,70.984
9024,06/05/2026 04:47:48,3.215,74.194,5.46,0.39509,70.979
9025,06/05/2026 04:57:48,3.216,74.202,5.36,0.39522,70.986
9026,06/05/2026 05:07:48,3.228,74.215,5.25,0.39642,70.987
9027,06/05/2026 05:17:48,3.209,74.201,5.15,0.39445,70.992
9028,06/05/2026 05:27:48,3.215,74.200,5.05,0.39508,70.985
9029,06/05/2026 05:37:48,3.209,74.199,4.94,0.39445,70.990
9030,06/05/2026 05:47:48,3.217,74.216,4.84,0.39529,70.999
9031,06/05/2026 05:57:48,3.223,74.220,4.74,0.39592,70.997
9032,06/05/2026 06:07:48,3.232,74.233,4.63,0.39683,71.001
9033,06/05/2026 06:17:48,3.241,74.247,4.63,0.39768,71.006
9034,06/05/2026 06:27:48,3.236,74.246,4.53,0.39719,71.010
9035,06/05/2026 06:37:48,3.229,74.241,4.43,0.39648,71.012
9036,06/05/2026 06:47:48,3.219,74.235,4.32,0.39550,71.016
9037,06/05/2026 06:57:48,3.214,74.231,4.32,0.39493,71.017
9038,06/05/2026 07:07:48,3.229,74.248,4.22,0.39648,71.019
9039,06/05/2026 07:17:48,3.237,74.262,4.22,0.39725,71.025
9040,06/05/2026 07:27:48,3.250,74.279,4.11,0.39866,71.029
9041,06/05/2026 07:37:48,3.247,74.279,4.11,0.39838,71.032
9042,06/05/2026 07:47:48,3.241,74.279,4.11,0.39775,71.038
9043,06/05/2026 07:57:48,3.246,74.284,4.11,0.39817,71.038
9044,06/05/2026 08:07:48,3.217,74.266,4.22,0.39528,71.049
9045,06/05/2026 08:17:48,3.203,74.263,4.43,0.39388,71.060
9046,06/05/2026 08:27:48,3.203,74.273,4.53,0.39388,71.070
9047,06/05/2026 08:37:48,3.186,74.256,4.74,0.39220,71.070
9048,06/05/2026 08:47:48,3.206,74.276,4.94,0.39417,71.070
9049,06/05/2026 08:57:48,3.168,74.241,5.15,0.39030,71.073
9050,06/05/2026 09:07:48,3.208,74.271,5.46,0.39438,71.063
9051,06/05/2026 09:17:48,3.184,74.241,5.67,0.39192,71.057
9052,06/05/2026 09:27:48,3.206,74.261,5.97,0.39418,71.055
9053,06/05/2026 09:37:48,3.225,74.276,6.18,0.39615,71.051
9054,06/05/2026 09:47:48,3.214,74.261,6.48,0.39496,71.047
9055,06/05/2026 09:57:48,3.216,74.254,6.79,0.39525,71.038
9056,06/05/2026 10:07:48,3.230,74.266,7.09,0.39659,71.036
9057,06/05/2026 10:17:48,3.224,74.250,7.39,0.39603,71.026
9058,06/05/2026 10:27:48,3.233,74.265,7.59,0.39695,71.032
9059,06/05/2026 10:37:48,3.212,74.258,7.79,0.39478,71.046
9060,06/05/2026 10:47:48,3.222,74.255,7.99,0.39584,71.033
9061,06/05/2026 10:57:48,3.210,74.244,8.29,0.39465,71.034
9062,06/05/2026 11:07:48,3.212,74.252,8.69,0.39487,71.040
9063,06/05/2026 11:17:48,3.235,74.260,9.09,0.39720,71.025
9064,06/05/2026 11:27:48,3.231,74.268,9.48,0.39679,71.037
9065,06/05/2026 11:37:48,3.216,74.254,9.88,0.39526,71.038
9066,06/05/2026 11:47:48,3.218,74.245,10.37,0.39548,71.027
9067,06/05/2026 11:57:48,3.204,74.231,10.86,0.39409,71.027
9068,06/05/2026 12:07:48,3.220,74.244,11.25,0.39573,71.024
9069,06/05/2026 12:17:48,3.224,74.231,11.74,0.39617,71.007
9070,06/05/2026 12:27:48,3.216,74.230,12.12,0.39534,71.014
9071,06/05/2026 12:37:48,3.194,74.187,12.32,0.39310,70.993
9072,06/05/2026 12:47:48,3.201,74.185,12.61,0.39388,70.984
9073,06/05/2026 12:57:48,3.207,74.187,12.80,0.39446,70.980
9074,06/05/2026 13:07:48,3.209,74.196,13.19,0.39468,70.987
9075,06/05/2026 13:17:48,3.205,74.164,13.67,0.39436,70.959
9076,06/05/2026 13:27:48,3.208,74.171,14.25,0.39459,70.963
9077,06/05/2026 13:37:48,3.190,74.143,14.63,0.39285,70.953
9078,06/05/2026 13:47:48,3.194,74.128,14.92,0.39329,70.934
9079,06/05/2026 13:57:48,3.182,74.111,15.40,0.39205,70.929
9080,06/05/2026 14:07:48,3.182,74.098,15.87,0.39208,70.916
9081,06/05/2026 14:17:48,3.166,74.075,16.25,0.39048,70.909
9082,06/05/2026 14:27:48,3.177,74.071,16.64,0.39156,70.894
9083,06/05/2026 14:37:48,3.155,74.043,17.02,0.38940,70.888
9084,06/05/2026 14:47:48,3.152,74.030,17.40,0.38907,70.878
9085,06/05/2026 14:57:48,3.142,74.015,17.68,0.38810,70.873
9086,06/05/2026 15:07:48,3.158,74.032,17.97,0.38981,70.874
9087,06/05/2026 15:17:48,3.155,74.030,18.16,0.38947,70.875
9088,06/05/2026 15:27:48,3.142,73.996,18.35,0.38814,70.854
9089,06/05/2026 15:37:48,3.176,74.045,18.64,0.39161,70.869
9090,06/05/2026 15:47:48,3.147,74.008,18.92,0.38867,70.861
9091,06/05/2026 15:57:48,3.122,73.976,18.92,0.38614,70.854
9092,06/05/2026 16:07:48,3.129,73.993,18.83,0.38683,70.864
9093,06/05/2026 16:17:48,3.116,73.977,18.64,0.38548,70.861
9094,06/05/2026 16:27:48,3.103,73.970,18.45,0.38413,70.867
9095,06/05/2026 16:37:48,3.111,73.968,18.26,0.38497,70.857
9096,06/05/2026 16:47:48,3.100,73.957,18.16,0.38390,70.857
9097,06/05/2026 16:57:48,3.103,73.961,18.07,0.38411,70.858
9098,06/05/2026 17:07:48,3.089,73.950,17.97,0.38262,70.862
9099,06/05/2026 17:17:48,3.100,73.958,17.88,0.38389,70.858
9100,06/05/2026 17:27:48,3.092,73.948,17.78,0.38303,70.856
9101,06/05/2026 17:37:48,3.106,73.955,17.59,0.38443,70.849
9102,06/05/2026 17:47:48,3.103,73.954,17.49,0.38407,70.851
9103,06/05/2026 17:57:48,3.108,73.962,17.40,0.38456,70.854
9104,06/05/2026 18:07:48,3.118,73.959,17.21,0.38568,70.841
9105,06/05/2026 18:17:48,3.112,73.949,17.11,0.38504,70.837
9106,06/05/2026 18:27:48,3.117,73.944,17.02,0.38545,70.827
9107,06/05/2026 18:37:48,3.115,73.942,16.92,0.38538,70.827
9108,06/05/2026 18:47:48,3.120,73.945,16.73,0.38579,70.825
9109,06/05/2026 18:57:48,3.112,73.929,16.54,0.38493,70.817
9110,06/05/2026 19:07:48,3.104,73.931,16.35,0.38415,70.827
9111,06/05/2026 19:17:48,3.106,73.962,16.25,0.38435,70.856
9112,06/05/2026 19:27:48,3.099,73.973,16.06,0.38364,70.874
9113,06/05/2026 19:37:48,3.090,73.976,15.87,0.38264,70.886
9114,06/05/2026 19:47:48,3.091,73.983,15.68,0.38270,70.892
9115,06/05/2026 19:57:48,3.103,74.003,15.49,0.38403,70.900
9116,06/05/2026 20:07:48,3.085,73.996,15.30,0.38219,70.911
9117,06/05/2026 20:17:48,3.085,74.008,15.11,0.38211,70.923
9118,06/05/2026 20:27:48,3.087,74.010,14.92,0.38238,70.923
9119,06/05/2026 20:37:48,3.081,74.003,14.63,0.38173,70.921
9120,06/05/2026 20:47:48,3.102,74.009,14.44,0.38391,70.907
9121,06/05/2026 20:57:48,3.115,74.026,14.25,0.38509,70.911
9122,06/05/2026 21:07:48,3.105,74.013,13.96,0.38416,70.908
9123,06/05/2026 21:17:48,3.116,74.029,13.77,0.38528,70.913
9124,06/05/2026 21:27:48,3.106,74.017,13.48,0.38421,70.911
9125,06/05/2026 21:37:48,3.100,74.015,13.28,0.38364,70.915
9126,06/05/2026 21:47:48,3.125,74.049,13.00,0.38609,70.924
9127,06/05/2026 21:57:48,3.121,74.051,12.80,0.38573,70.930
9128,06/05/2026 22:07:48,3.102,74.040,12.61,0.38375,70.938
9129,06/05/2026 22:17:48,3.128,74.070,12.42,0.38635,70.942
9130,06/05/2026 22:27:48,3.122,74.077,12.22,0.38578,70.955
9131,06/05/2026 22:37:48,3.123,74.075,12.03,0.38584,70.952
9132,06/05/2026 22:47:48,3.133,74.087,11.83,0.38682,70.954
9133,06/05/2026 22:57:48,3.149,74.094,11.64,0.38850,70.945
9134,06/05/2026 23:07:48,3.137,74.074,11.44,0.38722,70.937
9135,06/05/2026 23:17:48,3.127,74.063,11.25,0.38623,70.936
9136,06/05/2026 23:27:48,3.129,74.056,11.05,0.38650,70.927
9137,06/05/2026 23:37:48,3.136,74.054,10.86,0.38720,70.918
9138,06/05/2026 23:47:48,3.142,74.057,10.66,0.38776,70.915
9139,06/05/2026 23:57:48,3.154,74.064,10.47,0.38902,70.910
9140,06/06/2026 00:07:48,3.137,74.053,10.27,0.38725,70.916
9141,06/06/2026 00:17:48,3.137,74.052,10.08,0.38717,70.915
9142,06/06/2026 00:27:48,3.137,74.050,9.88,0.38724,70.913
9143,06/06/2026 00:37:48,3.152,74.075,9.68,0.38878,70.923
9144,06/06/2026 00:47:48,3.177,74.087,9.48,0.39131,70.910
9145,06/06/2026 00:57:48,3.162,74.067,9.29,0.38975,70.905
9146,06/06/2026 01:07:48,3.151,74.056,9.09,0.38862,70.905
9147,06/06/2026 01:17:48,3.173,74.073,8.99,0.39094,70.900
9148,06/06/2026 01:27:48,3.146,74.049,8.79,0.38812,70.903
9149,06/06/2026 01:37:48,3.139,74.038,8.59,0.38741,70.899
9150,06/06/2026 01:47:48,3.143,74.042,8.49,0.38776,70.899
9151,06/06/2026 01:57:48,3.139,74.040,8.29,0.38740,70.901
9152,06/06/2026 02:07:48,3.159,74.062,8.19,0.38944,70.903
9153,06/06/2026 02:17:48,3.154,74.051,7.99,0.38894,70.897
9154,06/06/2026 02:27:48,3.169,74.064,7.89,0.39042,70.895
9155,06/06/2026 02:37:48,3.173,74.067,7.69,0.39084,70.894
9156,06/06/2026 02:47:48,3.187,74.084,7.59,0.39224,70.897
9157,06/06/2026 02:57:48,3.182,74.074,7.49,0.39175,70.892
9158,06/06/2026 03:07:48,3.170,74.054,7.29,0.39055,70.884
9159,06/06/2026 03:17:48,3.189,74.072,7.19,0.39244,70.883
9160,06/06/2026 03:27:48,3.146,74.030,7.09,0.38808,70.884
9161,06/06/2026 03:37:48,3.172,74.051,6.89,0.39075,70.879
9162,06/06/2026 03:47:48,3.180,74.050,6.79,0.39159,70.870
9163,06/06/2026 03:57:48,3.168,74.049,6.68,0.39032,70.881
9164,06/06/2026 04:07:48,3.172,74.049,6.58,0.39067,70.877
9165,06/06/2026 04:17:48,3.153,74.030,6.48,0.38877,70.877
9166,06/06/2026 04:27:48,3.165,74.047,6.38,0.39004,70.882
9167,06/06/2026 04:37:48,3.182,74.060,6.28,0.39172,70.878
9168,06/06/2026 04:47:48,3.172,74.055,6.18,0.39067,70.883
9169,06/06/2026 04:57:48,3.180,74.058,6.07,0.39158,70.878
9170,06/06/2026 05:07:48,3.168,74.057,5.87,0.39024,70.889
9171,06/06/2026 05:17:48,3.192,74.079,5.87,0.39277,70.887
9172,06/06/2026 05:27:48,3.178,74.069,5.67,0.39129,70.891
9173,06/06/2026 05:37:48,3.200,74.087,5.67,0.39354,70.887
9174,06/06/2026 05:47:48,3.169,74.059,5.56,0.39038,70.890
9175,06/06/2026 05:57:48,3.202,74.094,5.46,0.39382,70.892
9176,06/06/2026 06:07:48,3.193,74.098,5.36,0.39283,70.905
9177,06/06/2026 06:17:48,3.186,74.093,5.25,0.39213,70.907
9178,06/06/2026 06:27:48,3.195,74.106,5.15,0.39297,70.911
9179,06/06/2026 06:37:48,3.171,74.082,5.05,0.39058,70.911
9180,06/06/2026 06:47:48,3.198,74.109,5.05,0.39339,70.911
9181,06/06/2026 06:57:48,3.183,74.099,4.94,0.39185,70.916
9182,06/06/2026 07:07:48,3.195,74.109,4.94,0.39297,70.914
9183,06/06/2026 07:17:48,3.180,74.103,4.84,0.39156,70.923
9184,06/06/2026 07:27:48,3.193,74.117,4.84,0.39283,70.924
9185,06/06/2026 07:37:48,3.186,74.107,4.74,0.39212,70.921
9186,06/06/2026 07:47:48,3.199,74.116,4.74,0.39346,70.917
9187,06/06/2026 07:57:48,3.193,74.121,4.84,0.39290,70.928
9188,06/06/2026 08:07:48,3.201,74.136,4.94,0.39360,70.935
9189,06/06/2026 08:17:48,3.184,74.118,5.05,0.39199,70.934
9190,06/06/2026 08:27:48,3.189,74.120,5.25,0.39241,70.931
9191,06/06/2026 08:37:48,3.178,74.108,5.46,0.39129,70.930
9192,06/06/2026 08:47:48,3.179,74.114,5.67,0.39143,70.935
9193,06/06/2026 08:57:48,3.195,74.125,5.87,0.39298,70.930
9194,06/06/2026 09:07:48,3.196,74.126,6.07,0.39320,70.930
9195,06/06/2026 09:17:48,3.171,74.101,6.38,0.39067,70.930
9196,06/06/2026 09:27:48,3.195,74.117,6.58,0.39299,70.922
9197,06/06/2026 09:37:48,3.187,74.096,6.89,0.39230,70.909
9198,06/06/2026 09:47:48,3.174,74.081,7.19,0.39090,70.907
9199,06/06/2026 09:57:48,3.184,74.088,7.49,0.39196,70.904
9200,06/06/2026 10:07:48,3.168,74.059,7.89,0.39035,70.891
9201,06/06/2026 10:17:48,3.170,74.057,8.19,0.39057,70.887
9202,06/06/2026 10:27:48,3.184,74.070,8.59,0.39198,70.886
9203,06/06/2026 10:37:48,3.174,74.046,8.99,0.39101,70.872
9204,06/06/2026 10:47:48,3.193,74.050,9.39,0.39292,70.857
9205,06/06/2026 10:57:48,3.177,74.023,9.88,0.39125,70.846
9206,06/06/2026 11:07:48,3.157,74.004,10.27,0.38922,70.847
9207,06/06/2026 11:17:48,3.166,73.998,10.66,0.39022,70.832
9208,06/06/2026 11:27:48,3.166,73.998,11.15,0.39024,70.832
9209,06/06/2026 11:37:48,3.188,74.010,11.44,0.39250,70.822
9210,06/06/2026 11:47:48,3.183,74.002,11.54,0.39201,70.819
9211,06/06/2026 11:57:48,3.187,74.007,11.54,0.39236,70.820
9212,06/06/2026 12:07:48,3.161,73.968,11.74,0.38970,70.807
9213,06/06/2026 12:17:48,3.172,73.967,12.12,0.39091,70.795
9214,06/06/2026 12:27:48,3.179,73.962,12.51,0.39163,70.783
9215,06/06/2026 12:37:48,3.157,73.925,12.90,0.38939,70.768
9216,06/06/2026 12:47:48,3.157,73.909,13.48,0.38935,70.752
9217,06/06/2026 12:57:48,3.198,73.927,13.96,0.39366,70.729
9218,06/06/2026 13:07:48,3.156,73.877,14.34,0.38932,70.721
9219,06/06/2026 13:17:48,3.153,73.872,14.73,0.38906,70.719
9220,06/06/2026 13:27:48,3.156,73.877,15.20,0.38944,70.721
9221,06/06/2026 13:37:48,3.141,73.853,15.49,0.38790,70.712
9222,06/06/2026 13:47:48,3.138,73.845,15.59,0.38763,70.707
9223,06/06/2026 13:57:48,3.156,73.877,15.59,0.38946,70.721
9224,06/06/2026 14:07:48,3.169,73.862,15.87,0.39081,70.693
9225,06/06/2026 14:17:48,3.132,73.821,16.25,0.38703,70.689
9226,06/06/2026 14:27:48,3.139,73.810,16.45,0.38774,70.671
9227,06/06/2026 14:37:48,3.134,73.792,16.45,0.38718,70.658
9228,06/06/2026 14:47:48,3.131,73.778,16.45,0.38690,70.647
9229,06/06/2026 14:57:48,3.123,73.781,16.73,0.38614,70.658
9230,06/06/2026 15:07:48,3.134,73.785,17.02,0.38721,70.651
9231,06/06/2026 15:17:48,3.144,73.779,17.30,0.38829,70.635
9232,06/06/2026 15:27:48,3.133,73.776,17.40,0.38717,70.643
9233,06/06/2026 15:37:48,3.121,73.739,17.40,0.38597,70.618
9234,06/06/2026 15:47:48,3.124,73.750,17.49,0.38619,70.626
9235,06/06/2026 15:57:48,3.110,73.721,17.40,0.38484,70.611
9236,06/06/2026 16:07:48,3.108,73.711,17.30,0.38463,70.603
9237,06/06/2026 16:17:48,3.104,73.700,17.49,0.38421,70.596
9238,06/06/2026 16:27:48,3.102,73.693,17.68,0.38402,70.591
9239,06/06/2026 16:37:48,3.104,73.682,17.88,0.38424,70.578
9240,06/06/2026 16:47:48,3.097,73.666,18.07,0.38355,70.569
9241,06/06/2026 16:57:48,3.119,73.691,18.26,0.38581,70.572
9242,06/06/2026 17:07:48,3.113,73.688,18.35,0.38511,70.575
9243,06/06/2026 17:17:48,3.105,73.669,18.35,0.38441,70.564
9244,06/06/2026 17:27:48,3.097,73.661,18.45,0.38357,70.564
9245,06/06/2026 17:37:48,3.102,73.652,18.45,0.38413,70.550
9246,06/06/2026 17:47:48,3.077,73.630,18.45,0.38146,70.553
9247,06/06/2026 17:57:48,3.094,73.651,18.35,0.38328,70.557
9248,06/06/2026 18:07:48,3.080,73.619,18.35,0.38187,70.539
9249,06/06/2026 18:17:48,3.076,73.618,18.26,0.38144,70.542
9250,06/06/2026 18:27:48,3.063,73.607,18.07,0.38002,70.544
9251,06/06/2026 18:37:48,3.067,73.597,17.97,0.38044,70.530
9252,06/06/2026 18:47:48,3.076,73.608,17.78,0.38134,70.532
9253,06/06/2026 18:57:48,3.081,73.615,17.59,0.38183,70.534
9254,06/06/2026 19:07:48,3.070,73.608,17.40,0.38076,70.538
9255,06/06/2026 19:17:48,3.048,73.597,17.21,0.37842,70.549
9256,06/06/2026 19:27:48,3.075,73.622,17.02,0.38116,70.547
9257,06/06/2026 19:37:48,3.046,73.593,16.92,0.37827,70.547
9258,06/06/2026 19:47:48,3.048,73.596,16.73,0.37840,70.548
9259,06/06/2026 19:57:48,3.061,73.620,16.54,0.37979,70.559
9260,06/06/2026 20:07:48,3.067,73.627,16.35,0.38042,70.560
9261,06/06/2026 20:17:48,3.042,73.602,16.16,0.37787,70.560
9262,06/06/2026 20:27:48,3.050,73.609,15.97,0.37864,70.559
9263,06/06/2026 20:37:48,3.060,73.620,15.68,0.37961,70.560
9264,06/06/2026 20:47:48,3.069,73.636,15.49,0.38051,70.567
9265,06/06/2026 20:57:48,3.052,73.610,15.20,0.37874,70.558
9266,06/06/2026 21:07:48,3.065,73.625,14.92,0.38006,70.560
9267,06/06/2026 21:17:48,3.080,73.644,14.63,0.38166,70.564
9268,06/06/2026 21:27:48,3.088,73.664,14.34,0.38242,70.576
9269,06/06/2026 21:37:48,3.085,73.680,14.15,0.38206,70.595
9270,06/06/2026 21:47:48,3.068,73.677,13.86,0.38036,70.609
9271,06/06/2026 21:57:48,3.079,73.697,13.67,0.38148,70.618
9272,06/06/2026 22:07:48,3.081,73.713,13.38,0.38160,70.632
9273,06/06/2026 22:17:48,3.089,73.729,13.19,0.38244,70.640
9274,06/06/2026 22:27:48,3.088,73.731,13.00,0.38236,70.643
9275,06/06/2026 22:37:48,3.084,73.738,12.80,0.38193,70.654
9276,06/06/2026 22:47:48,3.076,73.731,12.51,0.38107,70.655
9277,06/06/2026 22:57:48,3.078,73.729,12.32,0.38128,70.651
9278,06/06/2026 23:07:48,3.076,73.722,12.12,0.38113,70.646
9279,06/06/2026 23:17:48,3.083,73.720,11.93,0.38182,70.637
9280,06/06/2026 23:27:48,3.103,73.737,11.74,0.38379,70.634
9281,06/06/2026 23:37:48,3.080,73.720,11.44,0.38152,70.640
9282,06/06/2026 23:47:48,3.108,73.746,11.25,0.38426,70.638
9283,06/06/2026 23:57:48,3.089,73.730,11.05,0.38235,70.641
9284,06/07/2026 00:07:48,3.090,73.728,10.86,0.38249,70.638
9285,06/07/2026 00:17:48,3.107,73.731,10.66,0.38417,70.624
9286,06/07/2026 00:27:48,3.100,73.724,10.37,0.38346,70.624
9287,06/07/2026 00:37:48,3.103,73.717,10.17,0.38380,70.614
9288,06/07/2026 00:47:48,3.099,73.711,9.98,0.38337,70.612
9289,06/07/2026 00:57:48,3.115,73.727,9.78,0.38498,70.612
9290,06/07/2026 01:07:48,3.133,73.730,9.58,0.38681,70.597
9291,06/07/2026 01:17:48,3.152,73.752,9.48,0.38870,70.600
9292,06/07/2026 01:27:48,3.158,73.754,9.29,0.38940,70.596
9293,06/07/2026 01:37:48,3.154,73.739,9.09,0.38897,70.585
9294,06/07/2026 01:47:48,3.138,73.728,8.89,0.38735,70.590
9295,06/07/2026 01:57:48,3.139,73.727,8.79,0.38742,70.588
9296,06/07/2026 02:07:48,3.143,73.730,8.59,0.38783,70.587
9297,06/07/2026 02:17:48,3.128,73.715,8.39,0.38628,70.587
9298,06/07/2026 02:27:48,3.133,73.719,8.29,0.38677,70.586
9299,06/07/2026 02:37:48,3.144,73.726,8.09,0.38789,70.582
9300,06/07/2026 02:47:48,3.122,73.707,7.99,0.38564,70.585
9301,06/07/2026 02:57:48,3.154,73.742,7.79,0.38887,70.588
9302,06/07/2026 03:07:48,3.131,73.718,7.69,0.38655,70.587
9303,06/07/2026 03:17:48,3.136,73.721,7.49,0.38703,70.585
9304,06/07/2026 03:27:48,3.134,73.716,7.39,0.38682,70.582
9305,06/07/2026 03:37:48,3.142,73.719,7.29,0.38773,70.577
9306,06/07/2026 03:47:48,3.147,73.727,7.09,0.38815,70.580
9307,06/07/2026 03:57:48,3.134,73.721,6.99,0.38688,70.587
9308,06/07/2026 04:07:48,3.170,73.757,6.89,0.39047,70.587
9309,06/07/2026 04:17:48,3.149,73.737,6.68,0.38835,70.588
9310,06/07/2026 04:27:48,3.164,73.750,6.58,0.38990,70.586
9311,06/07/2026 04:37:48,3.160,73.745,6.48,0.38941,70.585
9312,06/07/2026 04:47:48,3.158,73.744,6.38,0.38926,70.586
9313,06/07/2026 04:57:48,3.155,73.742,6.18,0.38898,70.587
9314,06/07/2026 05:07:48,3.138,73.732,6.07,0.38729,70.594
9315,06/07/2026 05:17:48,3.163,73.759,5.97,0.38975,70.596
9316,06/07/2026 05:27:48,3.169,73.767,5.87,0.39038,70.598
9317,06/07/2026 05:37:48,3.178,73.775,5.77,0.39136,70.597
9318,06/07/2026 05:47:48,3.179,73.774,5.67,0.39143,70.595
9319,06/07/2026 05:57:48,3.164,73.769,5.56,0.38988,70.605
9320,06/07/2026 06:07:48,3.174,73.777,5.46,0.39094,70.603
9321,06/07/2026 06:17:48,3.162,73.763,5.36,0.38967,70.601
9322,06/07/2026 06:27:48,3.183,73.794,5.25,0.39178,70.611
9323,06/07/2026 06:37:48,3.164,73.780,5.15,0.38981,70.616
9324,06/07/2026 06:47:48,3.176,73.801,5.05,0.39114,70.625
9325,06/07/2026 06:57:48,3.175,73.792,5.05,0.39107,70.617
9326,06/07/2026 07:07:48,3.165,73.783,4.94,0.38995,70.618
9327,06/07/2026 07:17:48,3.173,73.791,4.84,0.39079,70.618
9328,06/07/2026 07:27:48,3.164,73.791,4.84,0.38988,70.627
9329,06/07/2026 07:37:48,3.161,73.790,4.74,0.38959,70.629
9330,06/07/2026 07:47:48,3.165,73.786,4.74,0.38994,70.621
9331,06/07/2026 07:57:48,3.164,73.786,4.74,0.38980,70.622
9332,06/07/2026 08:07:48,3.155,73.782,4.84,0.38896,70.627
9333,06/07/2026 08:17:48,3.154,73.779,5.05,0.38882,70.625
9334,06/07/2026 08:27:48,3.141,73.771,5.15,0.38749,70.630
9335,06/07/2026 08:37:48,3.122,73.754,5.36,0.38559,70.632
9336,06/07/2026 08:47:48,3.124,73.751,5.56,0.38581,70.627
9337,06/07/2026 08:57:48,3.146,73.775,5.77,0.38806,70.629
9338,06/07/2026 09:07:48,3.151,73.781,5.97,0.38862,70.630
9339,06/07/2026 09:17:48,3.137,73.766,6.28,0.38708,70.629
9340,06/07/2026 09:27:48,3.166,73.799,6.48,0.39011,70.633
9341,06/07/2026 09:37:48,3.168,73.797,6.79,0.39025,70.629
9342,06/07/2026 09:47:48,3.163,73.786,7.09,0.38977,70.623
9343,06/07/2026 09:57:48,3.139,73.761,7.39,0.38738,70.622
9344,06/07/2026 10:07:48,3.148,73.759,7.69,0.38830,70.611
9345,06/07/2026 10:17:48,3.150,73.748,7.99,0.38845,70.598
9346,06/07/2026 10:27:48,3.155,73.765,8.39,0.38902,70.610
9347,06/07/2026 10:37:48,3.155,73.763,8.69,0.38903,70.608
9348,06/07/2026 10:47:48,3.162,73.780,9.09,0.38975,70.618
9349,06/07/2026 10:57:48,3.157,73.770,9.48,0.38927,70.613
9350,06/07/2026 11:07:48,3.152,73.769,9.88,0.38872,70.617
9351,06/07/2026 11:17:48,3.149,73.773,10.27,0.38845,70.624
9352,06/07/2026 11:27:48,3.155,73.772,10.66,0.38902,70.617
9353,06/07/2026 11:37:48,3.133,73.763,11.15,0.38686,70.630
9354,06/07/2026 11:47:48,3.154,73.771,11.54,0.38906,70.617
9355,06/07/2026 11:57:48,3.136,73.743,11.93,0.38724,70.607
9356,06/07/2026 12:07:48,3.145,73.759,12.12,0.38809,70.614
9357,06/07/2026 12:17:48,3.132,73.752,12.32,0.38677,70.620
9358,06/07/2026 12:27:48,3.137,73.735,12.51,0.38734,70.598
9359,06/07/2026 12:37:48,3.115,73.719,12.71,0.38509,70.604
9360,06/07/2026 12:47:48,3.098,73.708,12.90,0.38334,70.610
9361,06/07/2026 12:57:48,3.101,73.710,13.09,0.38363,70.609
9362,06/07/2026 13:07:48,3.130,73.728,13.57,0.38668,70.598
9363,06/07/2026 13:17:48,3.109,73.692,14.05,0.38459,70.583
9364,06/07/2026 13:27:48,3.099,73.711,14.53,0.38356,70.612
9365,06/07/2026 13:37:48,3.120,73.715,14.92,0.38576,70.595
9366,06/07/2026 13:47:48,3.098,73.670,15.30,0.38346,70.572
9367,06/07/2026 13:57:48,3.116,73.716,15.78,0.38531,70.600
9368,06/07/2026 14:07:48,3.105,73.706,16.06,0.38420,70.601
9369,06/07/2026 14:17:48,3.103,73.686,16.35,0.38408,70.583
9370,06/07/2026 14:27:48,3.094,73.703,16.64,0.38318,70.609
9371,06/07/2026 14:37:48,3.072,73.674,16.83,0.38087,70.602
9372,06/07/2026 14:47:48,3.080,73.682,17.11,0.38173,70.602
9373,06/07/2026 14:57:48,3.077,73.676,17.40,0.38146,70.599
9374,06/07/2026 15:07:48,3.081,73.677,17.49,0.38189,70.596
9375,06/07/2026 15:17:48,3.075,73.684,17.68,0.38127,70.609
9376,06/07/2026 15:27:48,3.058,73.657,17.68,0.37951,70.599
9377,06/07/2026 15:37:48,3.054,73.657,17.68,0.37909,70.603
9378,06/07/2026 15:47:48,3.058,73.652,17.68,0.37958,70.594
9379,06/07/2026 15:57:48,3.033,73.629,17.68,0.37704,70.596
9380,06/07/2026 16:07:48,3.040,73.633,17.59,0.37767,70.593
9381,06/07/2026 16:17:48,3.053,73.632,17.49,0.37900,70.579
9382,06/07/2026 16:27:48,3.061,73.650,17.49,0.37978,70.589
9383,06/07/2026 16:37:48,3.041,73.634,17.68,0.37782,70.593
9384,06/07/2026 16:47:48,3.068,73.662,17.78,0.38057,70.594
9385,06/07/2026 16:57:48,3.057,73.653,17.78,0.37944,70.596
9386,06/07/2026 17:07:48,3.047,73.661,17.68,0.37845,70.614
9387,06/07/2026 17:17:48,3.047,73.651,17.59,0.37838,70.604
9388,06/07/2026 17:27:48,3.029,73.619,17.59,0.37662,70.590
9389,06/07/2026 17:37:48,3.052,73.642,17.59,0.37887,70.590
9390,06/07/2026 17:47:48,3.039,73.626,17.40,0.37759,70.587
9391,06/07/2026 17:57:48,3.047,73.635,17.40,0.37836,70.588
9392,06/07/2026 18:07:48,3.034,73.611,17.30,0.37709,70.577
9393,06/07/2026 18:17:48,3.048,73.619,17.21,0.37849,70.571
9394,06/07/2026 18:27:48,3.044,73.627,17.11,0.37807,70.583
9395,06/07/2026 18:37:48,3.052,73.640,17.02,0.37884,70.588
9396,06/07/2026 18:47:48,3.041,73.637,16.83,0.37777,70.596
9397,06/07/2026 18:57:48,3.030,73.653,16.64,0.37663,70.623
9398,06/07/2026 19:07:48,3.044,73.669,16.45,0.37803,70.625
9399,06/07/2026 19:17:48,3.013,73.640,16.25,0.37485,70.627
9400,06/07/2026 19:27:48,3.012,73.642,16.06,0.37477,70.630
9401,06/07/2026 19:37:48,3.025,73.657,15.78,0.37609,70.632
9402,06/07/2026 19:47:48,3.001,73.655,15.59,0.37355,70.654
9403,06/07/2026 19:57:48,3.029,73.694,15.40,0.37642,70.665
9404,06/07/2026 20:07:48,3.011,73.687,15.20,0.37458,70.676
9405,06/07/2026 20:17:48,3.018,73.703,15.01,0.37528,70.685
9406,06/07/2026 20:27:48,3.020,73.705,14.82,0.37555,70.685
9407,06/07/2026 20:37:48,3.027,73.702,14.53,0.37624,70.675
9408,06/07/2026 20:47:48,3.045,73.732,14.34,0.37799,70.687
9409,06/07/2026 20:57:48,3.029,73.724,14.05,0.37643,70.695
9410,06/07/2026 21:07:48,3.046,73.740,13.86,0.37811,70.694
9411,06/07/2026 21:17:48,3.033,73.737,13.57,0.37676,70.704
9412,06/07/2026 21:27:48,3.068,73.776,13.38,0.38034,70.708
9413,06/07/2026 21:37:48,3.069,73.778,13.09,0.38040,70.709
9414,06/07/2026 21:47:48,3.052,73.789,12.90,0.37870,70.737
9415,06/07/2026 21:57:48,3.068,73.828,12.71,0.38031,70.760
9416,06/07/2026 22:07:48,3.052,73.821,12.51,0.37868,70.769
9417,06/07/2026 22:17:48,3.066,73.856,12.32,0.38008,70.790
9418,06/07/2026 22:27:48,3.064,73.867,12.12,0.37993,70.803
9419,06/07/2026 22:37:48,3.055,73.865,11.83,0.37887,70.810
9420,06/07/2026 22:47:48,3.064,73.876,11.64,0.37984,70.812
9421,06/07/2026 22:57:48,3.069,73.888,11.44,0.38033,70.819
9422,06/07/2026 23:07:48,3.080,73.895,11.25,0.38145,70.815
9423,06/07/2026 23:17:48,3.070,73.884,11.05,0.38045,70.814
9424,06/07/2026 23:27:48,3.087,73.905,10.86,0.38214,70.818
9425,06/07/2026 23:37:48,3.080,73.894,10.66,0.38143,70.814
9426,06/07/2026 23:47:48,3.085,73.897,10.47,0.38191,70.812
9427,06/07/2026 23:57:48,3.073,73.890,10.27,0.38071,70.817
9428,06/08/2026 00:07:48,3.082,73.911,10.08,0.38162,70.829
9429,06/08/2026 00:17:48,3.085,73.927,9.88,0.38196,70.842
9430,06/08/2026 00:27:48,3.089,73.926,9.68,0.38231,70.837
9431,06/08/2026 00:37:48,3.084,73.910,9.48,0.38181,70.826
9432,06/08/2026 00:47:48,3.066,73.882,9.39,0.37998,70.816
9433,06/08/2026 00:57:48,3.096,73.899,9.19,0.38300,70.803
9434,06/08/2026 01:07:48,3.092,73.892,8.99,0.38264,70.800
9435,06/08/2026 01:17:48,3.077,73.873,8.89,0.38109,70.796
9436,06/08/2026 01:27:48,3.098,73.890,8.69,0.38319,70.792
9437,06/08/2026 01:37:48,3.093,73.889,8.59,0.38270,70.796
9438,06/08/2026 01:47:48,3.081,73.878,8.39,0.38150,70.797
9439,06/08/2026 01:57:48,3.083,73.886,8.29,0.38171,70.803
9440,06/08/2026 02:07:48,3.089,73.885,8.19,0.38234,70.796
9441,06/08/2026 02:17:48,3.095,73.898,8.09,0.38290,70.803
9442,06/08/2026 02:27:48,3.099,73.901,7.89,0.38332,70.802
9443,06/08/2026 02:37:48,3.095,73.900,7.79,0.38289,70.805
9444,06/08/2026 02:47:48,3.096,73.904,7.69,0.38296,70.808
9445,06/08/2026 02:57:48,3.095,73.903,7.59,0.38289,70.808
9446,06/08/2026 03:07:48,3.080,73.883,7.39,0.38134,70.803
9447,06/08/2026 03:17:48,3.091,73.900,7.29,0.38253,70.809
9448,06/08/2026 03:27:48,3.097,73.913,7.19,0.38309,70.816
9449,06/08/2026 03:37:48,3.103,73.917,7.09,0.38365,70.814
9450,06/08/2026 03:47:48,3.093,73.916,6.99,0.38266,70.823
9451,06/08/2026 03:57:48,3.104,73.929,6.89,0.38379,70.825
9452,06/08/2026 04:07:48,3.099,73.927,6.68,0.38329,70.828
9453,06/08/2026 04:17:48,3.090,73.935,6.58,0.38237,70.845
9454,06/08/2026 04:27:48,3.120,73.957,6.48,0.38547,70.837
9455,06/08/2026 04:37:48,3.107,73.947,6.38,0.38413,70.840
9456,06/08/2026 04:47:48,3.109,73.961,6.38,0.38427,70.852
9457,06/08/2026 04:57:48,3.103,73.960,6.28,0.38371,70.857
9458,06/08/2026 05:07:48,3.115,73.987,6.18,0.38483,70.872
9459,06/08/2026 05:17:48,3.122,73.995,6.07,0.38560,70.873
9460,06/08/2026 05:27:48,3.131,74.003,5.97,0.38651,70.872
9461,06/08/2026 05:37:48,3.128,74.002,5.87,0.38623,70.874
9462,06/08/2026 05:47:48,3.135,74.020,5.77,0.38686,70.885
9463,06/08/2026 05:57:48,3.133,74.028,5.67,0.38672,70.895
9464,06/08/2026 06:07:48,3.138,74.036,5.56,0.38728,70.898
9465,06/08/2026 06:17:48,3.125,74.040,5.46,0.38587,70.915
9466,06/08/2026 06:27:48,3.126,74.044,5.36,0.38594,70.918
9467,06/08/2026 06:37:48,3.143,74.066,5.36,0.38777,70.923
9468,06/08/2026 06:47:48,3.164,74.084,5.25,0.38988,70.920
9469,06/08/2026 06:57:48,3.120,74.038,5.25,0.38545,70.918
9470,06/08/2026 07:07:48,3.132,74.038,5.25,0.38665,70.906
9471,06/08/2026 07:17:48,3.125,74.034,5.25,0.38587,70.909
9472,06/08/2026 07:27:48,3.135,74.066,5.25,0.38686,70.931
9473,06/08/2026 07:37:48,3.132,74.065,5.15,0.38657,70.933
9474,06/08/2026 07:47:48,3.142,74.083,5.15,0.38763,70.941
9475,06/08/2026 07:57:48,3.120,74.074,5.15,0.38538,70.954
9476,06/08/2026 08:07:48,3.112,74.079,5.25,0.38461,70.967
9477,06/08/2026 08:17:48,3.105,74.085,5.46,0.38391,70.980
9478,06/08/2026 08:27:48,3.109,74.086,5.56,0.38426,70.977
9479,06/08/2026 08:37:48,3.118,74.101,5.77,0.38525,70.983
9480,06/08/2026 08:47:48,3.109,74.098,5.97,0.38433,70.989
9481,06/08/2026 08:57:48,3.109,74.100,6.18,0.38427,70.991
9482,06/08/2026 09:07:48,3.113,74.106,6.38,0.38469,70.993
9483,06/08/2026 09:17:48,3.103,74.098,6.58,0.38371,70.995
9484,06/08/2026 09:27:48,3.108,74.110,6.89,0.38421,71.002
9485,06/08/2026 09:37:48,3.119,74.117,7.19,0.38534,70.998
9486,06/08/2026 09:47:48,3.108,74.115,7.49,0.38422,71.007
9487,06/08/2026 09:57:48,3.103,74.104,7.79,0.38366,71.001
9488,06/08/2026 10:07:48,3.117,74.125,8.09,0.38508,71.008
9489,06/08/2026 10:17:48,3.106,74.100,8.39,0.38403,70.994
9490,06/08/2026 10:27:48,3.130,74.126,8.79,0.38650,70.996
9491,06/08/2026 10:37:48,3.119,74.115,9.09,0.38539,70.996
9492,06/08/2026 10:47:48,3.130,74.128,9.48,0.38645,70.998
9493,06/08/2026 10:57:48,3.117,74.117,9.78,0.38520,71.000
9494,06/08/2026 11:07:48,3.122,74.125,10.17,0.38570,71.003
9495,06/08/2026 11:17:48,3.116,74.125,10.66,0.38515,71.009
9496,06/08/2026 11:27:48,3.126,74.129,11.05,0.38615,71.003
9497,06/08/2026 11:37:48,3.112,74.114,11.44,0.38476,71.002
9498,06/08/2026 11:47:48,3.105,74.109,11.83,0.38407,71.004
9499,06/08/2026 11:57:48,3.120,74.109,12.22,0.38557,70.989
9500,06/08/2026 12:07:48,3.106,74.092,12.42,0.38424,70.986
9501,06/08/2026 12:17:48,3.106,74.080,12.51,0.38417,70.974
9502,06/08/2026 12:27:48,3.129,74.087,12.80,0.38657,70.958
9503,06/08/2026 12:37:48,3.164,74.134,13.38,0.39012,70.970
9504,06/08/2026 12:47:48,3.143,74.098,13.86,0.38803,70.955
9505,06/08/2026 12:57:48,3.140,74.097,14.15,0.38769,70.957
9506,06/08/2026 13:07:48,3.162,74.113,14.34,0.38995,70.951
9507,06/08/2026 13:17:48,3.122,74.077,14.44,0.38595,70.955
9508,06/08/2026 13:27:48,3.100,74.042,14.53,0.38370,70.942
9509,06/08/2026 13:37:48,3.087,74.005,14.82,0.38231,70.918
9510,06/08/2026 13:47:48,3.080,73.995,15.20,0.38169,70.915
9511,06/08/2026 13:57:48,3.094,73.986,15.59,0.38305,70.892
9512,06/08/2026 14:07:48,3.105,74.003,15.87,0.38419,70.898
9513,06/08/2026 14:17:48,3.080,73.979,16.16,0.38167,70.899
9514,06/08/2026 14:27:48,3.081,74.020,16.16,0.38174,70.939
9515,06/08/2026 14:37:48,3.060,73.991,16.06,0.37970,70.931
9516,06/08/2026 14:47:48,3.063,73.987,16.06,0.37991,70.924
9517,06/08/2026 14:57:48,3.067,73.980,16.25,0.38034,70.913
9518,06/08/2026 15:07:48,3.067,73.994,16.25,0.38034,70.927
9519,06/08/2026 15:17:48,3.059,73.979,16.16,0.37956,70.920
9520,06/08/2026 15:27:48,3.046,73.961,16.16,0.37815,70.915
9521,06/08/2026 15:37:48,3.075,73.980,16.25,0.38119,70.905
9522,06/08/2026 15:47:48,3.057,73.963,16.35,0.37936,70.906
9523,06/08/2026 15:57:48,3.053,73.957,16.25,0.37893,70.904
9524,06/08/2026 16:07:48,3.043,73.921,16.25,0.37795,70.878
9525,06/08/2026 16:17:48,3.042,73.918,16.35,0.37774,70.876
9526,06/08/2026 16:27:48,3.057,73.928,16.45,0.37937,70.871
9527,06/08/2026 16:37:48,3.063,73.920,16.54,0.37993,70.857
9528,06/08/2026 16:47:48,3.036,73.894,16.64,0.37719,70.858
9529,06/08/2026 16:57:48,3.042,73.888,16.54,0.37782,70.846
9530,06/08/2026 17:07:48,3.052,73.909,16.35,0.37880,70.857
9531,06/08/2026 17:17:48,3.052,73.898,16.25,0.37886,70.846
9532,06/08/2026 17:27:48,3.042,73.871,16.25,0.37781,70.829
9533,06/08/2026 17:37:48,3.009,73.859,16.35,0.37443,70.850
9534,06/08/2026 17:47:48,3.037,73.877,16.35,0.37725,70.840
9535,06/08/2026 17:57:48,3.053,73.872,16.35,0.37894,70.819
9536,06/08/2026 18:07:48,3.037,73.871,16.25,0.37731,70.834
9537,06/08/2026 18:17:48,3.048,73.866,16.16,0.37836,70.818
9538,06/08/2026 18:27:48,3.057,73.878,16.06,0.37935,70.821
9539,06/08/2026 18:37:48,3.018,73.854,15.97,0.37540,70.836
9540,06/08/2026 18:47:48,3.039,73.875,15.78,0.37743,70.836
9541,06/08/2026 18:57:48,3.031,73.883,15.68,0.37665,70.852
9542,06/08/2026 19:07:48,3.018,73.881,15.49,0.37530,70.863
9543,06/08/2026 19:17:48,3.015,73.884,15.40,0.37502,70.869
9544,06/08/2026 19:27:48,3.003,73.882,15.20,0.37374,70.879
9545,06/08/2026 19:37:48,3.034,73.921,15.01,0.37690,70.887
9546,06/08/2026 19:47:48,3.035,73.929,14.92,0.37696,70.894
9547,06/08/2026 19:57:48,3.028,73.936,14.73,0.37625,70.908
9548,06/08/2026 20:07:48,3.022,73.934,14.63,0.37575,70.912
9549,06/08/2026 20:17:48,3.026,73.941,14.44,0.37616,70.915
9550,06/08/2026 20:27:48,3.039,73.956,14.15,0.37742,70.917
9551,06/08/2026 20:37:48,3.036,73.959,13.96,0.37706,70.923
9552,06/08/2026 20:47:48,3.045,73.975,13.77,0.37796,70.930
9553,06/08/2026 20:57:48,3.043,73.978,13.57,0.37774,70.935
9554,06/08/2026 21:07:48,3.023,73.961,13.28,0.37569,70.938
9555,06/08/2026 21:17:48,3.038,73.982,13.09,0.37723,70.944
9556,06/08/2026 21:27:48,3.056,74.006,12.80,0.37905,70.950
9557,06/08/2026 21:37:48,3.043,74.004,12.61,0.37770,70.961
9558,06/08/2026 21:47:48,3.049,74.020,12.42,0.37833,70.971
9559,06/08/2026 21:57:48,3.049,74.032,12.22,0.37832,70.983
9560,06/08/2026 22:07:48,3.065,74.047,11.93,0.37993,70.982
9561,06/08/2026 22:17:48,3.065,74.054,11.74,0.37992,70.989
9562,06/08/2026 22:27:48,3.037,74.034,11.54,0.37710,70.997
9563,06/08/2026 22:37:48,3.065,74.064,11.35,0.37990,70.999
9564,06/08/2026 22:47:48,3.062,74.066,11.15,0.37968,71.004
9565,06/08/2026 22:57:48,3.066,74.073,10.86,0.37996,71.007
9566,06/08/2026 23:07:48,3.067,74.071,10.66,0.38009,71.004
9567,06/08/2026 23:17:48,3.067,74.069,10.47,0.38008,71.002
9568,06/08/2026 23:27:48,3.078,74.081,10.27,0.38120,71.003
9569,06/08/2026 23:37:48,3.075,74.079,10.08,0.38091,71.004
9570,06/08/2026 23:47:48,3.062,74.063,9.88,0.37964,71.001
9571,06/08/2026 23:57:48,3.069,74.075,9.68,0.38027,71.006
9572,06/09/2026 00:07:48,3.061,74.072,9.39,0.37949,71.011
9573,06/09/2026 00:17:48,3.073,74.075,9.19,0.38068,71.002
9574,06/09/2026 00:27:48,3.071,74.064,8.99,0.38053,70.993
9575,06/09/2026 00:37:48,3.056,74.045,8.79,0.37891,70.989
9576,06/09/2026 00:47:48,3.064,74.056,8.59,0.37982,70.992
9577,06/09/2026 00:57:48,3.073,74.074,8.49,0.38059,71.001
9578,06/09/2026 01:07:48,3.099,74.099,8.29,0.38332,71.000
9579,06/09/2026 01:17:48,3.055,74.052,8.09,0.37882,70.997
9580,06/09/2026 01:27:48,3.101,74.096,7.89,0.38346,70.995
9581,06/09/2026 01:37:48,3.074,74.067,7.69,0.38071,70.993
9582,06/09/2026 01:47:48,3.058,74.070,7.59,0.37916,71.012
9583,06/09/2026 01:57:48,3.076,74.091,7.39,0.38098,71.015
9584,06/09/2026 02:07:48,3.075,74.073,7.29,0.38077,70.998
9585,06/09/2026 02:17:48,3.073,74.075,7.09,0.38070,71.002
9586,06/09/2026 02:27:48,3.099,74.088,6.99,0.38330,70.989
9587,06/09/2026 02:37:48,3.073,74.055,6.79,0.38062,70.982
9588,06/09/2026 02:47:48,3.073,74.045,6.68,0.38062,70.972
9589,06/09/2026 02:57:48,3.085,74.058,6.58,0.38181,70.973
9590,06/09/2026 03:07:48,3.087,74.065,6.38,0.38209,70.978
9591,06/09/2026 03:17:48,3.077,74.051,6.28,0.38103,70.974
9592,06/09/2026 03:27:48,3.096,74.073,6.18,0.38293,70.977
9593,06/09/2026 03:37:48,3.083,74.058,6.07,0.38166,70.975
9594,06/09/2026 03:47:48,3.089,74.066,5.87,0.38222,70.977
9595,06/09/2026 03:57:48,3.085,74.060,5.77,0.38187,70.975
9596,06/09/2026 04:07:48,3.095,74.055,5.67,0.38285,70.960
9597,06/09/2026 04:17:48,3.099,74.059,5.56,0.38327,70.960
9598,06/09/2026 04:27:48,3.082,74.040,5.46,0.38151,70.958
9599,06/09/2026 04:37:48,3.074,74.039,5.36,0.38074,70.965
9600,06/09/2026 04:47:48,3.104,74.061,5.25,0.38376,70.957
9601,06/09/2026 04:57:48,3.098,74.042,5.15,0.38320,70.944
9602,06/09/2026 05:07:48,3.094,74.041,5.05,0.38278,70.947
9603,06/09/2026 05:17:48,3.079,74.032,4.94,0.38116,70.953
9604,06/09/2026 05:27:48,3.094,74.040,4.84,0.38270,70.946
9605,06/09/2026 05:37:48,3.107,74.053,4.74,0.38404,70.946
9606,06/09/2026 05:47:48,3.099,74.034,4.63,0.38326,70.935
9607,06/09/2026 05:57:48,3.099,74.033,4.53,0.38326,70.934
9608,06/09/2026 06:07:48,3.108,74.038,4.53,0.38411,70.930
9609,06/09/2026 06:17:48,3.099,74.028,4.43,0.38319,70.929
9610,06/09/2026 06:27:48,3.092,74.027,4.32,0.38256,70.935
9611,06/09/2026 06:37:48,3.091,74.032,4.32,0.38242,70.941
9612,06/09/2026 06:47:48,3.100,74.035,4.22,0.38340,70.935
9613,06/09/2026 06:57:48,3.099,74.031,4.22,0.38326,70.932
9614,06/09/2026 07:07:48,3.124,74.057,4.11,0.38579,70.933
9615,06/09/2026 07:17:48,3.103,74.017,4.11,0.38361,70.914
9616,06/09/2026 07:27:48,3.104,74.007,4.01,0.38375,70.903
9617,06/09/2026 07:37:48,3.088,73.984,4.01,0.38213,70.896
9618,06/09/2026 07:47:48,3.095,73.993,4.01,0.38284,70.898
9619,06/09/2026 07:57:48,3.085,73.980,4.11,0.38185,70.895
9620,06/09/2026 08:07:48,3.080,73.981,4.22,0.38129,70.901
9621,06/09/2026 08:17:48,3.066,73.977,4.32,0.37989,70.911
9622,06/09/2026 08:27:48,3.066,73.983,4.53,0.37989,70.917
9623,06/09/2026 08:37:48,3.068,73.980,4.74,0.38010,70.912
9624,06/09/2026 08:47:48,3.042,73.954,4.84,0.37743,70.912
9625,06/09/2026 08:57:48,3.075,73.992,5.05,0.38074,70.917
9626,06/09/2026 09:07:48,3.082,73.993,5.25,0.38151,70.911
9627,06/09/2026 09:17:48,3.081,73.990,5.46,0.38144,70.909
9628,06/09/2026 09:27:48,3.087,74.001,5.67,0.38201,70.914
9629,06/09/2026 09:37:48,3.078,73.983,5.77,0.38117,70.905
9630,06/09/2026 09:47:48,3.078,73.985,5.97,0.38110,70.907
9631,06/09/2026 09:57:48,3.080,73.975,6.38,0.38132,70.895
9632,06/09/2026 10:07:48,3.076,73.964,6.79,0.38097,70.888
9633,06/09/2026 10:17:48,3.089,73.976,7.09,0.38224,70.887
9634,06/09/2026 10:27:48,3.082,73.965,7.39,0.38155,70.883
9635,06/09/2026 10:37:48,3.093,73.984,7.59,0.38275,70.891
9636,06/09/2026 10:47:48,3.098,73.978,7.89,0.38317,70.880
9637,06/09/2026 10:57:48,3.093,73.959,8.29,0.38269,70.866
9638,06/09/2026 11:07:48,3.109,73.952,8.59,0.38432,70.843
9639,06/09/2026 11:17:48,3.108,73.948,9.09,0.38419,70.840
9640,06/09/2026 11:27:48,3.098,73.923,9.39,0.38321,70.825
9641,06/09/2026 11:37:48,3.105,73.940,9.78,0.38400,70.835
9642,06/09/2026 11:47:48,3.097,73.918,9.88,0.38316,70.821
9643,06/09/2026 11:57:48,3.100,73.915,9.98,0.38344,70.815
9644,06/09/2026 12:07:48,3.101,73.912,10.17,0.38359,70.811
9645,06/09/2026 12:17:48,3.068,73.900,10.37,0.38022,70.832
9646,06/09/2026 12:27:48,3.082,73.900,10.37,0.38163,70.818
9647,06/09/2026 12:37:48,3.090,73.889,10.57,0.38241,70.799
9648,06/09/2026 12:47:48,3.086,73.851,10.96,0.38214,70.765
9649,06/09/2026 12:57:48,3.084,73.868,11.25,0.38187,70.784
9650,06/09/2026 13:07:48,3.078,73.846,11.35,0.38131,70.768
9651,06/09/2026 13:17:48,3.077,73.837,11.35,0.38117,70.760
9652,06/09/2026 13:27:48,3.086,73.822,11.64,0.38209,70.736
9653,06/09/2026 13:37:48,3.084,73.810,11.83,0.38189,70.726
9654,06/09/2026 13:47:48,3.066,73.781,12.12,0.38007,70.715
9655,06/09/2026 13:57:48,3.065,73.753,12.51,0.38002,70.688
9656,06/09/2026 14:07:48,3.061,73.756,12.80,0.37961,70.695
9657,06/09/2026 14:17:48,3.057,73.758,13.00,0.37920,70.701
9658,06/09/2026 14:27:48,3.061,73.774,13.19,0.37963,70.713
9659,06/09/2026 14:37:48,3.069,73.786,13.48,0.38041,70.717
9660,06/09/2026 14:47:48,3.063,73.757,13.77,0.37986,70.694
9661,06/09/2026 14:57:48,3.048,73.775,14.15,0.37833,70.727
9662,06/09/2026 15:07:48,3.031,73.736,14.34,0.37665,70.705
9663,06/09/2026 15:17:48,3.031,73.733,14.44,0.37659,70.702
9664,06/09/2026 15:27:48,3.049,73.728,14.44,0.37849,70.679
9665,06/09/2026 15:37:48,3.054,73.730,14.63,0.37899,70.676
9666,06/09/2026 15:47:48,3.055,73.718,14.73,0.37906,70.663
9667,06/09/2026 15:57:48,3.037,73.669,14.82,0.37724,70.632
9668,06/09/2026 16:07:48,3.047,73.692,14.82,0.37822,70.645
9669,06/09/2026 16:17:48,3.047,73.665,14.82,0.37822,70.618
9670,06/09/2026 16:27:48,3.030,73.638,14.92,0.37654,70.608
9671,06/09/2026 16:37:48,3.063,73.657,14.92,0.37985,70.594
9672,06/09/2026 16:47:48,3.030,73.618,15.11,0.37648,70.588
9673,06/09/2026 16:57:48,3.032,73.604,15.11,0.37676,70.572
9674,06/09/2026 17:07:48,3.013,73.595,15.11,0.37479,70.582
9675,06/09/2026 17:17:48,3.009,73.600,15.11,0.37437,70.591
9676,06/09/2026 17:27:48,3.014,73.591,15.11,0.37486,70.577
9677,06/09/2026 17:37:48,3.012,73.587,15.20,0.37472,70.575
9678,06/09/2026 17:47:48,3.029,73.619,15.20,0.37641,70.590
9679,06/09/2026 17:57:48,3.028,73.613,15.11,0.37634,70.585
9680,06/09/2026 18:07:48,3.017,73.584,14.92,0.37520,70.567
9681,06/09/2026 18:17:48,3.018,73.587,14.82,0.37534,70.569
9682,06/09/2026 18:27:48,3.006,73.573,14.73,0.37407,70.567
9683,06/09/2026 18:37:48,2.998,73.559,14.73,0.37329,70.561
9684,06/09/2026 18:47:48,2.990,73.545,14.63,0.37237,70.555
9685,06/09/2026 18:57:48,2.988,73.557,14.53,0.37223,70.569
9686,06/09/2026 19:07:48,3.005,73.587,14.34,0.37391,70.582
9687,06/09/2026 19:17:48,2.994,73.586,14.25,0.37278,70.592
9688,06/09/2026 19:27:48,2.970,73.557,14.05,0.37031,70.587
9689,06/09/2026 19:37:48,2.986,73.568,13.86,0.37199,70.582
9690,06/09/2026 19:47:48,2.957,73.539,13.67,0.36902,70.582
9691,06/09/2026 19:57:48,2.987,73.573,13.48,0.37204,70.586
9692,06/09/2026 20:07:48,2.973,73.576,13.28,0.37055,70.603
9693,06/09/2026 20:17:48,2.980,73.555,13.09,0.37139,70.575
9694,06/09/2026 20:27:48,2.972,73.549,12.90,0.37047,70.577
9695,06/09/2026 20:37:48,2.964,73.548,12.80,0.36969,70.584
9696,06/09/2026 20:47:48,2.974,73.551,12.61,0.37067,70.577
9697,06/09/2026 20:57:48,2.959,73.526,12.42,0.36918,70.567
9698,06/09/2026 21:07:48,2.972,73.557,12.32,0.37044,70.585
9699,06/09/2026 21:17:48,2.958,73.550,12.12,0.36910,70.592
9700,06/09/2026 21:27:48,2.974,73.575,11.93,0.37071,70.601
9701,06/09/2026 21:37:48,2.977,73.583,11.74,0.37091,70.606
9702,06/09/2026 21:47:48,2.986,73.594,11.54,0.37189,70.608
9703,06/09/2026 21:57:48,2.990,73.606,11.35,0.37230,70.616
9704,06/09/2026 22:07:48,2.994,73.609,11.15,0.37265,70.615
9705,06/09/2026 22:17:48,2.988,73.611,10.96,0.37208,70.623
9706,06/09/2026 22:27:48,3.010,73.637,10.76,0.37425,70.627
9707,06/09/2026 22:37:48,2.992,73.630,10.57,0.37249,70.638
9708,06/09/2026 22:47:48,2.988,73.633,10.37,0.37206,70.645
9709,06/09/2026 22:57:48,2.981,73.632,10.27,0.37135,70.651
9710,06/09/2026 23:07:48,2.991,73.680,10.08,0.37233,70.689
9711,06/09/2026 23:17:48,2.985,73.679,9.98,0.37177,70.694
9712,06/09/2026 23:27:48,3.010,73.701,9.88,0.37430,70.691
9713,06/09/2026 23:37:48,3.001,73.663,9.68,0.37331,70.662
9714,06/09/2026 23:47:48,2.979,73.634,9.48,0.37112,70.655
9715,06/09/2026 23:57:48,2.992,73.719,9.39,0.37245,70.727
9716,06/10/2026 00:07:48,2.980,73.687,9.29,0.37111,70.707
9717,06/10/2026 00:17:48,2.994,73.726,9.09,0.37259,70.732
9718,06/10/2026 00:27:48,2.978,73.670,8.99,0.37103,70.692
9719,06/10/2026 00:37:48,2.988,73.665,8.89,0.37202,70.677
9720,06/10/2026 00:47:48,3.002,73.664,8.79,0.37342,70.662
9721,06/10/2026 00:57:48,2.989,73.641,8.69,0.37201,70.652
9722,06/10/2026 01:07:48,2.986,73.648,8.49,0.37180,70.662
9723,06/10/2026 01:17:48,3.001,73.661,8.39,0.37327,70.660
9724,06/10/2026 01:27:48,2.999,73.651,8.29,0.37306,70.652
9725,06/10/2026 01:37:48,3.007,73.658,8.09,0.37390,70.651
9726,06/10/2026 01:47:48,2.998,73.648,7.99,0.37298,70.650
9727,06/10/2026 01:57:48,3.054,73.688,7.89,0.37874,70.634
9728,06/10/2026 02:07:48,3.036,73.660,7.79,0.37684,70.624
9729,06/10/2026 02:17:48,3.003,73.618,7.59,0.37346,70.615
9730,06/10/2026 02:27:48,3.026,73.649,7.49,0.37592,70.622
9731,06/10/2026 02:37:48,3.036,73.648,7.39,0.37683,70.612
9732,06/10/2026 02:47:48,3.040,73.652,7.39,0.37726,70.612
9733,06/10/2026 02:57:48,3.047,73.665,7.29,0.37796,70.618
9734,06/10/2026 03:07:48,3.023,73.637,7.19,0.37549,70.614
9735,06/10/2026 03:17:48,3.042,73.659,7.09,0.37746,70.617
9736,06/10/2026 03:27:48,3.031,73.663,6.99,0.37626,70.632
9737,06/10/2026 03:37:48,3.035,73.658,6.99,0.37676,70.623
9738,06/10/2026 03:47:48,3.033,73.653,6.89,0.37647,70.620
9739,06/10/2026 03:57:48,3.043,73.656,6.79,0.37760,70.613
9740,06/10/2026 04:07:48,3.029,73.651,6.68,0.37612,70.622
9741,06/10/2026 04:17:48,3.047,73.668,6.58,0.37801,70.621
9742,06/10/2026 04:27:48,3.033,73.649,6.48,0.37661,70.616
9743,06/10/2026 04:37:48,3.045,73.662,6.38,0.37780,70.617
9744,06/10/2026 04:47:48,3.075,73.694,6.38,0.38082,70.619
9745,06/10/2026 04:57:48,3.057,73.674,6.18,0.37899,70.617
9746,06/10/2026 05:07:48,3.061,73.682,6.07,0.37941,70.621
9747,06/10/2026 05:17:48,3.052,73.677,5.97,0.37850,70.625
9748,06/10/2026 05:27:48,3.052,73.682,5.97,0.37843,70.630
9749,06/10/2026 05:37:48,3.082,73.713,5.87,0.38145,70.631
9750,06/10/2026 05:47:48,3.047,73.685,5.77,0.37793,70.638
9751,06/10/2026 05:57:48,3.066,73.716,5.67,0.37983,70.650
9752,06/10/2026 06:07:48,3.065,73.706,5.56,0.37976,70.641
9753,06/10/2026 06:17:48,3.072,73.723,5.46,0.38053,70.651
9754,06/10/2026 06:27:48,3.070,73.732,5.46,0.38032,70.662
9755,06/10/2026 06:37:48,3.084,73.754,5.36,0.38172,70.670
9756,06/10/2026 06:47:48,3.081,73.758,5.25,0.38137,70.677
9757,06/10/2026 06:57:48,3.075,73.749,5.25,0.38074,70.674
9758,06/10/2026 07:07:48,3.078,73.752,5.15,0.38116,70.674
9759,06/10/2026 07:17:48,3.081,73.761,5.05,0.38137,70.680
9760,06/10/2026 07:27:48,3.081,73.765,5.05,0.38144,70.684
9761,06/10/2026 07:37:48,3.088,73.770,5.05,0.38207,70.682
9762,06/10/2026 07:47:48,3.052,73.747,5.05,0.37849,70.695
9763,06/10/2026 07:57:48,3.050,73.756,5.05,0.37828,70.706
9764,06/10/2026 08:07:48,3.046,73.757,5.15,0.37785,70.711
9765,06/10/2026 08:17:48,3.038,73.763,5.36,0.37701,70.725
9766,06/10/2026 08:27:48,3.036,73.768,5.46,0.37687,70.732
9767,06/10/2026 08:37:48,3.050,73.774,5.67,0.37828,70.724
9768,06/10/2026 08:47:48,3.038,73.758,5.87,0.37702,70.720
9769,06/10/2026 08:57:48,3.042,73.778,6.07,0.37737,70.736
9770,06/10/2026 09:07:48,3.043,73.793,6.28,0.37752,70.750
9771,06/10/2026 09:17:48,3.036,73.794,6.48,0.37689,70.758
9772,06/10/2026 09:27:48,3.044,73.800,6.68,0.37774,70.756
9773,06/10/2026 09:37:48,3.034,73.802,6.89,0.37668,70.768
9774,06/10/2026 09:47:48,3.051,73.804,7.09,0.37838,70.753
9775,06/10/2026 09:57:48,3.046,73.833,7.39,0.37789,70.787
9776,06/10/2026 10:07:48,3.058,73.812,7.59,0.37916,70.754
9777,06/10/2026 10:17:48,3.049,73.810,7.89,0.37825,70.761
9778,06/10/2026 10:27:48,3.051,73.800,8.29,0.37840,70.749
9779,06/10/2026 10:37:48,3.027,73.776,8.59,0.37595,70.749
9780,06/10/2026 10:47:48,3.050,73.823,8.89,0.37835,70.773
9781,06/10/2026 10:57:48,3.057,73.813,9.29,0.37906,70.756
9782,06/10/2026 11:07:48,3.056,73.807,9.58,0.37893,70.751
9783,06/10/2026 11:17:48,3.066,73.820,9.98,0.37993,70.754
9784,06/10/2026 11:27:48,3.045,73.792,10.37,0.37783,70.747
9785,06/10/2026 11:37:48,3.063,73.827,10.76,0.37967,70.764
9786,06/10/2026 11:47:48,3.046,73.808,11.15,0.37800,70.762
9787,06/10/2026 11:57:48,3.043,73.816,11.54,0.37773,70.773
9788,06/10/2026 12:07:48,3.021,73.787,11.83,0.37549,70.766
9789,06/10/2026 12:17:48,3.035,73.805,12.22,0.37691,70.770
9790,06/10/2026 12:27:48,3.031,73.795,12.61,0.37651,70.764
9791,06/10/2026 12:37:48,3.027,73.799,13.00,0.37617,70.772
9792,06/10/2026 12:47:48,3.022,73.789,13.28,0.37555,70.767
9793,06/10/2026 12:57:48,3.029,73.780,13.77,0.37634,70.751
9794,06/10/2026 13:07:48,3.038,73.797,14.05,0.37727,70.759
9795,06/10/2026 13:17:48,3.031,73.792,14.44,0.37659,70.761
9796,06/10/2026 13:27:48,3.028,73.782,14.82,0.37632,70.754
9797,06/10/2026 13:37:48,3.036,73.764,15.20,0.37712,70.728
9798,06/10/2026 13:47:48,3.016,73.754,15.49,0.37509,70.738
9799,06/10/2026 13:57:48,3.020,73.749,15.87,0.37553,70.729
9800,06/10/2026 14:07:48,3.024,73.739,16.16,0.37590,70.715
9801,06/10/2026 14:17:48,3.033,73.719,16.45,0.37690,70.686
9802,06/10/2026 14:27:48,3.028,73.713,16.73,0.37643,70.685
9803,06/10/2026 14:37:48,3.014,73.717,17.02,0.37496,70.703
9804,06/10/2026 14:47:48,3.005,73.675,17.30,0.37406,70.670
9805,06/10/2026 14:57:48,2.981,73.650,17.49,0.37161,70.669
9806,06/10/2026 15:07:48,3.000,73.652,17.68,0.37359,70.652
9807,06/10/2026 15:17:48,3.010,73.664,17.88,0.37459,70.654
9808,06/10/2026 15:27:48,3.015,73.651,17.97,0.37516,70.636
9809,06/10/2026 15:37:48,3.008,73.649,18.16,0.37447,70.641
9810,06/10/2026 15:47:48,2.991,73.632,18.26,0.37271,70.641
9811,06/10/2026 15:57:48,3.018,73.657,18.45,0.37547,70.639
9812,06/10/2026 16:07:48,2.997,73.644,18.54,0.37336,70.647
9813,06/10/2026 16:17:48,2.989,73.628,18.64,0.37245,70.639
9814,06/10/2026 16:27:48,2.984,73.611,18.73,0.37197,70.627
9815,06/10/2026 16:37:48,2.969,73.592,18.73,0.37056,70.623
9816,06/10/2026 16:47:48,2.974,73.597,18.73,0.37098,70.623
9817,06/10/2026 16:57:48,2.966,73.547,18.73,0.37021,70.581
9818,06/10/2026 17:07:48,2.988,73.578,18.64,0.37238,70.590
9819,06/10/2026 17:17:48,2.991,73.586,18.54,0.37266,70.595
9820,06/10/2026 17:27:48,2.969,73.549,18.54,0.37048,70.580
9821,06/10/2026 17:37:48,2.961,73.539,18.45,0.36969,70.578
9822,06/10/2026 17:47:48,2.935,73.505,18.26,0.36701,70.570
9823,06/10/2026 17:57:48,2.948,73.534,18.07,0.36833,70.586
9824,06/10/2026 18:07:48,2.947,73.514,17.88,0.36818,70.567
9825,06/10/2026 18:17:48,2.964,73.539,17.68,0.36993,70.575
9826,06/10/2026 18:27:48,2.930,73.473,17.49,0.36647,70.543
9827,06/10/2026 18:37:48,2.933,73.508,17.40,0.36675,70.575
9828,06/10/2026 18:47:48,2.929,73.519,17.21,0.36638,70.590
9829,06/10/2026 18:57:48,2.935,73.513,17.02,0.36687,70.578
9830,06/10/2026 19:07:48,2.930,73.505,16.73,0.36636,70.575
9831,06/10/2026 19:17:48,2.949,73.534,16.54,0.36839,70.585
9832,06/10/2026 19:27:48,2.934,73.517,16.25,0.36682,70.583
9833,06/10/2026 19:37:48,2.918,73.520,16.06,0.36512,70.602
9834,06/10/2026 19:47:48,2.944,73.539,15.78,0.36779,70.595
9835,06/10/2026 19:57:48,2.933,73.523,15.59,0.36672,70.590
9836,06/10/2026 20:07:48,2.931,73.526,15.40,0.36643,70.595
9837,06/10/2026 20:17:48,2.939,73.543,15.30,0.36720,70.604
9838,06/10/2026 20:27:48,2.938,73.545,15.11,0.36719,70.607
9839,06/10/2026 20:37:48,2.957,73.561,14.92,0.36908,70.604
9840,06/10/2026 20:47:48,2.951,73.558,14.63,0.36843,70.607
9841,06/10/2026 20:57:48,2.944,73.552,14.44,0.36765,70.608
9842,06/10/2026 21:07:48,2.955,73.568,14.25,0.36877,70.613
9843,06/10/2026 21:17:48,2.946,73.551,13.96,0.36791,70.605
9844,06/10/2026 21:27:48,2.947,73.553,13.77,0.36804,70.606
9845,06/10/2026 21:37:48,2.966,73.578,13.48,0.36986,70.612
9846,06/10/2026 21:47:48,2.971,73.588,13.19,0.37041,70.617
9847,06/10/2026 21:57:48,2.968,73.586,13.00,0.37012,70.618
9848,06/10/2026 22:07:48,2.963,73.584,12.80,0.36962,70.621
9849,06/10/2026 22:17:48,2.960,73.590,12.51,0.36932,70.630
9850,06/10/2026 22:27:48,2.973,73.597,12.32,0.37065,70.624
9851,06/10/2026 22:37:48,2.978,73.599,12.03,0.37106,70.621
9852,06/10/2026 22:47:48,2.990,73.620,11.83,0.37225,70.630
9853,06/10/2026 22:57:48,2.974,73.600,11.64,0.37063,70.626
9854,06/10/2026 23:07:48,2.996,73.611,11.35,0.37287,70.615
9855,06/10/2026 23:17:48,3.006,73.631,11.15,0.37392,70.625
9856,06/10/2026 23:27:48,2.977,73.593,10.96,0.37095,70.616
9857,06/10/2026 23:37:48,3.015,73.628,10.76,0.37475,70.613
9858,06/10/2026 23:47:48,3.012,73.626,10.57,0.37446,70.614
9859,06/10/2026 23:57:48,3.019,73.615,10.37,0.37516,70.596
9860,06/11/2026 00:07:48,3.011,73.612,10.08,0.37437,70.601
9861,06/11/2026 00:17:48,3.024,73.633,9.88,0.37570,70.609
9862,06/11/2026 00:27:48,3.003,73.609,9.68,0.37352,70.606
9863,06/11/2026 00:37:48,3.014,73.602,9.48,0.37471,70.588
9864,06/11/2026 00:47:48,3.009,73.596,9.29,0.37414,70.587
9865,06/11/2026 00:57:48,3.017,73.600,9.19,0.37491,70.583
9866,06/11/2026 01:07:48,3.019,73.607,8.99,0.37518,70.588
9867,06/11/2026 01:17:48,3.000,73.587,8.79,0.37321,70.587
9868,06/11/2026 01:27:48,3.020,73.603,8.59,0.37531,70.583
9869,06/11/2026 01:37:48,2.999,73.589,8.49,0.37313,70.590
9870,06/11/2026 01:47:48,3.014,73.596,8.29,0.37467,70.582
9871,06/11/2026 01:57:48,3.020,73.596,8.19,0.37516,70.576
9872,06/11/2026 02:07:48,3.011,73.594,7.99,0.37432,70.583
9873,06/11/2026 02:17:48,3.013,73.606,7.79,0.37452,70.593
9874,06/11/2026 02:27:48,3.038,73.632,7.69,0.37705,70.594
9875,06/11/2026 02:37:48,3.039,73.639,7.49,0.37719,70.600
9876,06/11/2026 02:47:48,3.022,73.634,7.39,0.37543,70.612
9877,06/11/2026 02:57:48,3.023,73.642,7.29,0.37557,70.619
9878,06/11/2026 03:07:48,3.013,73.636,7.09,0.37451,70.623
9879,06/11/2026 03:17:48,3.039,73.663,6.99,0.37711,70.624
9880,06/11/2026 03:27:48,3.027,73.648,6.89,0.37591,70.621
9881,06/11/2026 03:37:48,3.027,73.660,6.68,0.37591,70.633
9882,06/11/2026 03:47:48,3.036,73.682,6.58,0.37682,70.646
9883,06/11/2026 03:57:48,3.028,73.686,6.48,0.37597,70.658
9884,06/11/2026 04:07:48,3.030,73.689,6.38,0.37625,70.659
9885,06/11/2026 04:17:48,3.009,73.675,6.28,0.37407,70.666
9886,06/11/2026 04:27:48,3.030,73.701,6.18,0.37625,70.671
9887,06/11/2026 04:37:48,3.012,73.687,6.07,0.37442,70.675
9888,06/11/2026 04:47:48,3.035,73.713,5.97,0.37674,70.678
9889,06/11/2026 04:57:48,3.041,73.722,5.87,0.37730,70.681
9890,06/11/2026 05:07:48,3.053,73.734,5.77,0.37864,70.681
9891,06/11/2026 05:17:48,3.036,73.729,5.67,0.37688,70.693
9892,06/11/2026 05:27:48,3.048,73.746,5.56,0.37807,70.698
9893,06/11/2026 05:37:48,3.060,73.777,5.46,0.37933,70.717
9894,06/11/2026 05:47:48,3.050,73.772,5.36,0.37828,70.722
9895,06/11/2026 05:57:48,3.021,73.762,5.25,0.37532,70.741
9896,06/11/2026 06:07:48,3.040,73.793,5.15,0.37722,70.753
9897,06/11/2026 06:17:48,3.066,73.829,5.05,0.37982,70.763
9898,06/11/2026 06:27:48,3.039,73.801,4.94,0.37708,70.762
9899,06/11/2026 06:37:48,3.059,73.832,4.94,0.37919,70.773
9900,06/11/2026 06:47:48,3.036,73.818,4.84,0.37680,70.782
9901,06/11/2026 06:57:48,3.043,73.827,4.84,0.37757,70.784
9902,06/11/2026 07:07:48,3.045,73.840,4.74,0.37771,70.795
9903,06/11/2026 07:17:48,3.035,73.840,4.74,0.37673,70.805
9904,06/11/2026 07:27:48,3.042,73.848,4.63,0.37743,70.806
9905,06/11/2026 07:37:48,3.045,73.862,4.63,0.37771,70.817
9906,06/11/2026 07:47:48,3.042,73.862,4.63,0.37743,70.820
9907,06/11/2026 07:57:48,3.043,73.876,4.74,0.37757,70.833
9908,06/11/2026 08:07:48,3.042,73.881,4.84,0.37750,70.839
9909,06/11/2026 08:17:48,3.040,73.878,4.94,0.37722,70.838
9910,06/11/2026 08:27:48,3.030,73.870,5.15,0.37624,70.840
9911,06/11/2026 08:37:48,3.038,73.890,5.36,0.37701,70.852
9912,06/11/2026 08:47:48,3.036,73.887,5.56,0.37680,70.851
9913,06/11/2026 08:57:48,3.039,73.888,5.77,0.37716,70.849
9914,06/11/2026 09:07:48,3.051,73.904,6.07,0.37843,70.853
9915,06/11/2026 09:17:48,3.037,73.892,6.28,0.37696,70.855
9916,06/11/2026 09:27:48,3.056,73.926,6.48,0.37886,70.870
9917,06/11/2026 09:37:48,3.056,73.946,6.79,0.37893,70.890
9918,06/11/2026 09:47:48,3.056,73.953,7.09,0.37894,70.897
9919,06/11/2026 09:57:48,3.036,73.915,7.39,0.37683,70.879
9920,06/11/2026 10:07:48,3.049,73.966,7.59,0.37825,70.917
9921,06/11/2026 10:17:48,3.044,73.951,7.89,0.37769,70.907
9922,06/11/2026 10:27:48,3.044,73.940,8.19,0.37770,70.896
9923,06/11/2026 10:37:48,3.036,73.939,8.59,0.37686,70.903
9924,06/11/2026 10:47:48,3.027,73.928,8.89,0.37596,70.901
9925,06/11/2026 10:57:48,3.028,73.927,9.29,0.37604,70.899
9926,06/11/2026 11:07:48,3.054,73.952,9.58,0.37872,70.898
9927,06/11/2026 11:17:48,3.043,73.942,9.98,0.37761,70.899
9928,06/11/2026 11:27:48,3.036,73.941,10.37,0.37691,70.905
9929,06/11/2026 11:37:48,3.037,73.954,10.76,0.37707,70.917
9930,06/11/2026 11:47:48,3.028,73.948,11.05,0.37609,70.920
9931,06/11/2026 11:57:48,3.026,73.938,11.44,0.37590,70.912
9932,06/11/2026 12:07:48,3.046,73.951,11.83,0.37795,70.905
9933,06/11/2026 12:17:48,3.020,73.955,12.32,0.37544,70.935
9934,06/11/2026 12:27:48,3.024,73.959,12.71,0.37588,70.935
9935,06/11/2026 12:37:48,3.019,73.945,13.09,0.37533,70.926
9936,06/11/2026 12:47:48,3.017,73.958,13.48,0.37513,70.941
9937,06/11/2026 12:57:48,3.035,73.961,13.77,0.37705,70.926
9938,06/11/2026 13:07:48,3.001,73.934,14.15,0.37348,70.933
9939,06/11/2026 13:17:48,3.006,73.920,14.53,0.37406,70.914
9940,06/11/2026 13:27:48,2.998,73.910,14.92,0.37330,70.912
9941,06/11/2026 13:37:48,3.009,73.933,15.30,0.37438,70.924
9942,06/11/2026 13:47:48,3.002,73.922,15.59,0.37376,70.920
9943,06/11/2026 13:57:48,2.999,73.931,15.97,0.37343,70.932
9944,06/11/2026 14:07:48,2.998,73.930,16.25,0.37330,70.932
9945,06/11/2026 14:17:48,3.004,73.938,16.54,0.37395,70.934
9946,06/11/2026 14:27:48,3.014,73.959,16.83,0.37502,70.945
9947,06/11/2026 14:37:48,2.983,73.930,17.02,0.37179,70.947
9948,06/11/2026 14:47:48,2.984,73.942,17.30,0.37202,70.958
9949,06/11/2026 14:57:48,2.989,73.940,17.49,0.37246,70.951
9950,06/11/2026 15:07:48,2.977,73.925,17.78,0.37127,70.948
9951,06/11/2026 15:17:48,2.973,73.932,17.97,0.37086,70.959
9952,06/11/2026 15:27:48,2.965,73.926,18.16,0.37003,70.961
9953,06/11/2026 15:37:48,2.970,73.932,18.35,0.37060,70.962
9954,06/11/2026 15:47:48,2.980,73.943,18.45,0.37160,70.963
9955,06/11/2026 15:57:48,2.975,73.941,18.64,0.37104,70.966
9956,06/11/2026 16:07:48,2.981,73.951,18.73,0.37168,70.970
9957,06/11/2026 16:17:48,2.994,73.961,18.83,0.37310,70.967
9958,06/11/2026 16:27:48,2.976,73.967,18.92,0.37120,70.991
9959,06/11/2026 16:37:48,2.967,73.944,18.92,0.37029,70.977
9960,06/11/2026 16:47:48,2.966,73.949,18.92,0.37015,70.983
9961,06/11/2026 16:57:48,2.967,73.945,19.02,0.37036,70.978
9962,06/11/2026 17:07:48,2.962,73.944,18.92,0.36979,70.982
9963,06/11/2026 17:17:48,2.962,73.935,18.92,0.36979,70.973
9964,06/11/2026 17:27:48,2.940,73.916,18.83,0.36753,70.976
9965,06/11/2026 17:37:48,2.925,73.907,18.83,0.36599,70.982
9966,06/11/2026 17:47:48,2.943,73.928,18.73,0.36788,70.985
9967,06/11/2026 17:57:48,2.939,73.922,18.64,0.36745,70.983
9968,06/11/2026 18:07:48,2.949,73.920,18.45,0.36843,70.971
9969,06/11/2026 18:17:48,2.923,73.896,18.35,0.36582,70.973
9970,06/11/2026 18:27:48,2.922,73.903,18.16,0.36566,70.981
9971,06/11/2026 18:37:48,2.904,73.882,17.97,0.36389,70.978
9972,06/11/2026 18:47:48,2.926,73.903,17.78,0.36606,70.977
9973,06/11/2026 18:57:48,2.905,73.891,17.59,0.36394,70.986
9974,06/11/2026 19:07:48,2.919,73.907,17.40,0.36534,70.988
9975,06/11/2026 19:17:48,2.924,73.928,17.21,0.36575,71.004
9976,06/11/2026 19:27:48,2.940,73.939,17.02,0.36743,70.999
9977,06/11/2026 19:37:48,2.896,73.910,16.83,0.36291,71.014
9978,06/11/2026 19:47:48,2.901,73.920,16.54,0.36339,71.019
9979,06/11/2026 19:57:48,2.908,73.936,16.35,0.36408,71.028
9980,06/11/2026 20:07:48,2.916,73.955,16.06,0.36491,71.039
9981,06/11/2026 20:17:48,2.908,73.953,15.87,0.36413,71.045
9982,06/11/2026 20:27:48,2.920,73.972,15.59,0.36538,71.052
9983,06/11/2026 20:37:48,2.912,73.974,15.30,0.36445,71.062
9984,06/11/2026 20:47:48,2.933,73.999,15.11,0.36663,71.066
9985,06/11/2026 20:57:48,2.928,73.996,14.82,0.36605,71.068
9986,06/11/2026 21:07:48,2.923,74.006,14.53,0.36554,71.083
9987,06/11/2026 21:17:48,2.955,74.044,14.25,0.36877,71.089
9988,06/11/2026 21:27:48,2.941,74.041,13.96,0.36735,71.100
9989,06/11/2026 21:37:48,2.950,74.057,13.77,0.36825,71.107
9990,06/11/2026 21:47:48,2.947,74.058,13.48,0.36796,71.111
9991,06/11/2026 21:57:48,2.954,74.069,13.19,0.36865,71.115
9992,06/11/2026 22:07:48,2.947,74.066,12.90,0.36793,71.119
9993,06/11/2026 22:17:48,2.925,74.045,12.61,0.36567,71.120
9994,06/11/2026 22:27:48,2.921,74.043,12.42,0.36524,71.122
9995,06/11/2026 22:37:48,2.933,74.058,12.12,0.36649,71.125
9996,06/11/2026 22:47:48,2.936,74.056,11.93,0.36677,71.120
9997,06/11/2026 22:57:48,2.962,74.080,11.64,0.36943,71.118
9998,06/11/2026 23:07:48,2.944,74.069,11.44,0.36760,71.125
9999,06/11/2026 23:17:48,2.967,74.094,11.25,0.36998,71.127
10000,06/11/2026 23:27:48,2.960,74.087,10.96,0.36920,71.127
10001,06/11/2026 23:37:48,2.952,74.085,10.76,0.36842,71.133
10002,06/11/2026 23:47:48,2.956,74.087,10.47,0.36876,71.131
10003,06/11/2026 23:57:48,2.939,74.076,10.27,0.36706,71.137
10004,06/12/2026 00:07:48,2.956,74.087,9.98,0.36874,71.131
10005,06/12/2026 00:17:48,2.975,74.112,9.78,0.37071,71.137
10006,06/12/2026 00:27:48,2.978,74.120,9.58,0.37098,71.142
10007,06/12/2026 00:37:48,2.972,74.113,9.39,0.37041,71.141
10008,06/12/2026 00:47:48,2.976,74.124,9.09,0.37083,71.148
10009,06/12/2026 00:57:48,2.982,74.122,8.89,0.37145,71.140
10010,06/12/2026 01:07:48,2.974,74.121,8.69,0.37053,71.147
10011,06/12/2026 01:17:48,2.974,74.123,8.49,0.37060,71.149
10012,06/12/2026 01:27:48,2.992,74.144,8.29,0.37242,71.152
10013,06/12/2026 01:37:48,2.982,74.129,8.09,0.37136,71.147
10014,06/12/2026 01:47:48,2.997,74.145,7.89,0.37291,71.148
10015,06/12/2026 01:57:48,2.990,74.135,7.69,0.37213,71.145
10016,06/12/2026 02:07:48,3.017,74.160,7.49,0.37494,71.143
10017,06/12/2026 02:17:48,3.005,74.140,7.29,0.37374,71.135
10018,06/12/2026 02:27:48,2.995,74.131,7.19,0.37261,71.136
10019,06/12/2026 02:37:48,3.014,74.156,6.99,0.37465,71.142
10020,06/12/2026 02:47:48,3.020,74.159,6.79,0.37521,71.139
10021,06/12/2026 02:57:48,2.998,74.140,6.68,0.37295,71.142
10022,06/12/2026 03:07:48,3.002,74.138,6.48,0.37344,71.136
10023,06/12/2026 03:17:48,3.007,74.138,6.38,0.37386,71.131
10024,06/12/2026 03:27:48,3.012,74.136,6.18,0.37442,71.124
10025,06/12/2026 03:37:48,3.026,74.148,5.97,0.37583,71.122
10026,06/12/2026 03:47:48,2.998,74.116,5.87,0.37294,71.118
10027,06/12/2026 03:57:48,3.005,74.124,5.77,0.37364,71.119
10028,06/12/2026 04:07:48,3.006,74.118,5.56,0.37371,71.112
10029,06/12/2026 04:17:48,3.008,74.112,5.46,0.37399,71.104
10030,06/12/2026 04:27:48,3.033,74.134,5.36,0.37652,71.101
10031,06/12/2026 04:37:48,3.011,74.115,5.15,0.37427,71.104
10032,06/12/2026 04:47:48,3.038,74.132,5.05,0.37701,71.094
10033,06/12/2026 04:57:48,3.031,74.131,4.94,0.37631,71.100
10034,06/12/2026 05:07:48,3.026,74.117,4.84,0.37581,71.091
10035,06/12/2026 05:17:48,3.020,74.107,4.74,0.37518,71.087
10036,06/12/2026 05:27:48,3.047,74.129,4.63,0.37792,71.082
10037,06/12/2026 05:37:48,3.027,74.109,4.43,0.37595,71.082
10038,06/12/2026 05:47:48,3.048,74.140,4.32,0.37806,71.092
10039,06/12/2026 05:57:48,3.049,74.149,4.22,0.37813,71.100
10040,06/12/2026 06:07:48,3.039,74.143,4.11,0.37714,71.104
10041,06/12/2026 06:17:48,3.039,74.147,4.01,0.37714,71.108
10042,06/12/2026 06:27:48,3.040,74.156,4.01,0.37721,71.116
10043,06/12/2026 06:37:48,3.033,74.155,3.90,0.37658,71.122
10044,06/12/2026 06:47:48,3.018,74.141,3.80,0.37496,71.123
10045,06/12/2026 06:57:48,3.054,74.186,3.69,0.37862,71.132
10046,06/12/2026 07:07:48,3.022,74.154,3.69,0.37538,71.132
10047,06/12/2026 07:17:48,3.026,74.153,3.59,0.37581,71.127
10048,06/12/2026 07:27:48,3.030,74.167,3.59,0.37616,71.137
10049,06/12/2026 07:37:48,3.027,74.171,3.48,0.37588,71.144
10050,06/12/2026 07:47:48,3.051,74.198,3.59,0.37841,71.147
10051,06/12/2026 07:57:48,3.029,74.189,3.59,0.37616,71.160
10052,06/12/2026 08:07:48,3.042,74.213,3.69,0.37742,71.171
10053,06/12/2026 08:17:48,3.023,74.201,3.90,0.37545,71.178
10054,06/12/2026 08:27:48,3.009,74.192,4.01,0.37412,71.183
10055,06/12/2026 08:37:48,3.006,74.194,4.22,0.37377,71.188
10056,06/12/2026 08:47:48,2.998,74.182,4.43,0.37293,71.184
10057,06/12/2026 08:57:48,2.974,74.152,4.74,0.37054,71.178
10058,06/12/2026 09:07:48,3.011,74.190,4.94,0.37427,71.179
10059,06/12/2026 09:17:48,3.008,74.188,5.25,0.37392,71.180
10060,06/12/2026 09:27:48,3.007,74.185,5.46,0.37385,71.178
10061,06/12/2026 09:37:48,3.025,74.192,5.77,0.37568,71.167
10062,06/12/2026 09:47:48,3.016,74.181,6.07,0.37484,71.164
10063,06/12/2026 09:57:48,3.009,74.165,6.38,0.37407,71.156
10064,06/12/2026 10:07:48,3.005,74.145,6.68,0.37366,71.140
10065,06/12/2026 10:17:48,3.010,74.148,7.09,0.37416,71.138
10066,06/12/2026 10:27:48,3.012,74.155,7.39,0.37437,71.143
10067,06/12/2026 10:37:48,3.016,74.154,7.79,0.37480,71.138
10068,06/12/2026 10:47:48,3.035,74.157,8.19,0.37678,71.122
10069,06/12/2026 10:57:48,3.022,74.142,8.59,0.37553,71.120
10070,06/12/2026 11:07:48,3.027,74.146,8.99,0.37596,71.119
10071,06/12/2026 11:17:48,3.021,74.159,9.39,0.37534,71.138
10072,06/12/2026 11:27:48,3.018,74.162,9.78,0.37507,71.144
10073,06/12/2026 11:37:48,3.045,74.189,10.27,0.37790,71.144
10074,06/12/2026 11:47:48,3.043,74.207,10.66,0.37763,71.164
10075,06/12/2026 11:57:48,3.036,74.192,11.05,0.37701,71.156
10076,06/12/2026 12:07:48,3.014,74.160,11.44,0.37470,71.146
10077,06/12/2026 12:17:48,3.016,74.156,11.93,0.37493,71.140
10078,06/12/2026 12:27:48,3.022,74.150,12.32,0.37565,71.128
10079,06/12/2026 12:37:48,3.022,74.151,12.80,0.37560,71.129
10080,06/12/2026 12:47:48,3.008,74.137,13.19,0.37414,71.129
10081,06/12/2026 12:57:48,3.004,74.123,13.57,0.37373,71.119
10082,06/12/2026 13:07:48,2.990,74.117,13.86,0.37234,71.127
10083,06/12/2026 13:17:48,3.000,74.125,14.25,0.37348,71.125
10084,06/12/2026 13:27:48,3.007,74.152,14.63,0.37413,71.145
10085,06/12/2026 13:37:48,2.991,74.124,14.92,0.37246,71.133
10086,06/12/2026 13:47:48,3.014,74.146,15.30,0.37487,71.132
10087,06/12/2026 13:57:48,3.006,74.128,15.68,0.37405,71.122
10088,06/12/2026 14:07:48,2.994,74.113,15.97,0.37286,71.119
10089,06/12/2026 14:17:48,2.999,74.112,16.25,0.37337,71.113
10090,06/12/2026 14:27:48,3.001,74.101,16.54,0.37367,71.100
10091,06/12/2026 14:37:48,2.999,74.096,16.83,0.37340,71.097
10092,06/12/2026 14:47:48,2.990,74.102,17.02,0.37257,71.112
10093,06/12/2026 14:57:48,2.987,74.091,17.21,0.37223,71.104
10094,06/12/2026 15:07:48,2.982,74.092,17.30,0.37174,71.110
10095,06/12/2026 15:17:48,2.963,74.076,17.49,0.36985,71.113
10096,06/12/2026 15:27:48,2.993,74.097,17.68,0.37289,71.104
10097,06/12/2026 15:37:48,2.966,74.071,17.78,0.37008,71.105
10098,06/12/2026 15:47:48,2.962,74.063,17.88,0.36973,71.101
10099,06/12/2026 15:57:48,2.981,74.088,18.07,0.37164,71.107
10100,06/12/2026 16:07:48,2.962,74.057,18.16,0.36975,71.095
10101,06/12/2026 16:17:48,2.948,74.039,18.16,0.36834,71.091
10102,06/12/2026 16:27:48,2.957,74.054,18.26,0.36926,71.097
10103,06/12/2026 16:37:48,2.956,74.048,18.16,0.36911,71.092
10104,06/12/2026 16:47:48,2.961,74.039,18.16,0.36968,71.078
10105,06/12/2026 16:57:48,2.952,74.048,18.16,0.36876,71.096
10106,06/12/2026 17:07:48,2.952,74.033,18.07,0.36876,71.081
10107,06/12/2026 17:17:48,2.927,74.009,17.97,0.36622,71.082
10108,06/12/2026 17:27:48,2.940,74.026,17.88,0.36755,71.086
10109,06/12/2026 17:37:48,2.943,74.021,17.78,0.36775,71.078
10110,06/12/2026 17:47:48,2.934,74.006,17.68,0.36683,71.072
10111,06/12/2026 17:57:48,2.935,74.001,17.68,0.36704,71.066
10112,06/12/2026 18:07:48,2.947,73.988,17.68,0.36817,71.041
10113,06/12/2026 18:17:48,2.948,74.006,17.68,0.36831,71.058
10114,06/12/2026 18:27:48,2.935,73.999,17.49,0.36696,71.064
10115,06/12/2026 18:37:48,2.920,73.980,17.40,0.36541,71.060
10116,06/12/2026 18:47:48,2.932,73.991,17.21,0.36667,71.059
10117,06/12/2026 18:57:48,2.927,73.980,17.02,0.36609,71.053
10118,06/12/2026 19:07:48,2.910,73.961,16.92,0.36433,71.051
10119,06/12/2026 19:17:48,2.898,73.954,16.73,0.36312,71.056
10120,06/12/2026 19:27:48,2.923,73.979,16.54,0.36564,71.056
10121,06/12/2026 19:37:48,2.914,73.968,16.35,0.36479,71.053
10122,06/12/2026 19:47:48,2.918,73.975,16.25,0.36520,71.057
10123,06/12/2026 19:57:48,2.911,73.960,16.06,0.36442,71.049
10124,06/12/2026 20:07:48,2.913,73.971,15.87,0.36462,71.058
10125,06/12/2026 20:17:48,2.912,73.965,15.78,0.36455,71.053
10126,06/12/2026 20:27:48,2.922,73.980,15.49,0.36552,71.058
10127,06/12/2026 20:37:48,2.903,73.965,15.30,0.36354,71.062
10128,06/12/2026 20:47:48,2.919,73.981,15.11,0.36515,71.062
10129,06/12/2026 20:57:48,2.926,73.986,14.82,0.36591,71.060
10130,06/12/2026 21:07:48,2.946,74.007,14.63,0.36794,71.061
10131,06/12/2026 21:17:48,2.957,74.019,14.44,0.36899,71.062
10132,06/12/2026 21:27:48,2.920,73.984,14.15,0.36524,71.064
10133,06/12/2026 21:37:48,2.944,74.013,13.96,0.36770,71.069
10134,06/12/2026 21:47:48,2.946,74.019,13.67,0.36790,71.073
10135,06/12/2026 21:57:48,2.953,74.031,13.48,0.36859,71.078
10136,06/12/2026 22:07:48,2.943,74.023,13.19,0.36759,71.080
10137,06/12/2026 22:17:48,2.944,74.026,13.00,0.36766,71.082
10138,06/12/2026 22:27:48,2.945,74.033,12.80,0.36772,71.088
10139,06/12/2026 22:37:48,2.946,74.045,12.61,0.36778,71.099
10140,06/12/2026 22:47:48,2.949,74.052,12.42,0.36812,71.103
10141,06/12/2026 22:57:48,2.945,74.041,12.22,0.36769,71.096
10142,06/12/2026 23:07:48,2.947,74.034,12.03,0.36790,71.087
10143,06/12/2026 23:17:48,2.957,74.040,11.74,0.36894,71.083
10144,06/12/2026 23:27:48,2.936,74.011,11.54,0.36682,71.075
10145,06/12/2026 23:37:48,2.981,74.059,11.35,0.37139,71.078
10146,06/12/2026 23:47:48,2.961,74.039,11.15,0.36934,71.078
10147,06/12/2026 23:57:48,2.955,74.037,10.96,0.36870,71.082
10148,06/13/2026 00:07:48,2.961,74.035,10.76,0.36933,71.074
10149,06/13/2026 00:17:48,2.976,74.052,10.57,0.37080,71.076
10150,06/13/2026 00:27:48,2.976,74.041,10.37,0.37079,71.065
10151,06/13/2026 00:37:48,2.971,74.033,10.08,0.37036,71.062
10152,06/13/2026 00:47:48,2.977,74.028,9.98,0.37092,71.051
10153,06/13/2026 00:57:48,2.963,74.008,9.78,0.36951,71.045
10154,06/13/2026 01:07:48,2.977,74.024,9.58,0.37091,71.047
10155,06/13/2026 01:17:48,2.960,73.995,9.39,0.36922,71.035
10156,06/13/2026 01:27:48,2.983,74.007,9.19,0.37153,71.024
10157,06/13/2026 01:37:48,2.963,73.983,8.99,0.36942,71.020
10158,06/13/2026 01:47:48,2.976,73.995,8.79,0.37075,71.019
10159,06/13/2026 01:57:48,2.963,73.979,8.59,0.36948,71.016
10160,06/13/2026 02:07:48,2.971,73.983,8.49,0.37025,71.012
10161,06/13/2026 02:17:48,2.965,73.977,8.29,0.36961,71.012
10162,06/13/2026 02:27:48,2.985,73.998,8.09,0.37165,71.013
10163,06/13/2026 02:37:48,2.983,73.996,7.89,0.37150,71.013
10164,06/13/2026 02:47:48,2.977,73.995,7.79,0.37087,71.018
10165,06/13/2026 02:57:48,2.992,73.998,7.59,0.37241,71.006
10166,06/13/2026 03:07:48,2.979,73.993,7.49,0.37100,71.014
10167,06/13/2026 03:17:48,2.992,74.000,7.29,0.37240,71.008
10168,06/13/2026 03:27:48,2.994,74.008,7.19,0.37261,71.014
10169,06/13/2026 03:37:48,2.980,73.998,6.99,0.37113,71.018
10170,06/13/2026 03:47:48,3.010,74.024,6.89,0.37422,71.014
10171,06/13/2026 03:57:48,2.992,74.014,6.79,0.37239,71.022
10172,06/13/2026 04:07:48,2.997,74.026,6.58,0.37288,71.029
10173,06/13/2026 04:17:48,2.992,74.030,6.48,0.37232,71.038
10174,06/13/2026 04:27:48,3.008,74.043,6.38,0.37393,71.035
10175,06/13/2026 04:37:48,3.012,74.050,6.18,0.37442,71.038
10176,06/13/2026 04:47:48,3.015,74.045,6.07,0.37463,71.030
10177,06/13/2026 04:57:48,3.029,74.062,5.97,0.37611,71.033
10178,06/13/2026 05:07:48,3.012,74.043,5.87,0.37442,71.031
10179,06/13/2026 05:17:48,3.012,74.038,5.77,0.37435,71.026
10180,06/13/2026 05:27:48,3.001,74.032,5.56,0.37322,71.031
10181,06/13/2026 05:37:48,3.011,74.044,5.46,0.37434,71.033
10182,06/13/2026 05:47:48,3.010,74.048,5.36,0.37420,71.038
10183,06/13/2026 05:57:48,3.016,74.070,5.25,0.37476,71.054
10184,06/13/2026 06:07:48,3.008,74.070,5.25,0.37399,71.062
10185,06/13/2026 06:17:48,3.036,74.106,5.15,0.37680,71.070
10186,06/13/2026 06:27:48,3.020,74.096,5.05,0.37518,71.076
10187,06/13/2026 06:37:48,3.028,74.114,5.05,0.37603,71.086
10188,06/13/2026 06:47:48,3.031,74.132,5.05,0.37631,71.101
10189,06/13/2026 06:57:48,3.041,74.145,4.94,0.37729,71.104
10190,06/13/2026 07:07:48,3.014,74.122,4.94,0.37462,71.108
10191,06/13/2026 07:17:48,3.033,74.136,4.94,0.37652,71.103
10192,06/13/2026 07:27:48,3.023,74.122,4.94,0.37553,71.099
10193,06/13/2026 07:37:48,3.014,74.117,4.84,0.37455,71.103
10194,06/13/2026 07:47:48,3.007,74.117,4.84,0.37384,71.110
10195,06/13/2026 07:57:48,2.999,74.122,4.94,0.37307,71.123
10196,06/13/2026 08:07:48,2.981,74.114,5.05,0.37117,71.133
10197,06/13/2026 08:17:48,2.993,74.128,5.15,0.37244,71.135
10198,06/13/2026 08:27:48,2.979,74.116,5.36,0.37104,71.137
10199,06/13/2026 08:37:48,2.996,74.140,5.56,0.37280,71.144
10200,06/13/2026 08:47:48,2.996,74.146,5.77,0.37280,71.150
10201,06/13/2026 08:57:48,2.973,74.116,5.97,0.37041,71.143
10202,06/13/2026 09:07:48,2.989,74.137,6.28,0.37203,71.148
10203,06/13/2026 09:17:48,2.985,74.129,6.48,0.37168,71.144
10204,06/13/2026 09:27:48,2.980,74.114,6.79,0.37113,71.134
10205,06/13/2026 09:37:48,3.000,74.130,7.09,0.37317,71.130
10206,06/13/2026 09:47:48,3.007,74.131,7.29,0.37395,71.124
10207,06/13/2026 09:57:48,3.002,74.108,7.69,0.37332,71.106
10208,06/13/2026 10:07:48,3.015,74.119,7.99,0.37474,71.104
10209,06/13/2026 10:17:48,3.007,74.131,8.29,0.37390,71.124
10210,06/13/2026 10:27:48,3.013,74.115,8.59,0.37454,71.102
10211,06/13/2026 10:37:48,3.026,74.128,8.99,0.37589,71.102
10212,06/13/2026 10:47:48,3.006,74.108,9.29,0.37386,71.102
10213,06/13/2026 10:57:48,3.004,74.125,9.68,0.37366,71.121
10214,06/13/2026 11:07:48,3.019,74.146,9.98,0.37514,71.127
10215,06/13/2026 11:17:48,3.018,74.153,10.27,0.37508,71.135
10216,06/13/2026 11:27:48,3.018,74.130,10.66,0.37510,71.112
10217,06/13/2026 11:37:48,3.016,74.143,11.15,0.37497,71.127
10218,06/13/2026 11:47:48,3.018,74.148,11.64,0.37513,71.130
10219,06/13/2026 11:57:48,3.021,74.162,12.12,0.37550,71.141
10220,06/13/2026 12:07:48,3.022,74.149,12.61,0.37559,71.127
10221,06/13/2026 12:17:48,3.014,74.149,13.09,0.37484,71.135
10222,06/13/2026 12:27:48,3.005,74.140,13.48,0.37387,71.135
10223,06/13/2026 12:37:48,2.994,74.117,13.86,0.37276,71.123
10224,06/13/2026 12:47:48,2.994,74.111,14.15,0.37277,71.117
10225,06/13/2026 12:57:48,2.980,74.119,14.53,0.37145,71.139
10226,06/13/2026 13:07:48,2.994,74.109,14.82,0.37281,71.115
10227,06/13/2026 13:17:48,3.011,74.119,15.30,0.37459,71.108
10228,06/13/2026 13:27:48,2.986,74.097,15.78,0.37208,71.111
10229,06/13/2026 13:37:48,2.990,74.102,16.25,0.37253,71.112
10230,06/13/2026 13:47:48,2.958,74.066,16.64,0.36924,71.108
10231,06/13/2026 13:57:48,2.966,74.079,16.92,0.37003,71.113
10232,06/13/2026 14:07:48,2.957,74.062,17.40,0.36914,71.105
10233,06/13/2026 14:17:48,2.980,74.089,17.78,0.37156,71.109
10234,06/13/2026 14:27:48,2.976,74.056,18.07,0.37115,71.080
10235,06/13/2026 14:37:48,2.955,74.054,18.26,0.36905,71.099
10236,06/13/2026 14:47:48,2.978,74.065,18.45,0.37146,71.087
10237,06/13/2026 14:57:48,2.953,74.053,18.54,0.36886,71.100
10238,06/13/2026 15:07:48,2.929,74.043,18.45,0.36638,71.114
10239,06/13/2026 15:17:48,2.943,74.057,18.54,0.36787,71.114
10240,06/13/2026 15:27:48,2.950,74.065,18.83,0.36859,71.115
10241,06/13/2026 15:37:48,2.934,74.052,19.21,0.36699,71.118
10242,06/13/2026 15:47:48,2.945,74.041,19.40,0.36806,71.096
10243,06/13/2026 15:57:48,2.933,74.007,19.59,0.36688,71.074
10244,06/13/2026 16:07:48,2.939,74.008,19.68,0.36752,71.069
10245,06/13/2026 16:17:48,2.942,74.028,19.78,0.36781,71.086
10246,06/13/2026 16:27:48,2.935,74.010,19.78,0.36703,71.075
10247,06/13/2026 16:37:48,2.941,74.015,19.88,0.36774,71.074
10248,06/13/2026 16:47:48,2.919,73.979,19.88,0.36549,71.060
10249,06/13/2026 16:57:48,2.926,73.976,19.97,0.36613,71.050
10250,06/13/2026 17:07:48,2.932,73.994,19.97,0.36676,71.062
10251,06/13/2026 17:17:48,2.909,73.962,19.97,0.36444,71.053
10252,06/13/2026 17:27:48,2.930,73.989,19.97,0.36662,71.059
10253,06/13/2026 17:37:48,2.949,73.994,19.97,0.36852,71.045
10254,06/13/2026 17:47:48,2.927,73.974,19.88,0.36633,71.047
10255,06/13/2026 17:57:48,2.928,73.973,19.78,0.36640,71.045
10256,06/13/2026 18:07:48,2.912,73.955,19.78,0.36478,71.043
10257,06/13/2026 18:17:48,2.913,73.957,19.59,0.36484,71.044
10258,06/13/2026 18:27:48,2.905,73.941,19.40,0.36398,71.036
10259,06/13/2026 18:37:48,2.906,73.944,19.30,0.36411,71.038
10260,06/13/2026 18:47:48,2.907,73.943,19.21,0.36425,71.036
10261,06/13/2026 18:57:48,2.895,73.923,19.02,0.36290,71.028
10262,06/13/2026 19:07:48,2.898,73.934,18.83,0.36324,71.036
10263,06/13/2026 19:17:48,2.878,73.924,18.73,0.36119,71.046
10264,06/13/2026 19:27:48,2.887,73.935,18.54,0.36209,71.048
10265,06/13/2026 19:37:48,2.871,73.932,18.35,0.36053,71.061
10266,06/13/2026 19:47:48,2.889,73.957,18.16,0.36235,71.068
10267,06/13/2026 19:57:48,2.899,73.973,17.97,0.36333,71.074
10268,06/13/2026 20:07:48,2.898,73.980,17.78,0.36318,71.082
10269,06/13/2026 20:17:48,2.901,73.991,17.59,0.36352,71.090
10270,06/13/2026 20:27:48,2.894,73.997,17.30,0.36273,71.103
10271,06/13/2026 20:37:48,2.919,74.045,17.11,0.36525,71.126
10272,06/13/2026 20:47:48,2.897,74.032,16.83,0.36305,71.135
10273,06/13/2026 20:57:48,2.914,74.071,16.64,0.36473,71.157
10274,06/13/2026 21:07:48,2.906,74.076,16.35,0.36394,71.170
10275,06/13/2026 21:17:48,2.906,74.074,16.16,0.36393,71.168
10276,06/13/2026 21:27:48,2.906,74.095,15.97,0.36385,71.189
10277,06/13/2026 21:37:48,2.894,74.096,15.68,0.36264,71.202
10278,06/13/2026 21:47:48,2.886,74.106,15.40,0.36185,71.220
10279,06/13/2026 21:57:48,2.905,74.136,15.20,0.36374,71.231
10280,06/13/2026 22:07:48,2.909,74.138,15.01,0.36416,71.229
10281,06/13/2026 22:17:48,2.908,74.145,14.82,0.36408,71.237
10282,06/13/2026 22:27:48,2.906,74.149,14.73,0.36379,71.243
10283,06/13/2026 22:37:48,2.894,74.133,14.53,0.36259,71.239
10284,06/13/2026 22:47:48,2.899,74.149,14.34,0.36314,71.250
10285,06/13/2026 22:57:48,2.925,74.170,14.15,0.36574,71.245
10286,06/13/2026 23:07:48,2.916,74.158,13.96,0.36488,71.242
10287,06/13/2026 23:17:48,2.926,74.161,13.77,0.36586,71.235
10288,06/13/2026 23:27:48,2.943,74.172,13.57,0.36761,71.229
10289,06/13/2026 23:37:48,2.897,74.130,13.38,0.36282,71.233
10290,06/13/2026 23:47:48,2.917,74.141,13.19,0.36492,71.224
10291,06/13/2026 23:57:48,2.939,74.161,12.90,0.36709,71.222
10292,06/14/2026 00:07:48,2.931,74.150,12.71,0.36631,71.219
10293,06/14/2026 00:17:48,2.921,74.139,12.51,0.36524,71.218
10294,06/14/2026 00:27:48,2.909,74.122,12.22,0.36404,71.213
10295,06/14/2026 00:37:48,2.937,74.157,12.03,0.36684,71.220
10296,06/14/2026 00:47:48,2.928,74.146,11.83,0.36592,71.218
10297,06/14/2026 00:57:48,2.946,74.171,11.64,0.36781,71.225
10298,06/14/2026 01:07:48,2.938,74.169,11.44,0.36696,71.231
10299,06/14/2026 01:17:48,2.966,74.190,11.25,0.36977,71.224
10300,06/14/2026 01:27:48,2.958,74.188,11.05,0.36899,71.230
10301,06/14/2026 01:37:48,2.968,74.199,10.86,0.37004,71.231
10302,06/14/2026 01:47:48,2.942,74.171,10.76,0.36743,71.229
10303,06/14/2026 01:57:48,2.965,74.201,10.57,0.36975,71.236
10304,06/14/2026 02:07:48,2.967,74.195,10.37,0.36988,71.228
10305,06/14/2026 02:17:48,2.969,74.185,10.27,0.37009,71.216
10306,06/14/2026 02:27:48,2.984,74.206,10.08,0.37156,71.222
10307,06/14/2026 02:37:48,2.966,74.190,9.88,0.36979,71.224
10308,06/14/2026 02:47:48,2.978,74.194,9.78,0.37099,71.216
10309,06/14/2026 02:57:48,2.980,74.184,9.68,0.37120,71.204
10310,06/14/2026 03:07:48,2.981,74.182,9.48,0.37133,71.201
10311,06/14/2026 03:17:48,2.986,74.177,9.39,0.37175,71.191
10312,06/14/2026 03:27:48,2.972,74.161,9.19,0.37041,71.189
10313,06/14/2026 03:37:48,2.979,74.160,8.99,0.37103,71.181
10314,06/14/2026 03:47:48,2.972,74.150,8.89,0.37033,71.178
10315,06/14/2026 03:57:48,2.984,74.167,8.79,0.37159,71.183
10316,06/14/2026 04:07:48,2.964,74.142,8.59,0.36962,71.178
10317,06/14/2026 04:17:48,2.989,74.182,8.49,0.37215,71.193
10318,06/14/2026 04:27:48,2.997,74.195,8.39,0.37292,71.198
10319,06/14/2026 04:37:48,3.000,74.198,8.19,0.37320,71.198
10320,06/14/2026 04:47:48,2.979,74.197,8.09,0.37108,71.218
10321,06/14/2026 04:57:48,2.996,74.214,7.99,0.37284,71.218
10322,06/14/2026 05:07:48,3.010,74.232,7.89,0.37417,71.222
10323,06/14/2026 05:17:48,3.010,74.235,7.79,0.37424,71.225
10324,06/14/2026 05:27:48,3.012,74.243,7.69,0.37445,71.231
10325,06/14/2026 05:37:48,2.990,74.229,7.59,0.37220,71.239
10326,06/14/2026 05:47:48,3.001,74.224,7.59,0.37332,71.223
10327,06/14/2026 05:57:48,2.998,74.251,7.49,0.37297,71.253
10328,06/14/2026 06:07:48,2.992,74.245,7.39,0.37240,71.253
10329,06/14/2026 06:17:48,3.008,74.276,7.29,0.37402,71.268
10330,06/14/2026 06:27:48,3.010,74.281,7.29,0.37416,71.271
10331,06/14/2026 06:37:48,3.002,74.275,7.19,0.37346,71.273
10332,06/14/2026 06:47:48,2.983,74.257,7.19,0.37149,71.274
10333,06/14/2026 06:57:48,2.994,74.284,7.09,0.37254,71.290
10334,06/14/2026 07:07:48,2.989,74.288,7.09,0.37212,71.299
10335,06/14/2026 07:17:48,2.994,74.293,7.09,0.37254,71.299
10336,06/14/2026 07:27:48,2.990,74.293,7.09,0.37212,71.303
10337,06/14/2026 07:37:48,2.999,74.306,7.09,0.37310,71.307
10338,06/14/2026 07:47:48,3.004,74.315,7.09,0.37366,71.311
10339,06/14/2026 07:57:48,3.002,74.307,7.19,0.37338,71.305
10340,06/14/2026 08:07:48,2.983,74.275,7.19,0.37149,71.292
10341,06/14/2026 08:17:48,2.998,74.285,7.29,0.37304,71.287
10342,06/14/2026 08:27:48,2.981,74.268,7.39,0.37128,71.287
10343,06/14/2026 08:37:48,3.000,74.297,7.59,0.37318,71.297
10344,06/14/2026 08:47:48,2.992,74.285,7.79,0.37241,71.293
10345,06/14/2026 08:57:48,3.008,74.291,7.99,0.37403,71.283
10346,06/14/2026 09:07:48,3.001,74.284,8.19,0.37334,71.283
10347,06/14/2026 09:17:48,3.017,74.277,8.39,0.37489,71.260
10348,06/14/2026 09:27:48,3.007,74.266,8.69,0.37391,71.259
10349,06/14/2026 09:37:48,3.025,74.276,8.89,0.37582,71.251
10350,06/14/2026 09:47:48,3.019,74.261,9.19,0.37519,71.242
10351,06/14/2026 09:57:48,3.018,74.246,9.48,0.37506,71.228
10352,06/14/2026 10:07:48,3.023,74.256,9.68,0.37563,71.233
10353,06/14/2026 10:17:48,3.021,74.255,9.98,0.37535,71.234
10354,06/14/2026 10:27:48,3.009,74.237,10.08,0.37423,71.228
10355,06/14/2026 10:37:48,3.014,74.239,10.27,0.37473,71.225
10356,06/14/2026 10:47:48,3.004,74.229,10.66,0.37369,71.225
10357,06/14/2026 10:57:48,3.008,74.233,11.05,0.37412,71.225
10358,06/14/2026 11:07:48,2.994,74.210,11.44,0.37266,71.216
10359,06/14/2026 11:17:48,3.013,74.236,11.83,0.37464,71.223
10360,06/14/2026 11:27:48,3.020,74.240,12.22,0.37536,71.220
10361,06/14/2026 11:37:48,3.018,74.245,12.71,0.37517,71.227
10362,06/14/2026 11:47:48,3.005,74.239,13.00,0.37385,71.234
10363,06/14/2026 11:57:48,3.013,74.266,13.00,0.37469,71.253
10364,06/14/2026 12:07:48,3.007,74.252,12.90,0.37405,71.245
10365,06/14/2026 12:17:48,2.999,74.237,12.80,0.37328,71.238
10366,06/14/2026 12:27:48,3.005,74.271,13.00,0.37385,71.266
10367,06/14/2026 12:37:48,3.010,74.264,13.19,0.37435,71.254
10368,06/14/2026 12:47:48,2.991,74.246,13.28,0.37252,71.255
10369,06/14/2026 12:57:48,2.993,74.261,13.38,0.37267,71.268
10370,06/14/2026 13:07:48,2.977,74.263,13.57,0.37106,71.286
10371,06/14/2026 13:17:48,3.007,74.339,13.86,0.37410,71.332
10372,06/14/2026 13:27:48,3.010,74.326,13.96,0.37445,71.316
10373,06/14/2026 13:37:48,2.996,74.301,14.15,0.37298,71.305
10374,06/14/2026 13:47:48,2.975,74.287,14.53,0.37089,71.312
10375,06/14/2026 13:57:48,2.979,74.306,15.01,0.37134,71.327
10376,06/14/2026 14:07:48,2.986,74.310,15.40,0.37206,71.324
10377,06/14/2026 14:17:48,2.977,74.310,15.78,0.37116,71.333
10378,06/14/2026 14:27:48,2.990,74.317,15.97,0.37244,71.327
10379,06/14/2026 14:37:48,2.951,74.256,16.16,0.36844,71.305
10380,06/14/2026 14:47:48,2.961,74.249,16.35,0.36950,71.288
10381,06/14/2026 14:57:48,2.978,74.235,16.73,0.37129,71.257
10382,06/14/2026 15:07:48,2.971,74.236,16.83,0.37059,71.265
10383,06/14/2026 15:17:48,2.956,74.219,16.92,0.36911,71.263
10384,06/14/2026 15:27:48,2.968,74.226,17.11,0.37032,71.258
10385,06/14/2026 15:37:48,2.964,74.224,17.30,0.36991,71.260
10386,06/14/2026 15:47:48,2.967,74.221,17.49,0.37027,71.254
10387,06/14/2026 15:57:48,2.993,74.208,17.49,0.37288,71.215
10388,06/14/2026 16:07:48,2.979,74.177,17.59,0.37147,71.198
10389,06/14/2026 16:17:48,2.984,74.175,17.78,0.37198,71.191
10390,06/14/2026 16:27:48,2.982,74.159,17.97,0.37178,71.177
10391,06/14/2026 16:37:48,2.987,74.168,17.97,0.37234,71.181
10392,06/14/2026 16:47:48,2.965,74.142,17.68,0.37007,71.177
10393,06/14/2026 16:57:48,2.965,74.144,17.49,0.37006,71.179
10394,06/14/2026 17:07:48,2.978,74.151,17.30,0.37132,71.173
10395,06/14/2026 17:17:48,2.937,74.110,17.30,0.36716,71.173
10396,06/14/2026 17:27:48,2.947,74.110,17.30,0.36822,71.163
10397,06/14/2026 17:37:48,2.950,74.106,17.30,0.36843,71.156
10398,06/14/2026 17:47:48,2.961,74.105,17.21,0.36955,71.144
10399,06/14/2026 17:57:48,2.932,74.072,17.11,0.36659,71.140
10400,06/14/2026 18:07:48,2.952,74.085,17.11,0.36870,71.133
10401,06/14/2026 18:17:48,2.937,74.057,17.02,0.36715,71.120
10402,06/14/2026 18:27:48,2.930,74.030,17.02,0.36637,71.100
10403,06/14/2026 18:37:48,2.921,74.032,16.83,0.36552,71.111
10404,06/14/2026 18:47:48,2.942,74.045,16.73,0.36755,71.103
10405,06/14/2026 18:57:48,2.934,74.052,16.64,0.36684,71.118
10406,06/14/2026 19:07:48,2.933,74.056,16.54,0.36670,71.123
10407,06/14/2026 19:17:48,2.934,74.068,16.45,0.36683,71.134
10408,06/14/2026 19:27:48,2.935,74.071,16.25,0.36682,71.136
10409,06/14/2026 19:37:48,2.919,74.056,16.16,0.36527,71.137
10410,06/14/2026 19:47:48,2.914,74.069,16.06,0.36470,71.155
10411,06/14/2026 19:57:48,2.901,74.057,15.87,0.36343,71.156
10412,06/14/2026 20:07:48,2.943,74.132,15.68,0.36771,71.189
10413,06/14/2026 20:17:48,2.908,74.133,15.40,0.36411,71.225
10414,06/14/2026 20:27:48,2.903,74.130,15.11,0.36360,71.227
10415,06/14/2026 20:37:48,2.921,74.151,14.92,0.36535,71.230
10416,06/14/2026 20:47:48,2.926,74.152,14.63,0.36590,71.226
10417,06/14/2026 20:57:48,2.920,74.145,14.44,0.36533,71.225
10418,06/14/2026 21:07:48,2.913,74.139,14.25,0.36454,71.226
10419,06/14/2026 21:17:48,2.908,74.138,14.15,0.36398,71.230
10420,06/14/2026 21:27:48,2.929,74.163,13.96,0.36615,71.234
10421,06/14/2026 21:37:48,2.918,74.157,13.86,0.36509,71.239
10422,06/14/2026 21:47:48,2.931,74.173,13.67,0.36642,71.242
10423,06/14/2026 21:57:48,2.929,74.181,13.48,0.36606,71.252
10424,06/14/2026 22:07:48,2.917,74.178,13.28,0.36492,71.261
10425,06/14/2026 22:17:48,2.932,74.204,13.09,0.36639,71.272
10426,06/14/2026 22:27:48,2.923,74.197,12.90,0.36554,71.274
10427,06/14/2026 22:37:48,2.943,74.219,12.80,0.36751,71.276
10428,06/14/2026 22:47:48,2.926,74.212,12.61,0.36581,71.286
10429,06/14/2026 22:57:48,2.942,74.242,12.42,0.36742,71.300
10430,06/14/2026 23:07:48,2.950,74.246,12.32,0.36819,71.296
10431,06/14/2026 23:17:48,2.935,74.226,12.12,0.36664,71.291
10432,06/14/2026 23:27:48,2.941,74.234,12.03,0.36726,71.293
10433,06/14/2026 23:37:48,2.929,74.223,11.83,0.36606,71.294
10434,06/14/2026 23:47:48,2.938,74.234,11.64,0.36704,71.296
10435,06/14/2026 23:57:48,2.967,74.260,11.54,0.36999,71.293
10436,06/15/2026 00:07:48,2.965,74.250,11.35,0.36970,71.285
10437,06/15/2026 00:17:48,2.952,74.230,11.25,0.36843,71.278
10438,06/15/2026 00:27:48,2.939,74.211,11.15,0.36709,71.272
10439,06/15/2026 00:37:48,2.942,74.219,10.96,0.36730,71.277
10440,06/15/2026 00:47:48,2.945,74.231,10.86,0.36772,71.286
10441,06/15/2026 00:57:48,2.933,74.217,10.76,0.36638,71.284
10442,06/15/2026 01:07:48,2.920,74.202,10.66,0.36511,71.282
10443,06/15/2026 01:17:48,2.949,74.223,10.47,0.36805,71.274
10444,06/15/2026 01:27:48,2.934,74.195,10.37,0.36650,71.261
10445,06/15/2026 01:37:48,2.939,74.207,10.27,0.36706,71.268
10446,06/15/2026 01:47:48,2.945,74.198,10.17,0.36769,71.252
10447,06/15/2026 01:57:48,2.946,74.197,10.08,0.36769,71.251
10448,06/15/2026 02:07:48,2.955,74.178,9.98,0.36860,71.223
10449,06/15/2026 02:17:48,2.948,74.186,9.88,0.36790,71.238
10450,06/15/2026 02:27:48,2.963,74.194,9.78,0.36944,71.231
10451,06/15/2026 02:37:48,2.955,74.184,9.68,0.36866,71.229
10452,06/15/2026 02:47:48,2.944,74.165,9.58,0.36753,71.221
10453,06/15/2026 02:57:48,2.947,74.169,9.48,0.36781,71.222
10454,06/15/2026 03:07:48,2.949,74.163,9.39,0.36802,71.214
10455,06/15/2026 03:17:48,2.969,74.180,9.29,0.37013,71.211
10456,06/15/2026 03:27:48,2.962,74.175,9.19,0.36935,71.213
10457,06/15/2026 03:37:48,2.959,74.169,9.09,0.36907,71.210
10458,06/15/2026 03:47:48,2.970,74.173,8.99,0.37019,71.203
10459,06/15/2026 03:57:48,2.974,74.177,8.89,0.37054,71.203
10460,06/15/2026 04:07:48,2.971,74.171,8.79,0.37033,71.200
10461,06/15/2026 04:17:48,2.984,74.184,8.69,0.37159,71.200
10462,06/15/2026 04:27:48,2.969,74.165,8.59,0.37004,71.196
10463,06/15/2026 04:37:48,2.991,74.187,8.49,0.37229,71.196
10464,06/15/2026 04:47:48,2.977,74.172,8.39,0.37088,71.195
10465,06/15/2026 04:57:48,2.975,74.172,8.29,0.37060,71.197
10466,06/15/2026 05:07:48,2.988,74.188,8.09,0.37200,71.200
10467,06/15/2026 05:17:48,2.997,74.197,8.09,0.37291,71.200
10468,06/15/2026 05:27:48,2.986,74.192,7.99,0.37171,71.206
10469,06/15/2026 05:37:48,3.000,74.200,7.89,0.37319,71.200
10470,06/15/2026 05:47:48,3.017,74.226,7.79,0.37494,71.209
10471,06/15/2026 05:57:48,3.002,74.212,7.69,0.37339,71.210
10472,06/15/2026 06:07:48,2.985,74.206,7.59,0.37171,71.221
10473,06/15/2026 06:17:48,2.988,74.210,7.49,0.37198,71.222
10474,06/15/2026 06:27:48,2.988,74.205,7.39,0.37191,71.217
10475,06/15/2026 06:37:48,3.032,74.245,7.29,0.37641,71.213
10476,06/15/2026 06:47:48,3.015,74.222,7.29,0.37472,71.207
10477,06/15/2026 06:57:48,3.024,74.235,7.19,0.37564,71.211
10478,06/15/2026 07:07:48,3.010,74.220,7.09,0.37423,71.210
10479,06/15/2026 07:17:48,3.015,74.229,6.99,0.37465,71.214
10480,06/15/2026 07:27:48,3.034,74.242,6.99,0.37669,71.208
10481,06/15/2026 07:37:48,3.010,74.219,6.89,0.37415,71.209
10482,06/15/2026 07:47:48,3.007,74.210,6.89,0.37387,71.203
10483,06/15/2026 07:57:48,2.995,74.201,6.89,0.37261,71.206
10484,06/15/2026 08:07:48,2.986,74.192,6.99,0.37176,71.206
10485,06/15/2026 08:17:48,2.967,74.185,7.19,0.36980,71.218
10486,06/15/2026 08:27:48,2.980,74.195,7.29,0.37114,71.215
10487,06/15/2026 08:37:48,2.979,74.206,7.49,0.37100,71.227
10488,06/15/2026 08:47:48,2.979,74.216,7.69,0.37107,71.237
10489,06/15/2026 08:57:48,2.968,74.186,7.89,0.36995,71.218
10490,06/15/2026 09:07:48,2.983,74.197,8.09,0.37143,71.214
10491,06/15/2026 09:17:48,2.974,74.181,8.29,0.37053,71.207
10492,06/15/2026 09:27:48,2.987,74.214,8.49,0.37187,71.227
10493,06/15/2026 09:37:48,2.985,74.197,8.59,0.37166,71.212
10494,06/15/2026 09:47:48,2.989,74.213,8.89,0.37209,71.224
10495,06/15/2026 09:57:48,2.973,74.179,9.19,0.37055,71.206
10496,06/15/2026 10:07:48,2.987,74.200,9.48,0.37196,71.213
10497,06/15/2026 10:17:48,2.981,74.176,9.78,0.37127,71.195
10498,06/15/2026 10:27:48,2.980,74.165,10.08,0.37121,71.185
10499,06/15/2026 10:37:48,2.982,74.159,10.37,0.37136,71.177
10500,06/15/2026 10:47:48,2.989,74.170,10.66,0.37221,71.181
10501,06/15/2026 10:57:48,2.989,74.191,10.96,0.37222,71.202
10502,06/15/2026 11:07:48,2.987,74.171,11.15,0.37195,71.184
10503,06/15/2026 11:17:48,2.995,74.196,11.44,0.37280,71.201
10504,06/15/2026 11:27:48,2.989,74.200,11.83,0.37218,71.211
10505,06/15/2026 11:37:48,2.981,74.196,12.32,0.37136,71.215
10506,06/15/2026 11:47:48,2.987,74.182,12.71,0.37201,71.195
10507,06/15/2026 11:57:48,2.968,74.162,13.00,0.37012,71.194
10508,06/15/2026 12:07:48,2.972,74.170,13.38,0.37056,71.198
10509,06/15/2026 12:17:48,2.956,74.147,13.77,0.36895,71.191
10510,06/15/2026 12:27:48,2.971,74.159,14.05,0.37052,71.188
10511,06/15/2026 12:37:48,2.975,74.159,14.44,0.37089,71.184
10512,06/15/2026 12:47:48,2.970,74.148,14.63,0.37033,71.178
10513,06/15/2026 12:57:48,2.959,74.135,14.73,0.36928,71.176
10514,06/15/2026 13:07:48,2.972,74.133,14.92,0.37056,71.161
10515,06/15/2026 13:17:48,2.974,74.136,15.20,0.37078,71.162
10516,06/15/2026 13:27:48,2.985,74.153,15.49,0.37192,71.168
10517,06/15/2026 13:37:48,2.964,74.119,15.68,0.36975,71.155
10518,06/15/2026 13:47:48,2.964,74.117,15.97,0.36984,71.153
10519,06/15/2026 13:57:48,2.955,74.113,16.35,0.36887,71.158
10520,06/15/2026 14:07:48,2.951,74.104,16.73,0.36861,71.152
10521,06/15/2026 14:17:48,2.954,74.111,17.02,0.36891,71.157
10522,06/15/2026 14:27:48,2.943,74.083,17.30,0.36780,71.140
10523,06/15/2026 14:37:48,2.954,74.097,17.68,0.36888,71.143
10524,06/15/2026 14:47:48,2.956,74.087,17.97,0.36910,71.131
10525,06/15/2026 14:57:48,2.953,74.058,18.26,0.36884,71.105
10526,06/15/2026 15:07:48,2.975,74.107,18.54,0.37111,71.132
10527,06/15/2026 15:17:48,2.942,74.077,18.64,0.36773,71.135
10528,06/15/2026 15:27:48,2.944,74.075,18.83,0.36789,71.131
10529,06/15/2026 15:37:48,2.937,74.055,19.11,0.36727,71.118
10530,06/15/2026 15:47:48,2.925,74.037,19.11,0.36607,71.112
10531,06/15/2026 15:57:48,2.936,74.035,18.92,0.36712,71.099
10532,06/15/2026 16:07:48,2.916,74.034,18.83,0.36507,71.118
10533,06/15/2026 16:17:48,2.914,74.028,18.73,0.36485,71.114
10534,06/15/2026 16:27:48,2.923,74.034,18.83,0.36577,71.111
10535,06/15/2026 16:37:48,2.912,74.027,19.02,0.36473,71.115
10536,06/15/2026 16:47:48,2.920,74.028,19.11,0.36551,71.108
10537,06/15/2026 16:57:48,2.932,74.048,19.21,0.36671,71.116
10538,06/15/2026 17:07:48,2.921,74.025,19.21,0.36559,71.104
10539,06/15/2026 17:17:48,2.891,74.006,19.11,0.36248,71.115
10540,06/15/2026 17:27:48,2.898,74.010,19.11,0.36326,71.112
10541,06/15/2026 17:37:48,2.908,74.018,19.02,0.36431,71.110
10542,06/15/2026 17:47:48,2.909,74.021,18.92,0.36444,71.112
10543,06/15/2026 17:57:48,2.905,74.029,18.83,0.36401,71.124
10544,06/15/2026 18:07:48,2.904,74.033,18.73,0.36394,71.128
10545,06/15/2026 18:17:48,2.893,74.022,18.64,0.36273,71.129
10546,06/15/2026 18:27:48,2.895,74.021,18.54,0.36294,71.126
10547,06/15/2026 18:37:48,2.879,74.015,18.45,0.36131,71.136
10548,06/15/2026 18:47:48,2.880,74.022,18.26,0.36137,71.142
10549,06/15/2026 18:57:48,2.887,74.033,18.07,0.36214,71.146
10550,06/15/2026 19:07:48,2.874,74.040,17.88,0.36079,71.166
10551,06/15/2026 19:17:48,2.866,74.033,17.68,0.35993,71.167
10552,06/15/2026 19:27:48,2.851,74.022,17.49,0.35837,71.171
10553,06/15/2026 19:37:48,2.859,74.038,17.30,0.35914,71.179
10554,06/15/2026 19:47:48,2.871,74.055,17.21,0.36040,71.184
10555,06/15/2026 19:57:48,2.854,74.052,17.02,0.35870,71.198
10556,06/15/2026 20:07:48,2.877,74.074,16.92,0.36102,71.197
10557,06/15/2026 20:17:48,2.872,74.072,16.73,0.36044,71.200
10558,06/15/2026 20:27:48,2.878,74.084,16.64,0.36114,71.206
10559,06/15/2026 20:37:48,2.875,74.091,16.45,0.36078,71.216
10560,06/15/2026 20:47:48,2.876,74.092,16.16,0.36091,71.216
10561,06/15/2026 20:57:48,2.876,74.099,15.97,0.36090,71.223
10562,06/15/2026 21:07:48,2.887,74.120,15.78,0.36194,71.233
10563,06/15/2026 21:17:48,2.883,74.116,15.49,0.36158,71.233
10564,06/15/2026 21:27:48,2.871,74.110,15.30,0.36030,71.239
10565,06/15/2026 21:37:48,2.910,74.144,15.11,0.36423,71.234
10566,06/15/2026 21:47:48,2.885,74.118,14.82,0.36168,71.233
10567,06/15/2026 21:57:48,2.893,74.133,14.53,0.36252,71.240
10568,06/15/2026 22:07:48,2.904,74.149,14.34,0.36363,71.245
10569,06/15/2026 22:17:48,2.889,74.141,14.05,0.36214,71.252
10570,06/15/2026 22:27:48,2.889,74.148,13.86,0.36213,71.259
10571,06/15/2026 22:37:48,2.893,74.145,13.57,0.36247,71.252
10572,06/15/2026 22:47:48,2.895,74.143,13.38,0.36268,71.248
10573,06/15/2026 22:57:48,2.914,74.154,13.09,0.36456,71.240
10574,06/15/2026 23:07:48,2.904,74.138,12.90,0.36357,71.234
10575,06/15/2026 23:17:48,2.917,74.141,12.71,0.36483,71.224
10576,06/15/2026 23:27:48,2.909,74.129,12.42,0.36404,71.220
10577,06/15/2026 23:37:48,2.909,74.127,12.22,0.36404,71.218
10578,06/15/2026 23:47:48,2.910,74.125,12.03,0.36410,71.215
10579,06/15/2026 23:57:48,2.906,74.117,11.74,0.36374,71.211
10580,06/16/2026 00:07:48,2.915,74.115,11.54,0.36464,71.200
10581,06/16/2026 00:17:48,2.929,74.127,11.35,0.36604,71.198
10582,06/16/2026 00:27:48,2.914,74.106,11.05,0.36456,71.192
10583,06/16/2026 00:37:48,2.926,74.109,10.86,0.36575,71.183
10584,06/16/2026 00:47:48,2.953,74.139,10.66,0.36848,71.186
10585,06/16/2026 00:57:48,2.937,74.122,10.37,0.36686,71.185
10586,06/16/2026 01:07:48,2.928,74.102,10.17,0.36593,71.174
10587,06/16/2026 01:17:48,2.946,74.114,9.98,0.36776,71.168
10588,06/16/2026 01:27:48,2.929,74.090,9.78,0.36599,71.161
10589,06/16/2026 01:37:48,2.937,74.092,9.58,0.36683,71.155
10590,06/16/2026 01:47:48,2.945,74.086,9.39,0.36760,71.141
10591,06/16/2026 01:57:48,2.926,74.062,9.19,0.36562,71.136
10592,06/16/2026 02:07:48,2.956,74.078,8.99,0.36871,71.122
10593,06/16/2026 02:17:48,2.952,74.072,8.79,0.36829,71.120
10594,06/16/2026 02:27:48,2.956,74.074,8.59,0.36877,71.118
10595,06/16/2026 02:37:48,2.959,74.073,8.39,0.36898,71.114
10596,06/16/2026 02:47:48,2.961,74.072,8.29,0.36919,71.111
10597,06/16/2026 02:57:48,2.948,74.048,8.09,0.36785,71.100
10598,06/16/2026 03:07:48,2.968,74.064,7.89,0.36995,71.096
10599,06/16/2026 03:17:48,2.978,74.063,7.79,0.37094,71.085
10600,06/16/2026 03:27:48,2.981,74.057,7.59,0.37121,71.076
10601,06/16/2026 03:37:48,2.986,74.052,7.49,0.37170,71.066
10602,06/16/2026 03:47:48,2.988,74.059,7.29,0.37198,71.071
10603,06/16/2026 03:57:48,2.966,74.035,7.19,0.36973,71.069
10604,06/16/2026 04:07:48,2.963,74.038,6.99,0.36944,71.075
10605,06/16/2026 04:17:48,2.997,74.083,6.89,0.37289,71.086
10606,06/16/2026 04:27:48,2.981,74.059,6.68,0.37120,71.078
10607,06/16/2026 04:37:48,2.979,74.053,6.58,0.37105,71.074
10608,06/16/2026 04:47:48,2.993,74.066,6.48,0.37246,71.073
10609,06/16/2026 04:57:48,2.999,74.070,6.38,0.37302,71.071
10610,06/16/2026 05:07:48,3.006,74.082,6.18,0.37372,71.076
10611,06/16/2026 05:17:48,3.006,74.076,6.07,0.37379,71.070
10612,06/16/2026 05:27:48,2.992,74.057,5.97,0.37238,71.065
10613,06/16/2026 05:37:48,3.012,74.075,5.87,0.37435,71.063
10614,06/16/2026 05:47:48,2.995,74.060,5.77,0.37266,71.065
10615,06/16/2026 05:57:48,2.992,74.063,5.56,0.37237,71.071
10616,06/16/2026 06:07:48,2.990,74.058,5.46,0.37216,71.068
10617,06/16/2026 06:17:48,3.008,74.084,5.36,0.37399,71.076
10618,06/16/2026 06:27:48,3.020,74.107,5.36,0.37518,71.087
10619,06/16/2026 06:37:48,3.006,74.097,5.25,0.37378,71.091
10620,06/16/2026 06:47:48,3.004,74.092,5.15,0.37357,71.088
10621,06/16/2026 06:57:48,2.994,74.082,5.05,0.37258,71.088
10622,06/16/2026 07:07:48,2.980,74.077,4.94,0.37110,71.097
10623,06/16/2026 07:17:48,3.010,74.095,4.94,0.37420,71.085
10624,06/16/2026 07:27:48,2.989,74.067,4.84,0.37202,71.078
10625,06/16/2026 07:37:48,2.984,74.053,4.84,0.37159,71.069
10626,06/16/2026 07:47:48,2.988,74.067,4.84,0.37195,71.079
10627,06/16/2026 07:57:48,2.975,74.058,4.84,0.37061,71.083
10628,06/16/2026 08:07:48,2.976,74.077,4.94,0.37068,71.101
10629,06/16/2026 08:17:48,2.972,74.074,5.15,0.37026,71.102
10630,06/16/2026 08:27:48,2.980,74.075,5.25,0.37111,71.095
10631,06/16/2026 08:37:48,2.954,74.063,5.46,0.36844,71.109
10632,06/16/2026 08:47:48,2.964,74.073,5.67,0.36949,71.109
10633,06/16/2026 08:57:48,2.960,74.071,5.97,0.36907,71.111
10634,06/16/2026 09:07:48,2.967,74.068,6.18,0.36978,71.101
10635,06/16/2026 09:17:48,2.971,74.070,6.38,0.37021,71.099
10636,06/16/2026 09:27:48,2.964,74.059,6.68,0.36944,71.095
10637,06/16/2026 09:37:48,2.980,74.066,6.99,0.37106,71.086
10638,06/16/2026 09:47:48,2.991,74.073,7.29,0.37219,71.082
10639,06/16/2026 09:57:48,2.982,74.052,7.59,0.37142,71.070
10640,06/16/2026 10:07:48,2.989,74.045,7.79,0.37206,71.056
10641,06/16/2026 10:17:48,2.984,74.030,8.19,0.37158,71.046
10642,06/16/2026 10:27:48,2.974,74.019,8.49,0.37060,71.045
10643,06/16/2026 10:37:48,2.978,74.036,8.89,0.37103,71.058
10644,06/16/2026 10:47:48,2.983,74.030,9.19,0.37146,71.047
10645,06/16/2026 10:57:48,2.995,74.024,9.58,0.37281,71.029
10646,06/16/2026 11:07:48,2.995,74.024,9.98,0.37268,71.029
10647,06/16/2026 11:17:48,2.993,74.018,10.37,0.37255,71.025
10648,06/16/2026 11:27:48,2.986,74.013,10.76,0.37179,71.027
10649,06/16/2026 11:37:48,2.970,73.995,11.25,0.37019,71.025
10650,06/16/2026 11:47:48,2.964,73.990,11.64,0.36957,71.026
10651,06/16/2026 11:57:48,2.992,74.012,12.12,0.37255,71.020
10652,06/16/2026 12:07:48,2.986,74.007,12.51,0.37193,71.021
10653,06/16/2026 12:17:48,2.955,73.970,12.90,0.36885,71.015
10654,06/16/2026 12:27:48,2.953,73.956,13.28,0.36858,71.003
10655,06/16/2026 12:37:48,2.969,73.966,13.77,0.37022,70.997
10656,06/16/2026 12:47:48,2.943,73.947,14.15,0.36764,71.004
10657,06/16/2026 12:57:48,2.943,73.939,14.63,0.36759,70.996
10658,06/16/2026 13:07:48,2.958,73.939,15.01,0.36915,70.981
10659,06/16/2026 13:17:48,2.945,73.920,15.40,0.36791,70.975
10660,06/16/2026 13:27:48,2.951,73.929,15.78,0.36849,70.978
10661,06/16/2026 13:37:48,2.941,73.905,16.06,0.36752,70.964
10662,06/16/2026 13:47:48,2.954,73.920,16.16,0.36879,70.966
10663,06/16/2026 13:57:48,2.942,73.904,16.35,0.36760,70.962
10664,06/16/2026 14:07:48,2.948,73.922,16.73,0.36826,70.974
10665,06/16/2026 14:17:48,2.945,73.899,17.11,0.36800,70.954
10666,06/16/2026 14:27:48,2.951,73.903,17.40,0.36858,70.952
10667,06/16/2026 14:37:48,2.932,73.877,17.49,0.36661,70.945
10668,06/16/2026 14:47:48,2.930,73.864,17.59,0.36648,70.934
10669,06/16/2026 14:57:48,2.929,73.857,17.78,0.36642,70.928
10670,06/16/2026 15:07:48,2.939,73.855,17.97,0.36741,70.916
10671,06/16/2026 15:17:48,2.932,73.845,18.26,0.36673,70.913
10672,06/16/2026 15:27:48,2.918,73.826,18.54,0.36526,70.908
10673,06/16/2026 15:37:48,2.915,73.806,18.73,0.36492,70.891
10674,06/16/2026 15:47:48,2.899,73.776,18.92,0.36338,70.877
10675,06/16/2026 15:57:48,2.913,73.801,19.11,0.36481,70.888
10676,06/16/2026 16:07:48,2.908,73.795,19.30,0.36425,70.887
10677,06/16/2026 16:17:48,2.926,73.805,19.40,0.36616,70.879
10678,06/16/2026 16:27:48,2.916,73.788,19.49,0.36511,70.872
10679,06/16/2026 16:37:48,2.925,73.809,19.40,0.36609,70.884
10680,06/16/2026 16:47:48,2.916,73.813,19.30,0.36510,70.897
10681,06/16/2026 16:57:48,2.916,73.829,19.11,0.36509,70.913
10682,06/16/2026 17:07:48,2.907,73.822,18.92,0.36416,70.915
10683,06/16/2026 17:17:48,2.908,73.826,18.92,0.36430,70.918
10684,06/16/2026 17:27:48,2.902,73.817,18.92,0.36367,70.915
10685,06/16/2026 17:37:48,2.888,73.781,18.92,0.36219,70.893
10686,06/16/2026 17:47:48,2.858,73.748,18.83,0.35915,70.890
10687,06/16/2026 17:57:48,2.897,73.783,18.73,0.36316,70.886
10688,06/16/2026 18:07:48,2.882,73.755,18.64,0.36154,70.873
10689,06/16/2026 18:17:48,2.881,73.744,18.54,0.36153,70.863
10690,06/16/2026 18:27:48,2.913,73.774,18.35,0.36476,70.861
10691,06/16/2026 18:37:48,2.902,73.763,18.26,0.36370,70.861
10692,06/16/2026 18:47:48,2.879,73.752,18.07,0.36129,70.873
10693,06/16/2026 18:57:48,2.856,73.727,17.88,0.35889,70.871
10694,06/16/2026 19:07:48,2.890,73.756,17.68,0.36233,70.867
10695,06/16/2026 19:17:48,2.859,73.727,17.49,0.35922,70.868
10696,06/16/2026 19:27:48,2.859,73.725,17.30,0.35914,70.866
10697,06/16/2026 19:37:48,2.881,73.750,17.11,0.36138,70.869
10698,06/16/2026 19:47:48,2.873,73.743,16.92,0.36059,70.870
10699,06/16/2026 19:57:48,2.859,73.736,16.73,0.35918,70.877
10700,06/16/2026 20:07:48,2.877,73.757,16.54,0.36093,70.880
10701,06/16/2026 20:17:48,2.862,73.750,16.35,0.35944,70.888
10702,06/16/2026 20:27:48,2.861,73.739,16.16,0.35929,70.878
10703,06/16/2026 20:37:48,2.862,73.736,15.97,0.35942,70.874
10704,06/16/2026 20:47:48,2.855,73.730,15.78,0.35863,70.875
10705,06/16/2026 20:57:48,2.871,73.749,15.49,0.36031,70.878
10706,06/16/2026 21:07:48,2.872,73.751,15.30,0.36044,70.879
10707,06/16/2026 21:17:48,2.863,73.739,15.01,0.35951,70.876
10708,06/16/2026 21:27:48,2.862,73.742,14.82,0.35929,70.880
10709,06/16/2026 21:37:48,2.888,73.771,14.63,0.36203,70.883
10710,06/16/2026 21:47:48,2.892,73.782,14.34,0.36237,70.890
10711,06/16/2026 21:57:48,2.907,73.798,14.15,0.36391,70.891
10712,06/16/2026 22:07:48,2.894,73.791,13.96,0.36263,70.897
10713,06/16/2026 22:17:48,2.890,73.785,13.77,0.36213,70.895
10714,06/16/2026 22:27:48,2.877,73.768,13.48,0.36085,70.891
10715,06/16/2026 22:37:48,2.890,73.770,13.28,0.36218,70.880
10716,06/16/2026 22:47:48,2.913,73.791,13.09,0.36449,70.878
10717,06/16/2026 22:57:48,2.895,73.780,12.90,0.36266,70.885
10718,06/16/2026 23:07:48,2.895,73.774,12.71,0.36258,70.879
10719,06/16/2026 23:17:48,2.901,73.772,12.51,0.36320,70.871
10720,06/16/2026 23:27:48,2.907,73.765,12.32,0.36383,70.858
10721,06/16/2026 23:37:48,2.925,73.785,12.03,0.36565,70.860
10722,06/16/2026 23:47:48,2.889,73.738,11.83,0.36198,70.849
10723,06/16/2026 23:57:48,2.917,73.758,11.64,0.36486,70.841
10724,06/17/2026 00:07:48,2.894,73.729,11.44,0.36253,70.835
10725,06/17/2026 00:17:48,2.941,73.764,11.25,0.36724,70.823
10726,06/17/2026 00:27:48,2.922,73.748,11.05,0.36533,70.826
10727,06/17/2026 00:37:48,2.936,73.751,10.86,0.36673,70.815
10728,06/17/2026 00:47:48,2.925,73.726,10.66,0.36567,70.801
10729,06/17/2026 00:57:48,2.940,73.730,10.57,0.36714,70.790
10730,06/17/2026 01:07:48,2.924,73.705,10.37,0.36559,70.781
10731,06/17/2026 01:17:48,2.921,73.695,10.17,0.36516,70.774
10732,06/17/2026 01:27:48,2.944,73.711,9.98,0.36755,70.767
10733,06/17/2026 01:37:48,2.928,73.682,9.78,0.36592,70.754
10734,06/17/2026 01:47:48,2.937,73.695,9.68,0.36676,70.758
10735,06/17/2026 01:57:48,2.961,73.715,9.48,0.36929,70.754
10736,06/17/2026 02:07:48,2.965,73.714,9.29,0.36964,70.749
10737,06/17/2026 02:17:48,2.965,73.704,9.19,0.36963,70.739
10738,06/17/2026 02:27:48,2.955,73.684,8.99,0.36864,70.729
10739,06/17/2026 02:37:48,2.955,73.687,8.79,0.36857,70.732
10740,06/17/2026 02:47:48,2.978,73.708,8.69,0.37103,70.730
10741,06/17/2026 02:57:48,2.950,73.671,8.49,0.36807,70.721
10742,06/17/2026 03:07:48,2.944,73.652,8.39,0.36743,70.708
10743,06/17/2026 03:17:48,2.960,73.660,8.29,0.36912,70.700
10744,06/17/2026 03:27:48,2.925,73.631,8.09,0.36553,70.706
10745,06/17/2026 03:37:48,2.950,73.657,7.99,0.36813,70.707
10746,06/17/2026 03:47:48,2.937,73.647,7.89,0.36679,70.710
10747,06/17/2026 03:57:48,2.934,73.642,7.79,0.36644,70.708
10748,06/17/2026 04:07:48,2.946,73.650,7.69,0.36770,70.704
10749,06/17/2026 04:17:48,2.970,73.677,7.59,0.37009,70.707
10750,06/17/2026 04:27:48,2.954,73.658,7.49,0.36847,70.704
10751,06/17/2026 04:37:48,2.956,73.661,7.39,0.36875,70.705
10752,06/17/2026 04:47:48,2.970,73.679,7.29,0.37008,70.709
10753,06/17/2026 04:57:48,2.976,73.690,7.09,0.37071,70.715
10754,06/17/2026 05:07:48,2.961,73.672,6.99,0.36916,70.711
10755,06/17/2026 05:17:48,2.995,73.698,6.89,0.37268,70.703
10756,06/17/2026 05:27:48,2.978,73.679,6.79,0.37092,70.701
10757,06/17/2026 05:37:48,2.963,73.669,6.68,0.36944,70.706
10758,06/17/2026 05:47:48,2.985,73.691,6.58,0.37162,70.706
10759,06/17/2026 05:57:48,2.990,73.690,6.48,0.37218,70.700
10760,06/17/2026 06:07:48,2.982,73.681,6.48,0.37133,70.699
10761,06/17/2026 06:17:48,2.969,73.671,6.38,0.37007,70.702
10762,06/17/2026 06:27:48,2.964,73.675,6.28,0.36950,70.711
10763,06/17/2026 06:37:48,2.990,73.706,6.18,0.37210,70.716
10764,06/17/2026 06:47:48,3.006,73.719,6.18,0.37386,70.713
10765,06/17/2026 06:57:48,2.980,73.701,6.07,0.37112,70.721
10766,06/17/2026 07:07:48,2.992,73.710,6.07,0.37231,70.718
10767,06/17/2026 07:17:48,3.025,73.750,5.97,0.37568,70.725
10768,06/17/2026 07:27:48,3.010,73.736,5.97,0.37421,70.726
10769,06/17/2026 07:37:48,2.987,73.718,5.97,0.37182,70.731
10770,06/17/2026 07:47:48,2.984,73.718,5.97,0.37154,70.734
10771,06/17/2026 07:57:48,2.974,73.722,5.97,0.37055,70.748
10772,06/17/2026 08:07:48,2.968,73.719,6.07,0.36985,70.751
10773,06/17/2026 08:17:48,2.960,73.711,6.28,0.36908,70.751
10774,06/17/2026 08:27:48,2.993,73.745,6.48,0.37239,70.752
10775,06/17/2026 08:37:48,2.961,73.701,6.68,0.36916,70.740
10776,06/17/2026 08:47:48,2.973,73.721,6.89,0.37036,70.748
10777,06/17/2026 08:57:48,2.987,73.731,7.09,0.37191,70.744
10778,06/17/2026 09:07:48,2.975,73.711,7.39,0.37065,70.736
10779,06/17/2026 09:17:48,2.963,73.704,7.59,0.36938,70.741
10780,06/17/2026 09:27:48,2.972,73.719,7.79,0.37030,70.747
10781,06/17/2026 09:37:48,2.963,73.699,8.09,0.36940,70.736
10782,06/17/2026 09:47:48,2.973,73.719,8.39,0.37053,70.746
10783,06/17/2026 09:57:48,2.980,73.722,8.69,0.37117,70.742
10784,06/17/2026 10:07:48,2.966,73.697,8.99,0.36984,70.731
10785,06/17/2026 10:17:48,2.969,73.691,9.29,0.37006,70.722
10786,06/17/2026 10:27:48,2.995,73.695,9.68,0.37267,70.700
10787,06/17/2026 10:37:48,2.977,73.684,9.98,0.37085,70.707
10788,06/17/2026 10:47:48,2.978,73.687,10.37,0.37108,70.709
10789,06/17/2026 10:57:48,2.961,73.677,10.76,0.36933,70.716
10790,06/17/2026 11:07:48,2.971,73.676,11.05,0.37032,70.705
10791,06/17/2026 11:17:48,2.965,73.679,11.44,0.36978,70.714
10792,06/17/2026 11:27:48,2.966,73.688,11.83,0.36986,70.722
10793,06/17/2026 11:37:48,2.963,73.678,12.22,0.36959,70.715
10794,06/17/2026 11:47:48,2.959,73.682,12.61,0.36919,70.723
10795,06/17/2026 11:57:48,2.953,73.677,13.00,0.36857,70.724
10796,06/17/2026 12:07:48,2.963,73.690,13.38,0.36957,70.727
10797,06/17/2026 12:17:48,2.960,73.680,13.77,0.36938,70.720
10798,06/17/2026 12:27:48,2.964,73.675,14.15,0.36975,70.711
10799,06/17/2026 12:37:48,2.954,73.661,14.53,0.36878,70.707
10800,06/17/2026 12:47:48,2.966,73.679,14.92,0.36999,70.713
10801,06/17/2026 12:57:48,2.959,73.665,15.30,0.36931,70.706
10802,06/17/2026 13:07:48,2.937,73.632,15.59,0.36707,70.695
10803,06/17/2026 13:17:48,2.934,73.628,15.97,0.36674,70.694
10804,06/17/2026 13:27:48,2.942,73.645,16.35,0.36753,70.704
10805,06/17/2026 13:37:48,2.917,73.614,16.73,0.36502,70.697
10806,06/17/2026 13:47:48,2.956,73.644,17.02,0.36912,70.688
10807,06/17/2026 13:57:48,2.933,73.620,17.30,0.36681,70.687
10808,06/17/2026 14:07:48,2.947,73.619,17.59,0.36824,70.672
10809,06/17/2026 14:17:48,2.941,73.627,17.88,0.36762,70.686
10810,06/17/2026 14:27:48,2.927,73.613,18.16,0.36616,70.686
10811,06/17/2026 14:37:48,2.969,73.643,18.45,0.37054,70.674
10812,06/17/2026 14:47:48,2.951,73.618,18.64,0.36872,70.667
10813,06/17/2026 14:57:48,2.967,73.654,18.92,0.37029,70.687
10814,06/17/2026 15:07:48,2.981,73.649,19.30,0.37179,70.668
10815,06/17/2026 15:17:48,2.970,73.643,19.49,0.37061,70.673
10816,06/17/2026 15:27:48,2.953,73.636,19.68,0.36893,70.683
10817,06/17/2026 15:37:48,2.989,73.692,19.78,0.37260,70.703
10818,06/17/2026 15:47:48,2.969,73.661,19.88,0.37063,70.692
10819,06/17/2026 15:57:48,2.966,73.631,19.97,0.37021,70.665
10820,06/17/2026 16:07:48,2.964,73.637,20.07,0.37001,70.673
10821,06/17/2026 16:17:48,2.957,73.606,20.16,0.36938,70.649
10822,06/17/2026 16:27:48,2.925,73.575,20.26,0.36615,70.650
10823,06/17/2026 16:37:48,2.935,73.585,20.26,0.36706,70.650
10824,06/17/2026 16:47:48,2.916,73.571,20.26,0.36516,70.655
10825,06/17/2026 16:57:48,2.921,73.575,20.26,0.36572,70.654
10826,06/17/2026 17:07:48,2.922,73.565,20.16,0.36579,70.643
10827,06/17/2026 17:17:48,2.920,73.579,20.16,0.36558,70.659
10828,06/17/2026 17:27:48,2.919,73.568,20.07,0.36550,70.649
10829,06/17/2026 17:37:48,2.913,73.563,19.97,0.36486,70.650
10830,06/17/2026 17:47:48,2.905,73.552,19.88,0.36408,70.647
10831,06/17/2026 17:57:48,2.903,73.533,19.78,0.36386,70.630
10832,06/17/2026 18:07:48,2.911,73.541,19.68,0.36463,70.630
10833,06/17/2026 18:17:48,2.931,73.558,19.59,0.36667,70.627
10834,06/17/2026 18:27:48,2.919,73.543,19.49,0.36546,70.624
10835,06/17/2026 18:37:48,2.907,73.536,19.30,0.36418,70.629
10836,06/17/2026 18:47:48,2.894,73.516,19.11,0.36283,70.622
10837,06/17/2026 18:57:48,2.900,73.522,18.92,0.36346,70.622
10838,06/17/2026 19:07:48,2.901,73.533,18.73,0.36358,70.632
10839,06/17/2026 19:17:48,2.907,73.544,18.45,0.36413,70.637
10840,06/17/2026 19:27:48,2.889,73.547,18.35,0.36229,70.658
10841,06/17/2026 19:37:48,2.904,73.563,18.16,0.36376,70.659
10842,06/17/2026 19:47:48,2.899,73.557,18.07,0.36333,70.658
10843,06/17/2026 19:57:48,2.898,73.577,17.88,0.36325,70.679
10844,06/17/2026 20:07:48,2.908,73.594,17.78,0.36423,70.686
10845,06/17/2026 20:17:48,2.879,73.574,17.59,0.36126,70.695
10846,06/17/2026 20:27:48,2.886,73.584,17.30,0.36195,70.698
10847,06/17/2026 20:37:48,2.881,73.586,17.11,0.36145,70.705
10848,06/17/2026 20:47:48,2.880,73.593,16.92,0.36130,70.713
10849,06/17/2026 20:57:48,2.903,73.622,16.64,0.36361,70.719
10850,06/17/2026 21:07:48,2.896,73.619,16.45,0.36296,70.723
10851,06/17/2026 21:17:48,2.878,73.604,16.25,0.36105,70.726
10852,06/17/2026 21:27:48,2.886,73.623,15.97,0.36188,70.737
10853,06/17/2026 21:37:48,2.926,73.662,15.78,0.36588,70.736
10854,06/17/2026 21:47:48,2.930,73.678,15.59,0.36630,70.748
10855,06/17/2026 21:57:48,2.908,73.661,15.30,0.36403,70.753
10856,06/17/2026 22:07:48,2.894,73.663,15.11,0.36268,70.769
10857,06/17/2026 22:17:48,2.899,73.670,14.92,0.36317,70.771
10858,06/17/2026 22:27:48,2.932,73.699,14.63,0.36646,70.767
10859,06/17/2026 22:37:48,2.921,73.688,14.44,0.36533,70.767
10860,06/17/2026 22:47:48,2.915,73.699,14.25,0.36475,70.784
10861,06/17/2026 22:57:48,2.913,73.697,14.05,0.36453,70.784
10862,06/17/2026 23:07:48,2.905,73.689,13.77,0.36375,70.784
10863,06/17/2026 23:17:48,2.914,73.696,13.57,0.36465,70.782
10864,06/17/2026 23:27:48,2.925,73.704,13.38,0.36570,70.779
10865,06/17/2026 23:37:48,2.937,73.714,13.09,0.36696,70.777
10866,06/17/2026 23:47:48,2.934,73.717,12.90,0.36660,70.783
10867,06/17/2026 23:57:48,2.945,73.733,12.71,0.36771,70.788
10868,06/18/2026 00:07:48,2.950,73.740,12.51,0.36820,70.790
10869,06/18/2026 00:17:48,2.934,73.724,12.32,0.36664,70.790
10870,06/18/2026 00:27:48,2.946,73.741,12.12,0.36776,70.795
10871,06/18/2026 00:37:48,2.936,73.734,11.93,0.36677,70.798
10872,06/18/2026 00:47:48,2.950,73.750,11.74,0.36824,70.800
10873,06/18/2026 00:57:48,2.962,73.757,11.54,0.36950,70.795
10874,06/18/2026 01:07:48,2.954,73.746,11.35,0.36865,70.792
10875,06/18/2026 01:17:48,2.970,73.758,11.15,0.37026,70.788
10876,06/18/2026 01:27:48,2.954,73.743,10.96,0.36856,70.789
10877,06/18/2026 01:37:48,2.955,73.750,10.76,0.36870,70.795
10878,06/18/2026 01:47:48,2.973,73.766,10.57,0.37052,70.793
10879,06/18/2026 01:57:48,2.970,73.769,10.37,0.37016,70.799
10880,06/18/2026 02:07:48,2.969,73.763,10.17,0.37008,70.794
10881,06/18/2026 02:17:48,2.971,73.761,9.98,0.37029,70.790
10882,06/18/2026 02:27:48,2.973,73.754,9.78,0.37056,70.781
10883,06/18/2026 02:37:48,2.958,73.726,9.68,0.36901,70.768
10884,06/18/2026 02:47:48,2.968,73.729,9.48,0.36999,70.761
10885,06/18/2026 02:57:48,2.968,73.732,9.29,0.36992,70.764
10886,06/18/2026 03:07:48,2.984,73.753,9.09,0.37160,70.769
10887,06/18/2026 03:17:48,2.976,73.747,8.99,0.37082,70.771
10888,06/18/2026 03:27:48,2.983,73.755,8.79,0.37145,70.772
10889,06/18/2026 03:37:48,2.988,73.763,8.69,0.37194,70.775
10890,06/18/2026 03:47:48,2.983,73.761,8.49,0.37151,70.778
10891,06/18/2026 03:57:48,2.991,73.769,8.39,0.37236,70.778
10892,06/18/2026 04:07:48,2.983,73.754,8.19,0.37144,70.771
10893,06/18/2026 04:17:48,2.994,73.758,8.09,0.37256,70.764
10894,06/18/2026 04:27:48,2.996,73.761,7.89,0.37277,70.765
10895,06/18/2026 04:37:48,2.985,73.755,7.79,0.37171,70.770
10896,06/18/2026 04:47:48,3.009,73.781,7.69,0.37417,70.772
10897,06/18/2026 04:57:48,3.002,73.789,7.49,0.37339,70.787
10898,06/18/2026 05:07:48,3.002,73.793,7.39,0.37332,70.791
10899,06/18/2026 05:17:48,2.986,73.787,7.29,0.37177,70.801
10900,06/18/2026 05:27:48,3.007,73.822,7.09,0.37388,70.815
10901,06/18/2026 05:37:48,3.005,73.830,6.99,0.37366,70.825
10902,06/18/2026 05:47:48,3.009,73.843,6.89,0.37408,70.834
10903,06/18/2026 05:57:48,3.018,73.856,6.79,0.37499,70.838
10904,06/18/2026 06:07:48,3.036,73.873,6.68,0.37682,70.837
10905,06/18/2026 06:17:48,3.026,73.868,6.58,0.37576,70.842
10906,06/18/2026 06:27:48,3.004,73.849,6.48,0.37351,70.845
10907,06/18/2026 06:37:48,3.024,73.875,6.38,0.37562,70.851
10908,06/18/2026 06:47:48,3.019,73.879,6.28,0.37506,70.860
10909,06/18/2026 06:57:48,3.029,73.888,6.28,0.37611,70.859
10910,06/18/2026 07:07:48,3.020,73.887,6.18,0.37520,70.867
10911,06/18/2026 07:17:48,3.006,73.873,6.07,0.37372,70.867
10912,06/18/2026 07:27:48,3.032,73.900,6.07,0.37639,70.868
10913,06/18/2026 07:37:48,3.027,73.891,6.07,0.37590,70.864
10914,06/18/2026 07:47:48,3.012,73.877,6.07,0.37442,70.865
10915,06/18/2026 07:57:48,3.024,73.896,6.18,0.37562,70.872
10916,06/18/2026 08:07:48,3.002,73.874,6.28,0.37337,70.872
10917,06/18/2026 08:17:48,2.988,73.876,6.48,0.37190,70.888
10918,06/18/2026 08:27:48,2.984,73.882,6.68,0.37155,70.898
10919,06/18/2026 08:37:48,3.019,73.920,6.89,0.37507,70.901
10920,06/18/2026 08:47:48,3.019,73.921,7.09,0.37514,70.902
10921,06/18/2026 08:57:48,2.987,73.891,7.29,0.37191,70.904
10922,06/18/2026 09:07:48,2.995,73.894,7.59,0.37269,70.899
10923,06/18/2026 09:17:48,3.003,73.900,7.79,0.37354,70.897
10924,06/18/2026 09:27:48,3.002,73.903,8.09,0.37333,70.901
10925,06/18/2026 09:37:48,3.000,73.901,8.39,0.37320,70.901
10926,06/18/2026 09:47:48,3.030,73.930,8.59,0.37623,70.900
10927,06/18/2026 09:57:48,3.019,73.914,8.89,0.37518,70.895
10928,06/18/2026 10:07:48,3.030,73.921,9.19,0.37632,70.891
10929,06/18/2026 10:17:48,2.999,73.883,9.48,0.37316,70.884
10930,06/18/2026 10:27:48,3.012,73.891,9.88,0.37451,70.879
10931,06/18/2026 10:37:48,3.002,73.889,10.17,0.37353,70.887
10932,06/18/2026 10:47:48,3.015,73.897,10.47,0.37474,70.882
10933,06/18/2026 10:57:48,3.003,73.900,10.86,0.37362,70.897
10934,06/18/2026 11:07:48,3.025,73.918,11.25,0.37582,70.893
10935,06/18/2026 11:17:48,3.028,73.930,11.54,0.37611,70.902
10936,06/18/2026 11:27:48,3.018,73.920,11.93,0.37514,70.902
10937,06/18/2026 11:37:48,3.010,73.916,12.42,0.37432,70.906
10938,06/18/2026 11:47:48,3.019,73.921,12.90,0.37525,70.902
10939,06/18/2026 11:57:48,3.003,73.911,13.28,0.37372,70.908
10940,06/18/2026 12:07:48,2.996,73.906,13.67,0.37296,70.910
10941,06/18/2026 12:17:48,2.990,73.901,14.05,0.37242,70.911
10942,06/18/2026 12:27:48,2.989,73.905,14.44,0.37229,70.916
10943,06/18/2026 12:37:48,2.999,73.918,14.82,0.37337,70.919
10944,06/18/2026 12:47:48,2.992,73.905,15.20,0.37261,70.913
10945,06/18/2026 12:57:48,2.995,73.913,15.59,0.37298,70.918
10946,06/18/2026 13:07:48,2.997,73.900,15.97,0.37314,70.903
10947,06/18/2026 13:17:48,2.960,73.872,16.35,0.36943,70.912
10948,06/18/2026 13:27:48,2.984,73.895,16.73,0.37192,70.911
10949,06/18/2026 13:37:48,2.988,73.880,17.02,0.37236,70.892
10950,06/18/2026 13:47:48,2.987,73.907,17.40,0.37231,70.920
10951,06/18/2026 13:57:48,2.958,73.870,17.68,0.36930,70.912
10952,06/18/2026 14:07:48,2.948,73.860,17.97,0.36826,70.912
10953,06/18/2026 14:17:48,2.962,73.863,18.26,0.36975,70.901
10954,06/18/2026 14:27:48,2.960,73.870,18.45,0.36955,70.910
10955,06/18/2026 14:37:48,2.978,73.884,18.83,0.37141,70.906
10956,06/18/2026 14:47:48,2.963,73.873,19.02,0.36987,70.910
10957,06/18/2026 14:57:48,2.956,73.863,19.30,0.36918,70.907
10958,06/18/2026 15:07:48,2.948,73.847,19.49,0.36842,70.899
10959,06/18/2026 15:17:48,2.944,73.845,19.68,0.36801,70.901
10960,06/18/2026 15:27:48,2.970,73.870,19.88,0.37070,70.900
10961,06/18/2026 15:37:48,2.964,73.867,19.97,0.37007,70.903
10962,06/18/2026 15:47:48,2.952,73.851,20.16,0.36889,70.899
10963,06/18/2026 15:57:48,2.948,73.848,20.26,0.36840,70.900
10964,06/18/2026 16:07:48,2.941,73.840,20.35,0.36770,70.899
10965,06/18/2026 16:17:48,2.915,73.811,20.54,0.36504,70.896
10966,06/18/2026 16:27:48,2.937,73.838,20.54,0.36736,70.901
10967,06/18/2026 16:37:48,2.903,73.812,20.64,0.36385,70.909
10968,06/18/2026 16:47:48,2.918,73.812,20.64,0.36540,70.894
10969,06/18/2026 16:57:48,2.923,73.818,20.45,0.36595,70.895
10970,06/18/2026 17:07:48,2.899,73.791,20.45,0.36348,70.892
10971,06/18/2026 17:17:48,2.887,73.787,20.45,0.36221,70.900
10972,06/18/2026 17:27:48,2.908,73.804,20.35,0.36432,70.896
10973,06/18/2026 17:37:48,2.910,73.813,20.35,0.36453,70.903
10974,06/18/2026 17:47:48,2.890,73.789,20.26,0.36248,70.899
10975,06/18/2026 17:57:48,2.906,73.807,20.26,0.36417,70.901
10976,06/18/2026 18:07:48,2.897,73.792,20.16,0.36325,70.895
10977,06/18/2026 18:17:48,2.885,73.776,19.97,0.36197,70.891
10978,06/18/2026 18:27:48,2.889,73.778,19.78,0.36238,70.889
10979,06/18/2026 18:37:48,2.901,73.795,19.68,0.36364,70.894
10980,06/18/2026 18:47:48,2.880,73.779,19.49,0.36145,70.899
10981,06/18/2026 18:57:48,2.882,73.787,19.40,0.36165,70.905
10982,06/18/2026 19:07:48,2.879,73.793,19.21,0.36136,70.914
10983,06/18/2026 19:17:48,2.867,73.787,19.02,0.36008,70.920
10984,06/18/2026 19:27:48,2.863,73.794,18.92,0.35972,70.931
10985,06/18/2026 19:37:48,2.867,73.815,18.73,0.36006,70.948
10986,06/18/2026 19:47:48,2.853,73.818,18.64,0.35865,70.965
10987,06/18/2026 19:57:48,2.871,73.835,18.54,0.36047,70.964
10988,06/18/2026 20:07:48,2.884,73.854,18.26,0.36180,70.970
10989,06/18/2026 20:17:48,2.867,73.843,18.07,0.36002,70.976
10990,06/18/2026 20:27:48,2.880,73.863,17.88,0.36135,70.983
10991,06/18/2026 20:37:48,2.883,73.869,17.59,0.36162,70.986
10992,06/18/2026 20:47:48,2.881,73.866,17.40,0.36147,70.985
10993,06/18/2026 20:57:48,2.880,73.868,17.11,0.36131,70.988
10994,06/18/2026 21:07:48,2.888,73.874,16.92,0.36214,70.986
10995,06/18/2026 21:17:48,2.903,73.894,16.64,0.36361,70.991
10996,06/18/2026 21:27:48,2.876,73.878,16.45,0.36085,71.002
10997,06/18/2026 21:37:48,2.895,73.902,16.16,0.36281,71.007
10998,06/18/2026 21:47:48,2.895,73.908,15.87,0.36272,71.013
10999,06/18/2026 21:57:48,2.895,73.914,15.68,0.36285,71.019
11000,06/18/2026 22:07:48,2.902,73.925,15.40,0.36347,71.023
11001,06/18/2026 22:17:48,2.907,73.932,15.20,0.36396,71.025
11002,06/18/2026 22:27:48,2.908,73.938,14.92,0.36401,71.030
11003,06/18/2026 22:37:48,2.913,73.940,14.73,0.36457,71.027
11004,06/18/2026 22:47:48,2.915,73.946,14.44,0.36476,71.031
11005,06/18/2026 22:57:48,2.900,73.930,14.25,0.36328,71.030
11006,06/18/2026 23:07:48,2.907,73.932,13.96,0.36390,71.025
11007,06/18/2026 23:17:48,2.917,73.943,13.77,0.36494,71.026
11008,06/18/2026 23:27:48,2.929,73.950,13.57,0.36620,71.021
11009,06/18/2026 23:37:48,2.919,73.943,13.28,0.36506,71.024
11010,06/18/2026 23:47:48,2.922,73.945,13.09,0.36541,71.023
11011,06/18/2026 23:57:48,2.924,73.948,12.90,0.36561,71.024
11012,06/19/2026 00:07:48,2.918,73.945,12.61,0.36497,71.027
11013,06/19/2026 00:17:48,2.925,73.956,12.42,0.36573,71.031
11014,06/19/2026 00:27:48,2.938,73.973,12.22,0.36699,71.035
11015,06/19/2026 00:37:48,2.940,73.974,11.93,0.36719,71.034
11016,06/19/2026 00:47:48,2.954,73.995,11.74,0.36859,71.041
11017,06/19/2026 00:57:48,2.926,73.974,11.44,0.36577,71.048
11018,06/19/2026 01:07:48,2.931,73.977,11.25,0.36625,71.046
11019,06/19/2026 01:17:48,2.943,73.979,11.05,0.36751,71.036
11020,06/19/2026 01:27:48,2.955,73.990,10.76,0.36870,71.035
11021,06/19/2026 01:37:48,2.973,74.006,10.57,0.37052,71.033
11022,06/19/2026 01:47:48,2.958,74.000,10.37,0.36897,71.042
11023,06/19/2026 01:57:48,2.965,74.003,10.17,0.36966,71.038
11024,06/19/2026 02:07:48,2.970,74.005,9.98,0.37022,71.035
11025,06/19/2026 02:17:48,2.957,73.995,9.78,0.36881,71.038
11026,06/19/2026 02:27:48,2.977,74.002,9.58,0.37084,71.025
11027,06/19/2026 02:37:48,2.977,74.005,9.39,0.37084,71.028
11028,06/19/2026 02:47:48,2.972,73.998,9.19,0.37041,71.026
11029,06/19/2026 02:57:48,2.981,74.005,8.89,0.37124,71.024
11030,06/19/2026 03:07:48,2.988,74.004,8.79,0.37194,71.016
11031,06/19/2026 03:17:48,2.969,73.993,8.59,0.37004,71.024
11032,06/19/2026 03:27:48,2.987,74.014,8.39,0.37186,71.027
11033,06/19/2026 03:37:48,2.985,74.017,8.19,0.37165,71.032
11034,06/19/2026 03:47:48,2.978,74.024,7.99,0.37094,71.046
11035,06/19/2026 03:57:48,2.993,74.046,7.89,0.37248,71.053
11036,06/19/2026 04:07:48,2.970,74.031,7.69,0.37009,71.061
11037,06/19/2026 04:17:48,2.982,74.052,7.59,0.37142,71.070
11038,06/19/2026 04:27:48,2.980,74.051,7.39,0.37114,71.071
11039,06/19/2026 04:37:48,2.970,74.045,7.19,0.37008,71.075
11040,06/19/2026 04:47:48,2.986,74.062,7.09,0.37177,71.076
11041,06/19/2026 04:57:48,3.012,74.083,6.89,0.37436,71.071
11042,06/19/2026 05:07:48,2.988,74.064,6.79,0.37197,71.076
11043,06/19/2026 05:17:48,2.985,74.062,6.58,0.37169,71.077
11044,06/19/2026 05:27:48,3.001,74.084,6.48,0.37330,71.083
11045,06/19/2026 05:37:48,3.001,74.088,6.38,0.37323,71.087
11046,06/19/2026 05:47:48,3.006,74.100,6.18,0.37379,71.094
11047,06/19/2026 05:57:48,3.005,74.104,6.07,0.37365,71.099
11048,06/19/2026 06:07:48,3.011,74.125,5.97,0.37435,71.114
11049,06/19/2026 06:17:48,3.027,74.143,5.87,0.37589,71.116
11050,06/19/2026 06:27:48,3.001,74.137,5.77,0.37329,71.136
11051,06/19/2026 06:37:48,2.999,74.137,5.67,0.37301,71.138
11052,06/19/2026 06:47:48,3.021,74.163,5.56,0.37533,71.142
11053,06/19/2026 06:57:48,3.006,74.144,5.46,0.37378,71.138
11054,06/19/2026 07:07:48,2.990,74.131,5.46,0.37216,71.140
11055,06/19/2026 07:17:48,2.987,74.125,5.36,0.37188,71.138
11056,06/19/2026 07:27:48,3.002,74.147,5.25,0.37336,71.145
11057,06/19/2026 07:37:48,2.989,74.133,5.25,0.37209,71.144
11058,06/19/2026 07:47:48,2.990,74.139,5.36,0.37209,71.149
11059,06/19/2026 07:57:48,3.004,74.166,5.36,0.37357,71.162
11060,06/19/2026 08:07:48,2.983,74.163,5.56,0.37139,71.180
11061,06/19/2026 08:17:48,2.963,74.150,5.67,0.36942,71.187
11062,06/19/2026 08:27:48,2.966,74.156,5.87,0.36971,71.190
11063,06/19/2026 08:37:48,2.958,74.145,6.18,0.36887,71.187
11064,06/19/2026 08:47:48,2.964,74.156,6.38,0.36950,71.192
11065,06/19/2026 08:57:48,2.987,74.171,6.58,0.37183,71.184
11066,06/19/2026 09:07:48,2.972,74.146,6.89,0.37036,71.174
11067,06/19/2026 09:17:48,2.986,74.148,7.09,0.37177,71.162
11068,06/19/2026 09:27:48,2.997,74.155,7.39,0.37290,71.158
11069,06/19/2026 09:37:48,2.968,74.121,7.69,0.36995,71.153
11070,06/19/2026 09:47:48,2.981,74.128,7.99,0.37129,71.147
11071,06/19/2026 09:57:48,3.001,74.135,8.29,0.37334,71.134
11072,06/19/2026 10:07:48,2.981,74.111,8.59,0.37124,71.130
11073,06/19/2026 10:17:48,3.003,74.128,8.99,0.37350,71.125
11074,06/19/2026 10:27:48,2.980,74.094,9.29,0.37118,71.114
11075,06/19/2026 10:37:48,2.993,74.111,9.68,0.37260,71.118
11076,06/19/2026 10:47:48,2.976,74.083,10.08,0.37086,71.107
11077,06/19/2026 10:57:48,2.997,74.105,10.47,0.37298,71.108
11078,06/19/2026 11:07:48,2.981,74.091,10.86,0.37130,71.110
11079,06/19/2026 11:17:48,2.998,74.099,11.25,0.37308,71.101
11080,06/19/2026 11:27:48,2.973,74.080,11.64,0.37056,71.107
11081,06/19/2026 11:37:48,2.999,74.094,12.12,0.37325,71.095
11082,06/19/2026 11:47:48,2.987,74.084,12.51,0.37207,71.097
11083,06/19/2026 11:57:48,2.981,74.071,13.00,0.37146,71.090
11084,06/19/2026 12:07:48,2.992,74.081,13.48,0.37253,71.089
11085,06/19/2026 12:17:48,2.963,74.044,13.86,0.36966,71.081
11086,06/19/2026 12:27:48,2.967,74.036,14.34,0.37004,71.069
11087,06/19/2026 12:37:48,2.985,74.058,14.73,0.37189,71.073
11088,06/19/2026 12:47:48,2.983,74.067,15.11,0.37169,71.084
11089,06/19/2026 12:57:48,2.967,74.044,15.49,0.37009,71.077
11090,06/19/2026 13:07:48,2.956,74.027,15.97,0.36899,71.071
11091,06/19/2026 13:17:48,2.965,74.013,16.35,0.36993,71.048
11092,06/19/2026 13:27:48,2.962,74.008,16.73,0.36967,71.046
11093,06/19/2026 13:37:48,2.946,73.980,17.02,0.36806,71.034
11094,06/19/2026 13:47:48,2.934,73.970,17.30,0.36681,71.036
11095,06/19/2026 13:57:48,2.963,73.983,17.68,0.36986,71.020
11096,06/19/2026 14:07:48,2.947,73.964,17.97,0.36819,71.017
11097,06/19/2026 14:17:48,2.953,73.971,18.16,0.36883,71.018
11098,06/19/2026 14:27:48,2.971,73.975,18.45,0.37061,71.004
11099,06/19/2026 14:37:48,2.936,73.947,18.83,0.36718,71.011
11100,06/19/2026 14:47:48,2.941,73.951,19.11,0.36769,71.010
11101,06/19/2026 14:57:48,2.931,73.940,19.30,0.36665,71.009
11102,06/19/2026 15:07:48,2.924,73.921,19.59,0.36596,70.997
11103,06/19/2026 15:17:48,2.918,73.915,19.88,0.36542,70.997
11104,06/19/2026 15:27:48,2.930,73.921,19.97,0.36662,70.991
11105,06/19/2026 15:37:48,2.910,73.883,20.16,0.36452,70.973
11106,06/19/2026 15:47:48,2.905,73.885,20.35,0.36411,70.980
11107,06/19/2026 15:57:48,2.915,73.887,20.45,0.36503,70.972
11108,06/19/2026 16:07:48,2.888,73.857,20.64,0.36237,70.969
11109,06/19/2026 16:17:48,2.908,73.868,20.73,0.36435,70.960
11110,06/19/2026 16:27:48,2.888,73.851,20.83,0.36231,70.963
11111,06/19/2026 16:37:48,2.917,73.879,20.92,0.36535,70.962
11112,06/19/2026 16:47:48,2.911,73.857,20.92,0.36464,70.946
11113,06/19/2026 16:57:48,2.895,73.844,21.02,0.36310,70.949
11114,06/19/2026 17:07:48,2.900,73.835,21.02,0.36359,70.935
11115,06/19/2026 17:17:48,2.897,73.826,21.02,0.36331,70.929
11116,06/19/2026 17:27:48,2.864,73.794,21.02,0.35993,70.930
11117,06/19/2026 17:37:48,2.892,73.807,20.92,0.36274,70.915
11118,06/19/2026 17:47:48,2.889,73.807,20.92,0.36246,70.918
11119,06/19/2026 17:57:48,2.887,73.813,20.73,0.36223,70.926
11120,06/19/2026 18:07:48,2.905,73.826,20.64,0.36406,70.921
11121,06/19/2026 18:17:48,2.871,73.793,20.54,0.36053,70.922
11122,06/19/2026 18:27:48,2.877,73.808,20.35,0.36122,70.931
11123,06/19/2026 18:37:48,2.881,73.816,20.26,0.36164,70.935
11124,06/19/2026 18:47:48,2.882,73.824,20.16,0.36170,70.942
11125,06/19/2026 18:57:48,2.860,73.809,20.07,0.35944,70.949
11126,06/19/2026 19:07:48,2.864,73.826,19.97,0.35986,70.962
11127,06/19/2026 19:17:48,2.869,73.852,19.88,0.36034,70.983
11128,06/19/2026 19:27:48,2.856,73.849,19.68,0.35906,70.993
11129,06/19/2026 19:37:48,2.856,73.861,19.49,0.35898,71.005
11130,06/19/2026 19:47:48,2.835,73.854,19.30,0.35679,71.019
11131,06/19/2026 19:57:48,2.858,73.880,19.21,0.35918,71.022
11132,06/19/2026 20:07:48,2.843,73.877,19.02,0.35769,71.034
11133,06/19/2026 20:17:48,2.834,73.887,18.73,0.35675,71.053
11134,06/19/2026 20:27:48,2.845,73.903,18.54,0.35780,71.058
11135,06/19/2026 20:37:48,2.840,73.909,18.26,0.35729,71.069
11136,06/19/2026 20:47:48,2.838,73.915,18.07,0.35714,71.077
11137,06/19/2026 20:57:48,2.838,73.918,17.88,0.35706,71.080
11138,06/19/2026 21:07:48,2.856,73.942,17.68,0.35895,71.086
11139,06/19/2026 21:17:48,2.847,73.940,17.49,0.35802,71.093
11140,06/19/2026 21:27:48,2.835,73.939,17.40,0.35675,71.104
11141,06/19/2026 21:37:48,2.854,73.969,17.21,0.35864,71.115
11142,06/19/2026 21:47:48,2.863,73.980,17.02,0.35954,71.117
11143,06/19/2026 21:57:48,2.864,73.991,16.83,0.35967,71.127
11144,06/19/2026 22:07:48,2.882,74.007,16.64,0.36149,71.125
11145,06/19/2026 22:17:48,2.865,73.997,16.54,0.35973,71.132
11146,06/19/2026 22:27:48,2.880,74.013,16.35,0.36127,71.133
11147,06/19/2026 22:37:48,2.839,73.974,16.16,0.35710,71.135
11148,06/19/2026 22:47:48,2.865,73.995,15.97,0.35970,71.130
11149,06/19/2026 22:57:48,2.863,73.988,15.78,0.35955,71.125
11150,06/19/2026 23:07:48,2.861,73.992,15.68,0.35926,71.131
11151,06/19/2026 23:17:48,2.873,73.994,15.49,0.36052,71.121
11152,06/19/2026 23:27:48,2.885,74.001,15.30,0.36171,71.116
11153,06/19/2026 23:37:48,2.876,73.999,15.11,0.36078,71.123
11154,06/19/2026 23:47:48,2.868,73.978,14.92,0.36000,71.110
11155,06/19/2026 23:57:48,2.872,73.982,14.82,0.36035,71.110
11156,06/20/2026 00:07:48,2.877,73.983,14.53,0.36090,71.106
11157,06/20/2026 00:17:48,2.902,74.004,14.34,0.36342,71.102
11158,06/20/2026 00:27:48,2.891,73.988,14.15,0.36229,71.097
11159,06/20/2026 00:37:48,2.905,73.991,13.96,0.36369,71.086
11160,06/20/2026 00:47:48,2.915,73.998,13.77,0.36466,71.083
11161,06/20/2026 00:57:48,2.922,74.004,13.48,0.36542,71.082
11162,06/20/2026 01:07:48,2.915,73.993,13.28,0.36464,71.078
11163,06/20/2026 01:17:48,2.906,73.981,13.00,0.36372,71.075
11164,06/20/2026 01:27:48,2.918,73.997,12.80,0.36497,71.079
11165,06/20/2026 01:37:48,2.935,74.009,12.71,0.36673,71.074
11166,06/20/2026 01:47:48,2.930,73.998,12.51,0.36623,71.068
11167,06/20/2026 01:57:48,2.942,74.014,12.32,0.36749,71.072
11168,06/20/2026 02:07:48,2.941,74.012,12.12,0.36734,71.071
11169,06/20/2026 02:17:48,2.924,74.001,11.93,0.36564,71.077
11170,06/20/2026 02:27:48,2.944,74.018,11.74,0.36754,71.074
11171,06/20/2026 02:37:48,2.944,74.011,11.54,0.36760,71.067
11172,06/20/2026 02:47:48,2.930,73.991,11.35,0.36618,71.061
11173,06/20/2026 02:57:48,2.958,74.007,11.15,0.36906,71.049
11174,06/20/2026 03:07:48,2.946,74.002,11.05,0.36779,71.056
11175,06/20/2026 03:17:48,2.975,74.027,10.86,0.37074,71.052
11176,06/20/2026 03:27:48,2.960,74.012,10.66,0.36919,71.052
11177,06/20/2026 03:37:48,2.969,74.024,10.57,0.37017,71.055
11178,06/20/2026 03:47:48,2.974,74.032,10.37,0.37058,71.058
11179,06/20/2026 03:57:48,2.970,74.021,10.17,0.37016,71.051
11180,06/20/2026 04:07:48,2.972,74.020,10.08,0.37036,71.048
11181,06/20/2026 04:17:48,2.971,74.018,9.88,0.37029,71.047
11182,06/20/2026 04:27:48,2.975,74.008,9.78,0.37071,71.033
11183,06/20/2026 04:37:48,2.978,74.015,9.58,0.37105,71.037
11184,06/20/2026 04:47:48,2.992,74.028,9.48,0.37246,71.036
11185,06/20/2026 04:57:48,2.968,74.004,9.29,0.36992,71.036
11186,06/20/2026 05:07:48,2.977,74.025,9.19,0.37090,71.048
11187,06/20/2026 05:17:48,2.983,74.038,9.09,0.37153,71.055
11188,06/20/2026 05:27:48,2.978,74.032,8.89,0.37096,71.054
11189,06/20/2026 05:37:48,2.987,74.035,8.79,0.37194,71.048
11190,06/20/2026 05:47:48,2.984,74.039,8.69,0.37159,71.055
11191,06/20/2026 05:57:48,2.986,74.034,8.59,0.37173,71.048
11192,06/20/2026 06:07:48,2.970,74.028,8.49,0.37018,71.058
11193,06/20/2026 06:17:48,2.994,74.050,8.39,0.37264,71.056
11194,06/20/2026 06:27:48,2.974,74.040,8.29,0.37060,71.066
11195,06/20/2026 06:37:48,2.992,74.062,8.19,0.37242,71.070
11196,06/20/2026 06:47:48,2.991,74.057,8.09,0.37228,71.066
11197,06/20/2026 06:57:48,2.969,74.033,7.99,0.37003,71.064
11198,06/20/2026 07:07:48,2.994,74.059,7.89,0.37263,71.065
11199,06/20/2026 07:17:48,2.980,74.040,7.79,0.37122,71.060
11200,06/20/2026 07:27:48,2.984,74.045,7.79,0.37157,71.061
11201,06/20/2026 07:37:48,2.967,74.035,7.69,0.36981,71.068
11202,06/20/2026 07:47:48,2.980,74.045,7.79,0.37115,71.065
11203,06/20/2026 07:57:48,2.969,74.046,7.89,0.37002,71.077
11204,06/20/2026 08:07:48,2.964,74.041,7.89,0.36953,71.077
11205,06/20/2026 08:17:48,2.966,74.038,7.99,0.36967,71.072
11206,06/20/2026 08:27:48,2.967,74.034,8.09,0.36982,71.067
11207,06/20/2026 08:37:48,2.967,74.038,8.09,0.36989,71.071
11208,06/20/2026 08:47:48,2.961,74.021,8.19,0.36926,71.060
11209,06/20/2026 08:57:48,2.967,74.013,8.29,0.36982,71.046
11210,06/20/2026 09:07:48,2.966,74.010,8.49,0.36976,71.044
11211,06/20/2026 09:17:48,2.979,74.012,8.69,0.37110,71.033
11212,06/20/2026 09:27:48,2.975,74.008,8.79,0.37068,71.033
11213,06/20/2026 09:37:48,2.980,74.005,8.89,0.37117,71.025
11214,06/20/2026 09:47:48,2.983,74.002,9.09,0.37146,71.019
11215,06/20/2026 09:57:48,2.951,73.959,9.39,0.36823,71.008
11216,06/20/2026 10:07:48,2.975,73.973,9.88,0.37071,70.998
11217,06/20/2026 10:17:48,2.996,73.976,10.27,0.37290,70.980
11218,06/20/2026 10:27:48,2.998,73.961,10.57,0.37305,70.963
11219,06/20/2026 10:37:48,2.987,73.937,10.86,0.37194,70.950
11220,06/20/2026 10:47:48,2.996,73.936,11.25,0.37286,70.940
11221,06/20/2026 10:57:48,2.985,73.937,11.35,0.37174,70.952
11222,06/20/2026 11:07:48,2.981,73.928,11.35,0.37132,70.947
11223,06/20/2026 11:17:48,2.972,73.908,11.64,0.37042,70.936
11224,06/20/2026 11:27:48,3.025,73.952,11.93,0.37584,70.927
11225,06/20/2026 11:37:48,2.985,73.917,12.51,0.37179,70.932
11226,06/20/2026 11:47:48,2.982,73.882,13.09,0.37153,70.900
11227,06/20/2026 11:57:48,2.999,73.886,13.48,0.37323,70.887
11228,06/20/2026 12:07:48,2.995,73.867,13.86,0.37290,70.872
11229,06/20/2026 12:17:48,2.994,73.849,14.25,0.37278,70.855
11230,06/20/2026 12:27:48,2.978,73.811,14.53,0.37117,70.833
11231,06/20/2026 12:37:48,2.972,73.788,14.92,0.37063,70.816
11232,06/20/2026 12:47:48,2.981,73.806,15.30,0.37149,70.825
11233,06/20/2026 12:57:48,2.964,73.769,15.68,0.36982,70.805
11234,06/20/2026 13:07:48,2.978,73.783,16.06,0.37125,70.805
11235,06/20/2026 13:17:48,2.970,73.751,16.45,0.37043,70.781
11236,06/20/2026 13:27:48,2.962,73.733,16.45,0.36965,70.771
11237,06/20/2026 13:37:48,2.971,73.730,16.64,0.37065,70.759
11238,06/20/2026 13:47:48,2.969,73.737,16.83,0.37038,70.768
11239,06/20/2026 13:57:48,2.948,73.710,17.21,0.36828,70.762
11240,06/20/2026 14:07:48,2.955,73.702,17.68,0.36902,70.747
11241,06/20/2026 14:17:48,2.944,73.712,18.16,0.36792,70.768
11242,06/20/2026 14:27:48,2.935,73.720,18.45,0.36702,70.785
11243,06/20/2026 14:37:48,2.959,73.729,18.73,0.36943,70.770
11244,06/20/2026 14:47:48,2.963,73.745,18.92,0.36994,70.781
11245,06/20/2026 14:57:48,2.944,73.730,19.21,0.36798,70.786
11246,06/20/2026 15:07:48,2.945,73.737,19.40,0.36806,70.792
11247,06/20/2026 15:17:48,2.933,73.744,19.59,0.36688,70.811
11248,06/20/2026 15:27:48,2.943,73.742,19.78,0.36788,70.799
11249,06/20/2026 15:37:48,2.909,73.702,19.88,0.36443,70.793
11250,06/20/2026 15:47:48,2.920,73.708,19.97,0.36556,70.788
11251,06/20/2026 15:57:48,2.902,73.692,20.16,0.36374,70.790
11252,06/20/2026 16:07:48,2.889,73.688,20.16,0.36241,70.799
11253,06/20/2026 16:17:48,2.886,73.684,20.26,0.36213,70.798
11254,06/20/2026 16:27:48,2.899,73.671,20.26,0.36340,70.772
11255,06/20/2026 16:37:48,2.912,73.683,20.16,0.36480,70.771
11256,06/20/2026 16:47:48,2.898,73.670,20.16,0.36332,70.772
11257,06/20/2026 16:57:48,2.886,73.656,20.16,0.36212,70.770
11258,06/20/2026 17:07:48,2.879,73.642,20.16,0.36142,70.763
11259,06/20/2026 17:17:48,2.862,73.627,20.07,0.35972,70.765
11260,06/20/2026 17:27:48,2.875,73.649,19.97,0.36098,70.774
11261,06/20/2026 17:37:48,2.867,73.630,19.88,0.36013,70.763
11262,06/20/2026 17:47:48,2.855,73.633,19.78,0.35893,70.778
11263,06/20/2026 17:57:48,2.860,73.632,19.68,0.35942,70.772
11264,06/20/2026 18:07:48,2.848,73.611,19.49,0.35821,70.763
11265,06/20/2026 18:17:48,2.874,73.651,19.40,0.36081,70.777
11266,06/20/2026 18:27:48,2.834,73.612,19.21,0.35671,70.778
11267,06/20/2026 18:37:48,2.828,73.602,19.11,0.35607,70.774
11268,06/20/2026 18:47:48,2.819,73.595,18.92,0.35514,70.776
11269,06/20/2026 18:57:48,2.855,73.618,18.64,0.35886,70.763
11270,06/20/2026 19:07:48,2.833,73.612,18.45,0.35652,70.779
11271,06/20/2026 19:17:48,2.808,73.596,18.26,0.35398,70.788
11272,06/20/2026 19:27:48,2.836,73.630,18.07,0.35685,70.794
11273,06/20/2026 19:37:48,2.843,73.651,17.97,0.35762,70.808
11274,06/20/2026 19:47:48,2.808,73.612,17.78,0.35402,70.804
11275,06/20/2026 19:57:48,2.824,73.637,17.59,0.35563,70.813
11276,06/20/2026 20:07:48,2.817,73.617,17.40,0.35492,70.800
11277,06/20/2026 20:17:48,2.819,73.624,17.21,0.35505,70.805
11278,06/20/2026 20:27:48,2.814,73.622,17.02,0.35454,70.808
11279,06/20/2026 20:37:48,2.831,73.642,16.83,0.35629,70.811
11280,06/20/2026 20:47:48,2.849,73.657,16.54,0.35811,70.808
11281,06/20/2026 20:57:48,2.835,73.653,16.25,0.35676,70.818
11282,06/20/2026 21:07:48,2.840,73.674,16.06,0.35717,70.834
11283,06/20/2026 21:17:48,2.837,73.671,15.78,0.35680,70.834
11284,06/20/2026 21:27:48,2.850,73.687,15.59,0.35813,70.837
11285,06/20/2026 21:37:48,2.836,73.688,15.30,0.35671,70.852
11286,06/20/2026 21:47:48,2.865,73.713,15.11,0.35966,70.848
11287,06/20/2026 21:57:48,2.868,73.723,14.82,0.36000,70.855
11288,06/20/2026 22:07:48,2.871,73.730,14.63,0.36034,70.859
11289,06/20/2026 22:17:48,2.859,73.723,14.34,0.35899,70.864
11290,06/20/2026 22:27:48,2.868,73.730,14.15,0.35989,70.862
11291,06/20/2026 22:37:48,2.854,73.718,13.86,0.35847,70.864
11292,06/20/2026 22:47:48,2.894,73.752,13.67,0.36255,70.858
11293,06/20/2026 22:57:48,2.857,73.708,13.38,0.35881,70.851
11294,06/20/2026 23:07:48,2.870,73.711,13.19,0.36006,70.841
11295,06/20/2026 23:17:48,2.901,73.736,13.00,0.36322,70.835
11296,06/20/2026 23:27:48,2.873,73.702,12.80,0.36040,70.829
11297,06/20/2026 23:37:48,2.865,73.700,12.61,0.35955,70.835
11298,06/20/2026 23:47:48,2.878,73.706,12.32,0.36087,70.828
11299,06/20/2026 23:57:48,2.872,73.700,12.12,0.36023,70.828
11300,06/21/2026 00:07:48,2.888,73.715,11.83,0.36191,70.827
11301,06/21/2026 00:17:48,2.883,73.704,11.64,0.36134,70.821
11302,06/21/2026 00:27:48,2.883,73.702,11.44,0.36140,70.819
11303,06/21/2026 00:37:48,2.900,73.714,11.25,0.36309,70.814
11304,06/21/2026 00:47:48,2.900,73.703,11.05,0.36308,70.803
11305,06/21/2026 00:57:48,2.917,73.714,10.76,0.36476,70.797
11306,06/21/2026 01:07:48,2.912,73.721,10.57,0.36426,70.809
11307,06/21/2026 01:17:48,2.921,73.737,10.37,0.36524,70.816
11308,06/21/2026 01:27:48,2.911,73.726,10.17,0.36418,70.815
11309,06/21/2026 01:37:48,2.922,73.738,9.98,0.36530,70.816
11310,06/21/2026 01:47:48,2.928,73.745,9.78,0.36592,70.817
11311,06/21/2026 01:57:48,2.927,73.743,9.48,0.36577,70.816
11312,06/21/2026 02:07:48,2.909,73.718,9.29,0.36394,70.809
11313,06/21/2026 02:17:48,2.939,73.748,9.09,0.36703,70.809
11314,06/21/2026 02:27:48,2.917,73.724,8.89,0.36470,70.807
11315,06/21/2026 02:37:48,2.943,73.749,8.69,0.36744,70.806
11316,06/21/2026 02:47:48,2.926,73.725,8.49,0.36568,70.799
11317,06/21/2026 02:57:48,2.947,73.742,8.39,0.36778,70.795
11318,06/21/2026 03:07:48,2.946,73.736,8.19,0.36771,70.790
11319,06/21/2026 03:17:48,2.931,73.716,7.99,0.36616,70.785
11320,06/21/2026 03:27:48,2.948,73.737,7.79,0.36791,70.789
11321,06/21/2026 03:37:48,2.954,73.741,7.69,0.36847,70.787
11322,06/21/2026 03:47:48,2.943,73.725,7.49,0.36741,70.782
11323,06/21/2026 03:57:48,2.937,73.719,7.29,0.36678,70.782
11324,06/21/2026 04:07:48,2.938,73.718,7.19,0.36692,70.780
11325,06/21/2026 04:17:48,2.950,73.730,6.99,0.36811,70.780
11326,06/21/2026 04:27:48,2.958,73.751,6.79,0.36895,70.793
11327,06/21/2026 04:37:48,2.947,73.742,6.68,0.36775,70.795
11328,06/21/2026 04:47:48,2.931,73.731,6.48,0.36613,70.800
11329,06/21/2026 04:57:48,2.954,73.748,6.38,0.36852,70.794
11330,06/21/2026 05:07:48,2.964,73.761,6.28,0.36950,70.797
11331,06/21/2026 05:17:48,2.969,73.768,6.07,0.37006,70.799
11332,06/21/2026 05:27:48,2.984,73.781,5.97,0.37154,70.797
11333,06/21/2026 05:37:48,2.972,73.767,5.87,0.37027,70.795
11334,06/21/2026 05:47:48,2.989,73.779,5.67,0.37202,70.790
11335,06/21/2026 05:57:48,2.979,73.769,5.56,0.37104,70.790
11336,06/21/2026 06:07:48,2.990,73.786,5.46,0.37216,70.796
11337,06/21/2026 06:17:48,2.987,73.795,5.36,0.37181,70.808
11338,06/21/2026 06:27:48,2.994,73.808,5.25,0.37251,70.814
11339,06/21/2026 06:37:48,2.992,73.816,5.15,0.37230,70.824
11340,06/21/2026 06:47:48,2.991,73.824,5.05,0.37223,70.833
11341,06/21/2026 06:57:48,2.990,73.823,4.94,0.37216,70.833
11342,06/21/2026 07:07:48,3.009,73.841,4.94,0.37413,70.832
11343,06/21/2026 07:17:48,2.982,73.814,4.84,0.37124,70.832
11344,06/21/2026 07:27:48,3.005,73.832,4.84,0.37363,70.827
11345,06/21/2026 07:37:48,2.990,73.813,4.74,0.37208,70.823
11346,06/21/2026 07:47:48,3.002,73.826,4.74,0.37342,70.824
11347,06/21/2026 07:57:48,3.001,73.832,4.84,0.37321,70.831
11348,06/21/2026 08:07:48,2.965,73.805,4.94,0.36963,70.840
11349,06/21/2026 08:17:48,2.990,73.838,5.15,0.37216,70.848
11350,06/21/2026 08:27:48,2.966,73.821,5.25,0.36970,70.855
11351,06/21/2026 08:37:48,2.969,73.832,5.56,0.37005,70.863
11352,06/21/2026 08:47:48,2.971,73.825,5.77,0.37020,70.854
11353,06/21/2026 08:57:48,2.954,73.808,5.97,0.36851,70.854
11354,06/21/2026 09:07:48,2.945,73.788,6.28,0.36760,70.843
11355,06/21/2026 09:17:48,2.955,73.799,6.48,0.36859,70.844
11356,06/21/2026 09:27:48,2.954,73.788,6.79,0.36845,70.834
11357,06/21/2026 09:37:48,2.962,73.789,6.99,0.36930,70.827
11358,06/21/2026 09:47:48,2.963,73.784,7.39,0.36938,70.821
11359,06/21/2026 09:57:48,2.975,73.791,7.69,0.37058,70.816
11360,06/21/2026 10:07:48,2.979,73.788,7.89,0.37101,70.809
11361,06/21/2026 10:17:48,2.992,73.796,8.29,0.37235,70.804
11362,06/21/2026 10:27:48,2.973,73.776,8.59,0.37039,70.803
11363,06/21/2026 10:37:48,2.968,73.785,8.69,0.36997,70.817
11364,06/21/2026 10:47:48,2.979,73.793,9.09,0.37111,70.814
11365,06/21/2026 10:57:48,2.991,73.812,9.19,0.37238,70.821
11366,06/21/2026 11:07:48,2.973,73.793,9.58,0.37056,70.820
11367,06/21/2026 11:17:48,2.965,73.789,10.08,0.36966,70.824
11368,06/21/2026 11:27:48,2.996,73.837,10.37,0.37283,70.841
11369,06/21/2026 11:37:48,2.981,73.818,10.76,0.37130,70.837
11370,06/21/2026 11:47:48,2.982,73.819,10.86,0.37144,70.837
11371,06/21/2026 11:57:48,2.975,73.821,11.05,0.37068,70.846
11372,06/21/2026 12:07:48,2.952,73.797,11.44,0.36844,70.845
11373,06/21/2026 12:17:48,2.962,73.824,11.83,0.36944,70.862
11374,06/21/2026 12:27:48,2.957,73.820,12.32,0.36889,70.863
11375,06/21/2026 12:37:48,2.956,73.804,12.61,0.36891,70.848
11376,06/21/2026 12:47:48,2.936,73.782,12.61,0.36680,70.846
11377,06/21/2026 12:57:48,2.964,73.824,12.80,0.36976,70.860
11378,06/21/2026 13:07:48,2.944,73.781,13.38,0.36760,70.837
11379,06/21/2026 13:17:48,2.966,73.801,14.05,0.36995,70.835
11380,06/21/2026 13:27:48,2.954,73.809,14.34,0.36870,70.855
11381,06/21/2026 13:37:48,2.949,73.801,14.82,0.36823,70.852
11382,06/21/2026 13:47:48,2.936,73.797,14.92,0.36690,70.861
11383,06/21/2026 13:57:48,2.945,73.796,15.20,0.36783,70.851
11384,06/21/2026 14:07:48,2.952,73.786,15.59,0.36862,70.834
11385,06/21/2026 14:17:48,2.941,73.792,16.06,0.36745,70.851
11386,06/21/2026 14:27:48,2.939,73.811,16.16,0.36731,70.872
11387,06/21/2026 14:37:48,2.941,73.806,16.54,0.36754,70.865
11388,06/21/2026 14:47:48,2.914,73.760,16.83,0.36474,70.846
11389,06/21/2026 14:57:48,2.921,73.778,17.21,0.36554,70.857
11390,06/21/2026 15:07:48,2.893,73.768,17.49,0.36267,70.875
11391,06/21/2026 15:17:48,2.911,73.790,17.49,0.36457,70.879
11392,06/21/2026 15:27:48,2.903,73.761,17.68,0.36373,70.858
11393,06/21/2026 15:37:48,2.903,73.755,17.97,0.36375,70.852
11394,06/21/2026 15:47:48,2.911,73.777,18.26,0.36454,70.866
11395,06/21/2026 15:57:48,2.892,73.766,18.45,0.36258,70.874
11396,06/21/2026 16:07:48,2.898,73.763,18.26,0.36327,70.865
11397,06/21/2026 16:17:48,2.888,73.746,17.97,0.36220,70.858
11398,06/21/2026 16:27:48,2.880,73.744,17.78,0.36135,70.864
11399,06/21/2026 16:37:48,2.886,73.738,18.07,0.36200,70.852
11400,06/21/2026 16:47:48,2.882,73.730,18.45,0.36153,70.848
11401,06/21/2026 16:57:48,2.872,73.726,18.54,0.36062,70.854
11402,06/21/2026 17:07:48,2.876,73.741,18.64,0.36097,70.865
11403,06/21/2026 17:17:48,2.891,73.755,18.64,0.36245,70.864
11404,06/21/2026 17:27:48,2.889,73.740,18.54,0.36231,70.851
11405,06/21/2026 17:37:48,2.874,73.736,18.64,0.36083,70.862
11406,06/21/2026 17:47:48,2.875,73.736,18.64,0.36090,70.861
11407,06/21/2026 17:57:48,2.857,73.706,18.73,0.35901,70.849
11408,06/21/2026 18:07:48,2.852,73.717,18.54,0.35857,70.865
11409,06/21/2026 18:17:48,2.851,73.711,18.45,0.35850,70.860
11410,06/21/2026 18:27:48,2.860,73.715,18.35,0.35934,70.855
11411,06/21/2026 18:37:48,2.856,73.727,18.26,0.35898,70.871
11412,06/21/2026 18:47:48,2.850,73.731,18.16,0.35827,70.881
11413,06/21/2026 18:57:48,2.883,73.775,18.07,0.36164,70.892
11414,06/21/2026 19:07:48,2.844,73.750,17.88,0.35762,70.906
11415,06/21/2026 19:17:48,2.856,73.770,17.68,0.35888,70.914
11416,06/21/2026 19:27:48,2.849,73.778,17.59,0.35817,70.929
11417,06/21/2026 19:37:48,2.857,73.798,17.40,0.35900,70.941
11418,06/21/2026 19:47:48,2.835,73.779,17.30,0.35674,70.944
11419,06/21/2026 19:57:48,2.841,73.795,17.11,0.35737,70.954
11420,06/21/2026 20:07:48,2.871,73.835,17.02,0.36039,70.964
11421,06/21/2026 20:17:48,2.847,73.814,16.83,0.35798,70.967
11422,06/21/2026 20:27:48,2.853,73.829,16.54,0.35853,70.976
11423,06/21/2026 20:37:48,2.869,73.850,16.35,0.36014,70.981
11424,06/21/2026 20:47:48,2.874,73.861,16.16,0.36062,70.987
11425,06/21/2026 20:57:48,2.870,73.862,15.87,0.36026,70.992
11426,06/21/2026 21:07:48,2.861,73.856,15.68,0.35926,70.995
11427,06/21/2026 21:17:48,2.855,73.853,15.49,0.35869,70.998
11428,06/21/2026 21:27:48,2.880,73.882,15.20,0.36121,71.002
11429,06/21/2026 21:37:48,2.882,73.889,15.01,0.36141,71.007
11430,06/21/2026 21:47:48,2.866,73.887,14.82,0.35971,71.021
11431,06/21/2026 21:57:48,2.872,73.894,14.63,0.36034,71.022
11432,06/21/2026 22:07:48,2.883,73.910,14.44,0.36146,71.027
11433,06/21/2026 22:17:48,2.874,73.907,14.15,0.36053,71.033
11434,06/21/2026 22:27:48,2.877,73.909,13.96,0.36087,71.032
11435,06/21/2026 22:37:48,2.904,73.939,13.77,0.36361,71.035
11436,06/21/2026 22:47:48,2.893,73.932,13.57,0.36247,71.039
11437,06/21/2026 22:57:48,2.874,73.907,13.38,0.36049,71.034
11438,06/21/2026 23:07:48,2.879,73.910,13.19,0.36105,71.031
11439,06/21/2026 23:17:48,2.879,73.912,12.90,0.36097,71.033
11440,06/21/2026 23:27:48,2.893,73.928,12.71,0.36244,71.035
11441,06/21/2026 23:37:48,2.915,73.953,12.51,0.36468,71.038
11442,06/21/2026 23:47:48,2.902,73.942,12.32,0.36334,71.040
11443,06/21/2026 23:57:48,2.914,73.958,12.12,0.36460,71.044
11444,06/22/2026 00:07:48,2.921,73.974,11.93,0.36529,71.053
11445,06/22/2026 00:17:48,2.923,73.981,11.74,0.36550,71.058
11446,06/22/2026 00:27:48,2.928,73.983,11.44,0.36598,71.055
11447,06/22/2026 00:37:48,2.915,73.968,11.25,0.36456,71.053
11448,06/22/2026 00:47:48,2.913,73.970,11.05,0.36442,71.057
11449,06/22/2026 00:57:48,2.910,73.977,10.86,0.36413,71.067
11450,06/22/2026 01:07:48,2.925,73.994,10.66,0.36560,71.069
11451,06/22/2026 01:17:48,2.925,73.983,10.47,0.36559,71.058
11452,06/22/2026 01:27:48,2.950,74.007,10.17,0.36819,71.057
11453,06/22/2026 01:37:48,2.928,73.984,10.08,0.36586,71.056
11454,06/22/2026 01:47:48,2.944,73.995,9.88,0.36761,71.051
11455,06/22/2026 01:57:48,2.937,73.994,9.68,0.36676,71.057
11456,06/22/2026 02:07:48,2.947,73.992,9.48,0.36781,71.045
11457,06/22/2026 02:17:48,2.926,73.972,9.29,0.36570,71.046
11458,06/22/2026 02:27:48,2.931,73.975,9.09,0.36618,71.044
11459,06/22/2026 02:37:48,2.941,73.982,8.89,0.36723,71.041
11460,06/22/2026 02:47:48,2.923,73.967,8.69,0.36533,71.044
11461,06/22/2026 02:57:48,2.927,73.975,8.59,0.36575,71.048
11462,06/22/2026 03:07:48,2.938,73.987,8.39,0.36687,71.049
11463,06/22/2026 03:17:48,2.956,74.003,8.19,0.36869,71.047
11464,06/22/2026 03:27:48,2.960,74.007,8.09,0.36911,71.047
11465,06/22/2026 03:37:48,2.961,74.010,7.89,0.36918,71.049
11466,06/22/2026 03:47:48,2.933,73.985,7.69,0.36636,71.052
11467,06/22/2026 03:57:48,2.960,74.012,7.59,0.36910,71.052
11468,06/22/2026 04:07:48,2.956,74.010,7.39,0.36868,71.054
11469,06/22/2026 04:17:48,2.959,74.018,7.29,0.36903,71.059
11470,06/22/2026 04:27:48,2.976,74.044,7.09,0.37071,71.068
11471,06/22/2026 04:37:48,2.964,74.038,6.99,0.36951,71.074
11472,06/22/2026 04:47:48,2.978,74.059,6.79,0.37099,71.081
11473,06/22/2026 04:57:48,2.977,74.063,6.68,0.37084,71.086
11474,06/22/2026 05:07:48,2.957,74.044,6.58,0.36880,71.087
11475,06/22/2026 05:17:48,2.969,74.061,6.38,0.37000,71.092
11476,06/22/2026 05:27:48,2.971,74.073,6.28,0.37027,71.102
11477,06/22/2026 05:37:48,3.005,74.104,6.18,0.37372,71.099
11478,06/22/2026 05:47:48,2.978,74.076,6.07,0.37098,71.098
11479,06/22/2026 05:57:48,2.996,74.103,5.97,0.37273,71.107
11480,06/22/2026 06:07:48,2.979,74.088,5.87,0.37104,71.109
11481,06/22/2026 06:17:48,2.990,74.110,5.77,0.37217,71.120
11482,06/22/2026 06:27:48,2.999,74.123,5.67,0.37308,71.124
11483,06/22/2026 06:37:48,3.000,74.136,5.56,0.37315,71.136
11484,06/22/2026 06:47:48,2.971,74.117,5.46,0.37019,71.146
11485,06/22/2026 06:57:48,2.999,74.158,5.46,0.37301,71.159
11486,06/22/2026 07:07:48,2.995,74.166,5.36,0.37265,71.171
11487,06/22/2026 07:17:48,2.985,74.166,5.36,0.37160,71.181
11488,06/22/2026 07:27:48,2.992,74.165,5.25,0.37237,71.173
11489,06/22/2026 07:37:48,2.999,74.170,5.25,0.37300,71.171
11490,06/22/2026 07:47:48,2.999,74.174,5.25,0.37307,71.175
11491,06/22/2026 07:57:48,2.985,74.175,5.36,0.37160,71.190
11492,06/22/2026 08:07:48,2.966,74.167,5.46,0.36963,71.201
11493,06/22/2026 08:17:48,2.944,74.158,5.56,0.36752,71.214
11494,06/22/2026 08:27:48,2.968,74.192,5.77,0.36985,71.224
11495,06/22/2026 08:37:48,2.979,74.207,5.97,0.37097,71.228
11496,06/22/2026 08:47:48,2.960,74.182,6.28,0.36908,71.222
11497,06/22/2026 08:57:48,2.962,74.184,6.48,0.36929,71.222
11498,06/22/2026 09:07:48,2.966,74.185,6.68,0.36972,71.219
11499,06/22/2026 09:17:48,2.975,74.188,6.99,0.37064,71.213
11500,06/22/2026 09:27:48,2.969,74.180,7.19,0.37008,71.211
11501,06/22/2026 09:37:48,2.960,74.169,7.49,0.36917,71.209
11502,06/22/2026 09:47:48,2.975,74.172,7.79,0.37065,71.197
11503,06/22/2026 09:57:48,2.980,74.174,8.09,0.37122,71.194
11504,06/22/2026 10:07:48,2.956,74.136,8.39,0.36877,71.180
11505,06/22/2026 10:17:48,2.972,74.156,8.59,0.37039,71.184
11506,06/22/2026 10:27:48,2.970,74.149,8.79,0.37012,71.179
11507,06/22/2026 10:37:48,2.955,74.141,8.89,0.36857,71.186
11508,06/22/2026 10:47:48,2.982,74.173,8.99,0.37139,71.191
11509,06/22/2026 10:57:48,2.964,74.164,8.99,0.36956,71.200
11510,06/22/2026 11:07:48,2.979,74.196,8.99,0.37103,71.217
11511,06/22/2026 11:17:48,2.978,74.188,9.09,0.37097,71.210
11512,06/22/2026 11:27:48,2.954,74.159,9.39,0.36851,71.205
11513,06/22/2026 11:37:48,2.957,74.198,9.78,0.36888,71.241
11514,06/22/2026 11:47:48,2.983,74.212,10.27,0.37156,71.229
11515,06/22/2026 11:57:48,2.977,74.204,10.86,0.37095,71.227
11516,06/22/2026 12:07:48,2.994,74.211,11.15,0.37272,71.217
11517,06/22/2026 12:17:48,2.969,74.177,11.35,0.37012,71.208
11518,06/22/2026 12:27:48,2.980,74.191,11.35,0.37125,71.211
11519,06/22/2026 12:37:48,2.965,74.187,11.44,0.36971,71.222
11520,06/22/2026 12:47:48,2.982,74.203,11.64,0.37140,71.221
11521,06/22/2026 12:57:48,2.975,74.185,11.74,0.37077,71.210
11522,06/22/2026 13:07:48,2.955,74.178,11.93,0.36874,71.223
11523,06/22/2026 13:17:48,2.978,74.190,12.22,0.37114,71.212
11524,06/22/2026 13:27:48,2.972,74.183,12.80,0.37046,71.211
11525,06/22/2026 13:37:48,2.982,74.188,13.28,0.37147,71.206
11526,06/22/2026 13:47:48,2.959,74.165,13.77,0.36924,71.206
11527,06/22/2026 13:57:48,2.959,74.168,13.96,0.36917,71.209
11528,06/22/2026 14:07:48,2.972,74.170,14.15,0.37052,71.198
11529,06/22/2026 14:17:48,2.951,74.158,14.34,0.36842,71.207
11530,06/22/2026 14:27:48,2.961,74.156,14.53,0.36941,71.195
11531,06/22/2026 14:37:48,2.967,74.150,14.82,0.37006,71.183
11532,06/22/2026 14:47:48,2.952,74.138,15.40,0.36861,71.186
11533,06/22/2026 14:57:48,2.950,74.129,15.78,0.36835,71.179
11534,06/22/2026 15:07:48,2.967,74.151,16.16,0.37020,71.184
11535,06/22/2026 15:17:48,2.954,74.135,16.35,0.36887,71.181
11536,06/22/2026 15:27:48,2.929,74.118,16.45,0.36634,71.189
11537,06/22/2026 15:37:48,2.933,74.097,16.54,0.36670,71.164
11538,06/22/2026 15:47:48,2.927,74.102,16.64,0.36614,71.175
11539,06/22/2026 15:57:48,2.920,74.076,16.73,0.36537,71.156
11540,06/22/2026 16:07:48,2.931,74.092,16.92,0.36651,71.161
11541,06/22/2026 16:17:48,2.918,74.077,17.21,0.36526,71.159
11542,06/22/2026 16:27:48,2.904,74.075,17.40,0.36379,71.171
11543,06/22/2026 16:37:48,2.915,74.090,17.49,0.36492,71.175
11544,06/22/2026 16:47:48,2.912,74.082,17.59,0.36457,71.170
11545,06/22/2026 16:57:48,2.907,74.097,17.68,0.36409,71.190
11546,06/22/2026 17:07:48,2.908,74.088,17.68,0.36416,71.180
11547,06/22/2026 17:17:48,2.877,74.039,17.78,0.36106,71.162
11548,06/22/2026 17:27:48,2.904,74.080,17.78,0.36381,71.176
11549,06/22/2026 17:37:48,2.886,74.067,17.88,0.36198,71.181
11550,06/22/2026 17:47:48,2.888,74.062,17.78,0.36212,71.174
11551,06/22/2026 17:57:48,2.860,74.034,17.78,0.35937,71.174
11552,06/22/2026 18:07:48,2.873,74.039,17.78,0.36064,71.166
11553,06/22/2026 18:17:48,2.853,74.038,17.68,0.35859,71.185
11554,06/22/2026 18:27:48,2.861,74.045,17.49,0.35936,71.184
11555,06/22/2026 18:37:48,2.879,74.067,17.49,0.36126,71.188
11556,06/22/2026 18:47:48,2.875,74.062,17.40,0.36076,71.187
11557,06/22/2026 18:57:48,2.889,74.083,17.30,0.36223,71.194
11558,06/22/2026 19:07:48,2.851,74.055,17.21,0.35836,71.204
11559,06/22/2026 19:17:48,2.855,74.071,17.02,0.35870,71.216
11560,06/22/2026 19:27:48,2.856,74.079,16.92,0.35883,71.223
11561,06/22/2026 19:37:48,2.854,74.081,16.73,0.35861,71.227
11562,06/22/2026 19:47:48,2.835,74.075,16.64,0.35671,71.240
11563,06/22/2026 19:57:48,2.838,74.073,16.45,0.35698,71.235
11564,06/22/2026 20:07:48,2.834,74.072,16.35,0.35655,71.238
11565,06/22/2026 20:17:48,2.857,74.097,16.16,0.35886,71.240
11566,06/22/2026 20:27:48,2.868,74.108,15.97,0.36005,71.240
11567,06/22/2026 20:37:48,2.855,74.097,15.78,0.35870,71.242
11568,06/22/2026 20:47:48,2.862,74.108,15.59,0.35947,71.246
11569,06/22/2026 20:57:48,2.858,74.106,15.40,0.35904,71.248
11570,06/22/2026 21:07:48,2.864,74.127,15.20,0.35959,71.263
11571,06/22/2026 21:17:48,2.871,74.151,14.92,0.36028,71.280
11572,06/22/2026 21:27:48,2.871,74.158,14.73,0.36027,71.287
11573,06/22/2026 21:37:48,2.868,74.160,14.53,0.35998,71.292
11574,06/22/2026 21:47:48,2.873,74.190,14.34,0.36047,71.317
11575,06/22/2026 21:57:48,2.872,74.197,14.15,0.36032,71.325
11576,06/22/2026 22:07:48,2.876,74.213,13.96,0.36073,71.337
11577,06/22/2026 22:17:48,2.881,74.229,13.77,0.36121,71.348
11578,06/22/2026 22:27:48,2.891,74.244,13.48,0.36226,71.353
11579,06/22/2026 22:37:48,2.894,74.256,13.28,0.36253,71.362
11580,06/22/2026 22:47:48,2.891,74.258,13.09,0.36224,71.367
11581,06/22/2026 22:57:48,2.873,74.247,12.90,0.36040,71.374
11582,06/22/2026 23:07:48,2.887,74.250,12.71,0.36180,71.363
11583,06/22/2026 23:17:48,2.886,74.257,12.51,0.36166,71.371
11584,06/22/2026 23:27:48,2.893,74.268,12.32,0.36242,71.375
11585,06/22/2026 23:37:48,2.878,74.262,12.12,0.36087,71.384
11586,06/22/2026 23:47:48,2.880,74.263,11.83,0.36114,71.383
11587,06/22/2026 23:57:48,2.890,74.266,11.64,0.36211,71.376
11588,06/23/2026 00:07:48,2.879,74.260,11.44,0.36091,71.381
11589,06/23/2026 00:17:48,2.902,74.276,11.25,0.36330,71.374
11590,06/23/2026 00:27:48,2.892,74.278,11.05,0.36231,71.386
11591,06/23/2026 00:37:48,2.883,74.267,10.86,0.36138,71.384
11592,06/23/2026 00:47:48,2.909,74.288,10.66,0.36398,71.379
11593,06/23/2026 00:57:48,2.909,74.286,10.47,0.36404,71.377
11594,06/23/2026 01:07:48,2.894,74.266,10.27,0.36249,71.372
11595,06/23/2026 01:17:48,2.905,74.278,10.08,0.36361,71.373
11596,06/23/2026 01:27:48,2.899,74.271,9.78,0.36290,71.372
11597,06/23/2026 01:37:48,2.915,74.283,9.58,0.36451,71.368
11598,06/23/2026 01:47:48,2.915,74.285,9.39,0.36458,71.370
11599,06/23/2026 01:57:48,2.908,74.279,9.19,0.36387,71.371
11600,06/23/2026 02:07:48,2.925,74.291,8.99,0.36555,71.366
11601,06/23/2026 02:17:48,2.921,74.289,8.79,0.36519,71.368
11602,06/23/2026 02:27:48,2.931,74.292,8.59,0.36617,71.361
11603,06/23/2026 02:37:48,2.914,74.281,8.39,0.36448,71.367
11604,06/23/2026 02:47:48,2.918,74.279,8.19,0.36490,71.361
11605,06/23/2026 02:57:48,2.934,74.297,8.09,0.36644,71.363
11606,06/23/2026 03:07:48,2.948,74.309,7.89,0.36784,71.361
11607,06/23/2026 03:17:48,2.940,74.298,7.69,0.36707,71.358
11608,06/23/2026 03:27:48,2.936,74.296,7.49,0.36664,71.360
11609,06/23/2026 03:37:48,2.938,74.304,7.29,0.36692,71.365
11610,06/23/2026 03:47:48,2.930,74.307,7.19,0.36607,71.377
11611,06/23/2026 03:57:48,2.939,74.324,6.99,0.36691,71.385
11612,06/23/2026 04:07:48,2.940,74.331,6.79,0.36705,71.391
11613,06/23/2026 04:17:48,2.961,74.353,6.68,0.36916,71.392
11614,06/23/2026 04:27:48,2.948,74.351,6.48,0.36789,71.403
11615,06/23/2026 04:37:48,2.951,74.364,6.38,0.36817,71.413
11616,06/23/2026 04:47:48,2.950,74.367,6.18,0.36809,71.417
11617,06/23/2026 04:57:48,2.950,74.371,6.07,0.36802,71.421
11618,06/23/2026 05:07:48,2.956,74.396,5.87,0.36872,71.440
11619,06/23/2026 05:17:48,2.973,74.414,5.77,0.37034,71.441
11620,06/23/2026 05:27:48,2.973,74.413,5.67,0.37041,71.440
11621,06/23/2026 05:37:48,2.978,74.420,5.46,0.37097,71.442
11622,06/23/2026 05:47:48,2.957,74.406,5.36,0.36879,71.449
11623,06/23/2026 05:57:48,2.966,74.419,5.25,0.36963,71.453
11624,06/23/2026 06:07:48,2.968,74.432,5.15,0.36984,71.464
11625,06/23/2026 06:17:48,2.987,74.458,5.05,0.37181,71.471
11626,06/23/2026 06:27:48,2.995,74.475,4.94,0.37265,71.480
11627,06/23/2026 06:37:48,2.983,74.470,4.84,0.37138,71.487
11628,06/23/2026 06:47:48,2.978,74.474,4.74,0.37089,71.496
11629,06/23/2026 06:57:48,2.975,74.473,4.63,0.37061,71.498
11630,06/23/2026 07:07:48,2.985,74.482,4.63,0.37159,71.497
11631,06/23/2026 07:17:48,2.988,74.490,4.53,0.37194,71.502
11632,06/23/2026 07:27:48,2.984,74.495,4.53,0.37152,71.511
11633,06/23/2026 07:37:48,2.974,74.486,4.53,0.37047,71.512
11634,06/23/2026 07:47:48,2.970,74.486,4.53,0.37004,71.516
11635,06/23/2026 07:57:48,2.977,74.505,4.63,0.37075,71.528
11636,06/23/2026 08:07:48,2.984,74.524,4.74,0.37145,71.540
11637,06/23/2026 08:17:48,2.954,74.502,4.84,0.36843,71.548
11638,06/23/2026 08:27:48,2.956,74.511,4.94,0.36871,71.555
11639,06/23/2026 08:37:48,2.968,74.531,5.15,0.36991,71.563
11640,06/23/2026 08:47:48,2.967,74.533,5.36,0.36977,71.566
11641,06/23/2026 08:57:48,2.953,74.525,5.56,0.36837,71.572
11642,06/23/2026 09:07:48,2.963,74.536,5.77,0.36935,71.573
11643,06/23/2026 09:17:48,2.961,74.537,5.97,0.36922,71.576
11644,06/23/2026 09:27:48,2.966,74.534,6.07,0.36964,71.568
11645,06/23/2026 09:37:48,2.947,74.513,6.28,0.36774,71.566
11646,06/23/2026 09:47:48,2.971,74.537,6.48,0.37021,71.566
11647,06/23/2026 09:57:48,2.936,74.499,6.79,0.36663,71.563
11648,06/23/2026 10:07:48,2.957,74.518,6.99,0.36881,71.561
11649,06/23/2026 10:17:48,2.965,74.519,7.09,0.36966,71.554
11650,06/23/2026 10:27:48,2.968,74.520,7.19,0.36994,71.552
11651,06/23/2026 10:37:48,2.934,74.478,7.59,0.36650,71.544
11652,06/23/2026 10:47:48,2.967,74.500,7.99,0.36981,71.533
11653,06/23/2026 10:57:48,2.971,74.503,8.39,0.37025,71.532
11654,06/23/2026 11:07:48,2.964,74.489,8.89,0.36956,71.525
11655,06/23/2026 11:17:48,2.951,74.470,9.29,0.36823,71.519
11656,06/23/2026 11:27:48,2.943,74.460,9.68,0.36747,71.517
11657,06/23/2026 11:37:48,2.966,74.496,10.08,0.36973,71.530
11658,06/23/2026 11:47:48,2.963,74.477,10.47,0.36946,71.514
11659,06/23/2026 11:57:48,2.968,74.481,10.96,0.37004,71.513
11660,06/23/2026 12:07:48,2.945,74.463,11.35,0.36766,71.518
11661,06/23/2026 12:17:48,2.977,74.485,11.83,0.37099,71.508
11662,06/23/2026 12:27:48,2.956,74.459,12.32,0.36882,71.503
11663,06/23/2026 12:37:48,2.951,74.467,12.71,0.36835,71.516
11664,06/23/2026 12:47:48,2.941,74.436,13.19,0.36731,71.495
11665,06/23/2026 12:57:48,2.952,74.431,13.57,0.36845,71.479
11666,06/23/2026 13:07:48,2.953,74.441,14.05,0.36855,71.488
11667,06/23/2026 13:17:48,2.959,74.427,14.44,0.36920,71.468
11668,06/23/2026 13:27:48,2.951,74.417,14.82,0.36844,71.466
11669,06/23/2026 13:37:48,2.941,74.408,15.20,0.36740,71.467
11670,06/23/2026 13:47:48,2.952,74.408,15.59,0.36855,71.456
11671,06/23/2026 13:57:48,2.920,74.349,15.97,0.36533,71.429
11672,06/23/2026 14:07:48,2.922,74.358,16.35,0.36549,71.436
11673,06/23/2026 14:17:48,2.907,74.329,16.64,0.36410,71.422
11674,06/23/2026 14:27:48,2.935,74.375,17.02,0.36687,71.440
11675,06/23/2026 14:37:48,2.935,74.343,17.40,0.36696,71.408
11676,06/23/2026 14:47:48,2.909,74.350,17.59,0.36429,71.441
11677,06/23/2026 14:57:48,2.892,74.301,17.68,0.36254,71.409
11678,06/23/2026 15:07:48,2.909,74.311,17.78,0.36430,71.402
11679,06/23/2026 15:17:48,2.885,74.295,17.97,0.36192,71.410
11680,06/23/2026 15:27:48,2.888,74.315,18.07,0.36214,71.427
11681,06/23/2026 15:37:48,2.894,74.323,18.35,0.36279,71.429
11682,06/23/2026 15:47:48,2.888,74.284,18.54,0.36224,71.396
11683,06/23/2026 15:57:48,2.858,74.261,18.83,0.35915,71.403
11684,06/23/2026 16:07:48,2.888,74.284,18.92,0.36226,71.396
11685,06/23/2026 16:17:48,2.864,74.237,19.11,0.35980,71.373
11686,06/23/2026 16:27:48,2.868,74.265,19.21,0.36023,71.397
11687,06/23/2026 16:37:48,2.875,74.258,19.30,0.36087,71.383
11688,06/23/2026 16:47:48,2.864,74.265,19.21,0.35981,71.401
11689,06/23/2026 16:57:48,2.853,74.265,19.21,0.35875,71.412
11690,06/23/2026 17:07:48,2.844,74.256,19.21,0.35777,71.412
11691,06/23/2026 17:17:48,2.857,74.279,19.21,0.35911,71.422
11692,06/23/2026 17:27:48,2.849,74.256,19.21,0.35833,71.407
11693,06/23/2026 17:37:48,2.850,74.269,19.11,0.35833,71.419
11694,06/23/2026 17:47:48,2.850,74.269,19.11,0.35833,71.419
11695,06/23/2026 17:57:48,2.851,74.273,19.11,0.35847,71.422
11696,06/23/2026 18:07:48,2.852,74.277,19.02,0.35853,71.425
11697,06/23/2026 18:17:48,2.837,74.265,18.83,0.35704,71.428
11698,06/23/2026 18:27:48,2.836,74.268,18.73,0.35696,71.432
11699,06/23/2026 18:37:48,2.830,74.272,18.64,0.35625,71.442
11700,06/23/2026 18:47:48,2.830,74.279,18.45,0.35624,71.449
11701,06/23/2026 18:57:48,2.827,74.277,18.35,0.35603,71.450
11702,06/23/2026 19:07:48,2.812,74.266,18.16,0.35440,71.454
11703,06/23/2026 19:17:48,2.819,74.283,18.07,0.35509,71.464
11704,06/23/2026 19:27:48,2.809,74.271,17.88,0.35417,71.462
11705,06/23/2026 19:37:48,2.817,74.284,17.78,0.35494,71.467
11706,06/23/2026 19:47:48,2.819,74.295,17.59,0.35514,71.476
11707,06/23/2026 19:57:48,2.822,74.293,17.40,0.35541,71.471
11708,06/23/2026 20:07:48,2.829,74.304,17.21,0.35610,71.475
11709,06/23/2026 20:17:48,2.840,74.320,17.02,0.35722,71.480
11710,06/23/2026 20:27:48,2.833,74.318,16.83,0.35651,71.485
11711,06/23/2026 20:37:48,2.837,74.333,16.54,0.35684,71.496
11712,06/23/2026 20:47:48,2.832,74.330,16.35,0.35641,71.498
11713,06/23/2026 20:57:48,2.844,74.346,16.16,0.35760,71.502
11714,06/23/2026 21:07:48,2.854,74.358,15.97,0.35857,71.504
11715,06/23/2026 21:17:48,2.818,74.327,15.68,0.35490,71.509
11716,06/23/2026 21:27:48,2.829,74.343,15.49,0.35601,71.514
11717,06/23/2026 21:37:48,2.847,74.364,15.30,0.35784,71.517
11718,06/23/2026 21:47:48,2.856,74.380,15.11,0.35874,71.524
11719,06/23/2026 21:57:48,2.868,74.396,14.92,0.35993,71.528
11720,06/23/2026 22:07:48,2.858,74.398,14.73,0.35893,71.540
11721,06/23/2026 22:17:48,2.866,74.410,14.53,0.35970,71.544
11722,06/23/2026 22:27:48,2.860,74.403,14.34,0.35913,71.543
11723,06/23/2026 22:37:48,2.869,74.410,14.15,0.36003,71.541
11724,06/23/2026 22:47:48,2.859,74.407,13.86,0.35897,71.548
11725,06/23/2026 22:57:48,2.868,74.405,13.67,0.35987,71.537
11726,06/23/2026 23:07:48,2.867,74.389,13.48,0.35979,71.522
11727,06/23/2026 23:17:48,2.877,74.386,13.19,0.36084,71.509
11728,06/23/2026 23:27:48,2.867,74.370,13.00,0.35985,71.503
11729,06/23/2026 23:37:48,2.882,74.382,12.80,0.36131,71.500
11730,06/23/2026 23:47:48,2.874,74.375,12.61,0.36053,71.501
11731,06/23/2026 23:57:48,2.885,74.391,12.32,0.36158,71.506
11732,06/24/2026 00:07:48,2.897,74.398,12.12,0.36277,71.501
11733,06/24/2026 00:17:48,2.884,74.378,11.93,0.36142,71.494
11734,06/24/2026 00:27:48,2.889,74.371,11.74,0.36198,71.482
11735,06/24/2026 00:37:48,2.891,74.369,11.54,0.36218,71.478
11736,06/24/2026 00:47:48,2.891,74.363,11.35,0.36217,71.472
11737,06/24/2026 00:57:48,2.874,74.337,11.05,0.36048,71.463
11738,06/24/2026 01:07:48,2.907,74.363,10.86,0.36378,71.456
11739,06/24/2026 01:17:48,2.869,74.324,10.66,0.35997,71.455
11740,06/24/2026 01:27:48,2.887,74.345,10.47,0.36179,71.458
11741,06/24/2026 01:37:48,2.903,74.362,10.27,0.36333,71.459
11742,06/24/2026 01:47:48,2.889,74.351,10.08,0.36192,71.462
11743,06/24/2026 01:57:48,2.889,74.353,9.88,0.36199,71.464
11744,06/24/2026 02:07:48,2.892,74.352,9.68,0.36219,71.460
11745,06/24/2026 02:17:48,2.906,74.372,9.48,0.36366,71.466
11746,06/24/2026 02:27:48,2.909,74.366,9.29,0.36394,71.457
11747,06/24/2026 02:37:48,2.910,74.377,8.99,0.36407,71.467
11748,06/24/2026 02:47:48,2.934,74.403,8.89,0.36653,71.469
11749,06/24/2026 02:57:48,2.926,74.397,8.69,0.36568,71.471
11750,06/24/2026 03:07:48,2.932,74.400,8.49,0.36624,71.468
11751,06/24/2026 03:17:48,2.946,74.412,8.29,0.36764,71.466
11752,06/24/2026 03:27:48,2.917,74.378,8.09,0.36475,71.461
11753,06/24/2026 03:37:48,2.914,74.367,7.89,0.36447,71.453
11754,06/24/2026 03:47:48,2.927,74.380,7.79,0.36580,71.453
11755,06/24/2026 03:57:48,2.942,74.392,7.59,0.36727,71.450
11756,06/24/2026 04:07:48,2.933,74.386,7.39,0.36636,71.453
11757,06/24/2026 04:17:48,2.949,74.399,7.29,0.36797,71.450
11758,06/24/2026 04:27:48,2.939,74.397,7.09,0.36698,71.458
11759,06/24/2026 04:37:48,2.941,74.404,6.89,0.36719,71.463
11760,06/24/2026 04:47:48,2.920,74.385,6.79,0.36508,71.465
11761,06/24/2026 04:57:48,2.930,74.393,6.58,0.36599,71.463
11762,06/24/2026 05:07:48,2.932,74.406,6.48,0.36620,71.474
11763,06/24/2026 05:17:48,2.953,74.432,6.38,0.36838,71.479
11764,06/24/2026 05:27:48,2.949,74.435,6.18,0.36795,71.486
11765,06/24/2026 05:37:48,2.964,74.452,6.07,0.36950,71.488
11766,06/24/2026 05:47:48,2.969,74.455,5.87,0.36999,71.486
11767,06/24/2026 05:57:48,2.957,74.450,5.77,0.36872,71.493
11768,06/24/2026 06:07:48,2.947,74.449,5.67,0.36774,71.502
11769,06/24/2026 06:17:48,2.954,74.462,5.56,0.36844,71.508
11770,06/24/2026 06:27:48,2.958,74.479,5.46,0.36886,71.521
11771,06/24/2026 06:37:48,2.969,74.487,5.36,0.37005,71.518
11772,06/24/2026 06:47:48,2.953,74.473,5.25,0.36836,71.520
11773,06/24/2026 06:57:48,2.957,74.482,5.25,0.36879,71.525
11774,06/24/2026 07:07:48,2.947,74.469,5.25,0.36773,71.522
11775,06/24/2026 07:17:48,2.947,74.472,5.15,0.36780,71.525
11776,06/24/2026 07:27:48,2.960,74.481,5.15,0.36914,71.521
11777,06/24/2026 07:37:48,2.959,74.477,5.15,0.36892,71.518
11778,06/24/2026 07:47:48,2.959,74.481,5.15,0.36899,71.522
11779,06/24/2026 07:57:48,2.945,74.481,5.15,0.36759,71.536
11780,06/24/2026 08:07:48,2.938,74.472,5.15,0.36689,71.534
11781,06/24/2026 08:17:48,2.929,74.469,5.25,0.36583,71.540
11782,06/24/2026 08:27:48,2.936,74.474,5.36,0.36661,71.538
11783,06/24/2026 08:37:48,2.921,74.453,5.56,0.36506,71.532
11784,06/24/2026 08:47:48,2.926,74.458,5.67,0.36563,71.532
11785,06/24/2026 08:57:48,2.925,74.451,5.87,0.36549,71.526
11786,06/24/2026 09:07:48,2.936,74.457,6.07,0.36662,71.521
11787,06/24/2026 09:17:48,2.913,74.431,6.28,0.36430,71.518
11788,06/24/2026 09:27:48,2.924,74.428,6.48,0.36543,71.504
11789,06/24/2026 09:37:48,2.937,74.430,6.68,0.36677,71.493
11790,06/24/2026 09:47:48,2.927,74.413,6.89,0.36578,71.486
11791,06/24/2026 09:57:48,2.935,74.416,7.19,0.36656,71.481
11792,06/24/2026 10:07:48,2.953,74.427,7.39,0.36833,71.474
11793,06/24/2026 10:17:48,2.949,74.410,7.59,0.36798,71.461
11794,06/24/2026 10:27:48,2.962,74.413,7.89,0.36932,71.451
11795,06/24/2026 10:37:48,2.951,74.397,8.19,0.36820,71.446
11796,06/24/2026 10:47:48,2.944,74.387,8.59,0.36751,71.443
11797,06/24/2026 10:57:48,2.962,74.393,8.79,0.36941,71.431
11798,06/24/2026 11:07:48,2.929,74.359,8.99,0.36597,71.430
11799,06/24/2026 11:17:48,2.947,74.388,9.19,0.36780,71.441
11800,06/24/2026 11:27:48,2.954,74.391,9.58,0.36859,71.437
11801,06/24/2026 11:37:48,2.949,74.386,9.98,0.36804,71.437
11802,06/24/2026 11:47:48,2.949,74.385,10.37,0.36805,71.436
11803,06/24/2026 11:57:48,2.950,74.383,10.66,0.36820,71.433
11804,06/24/2026 12:07:48,2.934,74.373,10.96,0.36652,71.439
11805,06/24/2026 12:17:48,2.959,74.395,11.35,0.36907,71.436
11806,06/24/2026 12:27:48,2.947,74.380,11.74,0.36796,71.433
11807,06/24/2026 12:37:48,2.956,74.375,12.12,0.36882,71.419
11808,06/24/2026 12:47:48,2.933,74.344,12.61,0.36651,71.411
11809,06/24/2026 12:57:48,2.932,74.343,13.00,0.36646,71.411
11810,06/24/2026 13:07:48,2.935,74.343,13.38,0.36669,71.408
11811,06/24/2026 13:17:48,2.939,74.328,13.67,0.36712,71.389
11812,06/24/2026 13:27:48,2.924,74.312,13.86,0.36558,71.388
11813,06/24/2026 13:37:48,2.938,74.323,14.05,0.36707,71.385
11814,06/24/2026 13:47:48,2.919,74.272,14.44,0.36519,71.353
11815,06/24/2026 13:57:48,2.918,74.267,14.73,0.36506,71.349
11816,06/24/2026 14:07:48,2.919,74.239,15.11,0.36522,71.320
11817,06/24/2026 14:17:48,2.912,74.216,15.49,0.36453,71.304
11818,06/24/2026 14:27:48,2.899,74.189,15.87,0.36314,71.290
11819,06/24/2026 14:37:48,2.912,74.186,16.06,0.36456,71.274
11820,06/24/2026 14:47:48,2.905,74.171,16.25,0.36380,71.266
11821,06/24/2026 14:57:48,2.886,74.141,16.45,0.36191,71.255
11822,06/24/2026 15:07:48,2.889,74.133,16.54,0.36219,71.244
11823,06/24/2026 15:17:48,2.897,74.139,16.64,0.36297,71.242
11824,06/24/2026 15:27:48,2.857,74.093,16.64,0.35896,71.236
11825,06/24/2026 15:37:48,2.879,74.116,16.64,0.36121,71.237
11826,06/24/2026 15:47:48,2.898,74.121,16.64,0.36311,71.223
11827,06/24/2026 15:57:48,2.890,74.096,16.83,0.36228,71.206
11828,06/24/2026 16:07:48,2.891,74.096,16.83,0.36235,71.205
11829,06/24/2026 16:17:48,2.887,74.091,16.83,0.36200,71.204
11830,06/24/2026 16:27:48,2.883,74.082,16.83,0.36157,71.199
11831,06/24/2026 16:37:48,2.874,74.063,16.73,0.36065,71.189
11832,06/24/2026 16:47:48,2.868,74.054,16.73,0.36002,71.186
11833,06/24/2026 16:57:48,2.898,74.072,16.73,0.36312,71.174
11834,06/24/2026 17:07:48,2.864,74.039,16.64,0.35966,71.175
11835,06/24/2026 17:17:48,2.868,74.039,16.64,0.36002,71.171
11836,06/24/2026 17:27:48,2.848,74.008,16.73,0.35805,71.160
11837,06/24/2026 17:37:48,2.868,74.037,16.83,0.36003,71.169
11838,06/24/2026 17:47:48,2.862,74.023,16.83,0.35946,71.161
11839,06/24/2026 17:57:48,2.848,74.017,16.73,0.35805,71.169
11840,06/24/2026 18:07:48,2.850,74.011,16.54,0.35818,71.161
11841,06/24/2026 18:17:48,2.856,74.026,16.35,0.35887,71.170
11842,06/24/2026 18:27:48,2.837,74.015,16.16,0.35689,71.178
11843,06/24/2026 18:37:48,2.843,74.018,15.97,0.35745,71.175
11844,06/24/2026 18:47:48,2.848,74.035,15.87,0.35793,71.187
11845,06/24/2026 18:57:48,2.833,74.046,15.68,0.35645,71.213
11846,06/24/2026 19:07:48,2.822,74.053,15.49,0.35531,71.231
11847,06/24/2026 19:17:48,2.825,74.082,15.30,0.35565,71.257
11848,06/24/2026 19:27:48,2.845,74.104,15.20,0.35762,71.259
11849,06/24/2026 19:37:48,2.831,74.120,15.01,0.35620,71.289
11850,06/24/2026 19:47:48,2.839,74.128,14.92,0.35704,71.289
11851,06/24/2026 19:57:48,2.839,74.132,14.82,0.35697,71.293
11852,06/24/2026 20:07:48,2.835,74.135,14.73,0.35661,71.300
11853,06/24/2026 20:17:48,2.826,74.142,14.53,0.35569,71.316
11854,06/24/2026 20:27:48,2.825,74.132,14.44,0.35554,71.307
11855,06/24/2026 20:37:48,2.824,74.134,14.25,0.35546,71.310
11856,06/24/2026 20:47:48,2.823,74.151,14.15,0.35539,71.328
11857,06/24/2026 20:57:48,2.847,74.187,14.05,0.35778,71.340
11858,06/24/2026 21:07:48,2.829,74.171,13.86,0.35594,71.342
11859,06/24/2026 21:17:48,2.822,74.161,13.77,0.35523,71.339
11860,06/24/2026 21:27:48,2.832,74.169,13.67,0.35621,71.337
11861,06/24/2026 21:37:48,2.831,74.163,13.57,0.35621,71.332
11862,06/24/2026 21:47:48,2.842,74.153,13.48,0.35726,71.311
11863,06/24/2026 21:57:48,2.810,74.110,13.28,0.35402,71.300
11864,06/24/2026 22:07:48,2.847,74.173,13.19,0.35774,71.326
11865,06/24/2026 22:17:48,2.857,74.176,13.09,0.35879,71.319
11866,06/24/2026 22:27:48,2.858,74.156,12.90,0.35893,71.298
11867,06/24/2026 22:37:48,2.851,74.124,12.80,0.35808,71.273
11868,06/24/2026 22:47:48,2.857,74.117,12.61,0.35877,71.260
11869,06/24/2026 22:57:48,2.844,74.116,12.51,0.35743,71.272
11870,06/24/2026 23:07:48,2.855,74.165,12.42,0.35856,71.310
11871,06/24/2026 23:17:48,2.852,74.182,12.32,0.35827,71.330
11872,06/24/2026 23:27:48,2.882,74.167,12.12,0.36122,71.285
11873,06/24/2026 23:37:48,2.858,74.170,12.03,0.35882,71.312
11874,06/24/2026 23:47:48,2.879,74.160,11.93,0.36100,71.281
11875,06/24/2026 23:57:48,2.888,74.155,11.83,0.36184,71.267
11876,06/25/2026 00:07:48,2.897,74.176,11.74,0.36282,71.279
11877,06/25/2026 00:17:48,2.888,74.180,11.64,0.36183,71.292
11878,06/25/2026 00:27:48,2.896,74.206,11.54,0.36267,71.310
11879,06/25/2026 00:37:48,2.916,74.228,11.44,0.36471,71.312
11880,06/25/2026 00:47:48,2.921,74.194,11.25,0.36527,71.273
11881,06/25/2026 00:57:48,2.927,74.184,11.15,0.36583,71.257
11882,06/25/2026 01:07:48,2.938,74.171,11.15,0.36695,71.233
11883,06/25/2026 01:17:48,2.933,74.142,11.05,0.36653,71.209
11884,06/25/2026 01:27:48,2.924,74.114,10.96,0.36554,71.190
11885,06/25/2026 01:37:48,2.937,74.122,10.86,0.36687,71.185
11886,06/25/2026 01:47:48,2.939,74.108,10.76,0.36701,71.169
11887,06/25/2026 01:57:48,2.949,74.098,10.66,0.36806,71.149
11888,06/25/2026 02:07:48,2.941,74.074,10.57,0.36728,71.133
11889,06/25/2026 02:17:48,2.946,74.082,10.47,0.36777,71.136
11890,06/25/2026 02:27:48,2.961,74.096,10.47,0.36932,71.135
11891,06/25/2026 02:37:48,2.959,74.072,10.37,0.36911,71.113
11892,06/25/2026 02:47:48,2.956,74.058,10.27,0.36875,71.102
11893,06/25/2026 02:57:48,2.967,74.067,10.27,0.36988,71.100
11894,06/25/2026 03:07:48,2.972,74.080,10.17,0.37037,71.108
11895,06/25/2026 03:17:48,2.976,74.074,10.08,0.37086,71.098
11896,06/25/2026 03:27:48,2.980,74.079,10.08,0.37121,71.099
11897,06/25/2026 03:37:48,2.983,74.073,9.98,0.37156,71.090
11898,06/25/2026 03:47:48,2.975,74.063,9.88,0.37071,71.088
11899,06/25/2026 03:57:48,2.979,74.054,9.88,0.37113,71.075
11900,06/25/2026 04:07:48,2.990,74.053,9.78,0.37225,71.063
11901,06/25/2026 04:17:48,3.009,74.067,9.78,0.37415,71.058
11902,06/25/2026 04:27:48,2.990,74.053,9.68,0.37218,71.063
11903,06/25/2026 04:37:48,2.991,74.048,9.68,0.37232,71.057
11904,06/25/2026 04:47:48,3.003,74.061,9.58,0.37351,71.058
11905,06/25/2026 04:57:48,3.028,74.082,9.48,0.37611,71.054
11906,06/25/2026 05:07:48,2.994,74.046,9.48,0.37267,71.052
11907,06/25/2026 05:17:48,3.024,74.069,9.48,0.37569,71.045
11908,06/25/2026 05:27:48,3.020,74.072,9.39,0.37534,71.052
11909,06/25/2026 05:37:48,3.059,74.118,9.39,0.37920,71.059
11910,06/25/2026 05:47:48,3.044,74.108,9.29,0.37772,71.064
11911,06/25/2026 05:57:48,3.051,74.117,9.29,0.37843,71.066
11912,06/25/2026 06:07:48,3.064,74.126,9.29,0.37976,71.062
11913,06/25/2026 06:17:48,3.075,74.139,9.19,0.38082,71.064
11914,06/25/2026 06:27:48,3.086,74.148,9.19,0.38194,71.062
11915,06/25/2026 06:37:48,3.089,74.161,9.19,0.38236,71.072
11916,06/25/2026 06:47:48,3.117,74.188,9.09,0.38510,71.071
11917,06/25/2026 06:57:48,3.103,74.165,9.09,0.38370,71.062
11918,06/25/2026 07:07:48,3.096,74.169,9.09,0.38306,71.073
11919,06/25/2026 07:17:48,3.135,74.206,9.09,0.38700,71.071
11920,06/25/2026 07:27:48,3.136,74.192,9.09,0.38714,71.056
11921,06/25/2026 07:37:48,3.151,74.192,9.09,0.38862,71.041
11922,06/25/2026 07:47:48,3.172,74.206,9.09,0.39073,71.034
11923,06/25/2026 07:57:48,3.144,74.197,9.09,0.38785,71.053
11924,06/25/2026 08:07:48,3.177,74.246,9.09,0.39136,71.069
11925,06/25/2026 08:17:48,3.170,74.228,9.09,0.39059,71.058
11926,06/25/2026 08:27:48,3.177,74.246,9.09,0.39136,71.069
11927,06/25/2026 08:37:48,3.191,74.283,9.09,0.39270,71.092
11928,06/25/2026 08:47:48,3.217,74.324,9.09,0.39530,71.107
11929,06/25/2026 08:57:48,3.254,74.372,8.99,0.39917,71.118
11930,06/25/2026 09:07:48,3.314,74.395,8.99,0.40529,71.081
11931,06/25/2026 09:17:48,3.313,74.404,8.99,0.40515,71.091
11932,06/25/2026 09:27:48,3.357,74.463,8.99,0.40965,71.106
11933,06/25/2026 09:37:48,3.393,74.505,9.09,0.41331,71.112
11934,06/25/2026 09:47:48,3.418,74.528,9.19,0.41591,71.110
11935,06/25/2026 09:57:48,3.433,74.547,9.29,0.41746,71.114
11936,06/25/2026 10:07:48,3.444,74.547,9.29,0.41859,71.103
11937,06/25/2026 10:17:48,3.472,74.575,9.39,0.42141,71.103
11938,06/25/2026 10:27:48,3.495,74.591,9.58,0.42373,71.096
11939,06/25/2026 10:37:48,3.513,74.619,9.68,0.42557,71.106
11940,06/25/2026 10:47:48,3.530,74.642,9.68,0.42725,71.112
11941,06/25/2026 10:57:48,3.522,74.652,9.78,0.42648,71.130
11942,06/25/2026 11:07:48,3.528,74.652,9.78,0.42705,71.124
11943,06/25/2026 11:17:48,3.513,74.643,9.88,0.42564,71.130
11944,06/25/2026 11:27:48,3.519,74.649,9.98,0.42621,71.130
11945,06/25/2026 11:37:48,3.510,74.641,10.08,0.42523,71.131
11946,06/25/2026 11:47:48,3.499,74.629,10.27,0.42418,71.130
11947,06/25/2026 11:57:48,3.505,74.637,10.66,0.42483,71.132
11948,06/25/2026 12:07:48,3.498,74.636,11.05,0.42414,71.138
11949,06/25/2026 12:17:48,3.486,74.632,11.05,0.42287,71.146
11950,06/25/2026 12:27:48,3.496,74.637,11.54,0.42388,71.141
11951,06/25/2026 12:37:48,3.504,74.647,12.12,0.42475,71.143
11952,06/25/2026 12:47:48,3.509,74.643,12.12,0.42524,71.134
11953,06/25/2026 12:57:48,3.498,74.624,12.12,0.42419,71.126
11954,06/25/2026 13:07:48,3.546,74.658,12.32,0.42905,71.112
11955,06/25/2026 13:17:48,3.541,74.646,12.42,0.42849,71.105
11956,06/25/2026 13:27:48,3.534,74.625,12.61,0.42780,71.091
11957,06/25/2026 13:37:48,3.548,74.627,13.28,0.42931,71.079
11958,06/25/2026 13:47:48,3.531,74.602,13.86,0.42758,71.071
11959,06/25/2026 13:57:48,3.575,74.642,14.25,0.43211,71.067
11960,06/25/2026 14:07:48,3.579,74.634,14.73,0.43255,71.055
11961,06/25/2026 14:17:48,3.554,74.598,15.20,0.43005,71.044
11962,06/25/2026 14:27:48,3.550,74.595,15.68,0.42966,71.045
11963,06/25/2026 14:37:48,3.537,74.569,16.16,0.42828,71.032
11964,06/25/2026 14:47:48,3.519,74.551,16.64,0.42662,71.032
11965,06/25/2026 14:57:48,3.528,74.548,17.11,0.42749,71.020
11966,06/25/2026 15:07:48,3.523,74.539,17.49,0.42703,71.016
11967,06/25/2026 15:17:48,3.488,74.491,17.68,0.42352,71.003
11968,06/25/2026 15:27:48,3.476,74.477,17.97,0.42220,71.001
11969,06/25/2026 15:37:48,3.470,74.467,18.26,0.42159,70.997
11970,06/25/2026 15:47:48,3.456,74.439,18.54,0.42020,70.983
11971,06/25/2026 15:57:48,3.454,74.433,18.83,0.42008,70.979
11972,06/25/2026 16:07:48,3.418,74.393,18.92,0.41642,70.975
11973,06/25/2026 16:17:48,3.429,74.387,19.11,0.41749,70.958
11974,06/25/2026 16:27:48,3.422,74.362,19.30,0.41680,70.940
11975,06/25/2026 16:37:48,3.393,74.331,19.40,0.41392,70.938
11976,06/25/2026 16:47:48,3.379,74.301,19.49,0.41245,70.922
11977,06/25/2026 16:57:48,3.372,74.281,19.68,0.41169,70.909
11978,06/25/2026 17:07:48,3.347,74.259,19.78,0.40923,70.912
11979,06/25/2026 17:17:48,3.356,74.268,19.78,0.41015,70.912
11980,06/25/2026 17:27:48,3.325,74.235,19.68,0.40697,70.910
11981,06/25/2026 17:37:48,3.334,74.257,19.59,0.40781,70.923
11982,06/25/2026 17:47:48,3.320,74.255,19.49,0.40646,70.935
11983,06/25/2026 17:57:48,3.312,74.241,19.40,0.40554,70.929
11984,06/25/2026 18:07:48,3.292,74.222,19.40,0.40357,70.930
11985,06/25/2026 18:17:48,3.293,74.235,19.30,0.40363,70.942
11986,06/25/2026 18:27:48,3.260,74.192,19.11,0.40024,70.932
11987,06/25/2026 18:37:48,3.285,74.209,19.02,0.40277,70.924
11988,06/25/2026 18:47:48,3.246,74.176,18.92,0.39874,70.930
11989,06/25/2026 18:57:48,3.226,74.178,18.73,0.39669,70.952
11990,06/25/2026 19:07:48,3.236,74.203,18.54,0.39773,70.967
11991,06/25/2026 19:17:48,3.225,74.196,18.35,0.39659,70.971
11992,06/25/2026 19:27:48,3.214,74.188,18.07,0.39545,70.974
11993,06/25/2026 19:37:48,3.197,74.172,17.88,0.39367,70.975
11994,06/25/2026 19:47:48,3.217,74.187,17.68,0.39585,70.970
11995,06/25/2026 19:57:48,3.198,74.170,17.40,0.39386,70.972
11996,06/25/2026 20:07:48,3.197,74.173,17.21,0.39363,70.976
11997,06/25/2026 20:17:48,3.175,74.152,17.02,0.39144,70.977
11998,06/25/2026 20:27:48,3.189,74.185,16.73,0.39283,70.996
11999,06/25/2026 20:37:48,3.172,74.182,16.45,0.39105,71.010
12000,06/25/2026 20:47:48,3.176,74.184,16.25,0.39153,71.008
12001,06/25/2026 20:57:48,3.160,74.168,16.06,0.38991,71.008
12002,06/25/2026 21:07:48,3.157,74.170,15.78,0.38947,71.013
12003,06/25/2026 21:17:48,3.154,74.171,15.49,0.38917,71.017
12004,06/25/2026 21:27:48,3.165,74.182,15.30,0.39036,71.017
12005,06/25/2026 21:37:48,3.141,74.170,15.01,0.38788,71.029
12006,06/25/2026 21:47:48,3.139,74.168,14.82,0.38766,71.029
12007,06/25/2026 21:57:48,3.124,74.160,14.53,0.38609,71.036
12008,06/25/2026 22:07:48,3.130,74.172,14.34,0.38665,71.042
12009,06/25/2026 22:17:48,3.128,74.174,14.15,0.38650,71.046
12010,06/25/2026 22:27:48,3.116,74.154,13.96,0.38522,71.038
12011,06/25/2026 22:37:48,3.095,74.156,13.77,0.38310,71.061
12012,06/25/2026 22:47:48,3.117,74.177,13.57,0.38534,71.060
12013,06/25/2026 22:57:48,3.092,74.153,13.48,0.38281,71.061
12014,06/25/2026 23:07:48,3.117,74.174,13.28,0.38533,71.057
12015,06/25/2026 23:17:48,3.104,74.158,13.09,0.38398,71.054
12016,06/25/2026 23:27:48,3.084,74.134,12.90,0.38186,71.050
12017,06/25/2026 23:37:48,3.092,74.133,12.80,0.38270,71.041
12018,06/25/2026 23:47:48,3.127,74.176,12.61,0.38629,71.049
12019,06/25/2026 23:57:48,3.093,74.142,12.42,0.38283,71.049
12020,06/26/2026 00:07:48,3.077,74.128,12.32,0.38114,71.051
12021,06/26/2026 00:17:48,3.088,74.145,12.22,0.38233,71.057
12022,06/26/2026 00:27:48,3.078,74.134,12.03,0.38127,71.056
12023,06/26/2026 00:37:48,3.081,74.137,11.93,0.38161,71.056
12024,06/26/2026 00:47:48,3.108,74.168,11.83,0.38435,71.060
12025,06/26/2026 00:57:48,3.107,74.175,11.64,0.38428,71.068
12026,06/26/2026 01:07:48,3.088,74.156,11.54,0.38230,71.068
12027,06/26/2026 01:17:48,3.092,74.145,11.35,0.38272,71.053
12028,06/26/2026 01:27:48,3.097,74.144,11.25,0.38321,71.047
12029,06/26/2026 01:37:48,3.075,74.129,11.05,0.38095,71.054
12030,06/26/2026 01:47:48,3.082,74.128,10.96,0.38165,71.046
12031,06/26/2026 01:57:48,3.115,74.153,10.76,0.38502,71.038
12032,06/26/2026 02:07:48,3.111,74.157,10.66,0.38459,71.046
12033,06/26/2026 02:17:48,3.094,74.138,10.57,0.38283,71.044
12034,06/26/2026 02:27:48,3.095,74.136,10.37,0.38296,71.041
12035,06/26/2026 02:37:48,3.101,74.144,10.27,0.38359,71.043
12036,06/26/2026 02:47:48,3.111,74.139,10.17,0.38457,71.028
12037,06/26/2026 02:57:48,3.088,74.119,9.98,0.38218,71.031
12038,06/26/2026 03:07:48,3.107,74.154,9.88,0.38414,71.047
12039,06/26/2026 03:17:48,3.103,74.149,9.78,0.38372,71.046
12040,06/26/2026 03:27:48,3.093,74.116,9.68,0.38273,71.023
12041,06/26/2026 03:37:48,3.083,74.115,9.58,0.38174,71.032
12042,06/26/2026 03:47:48,3.088,74.128,9.48,0.38216,71.040
12043,06/26/2026 03:57:48,3.082,74.130,9.29,0.38166,71.048
12044,06/26/2026 04:07:48,3.080,74.130,9.19,0.38138,71.050
12045,06/26/2026 04:17:48,3.078,74.120,9.09,0.38117,71.042
12046,06/26/2026 04:27:48,3.064,74.105,8.99,0.37976,71.041
12047,06/26/2026 04:37:48,3.070,74.113,8.89,0.38039,71.043
12048,06/26/2026 04:47:48,3.061,74.103,8.79,0.37947,71.042
12049,06/26/2026 04:57:48,3.067,74.112,8.69,0.38003,71.045
12050,06/26/2026 05:07:48,3.066,74.120,8.59,0.37996,71.054
12051,06/26/2026 05:17:48,3.093,74.145,8.39,0.38269,71.052
12052,06/26/2026 05:27:48,3.080,74.126,8.29,0.38143,71.046
12053,06/26/2026 05:37:48,3.064,74.121,8.19,0.37974,71.057
12054,06/26/2026 05:47:48,3.057,74.120,8.09,0.37903,71.063
12055,06/26/2026 05:57:48,3.077,74.146,7.99,0.38107,71.069
12056,06/26/2026 06:07:48,3.092,74.168,7.89,0.38261,71.076
12057,06/26/2026 06:17:48,3.107,74.190,7.79,0.38409,71.083
12058,06/26/2026 06:27:48,3.071,74.166,7.69,0.38050,71.095
12059,06/26/2026 06:37:48,3.092,74.193,7.59,0.38254,71.101
12060,06/26/2026 06:47:48,3.082,74.196,7.49,0.38162,71.114
12061,06/26/2026 06:57:48,3.072,74.191,7.39,0.38056,71.119
12062,06/26/2026 07:07:48,3.082,74.196,7.39,0.38155,71.114
12063,06/26/2026 07:17:48,3.089,74.204,7.29,0.38225,71.115
12064,06/26/2026 07:27:48,3.082,74.203,7.19,0.38154,71.121
12065,06/26/2026 07:37:48,3.067,74.194,7.19,0.38000,71.127
12066,06/26/2026 07:47:48,3.082,74.208,7.19,0.38147,71.126
12067,06/26/2026 07:57:48,3.066,74.204,7.29,0.37993,71.138
12068,06/26/2026 08:07:48,3.059,74.209,7.39,0.37923,71.150
12069,06/26/2026 08:17:48,3.055,74.210,7.49,0.37881,71.155
12070,06/26/2026 08:27:48,3.050,74.203,7.69,0.37825,71.153
12071,06/26/2026 08:37:48,3.058,74.218,7.89,0.37910,71.160
12072,06/26/2026 08:47:48,3.053,74.211,8.09,0.37854,71.158
12073,06/26/2026 08:57:48,3.060,74.221,8.29,0.37939,71.161
12074,06/26/2026 09:07:48,3.045,74.201,8.59,0.37785,71.156
12075,06/26/2026 09:17:48,3.049,74.199,8.89,0.37828,71.150
12076,06/26/2026 09:27:48,3.067,74.209,8.99,0.38011,71.142
12077,06/26/2026 09:37:48,3.063,74.198,9.19,0.37962,71.135
12078,06/26/2026 09:47:48,3.051,74.179,9.19,0.37850,71.128
12079,06/26/2026 09:57:48,3.052,74.179,9.19,0.37857,71.127
12080,06/26/2026 10:07:48,3.054,74.177,9.39,0.37871,71.123
12081,06/26/2026 10:17:48,3.068,74.198,9.78,0.38020,71.130
12082,06/26/2026 10:27:48,3.062,74.178,10.08,0.37965,71.116
12083,06/26/2026 10:37:48,3.076,74.196,10.47,0.38100,71.120
12084,06/26/2026 10:47:48,3.067,74.184,10.66,0.38009,71.117
12085,06/26/2026 10:57:48,3.099,74.220,11.15,0.38341,71.121
12086,06/26/2026 11:07:48,3.066,74.185,11.25,0.38004,71.119
12087,06/26/2026 11:17:48,3.056,74.161,11.54,0.37900,71.105
12088,06/26/2026 11:27:48,3.043,74.159,11.83,0.37774,71.116
12089,06/26/2026 11:37:48,3.042,74.164,11.83,0.37760,71.122
12090,06/26/2026 11:47:48,3.058,74.160,11.93,0.37922,71.102
12091,06/26/2026 11:57:48,3.047,74.144,12.61,0.37819,71.097
12092,06/26/2026 12:07:48,3.066,74.153,13.00,0.38011,71.087
12093,06/26/2026 12:17:48,3.057,74.132,13.57,0.37915,71.075
12094,06/26/2026 12:27:48,3.019,74.096,14.05,0.37537,71.077
12095,06/26/2026 12:37:48,3.046,74.148,13.86,0.37811,71.102
12096,06/26/2026 12:47:48,3.012,74.153,13.48,0.37464,71.141
12097,06/26/2026 12:57:48,3.040,74.165,13.28,0.37745,71.125
12098,06/26/2026 13:07:48,3.047,74.150,14.05,0.37826,71.103
12099,06/26/2026 13:17:48,3.042,74.124,14.92,0.37767,71.082
12100,06/26/2026 13:27:48,3.029,74.090,15.59,0.37650,71.061
12101,06/26/2026 13:37:48,3.036,74.075,15.87,0.37722,71.039
12102,06/26/2026 13:47:48,3.048,74.056,16.16,0.37844,71.008
12103,06/26/2026 13:57:48,3.024,74.023,16.45,0.37599,70.999
12104,06/26/2026 14:07:48,3.030,74.032,16.83,0.37664,71.002
12105,06/26/2026 14:17:48,3.049,74.031,17.11,0.37856,70.982
12106,06/26/2026 14:27:48,3.034,74.010,17.30,0.37709,70.976
12107,06/26/2026 14:37:48,3.012,73.990,17.11,0.37483,70.978
12108,06/26/2026 14:47:48,3.027,74.022,17.11,0.37631,70.995
12109,06/26/2026 14:57:48,3.016,73.998,17.40,0.37520,70.982
12110,06/26/2026 15:07:48,3.012,73.994,17.78,0.37480,70.982
12111,06/26/2026 15:17:48,2.996,73.941,17.97,0.37326,70.945
12112,06/26/2026 15:27:48,3.014,73.948,18.16,0.37510,70.934
12113,06/26/2026 15:37:48,3.001,73.936,17.88,0.37367,70.935
12114,06/26/2026 15:47:48,3.004,74.004,17.49,0.37393,71.000
12115,06/26/2026 15:57:48,2.996,74.006,17.30,0.37315,71.010
12116,06/26/2026 16:07:48,3.016,74.005,17.59,0.37521,70.989
12117,06/26/2026 16:17:48,3.018,74.024,17.68,0.37542,71.006
12118,06/26/2026 16:27:48,3.004,74.005,17.59,0.37401,71.001
12119,06/26/2026 16:37:48,2.991,73.953,17.40,0.37266,70.962
12120,06/26/2026 16:47:48,2.982,73.927,17.49,0.37168,70.945
12121,06/26/2026 16:57:48,2.992,73.919,17.59,0.37274,70.927
12122,06/26/2026 17:07:48,2.984,73.884,17.68,0.37190,70.900
12123,06/26/2026 17:17:48,2.994,73.879,17.68,0.37296,70.885
12124,06/26/2026 17:27:48,2.996,73.890,17.49,0.37323,70.894
12125,06/26/2026 17:37:48,2.983,73.879,17.30,0.37181,70.896
12126,06/26/2026 17:47:48,2.977,73.989,17.02,0.37123,71.012
12127,06/26/2026 17:57:48,2.997,73.990,16.73,0.37326,70.993
12128,06/26/2026 18:07:48,3.015,74.012,16.64,0.37501,70.997
12129,06/26/2026 18:17:48,3.036,74.026,16.73,0.37727,70.990
12130,06/26/2026 18:27:48,3.031,74.025,16.64,0.37670,70.994
12131,06/26/2026 18:37:48,3.029,74.020,16.54,0.37648,70.991
12132,06/26/2026 18:47:48,3.018,73.999,16.35,0.37542,70.981
12133,06/26/2026 18:57:48,3.024,73.994,16.25,0.37591,70.970
12134,06/26/2026 19:07:48,3.027,73.994,16.25,0.37626,70.967
12135,06/26/2026 19:17:48,3.030,74.006,16.16,0.37660,70.976
12136,06/26/2026 19:27:48,3.035,74.018,15.97,0.37702,70.983
12137,06/26/2026 19:37:48,3.023,74.024,15.78,0.37588,71.001
12138,06/26/2026 19:47:48,3.027,74.013,15.59,0.37629,70.986
12139,06/26/2026 19:57:48,3.031,74.011,15.40,0.37663,70.980
12140,06/26/2026 20:07:48,3.029,74.027,15.20,0.37641,70.998
12141,06/26/2026 20:17:48,3.019,74.012,15.11,0.37542,70.993
12142,06/26/2026 20:27:48,3.030,73.965,14.92,0.37647,70.935
12143,06/26/2026 20:37:48,3.031,73.999,14.73,0.37660,70.968
12144,06/26/2026 20:47:48,3.046,74.065,14.53,0.37814,71.019
12145,06/26/2026 20:57:48,3.027,73.982,14.44,0.37623,70.955
12146,06/26/2026 21:07:48,3.021,74.021,14.25,0.37559,71.000
12147,06/26/2026 21:17:48,3.028,74.033,14.05,0.37622,71.005
12148,06/26/2026 21:27:48,3.033,74.027,13.96,0.37678,70.994
12149,06/26/2026 21:37:48,3.031,74.016,13.77,0.37656,70.985
12150,06/26/2026 21:47:48,3.021,74.000,13.57,0.37556,70.979
12151,06/26/2026 21:57:48,3.021,74.003,13.38,0.37548,70.982
12152,06/26/2026 22:07:48,3.047,74.019,13.19,0.37815,70.972
12153,06/26/2026 22:17:48,3.026,73.985,13.00,0.37603,70.959
12154,06/26/2026 22:27:48,3.040,73.997,12.80,0.37743,70.957
12155,06/26/2026 22:37:48,3.030,73.990,12.61,0.37643,70.960
12156,06/26/2026 22:47:48,3.031,73.988,12.42,0.37650,70.957
12157,06/26/2026 22:57:48,3.036,73.991,12.22,0.37698,70.955
12158,06/26/2026 23:07:48,3.043,74.003,12.12,0.37775,70.960
12159,06/26/2026 23:17:48,3.047,74.015,11.93,0.37810,70.968
12160,06/26/2026 23:27:48,3.050,74.004,11.74,0.37844,70.954
12161,06/26/2026 23:37:48,3.038,73.989,11.54,0.37717,70.951
12162,06/26/2026 23:47:48,3.056,74.006,11.44,0.37899,70.950
12163,06/26/2026 23:57:48,3.061,74.008,11.25,0.37955,70.947
12164,06/27/2026 00:07:48,3.042,73.966,11.05,0.37757,70.924
12165,06/27/2026 00:17:48,3.030,73.956,10.96,0.37630,70.926
12166,06/27/2026 00:27:48,3.051,73.967,10.76,0.37854,70.916
12167,06/27/2026 00:37:48,3.045,73.957,10.66,0.37791,70.912
12168,06/27/2026 00:47:48,3.053,73.947,10.47,0.37861,70.894
12169,06/27/2026 00:57:48,3.038,73.946,10.37,0.37713,70.908
12170,06/27/2026 01:07:48,3.050,73.949,10.27,0.37839,70.899
12171,06/27/2026 01:17:48,3.055,73.952,10.08,0.37887,70.897
12172,06/27/2026 01:27:48,3.073,73.969,9.98,0.38070,70.896
12173,06/27/2026 01:37:48,3.055,73.940,9.78,0.37886,70.885
12174,06/27/2026 01:47:48,3.062,73.935,9.68,0.37957,70.873
12175,06/27/2026 01:57:48,3.034,73.889,9.58,0.37668,70.855
12176,06/27/2026 02:07:48,3.055,73.918,9.39,0.37892,70.863
12177,06/27/2026 02:17:48,3.047,73.899,9.29,0.37808,70.852
12178,06/27/2026 02:27:48,3.017,73.870,9.09,0.37505,70.853
12179,06/27/2026 02:37:48,3.065,73.906,8.99,0.37983,70.841
12180,06/27/2026 02:47:48,3.064,73.905,8.89,0.37975,70.841
12181,06/27/2026 02:57:48,3.066,73.900,8.79,0.37989,70.834
12182,06/27/2026 03:07:48,3.056,73.893,8.59,0.37897,70.837
12183,06/27/2026 03:17:48,3.064,73.902,8.49,0.37967,70.838
12184,06/27/2026 03:27:48,3.047,73.878,8.39,0.37798,70.831
12185,06/27/2026 03:37:48,3.069,73.882,8.29,0.38023,70.813
12186,06/27/2026 03:47:48,3.066,73.885,8.19,0.37995,70.819
12187,06/27/2026 03:57:48,3.068,73.884,8.09,0.38016,70.816
12188,06/27/2026 04:07:48,3.072,73.884,7.99,0.38050,70.812
12189,06/27/2026 04:17:48,3.077,73.883,7.89,0.38106,70.806
12190,06/27/2026 04:27:48,3.048,73.859,7.79,0.37811,70.811
12191,06/27/2026 04:37:48,3.060,73.863,7.69,0.37930,70.803
12192,06/27/2026 04:47:48,3.052,73.840,7.59,0.37846,70.788
12193,06/27/2026 04:57:48,3.054,73.848,7.49,0.37867,70.794
12194,06/27/2026 05:07:48,3.056,73.842,7.39,0.37894,70.786
12195,06/27/2026 05:17:48,3.060,73.851,7.29,0.37929,70.791
12196,06/27/2026 05:27:48,3.064,73.854,7.19,0.37971,70.790
12197,06/27/2026 05:37:48,3.064,73.872,7.09,0.37964,70.808
12198,06/27/2026 05:47:48,3.061,73.866,6.99,0.37943,70.805
12199,06/27/2026 05:57:48,3.044,73.834,6.89,0.37767,70.790
12200,06/27/2026 06:07:48,3.079,73.870,6.89,0.38126,70.791
12201,06/27/2026 06:17:48,3.061,73.851,6.79,0.37942,70.790
12202,06/27/2026 06:27:48,3.059,73.847,6.79,0.37914,70.788
12203,06/27/2026 06:37:48,3.050,73.837,6.68,0.37823,70.787
12204,06/27/2026 06:47:48,3.034,73.819,6.68,0.37661,70.785
12205,06/27/2026 06:57:48,3.042,73.832,6.68,0.37745,70.790
12206,06/27/2026 07:07:48,3.071,73.845,6.58,0.38041,70.774
12207,06/27/2026 07:17:48,3.059,73.826,6.48,0.37921,70.767
12208,06/27/2026 07:27:48,3.071,73.826,6.48,0.38040,70.755
12209,06/27/2026 07:37:48,3.101,73.853,6.48,0.38350,70.752
12210,06/27/2026 07:47:48,3.118,73.867,6.48,0.38519,70.749
12211,06/27/2026 07:57:48,3.128,73.872,6.58,0.38624,70.744
12212,06/27/2026 08:07:48,3.131,73.873,6.68,0.38653,70.742
12213,06/27/2026 08:17:48,3.111,73.856,6.89,0.38456,70.745
12214,06/27/2026 08:27:48,3.099,73.836,7.19,0.38330,70.737
12215,06/27/2026 08:37:48,3.107,73.834,7.49,0.38415,70.727
12216,06/27/2026 08:47:48,3.091,73.827,7.69,0.38247,70.736
12217,06/27/2026 08:57:48,3.086,73.824,7.89,0.38198,70.738
12218,06/27/2026 09:07:48,3.088,73.821,8.09,0.38219,70.733
12219,06/27/2026 09:17:48,3.070,73.805,8.29,0.38030,70.735
12220,06/27/2026 09:27:48,3.090,73.812,8.59,0.38235,70.722
12221,06/27/2026 09:37:48,3.061,73.792,8.89,0.37940,70.731
12222,06/27/2026 09:47:48,3.049,73.757,9.09,0.37828,70.708
12223,06/27/2026 09:57:48,3.035,73.755,9.39,0.37681,70.720
12224,06/27/2026 10:07:48,3.026,73.735,9.68,0.37591,70.709
12225,06/27/2026 10:17:48,3.056,73.752,9.98,0.37894,70.696
12226,06/27/2026 10:27:48,3.023,73.719,10.37,0.37565,70.696
12227,06/27/2026 10:37:48,3.043,73.734,10.57,0.37769,70.691
12228,06/27/2026 10:47:48,3.042,73.714,10.76,0.37756,70.672
12229,06/27/2026 10:57:48,3.047,73.729,10.96,0.37806,70.682
12230,06/27/2026 11:07:48,3.037,73.699,11.15,0.37708,70.662
12231,06/27/2026 11:17:48,3.034,73.701,11.35,0.37681,70.667
12232,06/27/2026 11:27:48,3.037,73.695,11.64,0.37710,70.658
12233,06/27/2026 11:37:48,3.003,73.649,12.03,0.37360,70.646
12234,06/27/2026 11:47:48,3.042,73.690,12.51,0.37763,70.648
12235,06/27/2026 11:57:48,3.036,73.667,12.90,0.37701,70.631
12236,06/27/2026 12:07:48,3.030,73.639,13.28,0.37646,70.609
12237,06/27/2026 12:17:48,3.023,73.625,13.67,0.37571,70.602
12238,06/27/2026 12:27:48,3.014,73.614,13.96,0.37488,70.600
12239,06/27/2026 12:37:48,3.017,73.600,14.34,0.37517,70.583
12240,06/27/2026 12:47:48,3.010,73.631,14.63,0.37441,70.621
12241,06/27/2026 12:57:48,3.022,73.617,15.01,0.37570,70.595
12242,06/27/2026 13:07:48,2.998,73.571,15.40,0.37326,70.573
12243,06/27/2026 13:17:48,2.988,73.557,15.78,0.37229,70.569
12244,06/27/2026 13:27:48,3.005,73.583,16.06,0.37407,70.578
12245,06/27/2026 13:37:48,2.986,73.555,16.35,0.37211,70.569
12246,06/27/2026 13:47:48,2.987,73.537,16.73,0.37220,70.550
12247,06/27/2026 13:57:48,2.963,73.521,16.92,0.36975,70.558
12248,06/27/2026 14:07:48,2.966,73.541,17.11,0.37011,70.575
12249,06/27/2026 14:17:48,2.990,73.544,17.40,0.37259,70.554
12250,06/27/2026 14:27:48,2.975,73.530,17.68,0.37099,70.555
12251,06/27/2026 14:37:48,2.990,73.538,17.97,0.37255,70.548
12252,06/27/2026 14:47:48,2.988,73.496,18.26,0.37236,70.508
12253,06/27/2026 14:57:48,3.001,73.521,18.45,0.37371,70.520
12254,06/27/2026 15:07:48,2.971,73.481,18.54,0.37069,70.510
12255,06/27/2026 15:17:48,2.960,73.448,18.45,0.36955,70.488
12256,06/27/2026 15:27:48,2.963,73.463,18.54,0.36991,70.500
12257,06/27/2026 15:37:48,2.966,73.454,18.54,0.37019,70.488
12258,06/27/2026 15:47:48,2.931,73.432,18.64,0.36668,70.501
12259,06/27/2026 15:57:48,2.970,73.438,18.73,0.37063,70.468
12260,06/27/2026 16:07:48,2.947,73.420,18.73,0.36823,70.473
12261,06/27/2026 16:17:48,2.948,73.419,18.64,0.36830,70.471
12262,06/27/2026 16:27:48,2.953,73.420,18.73,0.36887,70.467
12263,06/27/2026 16:37:48,2.952,73.400,18.92,0.36874,70.448
12264,06/27/2026 16:47:48,2.934,73.409,18.92,0.36691,70.475
12265,06/27/2026 16:57:48,2.928,73.354,18.92,0.36634,70.426
12266,06/27/2026 17:07:48,2.934,73.380,18.83,0.36697,70.446
12267,06/27/2026 17:17:48,2.935,73.366,18.73,0.36697,70.431
12268,06/27/2026 17:27:48,2.934,73.347,18.73,0.36697,70.413
12269,06/27/2026 17:37:48,2.932,73.343,18.73,0.36668,70.411
12270,06/27/2026 17:47:48,2.932,73.333,18.64,0.36668,70.401
12271,06/27/2026 17:57:48,2.934,73.331,18.54,0.36695,70.397
12272,06/27/2026 18:07:48,2.934,73.343,18.35,0.36687,70.409
12273,06/27/2026 18:17:48,2.910,73.327,18.16,0.36440,70.417
12274,06/27/2026 18:27:48,2.923,73.352,17.97,0.36572,70.429
12275,06/27/2026 18:37:48,2.909,73.354,17.78,0.36430,70.445
12276,06/27/2026 18:47:48,2.927,73.361,17.59,0.36612,70.434
12277,06/27/2026 18:57:48,2.911,73.349,17.40,0.36456,70.438
12278,06/27/2026 19:07:48,2.894,73.332,17.11,0.36279,70.438
12279,06/27/2026 19:17:48,2.903,73.356,16.83,0.36369,70.453
12280,06/27/2026 19:27:48,2.898,73.336,16.64,0.36311,70.438
12281,06/27/2026 19:37:48,2.899,73.342,16.35,0.36317,70.443
12282,06/27/2026 19:47:48,2.903,73.353,16.16,0.36365,70.450
12283,06/27/2026 19:57:48,2.879,73.333,15.97,0.36111,70.454
12284,06/27/2026 20:07:48,2.883,73.340,15.78,0.36152,70.457
12285,06/27/2026 20:17:48,2.893,73.347,15.59,0.36250,70.454
12286,06/27/2026 20:27:48,2.886,73.340,15.40,0.36185,70.454
12287,06/27/2026 20:37:48,2.869,73.350,15.11,0.36015,70.481
12288,06/27/2026 20:47:48,2.864,73.334,14.82,0.35950,70.470
12289,06/27/2026 20:57:48,2.876,73.350,14.63,0.36076,70.474
12290,06/27/2026 21:07:48,2.887,73.361,14.44,0.36188,70.474
12291,06/27/2026 21:17:48,2.875,73.363,14.15,0.36060,70.488
12292,06/27/2026 21:27:48,2.886,73.374,13.96,0.36179,70.488
12293,06/27/2026 21:37:48,2.886,73.386,13.77,0.36171,70.500
12294,06/27/2026 21:47:48,2.881,73.384,13.57,0.36121,70.503
12295,06/27/2026 21:57:48,2.877,73.376,13.28,0.36084,70.499
12296,06/27/2026 22:07:48,2.875,73.392,13.09,0.36062,70.517
12297,06/27/2026 22:17:48,2.893,73.414,13.00,0.36245,70.521
12298,06/27/2026 22:27:48,2.859,73.376,12.80,0.35892,70.517
12299,06/27/2026 22:37:48,2.878,73.405,12.51,0.36088,70.527
12300,06/27/2026 22:47:48,2.842,73.348,12.32,0.35722,70.506
12301,06/27/2026 22:57:48,2.875,73.369,12.12,0.36058,70.494
12302,06/27/2026 23:07:48,2.885,73.376,11.93,0.36156,70.491
12303,06/27/2026 23:17:48,2.875,73.356,11.74,0.36057,70.481
12304,06/27/2026 23:27:48,2.886,73.359,11.54,0.36162,70.473
12305,06/27/2026 23:37:48,2.874,73.379,11.35,0.36049,70.505
12306,06/27/2026 23:47:48,2.880,73.360,11.25,0.36112,70.480
12307,06/27/2026 23:57:48,2.873,73.359,11.05,0.36027,70.486
12308,06/28/2026 00:07:48,2.883,73.375,10.86,0.36131,70.492
12309,06/28/2026 00:17:48,2.876,73.341,10.66,0.36067,70.465
12310,06/28/2026 00:27:48,2.872,73.339,10.47,0.36025,70.467
12311,06/28/2026 00:37:48,2.877,73.338,10.27,0.36066,70.461
12312,06/28/2026 00:47:48,2.877,73.331,10.08,0.36073,70.454
12313,06/28/2026 00:57:48,2.868,73.335,9.98,0.35981,70.467
12314,06/28/2026 01:07:48,2.885,73.360,9.78,0.36156,70.475
12315,06/28/2026 01:17:48,2.899,73.368,9.68,0.36297,70.469
12316,06/28/2026 01:27:48,2.876,73.359,9.58,0.36057,70.483
12317,06/28/2026 01:37:48,2.872,73.348,9.39,0.36014,70.476
12318,06/28/2026 01:47:48,2.886,73.356,9.29,0.36162,70.470
12319,06/28/2026 01:57:48,2.898,73.360,9.19,0.36281,70.462
12320,06/28/2026 02:07:48,2.870,73.335,8.99,0.35999,70.465
12321,06/28/2026 02:17:48,2.884,73.357,8.89,0.36140,70.473
12322,06/28/2026 02:27:48,2.886,73.361,8.79,0.36154,70.475
12323,06/28/2026 02:37:48,2.882,73.363,8.59,0.36125,70.481
12324,06/28/2026 02:47:48,2.900,73.372,8.49,0.36300,70.472
12325,06/28/2026 02:57:48,2.901,73.375,8.39,0.36314,70.474
12326,06/28/2026 03:07:48,2.902,73.379,8.29,0.36321,70.477
12327,06/28/2026 03:17:48,2.913,73.368,8.09,0.36433,70.455
12328,06/28/2026 03:27:48,2.901,73.359,8.09,0.36314,70.458
12329,06/28/2026 03:37:48,2.913,73.381,7.99,0.36433,70.468
12330,06/28/2026 03:47:48,2.901,73.362,7.89,0.36313,70.461
12331,06/28/2026 03:57:48,2.912,73.379,7.79,0.36425,70.467
12332,06/28/2026 04:07:48,2.898,73.360,7.69,0.36285,70.462
12333,06/28/2026 04:17:48,2.931,73.387,7.59,0.36615,70.456
12334,06/28/2026 04:27:48,2.923,73.377,7.49,0.36530,70.454
12335,06/28/2026 04:37:48,2.959,73.407,7.29,0.36896,70.448
12336,06/28/2026 04:47:48,2.940,73.388,7.19,0.36706,70.448
12337,06/28/2026 04:57:48,2.971,73.428,7.09,0.37022,70.457
12338,06/28/2026 05:07:48,2.936,73.382,6.99,0.36663,70.446
12339,06/28/2026 05:17:48,2.949,73.404,6.89,0.36796,70.455
12340,06/28/2026 05:27:48,2.958,73.412,6.79,0.36888,70.454
12341,06/28/2026 05:37:48,2.950,73.416,6.68,0.36803,70.466
12342,06/28/2026 05:47:48,2.965,73.433,6.58,0.36958,70.468
12343,06/28/2026 05:57:48,2.945,73.423,6.48,0.36754,70.478
12344,06/28/2026 06:07:48,2.958,73.436,6.38,0.36887,70.478
12345,06/28/2026 06:17:48,2.979,73.454,6.38,0.37105,70.475
12346,06/28/2026 06:27:48,2.974,73.453,6.28,0.37056,70.479
12347,06/28/2026 06:37:48,2.968,73.443,6.18,0.36992,70.475
12348,06/28/2026 06:47:48,2.973,73.452,6.07,0.37034,70.479
12349,06/28/2026 06:57:48,2.979,73.464,5.97,0.37104,70.485
12350,06/28/2026 07:07:48,2.982,73.464,5.97,0.37140,70.482
12351,06/28/2026 07:17:48,2.966,73.446,5.87,0.36964,70.480
12352,06/28/2026 07:27:48,2.957,73.432,5.87,0.36879,70.475
12353,06/28/2026 07:37:48,2.970,73.459,5.87,0.37013,70.489
12354,06/28/2026 07:47:48,2.946,73.450,5.87,0.36767,70.504
12355,06/28/2026 07:57:48,2.929,73.437,5.97,0.36598,70.508
12356,06/28/2026 08:07:48,2.910,73.424,6.07,0.36401,70.514
12357,06/28/2026 08:17:48,2.930,73.443,6.18,0.36605,70.513
12358,06/28/2026 08:27:48,2.932,73.445,6.38,0.36620,70.513
12359,06/28/2026 08:37:48,2.946,73.456,6.58,0.36761,70.510
12360,06/28/2026 08:47:48,2.931,73.448,6.79,0.36613,70.517
12361,06/28/2026 08:57:48,2.923,73.441,6.99,0.36529,70.518
12362,06/28/2026 09:07:48,2.944,73.456,7.19,0.36748,70.512
12363,06/28/2026 09:17:48,2.949,73.458,7.39,0.36790,70.509
12364,06/28/2026 09:27:48,2.940,73.455,7.59,0.36706,70.515
12365,06/28/2026 09:37:48,2.954,73.466,7.89,0.36855,70.512
12366,06/28/2026 09:47:48,2.941,73.459,8.09,0.36714,70.518
12367,06/28/2026 09:57:48,2.939,73.457,8.39,0.36694,70.518
12368,06/28/2026 10:07:48,2.945,73.459,8.59,0.36758,70.514
12369,06/28/2026 10:17:48,2.934,73.435,8.99,0.36646,70.501
12370,06/28/2026 10:27:48,2.941,73.433,9.29,0.36717,70.492
12371,06/28/2026 10:37:48,2.947,73.449,9.58,0.36782,70.502
12372,06/28/2026 10:47:48,2.946,73.443,9.88,0.36768,70.497
12373,06/28/2026 10:57:48,2.944,73.427,10.17,0.36755,70.483
12374,06/28/2026 11:07:48,2.916,73.395,10.57,0.36468,70.479
12375,06/28/2026 11:17:48,2.955,73.430,10.96,0.36870,70.475
12376,06/28/2026 11:27:48,2.932,73.420,11.35,0.36640,70.488
12377,06/28/2026 11:37:48,2.960,73.442,11.74,0.36922,70.482
12378,06/28/2026 11:47:48,2.957,73.427,12.03,0.36895,70.470
12379,06/28/2026 11:57:48,2.942,73.408,12.42,0.36742,70.466
12380,06/28/2026 12:07:48,2.950,73.417,12.80,0.36821,70.467
12381,06/28/2026 12:17:48,2.930,73.393,13.19,0.36626,70.463
12382,06/28/2026 12:27:48,2.931,73.387,13.48,0.36634,70.456
12383,06/28/2026 12:37:48,2.947,73.396,13.86,0.36797,70.449
12384,06/28/2026 12:47:48,2.949,73.391,14.25,0.36820,70.442
12385,06/28/2026 12:57:48,2.943,73.381,14.63,0.36766,70.438
12386,06/28/2026 13:07:48,2.911,73.348,14.92,0.36436,70.437
12387,06/28/2026 13:17:48,2.923,73.343,15.30,0.36565,70.420
12388,06/28/2026 13:27:48,2.926,73.339,15.68,0.36588,70.413
12389,06/28/2026 13:37:48,2.925,73.329,16.06,0.36590,70.404
12390,06/28/2026 13:47:48,2.912,73.328,16.35,0.36458,70.416
12391,06/28/2026 13:57:48,2.921,73.322,16.64,0.36551,70.401
12392,06/28/2026 14:07:48,2.913,73.308,16.92,0.36475,70.394
12393,06/28/2026 14:17:48,2.893,73.298,17.30,0.36273,70.405
12394,06/28/2026 14:27:48,2.913,73.297,17.59,0.36471,70.384
12395,06/28/2026 14:37:48,2.903,73.273,17.88,0.36375,70.370
12396,06/28/2026 14:47:48,2.896,73.291,18.16,0.36299,70.395
12397,06/28/2026 14:57:48,2.911,73.284,18.35,0.36455,70.373
12398,06/28/2026 15:07:48,2.893,73.268,18.54,0.36273,70.375
12399,06/28/2026 15:17:48,2.900,73.252,18.73,0.36344,70.352
12400,06/28/2026 15:27:48,2.876,73.236,18.92,0.36106,70.360
12401,06/28/2026 15:37:48,2.890,73.251,19.02,0.36248,70.361
12402,06/28/2026 15:47:48,2.882,73.230,19.11,0.36164,70.348
12403,06/28/2026 15:57:48,2.878,73.200,19.30,0.36130,70.322
12404,06/28/2026 16:07:48,2.877,73.207,19.49,0.36117,70.330
12405,06/28/2026 16:17:48,2.882,73.230,19.49,0.36166,70.348
12406,06/28/2026 16:27:48,2.879,73.195,19.59,0.36131,70.316
12407,06/28/2026 16:37:48,2.856,73.190,19.59,0.35906,70.334
12408,06/28/2026 16:47:48,2.858,73.186,19.59,0.35920,70.328
12409,06/28/2026 16:57:48,2.864,73.186,19.59,0.35983,70.322
12410,06/28/2026 17:07:48,2.870,73.199,19.59,0.36047,70.329
12411,06/28/2026 17:17:48,2.856,73.162,19.49,0.35898,70.306
12412,06/28/2026 17:27:48,2.841,73.162,19.49,0.35743,70.321
12413,06/28/2026 17:37:48,2.845,73.155,19.30,0.35784,70.310
12414,06/28/2026 17:47:48,2.841,73.140,19.21,0.35749,70.299
12415,06/28/2026 17:57:48,2.855,73.162,19.11,0.35882,70.307
12416,06/28/2026 18:07:48,2.831,73.120,19.02,0.35635,70.289
12417,06/28/2026 18:17:48,2.830,73.135,18.83,0.35634,70.305
12418,06/28/2026 18:27:48,2.832,73.129,18.64,0.35647,70.297
12419,06/28/2026 18:37:48,2.833,73.132,18.54,0.35660,70.299
12420,06/28/2026 18:47:48,2.796,73.106,18.26,0.35278,70.310
12421,06/28/2026 18:57:48,2.832,73.144,18.07,0.35650,70.312
12422,06/28/2026 19:07:48,2.812,73.119,17.88,0.35445,70.307
12423,06/28/2026 19:17:48,2.825,73.132,17.78,0.35571,70.307
12424,06/28/2026 19:27:48,2.814,73.129,17.59,0.35464,70.315
12425,06/28/2026 19:37:48,2.822,73.141,17.40,0.35541,70.319
12426,06/28/2026 19:47:48,2.814,73.129,17.21,0.35462,70.315
12427,06/28/2026 19:57:48,2.820,73.132,17.02,0.35518,70.312
12428,06/28/2026 20:07:48,2.812,73.120,16.83,0.35439,70.308
12429,06/28/2026 20:17:48,2.822,73.128,16.73,0.35544,70.306
12430,06/28/2026 20:27:48,2.829,73.144,16.54,0.35614,70.315
12431,06/28/2026 20:37:48,2.829,73.147,16.35,0.35606,70.318
12432,06/28/2026 20:47:48,2.827,73.148,16.06,0.35583,70.321
12433,06/28/2026 20:57:48,2.833,73.155,15.87,0.35646,70.322
12434,06/28/2026 21:07:48,2.836,73.157,15.68,0.35680,70.321
12435,06/28/2026 21:17:48,2.864,73.195,15.40,0.35960,70.331
12436,06/28/2026 21:27:48,2.851,73.188,15.20,0.35825,70.337
12437,06/28/2026 21:37:48,2.847,73.186,15.01,0.35782,70.339
12438,06/28/2026 21:47:48,2.833,73.183,14.73,0.35640,70.350
12439,06/28/2026 21:57:48,2.862,73.222,14.53,0.35935,70.360
12440,06/28/2026 22:07:48,2.856,73.219,14.25,0.35870,70.363
12441,06/28/2026 22:17:48,2.858,73.226,14.05,0.35890,70.368
12442,06/28/2026 22:27:48,2.884,73.251,13.86,0.36157,70.367
12443,06/28/2026 22:37:48,2.852,73.222,13.67,0.35825,70.370
12444,06/28/2026 22:47:48,2.867,73.238,13.48,0.35979,70.371
12445,06/28/2026 22:57:48,2.877,73.248,13.19,0.36084,70.371
12446,06/28/2026 23:07:48,2.864,73.233,13.00,0.35942,70.369
12447,06/28/2026 23:17:48,2.879,73.240,12.80,0.36096,70.361
12448,06/28/2026 23:27:48,2.871,73.233,12.61,0.36018,70.362
12449,06/28/2026 23:37:48,2.879,73.240,12.42,0.36102,70.361
12450,06/28/2026 23:47:48,2.891,73.257,12.22,0.36221,70.366
12451,06/28/2026 23:57:48,2.885,73.246,12.03,0.36157,70.361
12452,06/29/2026 00:07:48,2.874,73.235,11.83,0.36043,70.361
12453,06/29/2026 00:17:48,2.883,73.246,11.64,0.36141,70.363
12454,06/29/2026 00:27:48,2.896,73.249,11.44,0.36267,70.353
12455,06/29/2026 00:37:48,2.878,73.229,11.25,0.36083,70.351
12456,06/29/2026 00:47:48,2.900,73.250,11.05,0.36308,70.350
12457,06/29/2026 00:57:48,2.876,73.225,10.86,0.36068,70.349
12458,06/29/2026 01:07:48,2.916,73.264,10.66,0.36475,70.348
12459,06/29/2026 01:17:48,2.905,73.253,10.47,0.36362,70.348
12460,06/29/2026 01:27:48,2.884,73.229,10.27,0.36144,70.345
12461,06/29/2026 01:37:48,2.898,73.241,10.08,0.36284,70.343
12462,06/29/2026 01:47:48,2.912,73.262,9.88,0.36424,70.350
12463,06/29/2026 01:57:48,2.913,73.265,9.78,0.36438,70.352
12464,06/29/2026 02:07:48,2.898,73.245,9.58,0.36289,70.347
12465,06/29/2026 02:17:48,2.910,73.253,9.39,0.36401,70.343
12466,06/29/2026 02:27:48,2.921,73.269,9.19,0.36520,70.348
12467,06/29/2026 02:37:48,2.917,73.273,9.09,0.36471,70.356
12468,06/29/2026 02:47:48,2.895,73.262,8.89,0.36252,70.367
12469,06/29/2026 02:57:48,2.918,73.278,8.69,0.36491,70.360
12470,06/29/2026 03:07:48,2.928,73.286,8.59,0.36589,70.358
12471,06/29/2026 03:17:48,2.907,73.267,8.39,0.36371,70.360
12472,06/29/2026 03:27:48,2.926,73.279,8.19,0.36560,70.353
12473,06/29/2026 03:37:48,2.947,73.296,8.09,0.36778,70.349
12474,06/29/2026 03:47:48,2.924,73.276,7.89,0.36545,70.352
12475,06/29/2026 03:57:48,2.941,73.298,7.79,0.36714,70.357
12476,06/29/2026 04:07:48,2.931,73.287,7.59,0.36615,70.356
12477,06/29/2026 04:17:48,2.947,73.313,7.49,0.36784,70.366
12478,06/29/2026 04:27:48,2.940,73.312,7.29,0.36706,70.372
12479,06/29/2026 04:37:48,2.918,73.302,7.19,0.36481,70.384
12480,06/29/2026 04:47:48,2.953,73.341,6.99,0.36839,70.388
12481,06/29/2026 04:57:48,2.939,73.336,6.89,0.36691,70.397
12482,06/29/2026 05:07:48,2.946,73.348,6.68,0.36761,70.402
12483,06/29/2026 05:17:48,2.945,73.351,6.58,0.36761,70.406
12484,06/29/2026 05:27:48,2.949,73.360,6.48,0.36796,70.411
12485,06/29/2026 05:37:48,2.972,73.403,6.28,0.37035,70.431
12486,06/29/2026 05:47:48,2.970,73.412,6.18,0.37006,70.442
12487,06/29/2026 05:57:48,2.967,73.415,6.07,0.36985,70.448
12488,06/29/2026 06:07:48,2.966,73.424,5.97,0.36964,70.458
12489,06/29/2026 06:17:48,2.968,73.436,5.87,0.36992,70.468
12490,06/29/2026 06:27:48,2.989,73.458,5.77,0.37210,70.469
12491,06/29/2026 06:37:48,2.986,73.462,5.67,0.37174,70.476
12492,06/29/2026 06:47:48,2.991,73.461,5.56,0.37230,70.470
12493,06/29/2026 06:57:48,2.971,73.447,5.46,0.37019,70.476
12494,06/29/2026 07:07:48,2.975,73.446,5.36,0.37061,70.471
12495,06/29/2026 07:17:48,2.964,73.451,5.36,0.36949,70.487
12496,06/29/2026 07:27:48,2.963,73.454,5.25,0.36942,70.491
12497,06/29/2026 07:37:48,2.976,73.473,5.25,0.37068,70.497
12498,06/29/2026 07:47:48,2.954,73.459,5.25,0.36843,70.505
12499,06/29/2026 07:57:48,2.961,73.468,5.25,0.36921,70.507
12500,06/29/2026 08:07:48,2.943,73.473,5.36,0.36738,70.530
12501,06/29/2026 08:17:48,2.953,73.506,5.46,0.36837,70.553
12502,06/29/2026 08:27:48,2.924,73.484,5.56,0.36541,70.560
12503,06/29/2026 08:37:48,2.945,73.522,5.77,0.36753,70.577
12504,06/29/2026 08:47:48,2.931,73.505,5.97,0.36612,70.574
12505,06/29/2026 08:57:48,2.932,73.507,6.18,0.36619,70.575
12506,06/29/2026 09:07:48,2.931,73.495,6.38,0.36613,70.564
12507,06/29/2026 09:17:48,2.948,73.519,6.58,0.36789,70.571
12508,06/29/2026 09:27:48,2.932,73.511,6.79,0.36627,70.579
12509,06/29/2026 09:37:48,2.937,73.513,6.99,0.36677,70.576
12510,06/29/2026 09:47:48,2.935,73.534,7.29,0.36650,70.599
12511,06/29/2026 09:57:48,2.948,73.522,7.49,0.36784,70.574
12512,06/29/2026 10:07:48,2.928,73.506,7.79,0.36587,70.578
12513,06/29/2026 10:17:48,2.920,73.504,8.09,0.36504,70.584
12514,06/29/2026 10:27:48,2.938,73.538,8.39,0.36694,70.600
12515,06/29/2026 10:37:48,2.943,73.568,8.69,0.36744,70.625
12516,06/29/2026 10:47:48,2.955,73.576,9.09,0.36865,70.621
12517,06/29/2026 10:57:48,2.930,73.574,9.39,0.36612,70.644
12518,06/29/2026 11:07:48,2.938,73.582,9.78,0.36698,70.644
12519,06/29/2026 11:17:48,2.924,73.567,10.08,0.36551,70.643
12520,06/29/2026 11:27:48,2.932,73.606,10.37,0.36629,70.674
12521,06/29/2026 11:37:48,2.946,73.596,10.76,0.36778,70.650
12522,06/29/2026 11:47:48,2.929,73.599,11.05,0.36603,70.670
12523,06/29/2026 11:57:48,2.929,73.602,11.44,0.36612,70.673
12524,06/29/2026 12:07:48,2.935,73.596,11.74,0.36669,70.661
12525,06/29/2026 12:17:48,2.919,73.582,12.12,0.36509,70.663
12526,06/29/2026 12:27:48,2.938,73.626,12.42,0.36700,70.688
12527,06/29/2026 12:37:48,2.940,73.616,12.80,0.36723,70.676
12528,06/29/2026 12:47:48,2.937,73.602,13.19,0.36689,70.665
12529,06/29/2026 12:57:48,2.920,73.615,13.57,0.36522,70.695
12530,06/29/2026 13:07:48,2.910,73.636,13.86,0.36424,70.726
12531,06/29/2026 13:17:48,2.897,73.622,14.25,0.36292,70.725
12532,06/29/2026 13:27:48,2.905,73.630,14.53,0.36371,70.725
12533,06/29/2026 13:37:48,2.909,73.628,14.82,0.36422,70.719
12534,06/29/2026 13:47:48,2.902,73.627,15.11,0.36346,70.725
12535,06/29/2026 13:57:48,2.893,73.622,15.49,0.36256,70.729
12536,06/29/2026 14:07:48,2.878,73.594,15.78,0.36103,70.716
12537,06/29/2026 14:17:48,2.885,73.592,16.06,0.36182,70.707
12538,06/29/2026 14:27:48,2.889,73.623,16.35,0.36218,70.734
12539,06/29/2026 14:37:48,2.866,73.603,16.64,0.35987,70.737
12540,06/29/2026 14:47:48,2.860,73.571,16.92,0.35919,70.711
12541,06/29/2026 14:57:48,2.869,73.592,17.21,0.36019,70.723
12542,06/29/2026 15:07:48,2.873,73.585,17.40,0.36062,70.712
12543,06/29/2026 15:17:48,2.887,73.615,17.59,0.36204,70.728
12544,06/29/2026 15:27:48,2.860,73.567,17.78,0.35930,70.707
12545,06/29/2026 15:37:48,2.857,73.579,17.97,0.35896,70.722
12546,06/29/2026 15:47:48,2.847,73.567,18.16,0.35806,70.720
12547,06/29/2026 15:57:48,2.873,73.573,18.26,0.36067,70.700
12548,06/29/2026 16:07:48,2.859,73.574,18.35,0.35927,70.715
12549,06/29/2026 16:17:48,2.849,73.558,18.54,0.35829,70.709
12550,06/29/2026 16:27:48,2.828,73.549,18.54,0.35611,70.721
12551,06/29/2026 16:37:48,2.846,73.573,18.64,0.35794,70.727
12552,06/29/2026 16:47:48,2.823,73.555,18.64,0.35555,70.732
12553,06/29/2026 16:57:48,2.826,73.564,18.64,0.35590,70.738
12554,06/29/2026 17:07:48,2.822,73.569,18.64,0.35541,70.747
12555,06/29/2026 17:17:48,2.824,73.569,18.64,0.35562,70.745
12556,06/29/2026 17:27:48,2.816,73.559,18.64,0.35492,70.743
12557,06/29/2026 17:37:48,2.822,73.573,18.64,0.35548,70.751
12558,06/29/2026 17:47:48,2.809,73.558,18.54,0.35421,70.749
12559,06/29/2026 17:57:48,2.829,73.571,18.45,0.35617,70.742
12560,06/29/2026 18:07:48,2.810,73.560,18.35,0.35427,70.750
12561,06/29/2026 18:17:48,2.808,73.563,18.16,0.35397,70.755
12562,06/29/2026 18:27:48,2.796,73.552,18.07,0.35284,70.756
12563,06/29/2026 18:37:48,2.808,73.555,17.88,0.35396,70.747
12564,06/29/2026 18:47:48,2.808,73.566,17.68,0.35402,70.758
12565,06/29/2026 18:57:48,2.794,73.569,17.59,0.35260,70.775
12566,06/29/2026 19:07:48,2.789,73.568,17.49,0.35203,70.779
12567,06/29/2026 19:17:48,2.780,73.571,17.30,0.35118,70.790
12568,06/29/2026 19:27:48,2.782,73.574,17.21,0.35132,70.792
12569,06/29/2026 19:37:48,2.786,73.585,17.02,0.35173,70.799
12570,06/29/2026 19:47:48,2.791,73.598,16.92,0.35222,70.807
12571,06/29/2026 19:57:48,2.787,73.601,16.83,0.35179,70.814
12572,06/29/2026 20:07:48,2.798,73.613,16.64,0.35283,70.815
12573,06/29/2026 20:17:48,2.792,73.619,16.45,0.35233,70.827
12574,06/29/2026 20:27:48,2.769,73.608,16.25,0.34993,70.839
12575,06/29/2026 20:37:48,2.807,73.656,16.06,0.35379,70.849
12576,06/29/2026 20:47:48,2.808,73.666,15.78,0.35392,70.858
12577,06/29/2026 20:57:48,2.809,73.682,15.59,0.35398,70.873
12578,06/29/2026 21:07:48,2.804,73.688,15.30,0.35347,70.884
12579,06/29/2026 21:17:48,2.810,73.699,15.11,0.35410,70.889
12580,06/29/2026 21:27:48,2.819,73.719,14.82,0.35500,70.900
12581,06/29/2026 21:37:48,2.822,73.735,14.63,0.35527,70.913
12582,06/29/2026 21:47:48,2.825,73.742,14.44,0.35554,70.917
12583,06/29/2026 21:57:48,2.825,73.752,14.15,0.35560,70.927
12584,06/29/2026 22:07:48,2.835,73.759,13.96,0.35665,70.924
12585,06/29/2026 22:17:48,2.842,73.776,13.77,0.35720,70.934
12586,06/29/2026 22:27:48,2.837,73.773,13.48,0.35670,70.936
12587,06/29/2026 22:37:48,2.839,73.784,13.28,0.35697,70.945
12588,06/29/2026 22:47:48,2.834,73.782,13.09,0.35647,70.948
12589,06/29/2026 22:57:48,2.841,73.789,12.90,0.35717,70.948
12590,06/29/2026 23:07:48,2.828,73.778,12.71,0.35582,70.950
12591,06/29/2026 23:17:48,2.841,73.784,12.42,0.35715,70.943
12592,06/29/2026 23:27:48,2.839,73.782,12.22,0.35693,70.943
12593,06/29/2026 23:37:48,2.854,73.798,12.03,0.35847,70.944
12594,06/29/2026 23:47:48,2.851,73.809,11.74,0.35811,70.958
12595,06/29/2026 23:57:48,2.845,73.812,11.54,0.35747,70.967
12596,06/30/2026 00:07:48,2.837,73.805,11.35,0.35669,70.968
12597,06/30/2026 00:17:48,2.846,73.817,11.15,0.35760,70.971
12598,06/30/2026 00:27:48,2.869,73.829,10.96,0.35991,70.960
12599,06/30/2026 00:37:48,2.872,73.827,10.76,0.36019,70.955
12600,06/30/2026 00:47:48,2.864,73.812,10.57,0.35933,70.948
12601,06/30/2026 00:57:48,2.874,73.814,10.37,0.36045,70.940
12602,06/30/2026 01:07:48,2.883,73.825,10.08,0.36136,70.942
12603,06/30/2026 01:17:48,2.872,73.801,9.88,0.36016,70.929
12604,06/30/2026 01:27:48,2.865,73.794,9.68,0.35952,70.929
12605,06/30/2026 01:37:48,2.868,73.797,9.48,0.35980,70.929
12606,06/30/2026 01:47:48,2.880,73.804,9.29,0.36106,70.924
12607,06/30/2026 01:57:48,2.883,73.803,9.09,0.36126,70.920
12608,06/30/2026 02:07:48,2.883,73.801,8.89,0.36126,70.918
12609,06/30/2026 02:17:48,2.873,73.785,8.69,0.36034,70.912
12610,06/30/2026 02:27:48,2.885,73.796,8.39,0.36153,70.911
12611,06/30/2026 02:37:48,2.894,73.796,8.29,0.36237,70.902
12612,06/30/2026 02:47:48,2.874,73.780,8.09,0.36039,70.906
12613,06/30/2026 02:57:48,2.893,73.801,7.89,0.36229,70.908
12614,06/30/2026 03:07:48,2.881,73.795,7.69,0.36109,70.914
12615,06/30/2026 03:17:48,2.910,73.816,7.49,0.36404,70.906
12616,06/30/2026 03:27:48,2.885,73.792,7.29,0.36143,70.907
12617,06/30/2026 03:37:48,2.894,73.805,7.19,0.36234,70.911
12618,06/30/2026 03:47:48,2.891,73.807,6.99,0.36213,70.916
12619,06/30/2026 03:57:48,2.926,73.842,6.79,0.36564,70.916
12620,06/30/2026 04:07:48,2.920,73.828,6.68,0.36501,70.908
12621,06/30/2026 04:17:48,2.892,73.812,6.48,0.36219,70.920
12622,06/30/2026 04:27:48,2.896,73.812,6.38,0.36254,70.916
12623,06/30/2026 04:37:48,2.898,73.824,6.18,0.36275,70.926
12624,06/30/2026 04:47:48,2.904,73.836,6.07,0.36338,70.932
12625,06/30/2026 04:57:48,2.908,73.844,5.87,0.36380,70.936
12626,06/30/2026 05:07:48,2.914,73.861,5.77,0.36443,70.947
12627,06/30/2026 05:17:48,2.928,73.874,5.67,0.36584,70.946
12628,06/30/2026 05:27:48,2.935,73.882,5.46,0.36647,70.947
12629,06/30/2026 05:37:48,2.921,73.872,5.36,0.36506,70.951
12630,06/30/2026 05:47:48,2.918,73.875,5.15,0.36478,70.957
12631,06/30/2026 05:57:48,2.934,73.897,5.05,0.36639,70.963
12632,06/30/2026 06:07:48,2.944,73.896,4.94,0.36745,70.952
12633,06/30/2026 06:17:48,2.926,73.881,4.84,0.36562,70.955
12634,06/30/2026 06:27:48,2.937,73.894,4.74,0.36674,70.957
12635,06/30/2026 06:37:48,2.924,73.884,4.63,0.36547,70.960
12636,06/30/2026 06:47:48,2.930,73.893,4.53,0.36597,70.963
12637,06/30/2026 06:57:48,2.945,73.902,4.53,0.36751,70.957
12638,06/30/2026 07:07:48,2.942,73.901,4.43,0.36723,70.959
12639,06/30/2026 07:17:48,2.946,73.905,4.32,0.36765,70.959
12640,06/30/2026 07:27:48,2.946,73.900,4.22,0.36758,70.954
12641,06/30/2026 07:37:48,2.950,73.909,4.22,0.36800,70.959
12642,06/30/2026 07:47:48,2.944,73.900,4.22,0.36737,70.956
12643,06/30/2026 07:57:48,2.942,73.900,4.32,0.36730,70.958
12644,06/30/2026 08:07:48,2.921,73.888,4.43,0.36505,70.967
12645,06/30/2026 08:17:48,2.921,73.879,4.53,0.36512,70.958
12646,06/30/2026 08:27:48,2.908,73.871,4.63,0.36379,70.963
12647,06/30/2026 08:37:48,2.902,73.872,4.84,0.36323,70.970
12648,06/30/2026 08:47:48,2.879,73.848,5.15,0.36077,70.969
12649,06/30/2026 08:57:48,2.902,73.872,5.36,0.36316,70.970
12650,06/30/2026 09:07:48,2.898,73.864,5.56,0.36274,70.966
12651,06/30/2026 09:17:48,2.900,73.857,5.77,0.36295,70.957
12652,06/30/2026 09:27:48,2.905,73.848,5.87,0.36352,70.943
12653,06/30/2026 09:37:48,2.907,73.850,6.07,0.36366,70.943
12654,06/30/2026 09:47:48,2.918,73.858,6.48,0.36479,70.940
12655,06/30/2026 09:57:48,2.907,73.842,6.79,0.36367,70.935
12656,06/30/2026 10:07:48,2.909,73.845,7.19,0.36396,70.936
12657,06/30/2026 10:17:48,2.910,73.852,7.49,0.36404,70.942
12658,06/30/2026 10:27:48,2.918,73.859,7.79,0.36489,70.941
12659,06/30/2026 10:37:48,2.924,73.862,8.09,0.36546,70.938
12660,06/30/2026 10:47:48,2.930,73.861,8.49,0.36603,70.931
12661,06/30/2026 10:57:48,2.934,73.869,8.89,0.36646,70.935
12662,06/30/2026 11:07:48,2.912,73.831,9.29,0.36429,70.919
12663,06/30/2026 11:17:48,2.912,73.844,9.68,0.36430,70.932
12664,06/30/2026 11:27:48,2.911,73.839,10.08,0.36417,70.928
12665,06/30/2026 11:37:48,2.919,73.838,10.47,0.36496,70.919
12666,06/30/2026 11:47:48,2.912,73.819,10.86,0.36427,70.907
12667,06/30/2026 11:57:48,2.910,73.804,11.25,0.36414,70.894
12668,06/30/2026 12:07:48,2.933,73.822,11.64,0.36648,70.889
12669,06/30/2026 12:17:48,2.926,73.809,12.12,0.36572,70.883
12670,06/30/2026 12:27:48,2.914,73.785,12.51,0.36461,70.871
12671,06/30/2026 12:37:48,2.900,73.785,12.90,0.36315,70.885
12672,06/30/2026 12:47:48,2.900,73.766,13.28,0.36316,70.866
12673,06/30/2026 12:57:48,2.881,73.734,13.67,0.36121,70.853
12674,06/30/2026 13:07:48,2.910,73.754,13.86,0.36417,70.844
12675,06/30/2026 13:17:48,2.911,73.748,14.15,0.36433,70.837
12676,06/30/2026 13:27:48,2.892,73.712,14.63,0.36245,70.820
12677,06/30/2026 13:37:48,2.875,73.704,15.11,0.36071,70.829
12678,06/30/2026 13:47:48,2.871,73.689,15.40,0.36030,70.818
12679,06/30/2026 13:57:48,2.871,73.676,15.87,0.36033,70.805
12680,06/30/2026 14:07:48,2.867,73.671,16.16,0.35999,70.803
12681,06/30/2026 14:17:48,2.874,73.674,16.45,0.36064,70.800
12682,06/30/2026 14:27:48,2.887,73.694,16.64,0.36199,70.807
12683,06/30/2026 14:37:48,2.871,73.666,16.92,0.36038,70.795
12684,06/30/2026 14:47:48,2.905,73.698,17.30,0.36385,70.793
12685,06/30/2026 14:57:48,2.874,73.656,17.59,0.36070,70.782
12686,06/30/2026 15:07:48,2.865,73.637,17.97,0.35988,70.772
12687,06/30/2026 15:17:48,2.863,73.613,18.16,0.35961,70.750
12688,06/30/2026 15:27:48,2.882,73.647,18.35,0.36152,70.765
12689,06/30/2026 15:37:48,2.859,73.601,18.35,0.35927,70.742
12690,06/30/2026 15:47:48,2.859,73.580,18.45,0.35920,70.721
12691,06/30/2026 15:57:48,2.862,73.596,18.64,0.35956,70.734
12692,06/30/2026 16:07:48,2.886,73.614,18.64,0.36203,70.728
12693,06/30/2026 16:17:48,2.866,73.598,18.45,0.35998,70.732
12694,06/30/2026 16:27:48,2.849,73.617,18.16,0.35820,70.768
12695,06/30/2026 16:37:48,2.841,73.601,17.97,0.35741,70.760
12696,06/30/2026 16:47:48,2.846,73.601,18.35,0.35793,70.755
12697,06/30/2026 16:57:48,2.829,73.582,18.64,0.35618,70.753
12698,06/30/2026 17:07:48,2.822,73.573,18.64,0.35548,70.751
12699,06/30/2026 17:17:48,2.831,73.593,18.45,0.35645,70.762
12700,06/30/2026 17:27:48,2.836,73.590,18.16,0.35686,70.754
12701,06/30/2026 17:37:48,2.814,73.565,17.97,0.35460,70.751
12702,06/30/2026 17:47:48,2.836,73.586,17.88,0.35691,70.750
12703,06/30/2026 17:57:48,2.839,73.598,17.68,0.35712,70.759
12704,06/30/2026 18:07:48,2.811,73.565,17.59,0.35429,70.754
12705,06/30/2026 18:17:48,2.810,73.559,17.49,0.35422,70.749
12706,06/30/2026 18:27:48,2.816,73.572,17.40,0.35478,70.756
12707,06/30/2026 18:37:48,2.800,73.557,17.30,0.35315,70.757
12708,06/30/2026 18:47:48,2.810,73.565,17.21,0.35413,70.755
12709,06/30/2026 18:57:48,2.812,73.582,17.11,0.35434,70.770
12710,06/30/2026 19:07:48,2.819,73.599,17.02,0.35504,70.780
12711,06/30/2026 19:17:48,2.811,73.601,16.83,0.35425,70.790
12712,06/30/2026 19:27:48,2.806,73.594,16.64,0.35375,70.788
12713,06/30/2026 19:37:48,2.807,73.592,16.45,0.35381,70.785
12714,06/30/2026 19:47:48,2.801,73.587,16.35,0.35317,70.786
12715,06/30/2026 19:57:48,2.818,73.599,16.25,0.35493,70.781
12716,06/30/2026 20:07:48,2.829,73.729,16.16,0.35612,70.900
12717,06/30/2026 20:17:48,2.834,73.645,15.87,0.35653,70.811
12718,06/30/2026 20:27:48,2.846,73.620,15.68,0.35771,70.774
12719,06/30/2026 20:37:48,2.834,73.618,15.49,0.35651,70.784
12720,06/30/2026 20:47:48,2.826,73.617,15.40,0.35566,70.791
12721,06/30/2026 20:57:48,2.839,73.628,15.20,0.35706,70.789
12722,06/30/2026 21:07:48,2.845,73.644,15.01,0.35761,70.799
12723,06/30/2026 21:17:48,2.834,73.636,14.73,0.35654,70.802
12724,06/30/2026 21:27:48,2.851,73.648,14.53,0.35822,70.797
12725,06/30/2026 21:37:48,2.810,73.623,14.34,0.35406,70.813
12726,06/30/2026 21:47:48,2.849,73.675,14.15,0.35806,70.826
12727,06/30/2026 21:57:48,2.859,73.696,13.96,0.35904,70.837
12728,06/30/2026 22:07:48,2.850,73.694,13.77,0.35812,70.844
12729,06/30/2026 22:17:48,2.867,73.709,13.48,0.35979,70.842
12730,06/30/2026 22:27:48,2.871,73.725,13.28,0.36021,70.854
12731,06/30/2026 22:37:48,2.864,73.714,13.09,0.35950,70.850
12732,06/30/2026 22:47:48,2.864,73.717,12.90,0.35942,70.853
12733,06/30/2026 22:57:48,2.855,73.705,12.61,0.35849,70.850
12734,06/30/2026 23:07:48,2.874,73.707,12.42,0.36053,70.833
12735,06/30/2026 23:17:48,2.854,73.696,12.22,0.35848,70.842
12736,06/30/2026 23:27:48,2.852,73.685,12.03,0.35826,70.833
12737,06/30/2026 23:37:48,2.843,73.679,11.83,0.35727,70.836
12738,06/30/2026 23:47:48,2.876,73.709,11.64,0.36064,70.833
12739,06/30/2026 23:57:48,2.849,73.684,11.44,0.35789,70.835
12740,07/01/2026 00:07:48,2.869,73.700,11.25,0.35992,70.831
12741,07/01/2026 00:17:48,2.880,73.716,11.05,0.36111,70.836
12742,07/01/2026 00:27:48,2.867,73.696,10.86,0.35977,70.829
12743,07/01/2026 00:37:48,2.868,73.699,10.66,0.35983,70.831
12744,07/01/2026 00:47:48,2.860,73.693,10.47,0.35898,70.833
12745,07/01/2026 00:57:48,2.867,73.691,10.27,0.35968,70.824
12746,07/01/2026 01:07:48,2.864,73.694,10.08,0.35932,70.830
12747,07/01/2026 01:17:48,2.877,73.710,9.88,0.36072,70.833
12748,07/01/2026 01:27:48,2.878,73.714,9.78,0.36079,70.836
12749,07/01/2026 01:37:48,2.884,73.716,9.58,0.36142,70.832
12750,07/01/2026 01:47:48,2.889,73.728,9.39,0.36190,70.839
12751,07/01/2026 01:57:48,2.899,73.735,9.19,0.36295,70.836
12752,07/01/2026 02:07:48,2.897,73.734,8.99,0.36267,70.837
12753,07/01/2026 02:17:48,2.879,73.718,8.79,0.36090,70.839
12754,07/01/2026 02:27:48,2.891,73.726,8.59,0.36209,70.835
12755,07/01/2026 02:37:48,2.912,73.743,8.49,0.36420,70.831
12756,07/01/2026 02:47:48,2.914,73.755,8.29,0.36441,70.841
12757,07/01/2026 02:57:48,2.901,73.744,8.09,0.36314,70.843
12758,07/01/2026 03:07:48,2.916,73.761,7.89,0.36461,70.845
12759,07/01/2026 03:17:48,2.890,73.746,7.79,0.36200,70.856
12760,07/01/2026 03:27:48,2.908,73.758,7.59,0.36383,70.850
12761,07/01/2026 03:37:48,2.920,73.770,7.39,0.36502,70.850
12762,07/01/2026 03:47:48,2.915,73.765,7.29,0.36446,70.850
12763,07/01/2026 03:57:48,2.911,73.767,7.09,0.36417,70.856
12764,07/01/2026 04:07:48,2.948,73.811,6.89,0.36789,70.863
12765,07/01/2026 04:17:48,2.933,73.797,6.79,0.36635,70.864
12766,07/01/2026 04:27:48,2.935,73.800,6.58,0.36648,70.865
12767,07/01/2026 04:37:48,2.934,73.803,6.48,0.36648,70.869
12768,07/01/2026 04:47:48,2.931,73.802,6.28,0.36613,70.871
12769,07/01/2026 04:57:48,2.958,73.837,6.18,0.36894,70.879
12770,07/01/2026 05:07:48,2.946,73.827,5.97,0.36760,70.881
12771,07/01/2026 05:17:48,2.961,73.848,5.87,0.36921,70.887
12772,07/01/2026 05:27:48,2.945,73.838,5.67,0.36752,70.893
12773,07/01/2026 05:37:48,2.931,73.828,5.56,0.36612,70.897
12774,07/01/2026 05:47:48,2.950,73.859,5.46,0.36801,70.909
12775,07/01/2026 05:57:48,2.970,73.894,5.25,0.37005,70.924
12776,07/01/2026 06:07:48,2.955,73.884,5.15,0.36850,70.929
12777,07/01/2026 06:17:48,2.982,73.915,5.05,0.37131,70.933
12778,07/01/2026 06:27:48,2.957,73.896,4.94,0.36871,70.939
12779,07/01/2026 06:37:48,2.949,73.900,4.84,0.36794,70.951
12780,07/01/2026 06:47:48,2.970,73.926,4.74,0.37012,70.956
12781,07/01/2026 06:57:48,2.952,73.912,4.63,0.36822,70.960
12782,07/01/2026 07:07:48,2.952,73.912,4.63,0.36822,70.960
12783,07/01/2026 07:17:48,2.958,73.920,4.53,0.36885,70.962
12784,07/01/2026 07:27:48,2.937,73.906,4.53,0.36674,70.969
12785,07/01/2026 07:37:48,2.947,73.920,4.53,0.36772,70.973
12786,07/01/2026 07:47:48,2.938,73.915,4.53,0.36688,70.977
12787,07/01/2026 07:57:48,2.936,73.920,4.53,0.36660,70.984
12788,07/01/2026 08:07:48,2.941,73.934,4.63,0.36716,70.993
12789,07/01/2026 08:17:48,2.928,73.926,4.74,0.36583,70.998
12790,07/01/2026 08:27:48,2.920,73.922,4.84,0.36498,71.002
12791,07/01/2026 08:37:48,2.944,73.946,5.05,0.36745,71.002
12792,07/01/2026 08:47:48,2.904,73.911,5.15,0.36337,71.007
12793,07/01/2026 08:57:48,2.909,73.921,5.36,0.36393,71.012
12794,07/01/2026 09:07:48,2.908,73.923,5.56,0.36380,71.015
12795,07/01/2026 09:17:48,2.927,73.934,5.77,0.36570,71.007
12796,07/01/2026 09:27:48,2.916,73.918,6.07,0.36458,71.002
12797,07/01/2026 09:37:48,2.894,73.897,6.28,0.36233,71.003
12798,07/01/2026 09:47:48,2.905,73.894,6.48,0.36346,70.989
12799,07/01/2026 09:57:48,2.913,73.905,6.79,0.36438,70.992
12800,07/01/2026 10:07:48,2.928,73.908,7.09,0.36579,70.980
12801,07/01/2026 10:17:48,2.919,73.901,7.39,0.36495,70.982
12802,07/01/2026 10:27:48,2.925,73.904,7.69,0.36552,70.979
12803,07/01/2026 10:37:48,2.908,73.893,7.99,0.36377,70.985
12804,07/01/2026 10:47:48,2.902,73.891,8.29,0.36321,70.989
12805,07/01/2026 10:57:48,2.915,73.899,8.69,0.36449,70.984
12806,07/01/2026 11:07:48,2.904,73.901,8.99,0.36344,70.997
12807,07/01/2026 11:17:48,2.908,73.909,9.39,0.36387,71.001
12808,07/01/2026 11:27:48,2.925,73.917,9.78,0.36564,70.992
12809,07/01/2026 11:37:48,2.913,73.916,10.08,0.36431,71.003
12810,07/01/2026 11:47:48,2.918,73.928,10.47,0.36496,71.010
12811,07/01/2026 11:57:48,2.909,73.914,10.86,0.36399,71.005
12812,07/01/2026 12:07:48,2.933,73.936,11.25,0.36646,71.003
12813,07/01/2026 12:17:48,2.903,73.912,11.64,0.36345,71.009
12814,07/01/2026 12:27:48,2.920,73.926,12.12,0.36523,71.006
12815,07/01/2026 12:37:48,2.895,73.885,12.51,0.36264,70.990
12816,07/01/2026 12:47:48,2.906,73.884,12.90,0.36378,70.978
12817,07/01/2026 12:57:48,2.907,73.888,13.28,0.36394,70.981
12818,07/01/2026 13:07:48,2.914,73.879,13.67,0.36459,70.965
12819,07/01/2026 13:17:48,2.913,73.874,14.05,0.36453,70.961
12820,07/01/2026 13:27:48,2.917,73.873,14.44,0.36497,70.956
12821,07/01/2026 13:37:48,2.915,73.850,14.82,0.36478,70.935
12822,07/01/2026 13:47:48,2.904,73.832,15.20,0.36367,70.928
12823,07/01/2026 13:57:48,2.890,73.795,15.59,0.36228,70.905
12824,07/01/2026 14:07:48,2.878,73.776,15.87,0.36103,70.898
12825,07/01/2026 14:17:48,2.887,73.792,16.06,0.36196,70.905
12826,07/01/2026 14:27:48,2.897,73.793,16.16,0.36302,70.896
12827,07/01/2026 14:37:48,2.881,73.780,16.64,0.36142,70.899
12828,07/01/2026 14:47:48,2.876,73.779,16.92,0.36095,70.903
12829,07/01/2026 14:57:48,2.883,73.771,17.40,0.36168,70.888
12830,07/01/2026 15:07:48,2.868,73.747,17.68,0.36014,70.879
12831,07/01/2026 15:17:48,2.889,73.759,17.88,0.36227,70.870
12832,07/01/2026 15:27:48,2.859,73.721,18.16,0.35925,70.862
12833,07/01/2026 15:37:48,2.867,73.719,18.35,0.36011,70.852
12834,07/01/2026 15:47:48,2.866,73.722,18.54,0.35991,70.856
12835,07/01/2026 15:57:48,2.870,73.741,18.64,0.36034,70.871
12836,07/01/2026 16:07:48,2.864,73.715,18.73,0.35978,70.851
12837,07/01/2026 16:17:48,2.858,73.698,18.83,0.35915,70.840
12838,07/01/2026 16:27:48,2.855,73.695,18.92,0.35881,70.840
12839,07/01/2026 16:37:48,2.849,73.686,18.92,0.35817,70.837
12840,07/01/2026 16:47:48,2.839,73.672,18.92,0.35719,70.833
12841,07/01/2026 16:57:48,2.821,73.650,19.02,0.35543,70.829
12842,07/01/2026 17:07:48,2.839,73.673,19.02,0.35726,70.834
12843,07/01/2026 17:17:48,2.819,73.655,19.02,0.35522,70.836
12844,07/01/2026 17:27:48,2.826,73.655,19.02,0.35592,70.829
12845,07/01/2026 17:37:48,2.814,73.649,18.92,0.35472,70.835
12846,07/01/2026 17:47:48,2.804,73.639,18.83,0.35366,70.835
12847,07/01/2026 17:57:48,2.809,73.642,18.73,0.35422,70.833
12848,07/01/2026 18:07:48,2.815,73.658,18.54,0.35477,70.843
12849,07/01/2026 18:17:48,2.792,73.639,18.45,0.35237,70.847
12850,07/01/2026 18:27:48,2.803,73.655,18.26,0.35349,70.852
12851,07/01/2026 18:37:48,2.808,73.667,18.16,0.35404,70.859
12852,07/01/2026 18:47:48,2.791,73.660,17.97,0.35227,70.869
12853,07/01/2026 18:57:48,2.822,73.695,17.88,0.35544,70.873
12854,07/01/2026 19:07:48,2.808,73.685,17.78,0.35402,70.877
12855,07/01/2026 19:17:48,2.780,73.670,17.68,0.35120,70.890
12856,07/01/2026 19:27:48,2.789,73.686,17.49,0.35203,70.897
12857,07/01/2026 19:37:48,2.786,73.670,17.30,0.35174,70.884
12858,07/01/2026 19:47:48,2.789,73.687,17.21,0.35209,70.898
12859,07/01/2026 19:57:48,2.775,73.671,17.02,0.35060,70.896
12860,07/01/2026 20:07:48,2.805,73.701,16.83,0.35362,70.896
12861,07/01/2026 20:17:48,2.791,73.698,16.54,0.35213,70.907
12862,07/01/2026 20:27:48,2.803,73.714,16.35,0.35338,70.911
12863,07/01/2026 20:37:48,2.805,73.719,16.06,0.35365,70.914
12864,07/01/2026 20:47:48,2.783,73.704,15.87,0.35132,70.921
12865,07/01/2026 20:57:48,2.810,73.733,15.68,0.35412,70.923
12866,07/01/2026 21:07:48,2.806,73.739,15.40,0.35369,70.933
12867,07/01/2026 21:17:48,2.805,73.746,15.20,0.35354,70.941
12868,07/01/2026 21:27:48,2.821,73.771,15.01,0.35515,70.950
12869,07/01/2026 21:37:48,2.830,73.786,14.73,0.35605,70.956
12870,07/01/2026 21:47:48,2.835,73.806,14.53,0.35667,70.971
12871,07/01/2026 21:57:48,2.823,73.804,14.34,0.35540,70.981
12872,07/01/2026 22:07:48,2.826,73.810,14.05,0.35567,70.984
12873,07/01/2026 22:17:48,2.819,73.808,13.86,0.35496,70.989
12874,07/01/2026 22:27:48,2.831,73.823,13.57,0.35621,70.992
12875,07/01/2026 22:37:48,2.836,73.821,13.38,0.35669,70.985
12876,07/01/2026 22:47:48,2.857,73.851,13.19,0.35880,70.994
12877,07/01/2026 22:57:48,2.858,73.863,13.00,0.35886,71.005
12878,07/01/2026 23:07:48,2.835,73.833,12.71,0.35646,70.998
12879,07/01/2026 23:17:48,2.840,73.844,12.51,0.35701,71.004
12880,07/01/2026 23:27:48,2.859,73.869,12.32,0.35897,71.010
12881,07/01/2026 23:37:48,2.884,73.895,12.12,0.36143,71.011
12882,07/01/2026 23:47:48,2.873,73.875,11.93,0.36030,71.002
12883,07/01/2026 23:57:48,2.854,73.858,11.64,0.35839,71.004
12884,07/02/2026 00:07:48,2.862,73.865,11.44,0.35922,71.003
12885,07/02/2026 00:17:48,2.880,73.877,11.25,0.36105,70.997
12886,07/02/2026 00:27:48,2.867,73.866,11.05,0.35970,70.999
12887,07/02/2026 00:37:48,2.881,73.878,10.86,0.36110,70.997
12888,07/02/2026 00:47:48,2.873,73.880,10.66,0.36039,71.007
12889,07/02/2026 00:57:48,2.857,73.869,10.47,0.35870,71.012
12890,07/02/2026 01:07:48,2.864,73.872,10.27,0.35940,71.008
12891,07/02/2026 01:17:48,2.874,73.879,10.08,0.36045,71.005
12892,07/02/2026 01:27:48,2.887,73.882,9.88,0.36171,70.995
12893,07/02/2026 01:37:48,2.878,73.875,9.58,0.36078,70.997
12894,07/02/2026 01:47:48,2.894,73.896,9.39,0.36239,71.002
12895,07/02/2026 01:57:48,2.874,73.876,9.19,0.36035,71.002
12896,07/02/2026 02:07:48,2.909,73.910,8.99,0.36400,71.001
12897,07/02/2026 02:17:48,2.897,73.891,8.79,0.36266,70.994
12898,07/02/2026 02:27:48,2.906,73.902,8.59,0.36364,70.996
12899,07/02/2026 02:37:48,2.924,73.919,8.39,0.36546,70.995
12900,07/02/2026 02:47:48,2.907,73.899,8.19,0.36370,70.992
12901,07/02/2026 02:57:48,2.890,73.884,8.09,0.36201,70.994
12902,07/02/2026 03:07:48,2.904,73.901,7.89,0.36341,70.997
12903,07/02/2026 03:17:48,2.910,73.908,7.69,0.36404,70.998
12904,07/02/2026 03:27:48,2.894,73.884,7.49,0.36235,70.990
12905,07/02/2026 03:37:48,2.900,73.892,7.39,0.36298,70.992
12906,07/02/2026 03:47:48,2.886,73.877,7.19,0.36157,70.991
12907,07/02/2026 03:57:48,2.910,73.907,6.99,0.36403,70.997
12908,07/02/2026 04:07:48,2.913,73.924,6.89,0.36431,71.011
12909,07/02/2026 04:17:48,2.921,73.941,6.68,0.36508,71.020
12910,07/02/2026 04:27:48,2.912,73.935,6.48,0.36416,71.023
12911,07/02/2026 04:37:48,2.928,73.957,6.38,0.36578,71.029
12912,07/02/2026 04:47:48,2.930,73.965,6.28,0.36599,71.035
12913,07/02/2026 04:57:48,2.910,73.941,6.07,0.36394,71.031
12914,07/02/2026 05:07:48,2.925,73.957,5.87,0.36549,71.032
12915,07/02/2026 05:17:48,2.916,73.952,5.77,0.36457,71.036
12916,07/02/2026 05:27:48,2.940,73.992,5.67,0.36703,71.052
12917,07/02/2026 05:37:48,2.924,73.981,5.46,0.36541,71.057
12918,07/02/2026 05:47:48,2.926,73.985,5.36,0.36562,71.059
12919,07/02/2026 05:57:48,2.919,73.989,5.25,0.36485,71.070
12920,07/02/2026 06:07:48,2.907,73.978,5.05,0.36365,71.071
12921,07/02/2026 06:17:48,2.937,74.009,4.94,0.36674,71.072
12922,07/02/2026 06:27:48,2.940,74.008,4.84,0.36702,71.068
12923,07/02/2026 06:37:48,2.954,74.026,4.74,0.36843,71.072
12924,07/02/2026 06:47:48,2.908,73.989,4.63,0.36372,71.081
12925,07/02/2026 06:57:48,2.936,74.016,4.63,0.36660,71.080
12926,07/02/2026 07:07:48,2.933,74.015,4.53,0.36632,71.082
12927,07/02/2026 07:17:48,2.946,74.037,4.43,0.36765,71.091
12928,07/02/2026 07:27:48,2.944,74.041,4.43,0.36751,71.097
12929,07/02/2026 07:37:48,2.927,74.027,4.32,0.36568,71.100
12930,07/02/2026 07:47:48,2.932,74.041,4.32,0.36618,71.109
12931,07/02/2026 07:57:48,2.936,74.050,4.43,0.36667,71.114
12932,07/02/2026 08:07:48,2.904,74.029,4.53,0.36329,71.125
12933,07/02/2026 08:17:48,2.930,74.066,4.63,0.36597,71.136
12934,07/02/2026 08:27:48,2.898,74.039,4.74,0.36273,71.141
12935,07/02/2026 08:37:48,2.898,74.050,4.94,0.36273,71.152
12936,07/02/2026 08:47:48,2.887,74.047,5.15,0.36161,71.160
12937,07/02/2026 08:57:48,2.883,74.044,5.36,0.36119,71.161
12938,07/02/2026 09:07:48,2.908,74.064,5.67,0.36380,71.156
12939,07/02/2026 09:17:48,2.907,74.061,5.87,0.36373,71.154
12940,07/02/2026 09:27:48,2.894,74.045,6.07,0.36233,71.151
12941,07/02/2026 09:37:48,2.897,74.052,6.38,0.36261,71.155
12942,07/02/2026 09:47:48,2.912,74.062,6.58,0.36423,71.150
12943,07/02/2026 09:57:48,2.894,74.042,6.89,0.36234,71.148
12944,07/02/2026 10:07:48,2.929,74.072,7.19,0.36593,71.143
12945,07/02/2026 10:17:48,2.901,74.052,7.49,0.36305,71.151
12946,07/02/2026 10:27:48,2.911,74.063,7.79,0.36411,71.152
12947,07/02/2026 10:37:48,2.922,74.084,8.09,0.36525,71.162
12948,07/02/2026 10:47:48,2.928,74.086,8.39,0.36589,71.158
12949,07/02/2026 10:57:48,2.909,74.076,8.79,0.36400,71.167
12950,07/02/2026 11:07:48,2.924,74.088,9.09,0.36548,71.164
12951,07/02/2026 11:17:48,2.923,74.096,9.48,0.36535,71.173
12952,07/02/2026 11:27:48,2.915,74.081,9.88,0.36466,71.166
12953,07/02/2026 11:37:48,2.914,74.085,10.27,0.36453,71.171
12954,07/02/2026 11:47:48,2.916,74.080,10.66,0.36468,71.164
12955,07/02/2026 11:57:48,2.922,74.098,11.15,0.36533,71.176
12956,07/02/2026 12:07:48,2.913,74.084,11.54,0.36443,71.171
12957,07/02/2026 12:17:48,2.901,74.060,11.93,0.36325,71.159
12958,07/02/2026 12:27:48,2.898,74.060,12.32,0.36291,71.162
12959,07/02/2026 12:37:48,2.935,74.086,12.71,0.36673,71.151
12960,07/02/2026 12:47:48,2.896,74.045,13.09,0.36273,71.149
12961,07/02/2026 12:57:48,2.901,74.049,13.48,0.36331,71.148
12962,07/02/2026 13:07:48,2.890,74.030,13.86,0.36220,71.140
12963,07/02/2026 13:17:48,2.899,74.016,14.25,0.36314,71.117
12964,07/02/2026 13:27:48,2.894,74.011,14.53,0.36259,71.117
12965,07/02/2026 13:37:48,2.890,74.000,14.82,0.36225,71.110
12966,07/02/2026 13:47:48,2.903,74.017,15.11,0.36353,71.114
12967,07/02/2026 13:57:48,2.889,73.983,15.30,0.36213,71.094
12968,07/02/2026 14:07:48,2.900,73.996,15.68,0.36328,71.096
12969,07/02/2026 14:17:48,2.881,73.985,15.87,0.36131,71.104
12970,07/02/2026 14:27:48,2.875,73.973,16.06,0.36076,71.098
12971,07/02/2026 14:37:48,2.900,73.995,16.35,0.36331,71.095
12972,07/02/2026 14:47:48,2.868,73.950,16.45,0.36008,71.082
12973,07/02/2026 14:57:48,2.893,73.981,16.73,0.36263,71.088
12974,07/02/2026 15:07:48,2.849,73.933,16.92,0.35820,71.084
12975,07/02/2026 15:17:48,2.859,73.922,17.11,0.35920,71.063
12976,07/02/2026 15:27:48,2.872,73.936,17.11,0.36046,71.064
12977,07/02/2026 15:37:48,2.854,73.919,17.21,0.35864,71.065
12978,07/02/2026 15:47:48,2.842,73.902,17.30,0.35738,71.060
12979,07/02/2026 15:57:48,2.834,73.877,17.49,0.35661,71.043
12980,07/02/2026 16:07:48,2.838,73.895,17.49,0.35703,71.057
12981,07/02/2026 16:17:48,2.826,73.868,17.49,0.35577,71.042
12982,07/02/2026 16:27:48,2.833,73.860,17.59,0.35648,71.027
12983,07/02/2026 16:37:48,2.832,73.856,17.68,0.35648,71.024
12984,07/02/2026 16:47:48,2.833,73.853,17.78,0.35656,71.020
12985,07/02/2026 16:57:48,2.846,73.872,17.88,0.35790,71.026
12986,07/02/2026 17:07:48,2.821,73.842,17.97,0.35530,71.021
12987,07/02/2026 17:17:48,2.826,73.850,17.88,0.35579,71.024
12988,07/02/2026 17:27:48,2.798,73.827,17.88,0.35297,71.029
12989,07/02/2026 17:37:48,2.806,73.839,17.78,0.35381,71.033
12990,07/02/2026 17:47:48,2.813,73.847,17.68,0.35451,71.034
12991,07/02/2026 17:57:48,2.809,73.843,17.68,0.35409,71.034
12992,07/02/2026 18:07:48,2.817,73.851,17.59,0.35486,71.034
12993,07/02/2026 18:17:48,2.797,73.836,17.49,0.35281,71.039
12994,07/02/2026 18:27:48,2.792,73.835,17.40,0.35231,71.043
12995,07/02/2026 18:37:48,2.792,73.837,17.21,0.35230,71.045
12996,07/02/2026 18:47:48,2.816,73.868,17.11,0.35476,71.052
12997,07/02/2026 18:57:48,2.810,73.866,17.02,0.35419,71.056
12998,07/02/2026 19:07:48,2.802,73.865,16.92,0.35334,71.063
12999,07/02/2026 19:17:48,2.778,73.846,16.83,0.35087,71.068
13000,07/02/2026 19:27:48,2.806,73.886,16.73,0.35368,71.080
13001,07/02/2026 19:37:48,2.809,73.902,16.54,0.35403,71.093
13002,07/02/2026 19:47:48,2.805,73.910,16.45,0.35360,71.105
13003,07/02/2026 19:57:48,2.788,73.903,16.25,0.35183,71.115
13004,07/02/2026 20:07:48,2.814,73.937,16.06,0.35449,71.123
13005,07/02/2026 20:17:48,2.796,73.930,15.87,0.35273,71.134
13006,07/02/2026 20:27:48,2.789,73.924,15.68,0.35187,71.135
13007,07/02/2026 20:37:48,2.832,73.967,15.49,0.35630,71.135
13008,07/02/2026 20:47:48,2.829,73.973,15.20,0.35593,71.144
13009,07/02/2026 20:57:48,2.818,73.970,15.01,0.35494,71.152
13010,07/02/2026 21:07:48,2.819,73.977,14.82,0.35500,71.158
13011,07/02/2026 21:17:48,2.811,73.975,14.63,0.35414,71.164
13012,07/02/2026 21:27:48,2.814,74.000,14.44,0.35449,71.186
13013,07/02/2026 21:37:48,2.826,74.016,14.25,0.35568,71.190
13014,07/02/2026 21:47:48,2.839,74.037,14.05,0.35700,71.198
13015,07/02/2026 21:57:48,2.808,74.017,13.86,0.35376,71.209
13016,07/02/2026 22:07:48,2.834,74.060,13.67,0.35650,71.226
13017,07/02/2026 22:17:48,2.839,74.075,13.38,0.35698,71.236
13018,07/02/2026 22:27:48,2.841,74.073,13.19,0.35718,71.232
13019,07/02/2026 22:37:48,2.822,74.062,13.00,0.35520,71.240
13020,07/02/2026 22:47:48,2.831,74.074,12.80,0.35611,71.243
13021,07/02/2026 22:57:48,2.832,74.081,12.61,0.35617,71.249
13022,07/02/2026 23:07:48,2.823,74.074,12.42,0.35532,71.251
13023,07/02/2026 23:17:48,2.849,74.100,12.22,0.35784,71.251
13024,07/02/2026 23:27:48,2.844,74.089,12.03,0.35734,71.245
13025,07/02/2026 23:37:48,2.864,74.118,11.83,0.35945,71.254
13026,07/02/2026 23:47:48,2.847,74.107,11.64,0.35775,71.260
13027,07/02/2026 23:57:48,2.848,74.114,11.44,0.35782,71.266
13028,07/03/2026 00:07:48,2.829,74.094,11.25,0.35591,71.265
13029,07/03/2026 00:17:48,2.859,74.120,11.05,0.35886,71.261
13030,07/03/2026 00:27:48,2.839,74.104,10.86,0.35688,71.265
13031,07/03/2026 00:37:48,2.871,74.134,10.66,0.36011,71.263
13032,07/03/2026 00:47:48,2.848,74.101,10.47,0.35771,71.253
13033,07/03/2026 00:57:48,2.845,74.085,10.27,0.35750,71.240
13034,07/03/2026 01:07:48,2.861,74.097,10.08,0.35904,71.236
13035,07/03/2026 01:17:48,2.873,74.105,9.98,0.36030,71.232
13036,07/03/2026 01:27:48,2.884,74.103,9.78,0.36142,71.219
13037,07/03/2026 01:37:48,2.863,74.079,9.58,0.35924,71.216
13038,07/03/2026 01:47:48,2.863,74.082,9.39,0.35923,71.219
13039,07/03/2026 01:57:48,2.869,74.084,9.19,0.35993,71.215
13040,07/03/2026 02:07:48,2.865,74.073,8.99,0.35950,71.208
13041,07/03/2026 02:17:48,2.868,74.072,8.79,0.35971,71.204
13042,07/03/2026 02:27:48,2.886,74.084,8.59,0.36153,71.198
13043,07/03/2026 02:37:48,2.896,74.086,8.39,0.36265,71.190
13044,07/03/2026 02:47:48,2.879,74.067,8.19,0.36082,71.188
13045,07/03/2026 02:57:48,2.870,74.066,8.09,0.35990,71.196
13046,07/03/2026 03:07:48,2.917,74.109,7.89,0.36475,71.192
13047,07/03/2026 03:17:48,2.902,74.089,7.69,0.36327,71.187
13048,07/03/2026 03:27:48,2.904,74.097,7.49,0.36340,71.193
13049,07/03/2026 03:37:48,2.922,74.123,7.39,0.36523,71.201
13050,07/03/2026 03:47:48,2.920,74.122,7.19,0.36495,71.202
13051,07/03/2026 03:57:48,2.915,74.125,7.09,0.36452,71.210
13052,07/03/2026 04:07:48,2.925,74.137,6.89,0.36557,71.212
13053,07/03/2026 04:17:48,2.918,74.140,6.68,0.36480,71.222
13054,07/03/2026 04:27:48,2.928,74.148,6.58,0.36585,71.220
13055,07/03/2026 04:37:48,2.907,74.124,6.38,0.36367,71.217
13056,07/03/2026 04:47:48,2.912,74.141,6.28,0.36423,71.229
13057,07/03/2026 04:57:48,2.916,74.149,6.07,0.36458,71.233
13058,07/03/2026 05:07:48,2.909,74.148,5.97,0.36387,71.239
13059,07/03/2026 05:17:48,2.920,74.174,5.77,0.36499,71.254
13060,07/03/2026 05:27:48,2.911,74.168,5.67,0.36408,71.257
13061,07/03/2026 05:37:48,2.913,74.176,5.46,0.36429,71.263
13062,07/03/2026 05:47:48,2.933,74.202,5.36,0.36632,71.269
13063,07/03/2026 05:57:48,2.921,74.206,5.25,0.36506,71.285
13064,07/03/2026 06:07:48,2.925,74.218,5.05,0.36548,71.293
13065,07/03/2026 06:17:48,2.917,74.217,4.94,0.36470,71.300
13066,07/03/2026 06:27:48,2.939,74.244,4.84,0.36688,71.305
13067,07/03/2026 06:37:48,2.910,74.216,4.74,0.36393,71.306
13068,07/03/2026 06:47:48,2.915,74.233,4.63,0.36449,71.318
13069,07/03/2026 06:57:48,2.914,74.232,4.53,0.36442,71.318
13070,07/03/2026 07:07:48,2.928,74.250,4.53,0.36583,71.322
13071,07/03/2026 07:17:48,2.920,74.241,4.43,0.36491,71.321
13072,07/03/2026 07:27:48,2.926,74.253,4.32,0.36561,71.327
13073,07/03/2026 07:37:48,2.923,74.249,4.32,0.36526,71.326
13074,07/03/2026 07:47:48,2.918,74.253,4.32,0.36484,71.335
13075,07/03/2026 07:57:48,2.918,74.262,4.32,0.36484,71.344
13076,07/03/2026 08:07:48,2.912,74.268,4.43,0.36414,71.356
13077,07/03/2026 08:17:48,2.915,74.273,4.53,0.36449,71.358
13078,07/03/2026 08:27:48,2.914,74.265,4.74,0.36442,71.351
13079,07/03/2026 08:37:48,2.908,74.253,4.94,0.36379,71.345
13080,07/03/2026 08:47:48,2.893,74.241,5.15,0.36224,71.348
13081,07/03/2026 08:57:48,2.895,74.257,5.36,0.36239,71.362
13082,07/03/2026 09:07:48,2.890,74.267,5.56,0.36197,71.377
13083,07/03/2026 09:17:48,2.895,74.278,5.77,0.36239,71.383
13084,07/03/2026 09:27:48,2.884,74.262,6.07,0.36134,71.378
13085,07/03/2026 09:37:48,2.901,74.277,6.28,0.36310,71.376
13086,07/03/2026 09:47:48,2.903,74.271,6.58,0.36325,71.368
13087,07/03/2026 09:57:48,2.899,74.268,6.89,0.36290,71.369
13088,07/03/2026 10:07:48,2.912,74.285,7.19,0.36417,71.373
13089,07/03/2026 10:17:48,2.908,74.264,7.49,0.36383,71.356
13090,07/03/2026 10:27:48,2.901,74.262,7.79,0.36313,71.361
13091,07/03/2026 10:37:48,2.908,74.269,8.09,0.36384,71.361
13092,07/03/2026 10:47:48,2.923,74.287,8.49,0.36533,71.364
13093,07/03/2026 10:57:48,2.905,74.276,8.79,0.36350,71.371
13094,07/03/2026 11:07:48,2.906,74.288,9.19,0.36366,71.382
13095,07/03/2026 11:17:48,2.917,74.304,9.48,0.36479,71.387
13096,07/03/2026 11:27:48,2.890,74.258,9.88,0.36206,71.368
13097,07/03/2026 11:37:48,2.923,74.294,10.27,0.36537,71.371
13098,07/03/2026 11:47:48,2.894,74.261,10.66,0.36243,71.367
13099,07/03/2026 11:57:48,2.917,74.256,11.05,0.36477,71.339
13100,07/03/2026 12:07:48,2.902,74.265,11.54,0.36331,71.363
13101,07/03/2026 12:17:48,2.904,74.242,11.93,0.36346,71.338
13102,07/03/2026 12:27:48,2.915,74.246,12.32,0.36460,71.331
13103,07/03/2026 12:37:48,2.917,74.232,12.80,0.36490,71.315
13104,07/03/2026 12:47:48,2.905,74.223,13.19,0.36365,71.318
13105,07/03/2026 12:57:48,2.897,74.227,13.57,0.36289,71.330
13106,07/03/2026 13:07:48,2.904,74.206,13.77,0.36361,71.302
13107,07/03/2026 13:17:48,2.908,74.219,14.15,0.36405,71.311
13108,07/03/2026 13:27:48,2.890,74.186,14.44,0.36223,71.296
13109,07/03/2026 13:37:48,2.911,74.192,14.53,0.36435,71.281
13110,07/03/2026 13:47:48,2.875,74.163,14.82,0.36070,71.288
13111,07/03/2026 13:57:48,2.888,74.172,14.82,0.36204,71.284
13112,07/03/2026 14:07:48,2.887,74.156,15.40,0.36192,71.269
13113,07/03/2026 14:17:48,2.898,74.148,15.87,0.36307,71.250
13114,07/03/2026 14:27:48,2.887,74.158,16.35,0.36197,71.271
13115,07/03/2026 14:37:48,2.873,74.117,16.73,0.36058,71.244
13116,07/03/2026 14:47:48,2.864,74.106,16.92,0.35968,71.242
13117,07/03/2026 14:57:48,2.864,74.096,17.21,0.35962,71.232
13118,07/03/2026 15:07:48,2.846,74.090,17.11,0.35786,71.244
13119,07/03/2026 15:17:48,2.831,74.065,16.92,0.35630,71.234
13120,07/03/2026 15:27:48,2.854,74.081,16.73,0.35861,71.227
13121,07/03/2026 15:37:48,2.830,74.051,16.92,0.35623,71.221
13122,07/03/2026 15:47:48,2.844,74.071,17.40,0.35759,71.227
13123,07/03/2026 15:57:48,2.840,74.051,17.68,0.35733,71.211
13124,07/03/2026 16:07:48,2.841,74.065,18.07,0.35742,71.224
13125,07/03/2026 16:17:48,2.834,74.041,18.35,0.35673,71.207
13126,07/03/2026 16:27:48,2.836,74.043,18.45,0.35688,71.207
13127,07/03/2026 16:37:48,2.843,74.043,18.45,0.35758,71.200
13128,07/03/2026 16:47:48,2.832,74.033,18.45,0.35652,71.201
13129,07/03/2026 16:57:48,2.828,74.035,18.54,0.35604,71.207
13130,07/03/2026 17:07:48,2.830,74.027,18.64,0.35625,71.197
13131,07/03/2026 17:17:48,2.821,74.022,18.64,0.35541,71.201
13132,07/03/2026 17:27:48,2.833,74.031,18.64,0.35661,71.198
13133,07/03/2026 17:37:48,2.813,74.021,18.54,0.35456,71.208
13134,07/03/2026 17:47:48,2.804,74.011,18.45,0.35364,71.207
13135,07/03/2026 17:57:48,2.819,74.038,18.45,0.35519,71.219
13136,07/03/2026 18:07:48,2.808,74.028,18.35,0.35398,71.220
13137,07/03/2026 18:17:48,2.817,74.040,18.26,0.35496,71.223
13138,07/03/2026 18:27:48,2.811,74.039,18.16,0.35433,71.228
13139,07/03/2026 18:37:48,2.789,74.020,18.07,0.35207,71.231
13140,07/03/2026 18:47:48,2.779,74.032,17.97,0.35107,71.253
13141,07/03/2026 18:57:48,2.794,74.053,17.78,0.35254,71.259
13142,07/03/2026 19:07:48,2.749,74.024,17.68,0.34796,71.275
13143,07/03/2026 19:17:48,2.781,74.059,17.59,0.35126,71.278
13144,07/03/2026 19:27:48,2.762,74.062,17.40,0.34921,71.300
13145,07/03/2026 19:37:48,2.783,74.083,17.30,0.35139,71.300
13146,07/03/2026 19:47:48,2.773,74.081,17.11,0.35039,71.308
13147,07/03/2026 19:57:48,2.771,74.089,17.02,0.35018,71.318
13148,07/03/2026 20:07:48,2.789,74.100,16.83,0.35200,71.311
13149,07/03/2026 20:17:48,2.774,74.093,16.64,0.35051,71.319
13150,07/03/2026 20:27:48,2.771,74.091,16.45,0.35015,71.320
13151,07/03/2026 20:37:48,2.775,74.102,16.25,0.35056,71.327
13152,07/03/2026 20:47:48,2.786,74.118,16.06,0.35168,71.332
13153,07/03/2026 20:57:48,2.773,74.116,15.87,0.35033,71.343
13154,07/03/2026 21:07:48,2.780,74.136,15.59,0.35102,71.356
13155,07/03/2026 21:17:48,2.800,74.152,15.40,0.35298,71.352
13156,07/03/2026 21:27:48,2.816,74.177,15.20,0.35466,71.361
13157,07/03/2026 21:37:48,2.799,74.170,15.01,0.35297,71.371
13158,07/03/2026 21:47:48,2.795,74.176,14.73,0.35253,71.381
13159,07/03/2026 21:57:48,2.779,74.165,14.53,0.35083,71.386
13160,07/03/2026 22:07:48,2.791,74.190,14.34,0.35209,71.399
13161,07/03/2026 22:17:48,2.787,74.192,14.15,0.35173,71.405
13162,07/03/2026 22:27:48,2.789,74.204,13.96,0.35186,71.415
13163,07/03/2026 22:37:48,2.810,74.220,13.77,0.35397,71.410
13164,07/03/2026 22:47:48,2.797,74.213,13.57,0.35269,71.416
13165,07/03/2026 22:57:48,2.801,74.219,13.28,0.35310,71.418
13166,07/03/2026 23:07:48,2.794,74.208,13.09,0.35239,71.414
13167,07/03/2026 23:17:48,2.793,74.202,12.90,0.35217,71.409
13168,07/03/2026 23:27:48,2.785,74.195,12.71,0.35146,71.410
13169,07/03/2026 23:37:48,2.812,74.220,12.51,0.35420,71.408
13170,07/03/2026 23:47:48,2.809,74.218,12.32,0.35391,71.409
13171,07/03/2026 23:57:48,2.823,74.239,12.12,0.35531,71.416
13172,07/04/2026 00:07:48,2.811,74.233,11.93,0.35396,71.422
13173,07/04/2026 00:17:48,2.804,74.232,11.83,0.35326,71.428
13174,07/04/2026 00:27:48,2.831,74.256,11.54,0.35606,71.425
13175,07/04/2026 00:37:48,2.804,74.222,11.35,0.35331,71.418
13176,07/04/2026 00:47:48,2.812,74.221,11.25,0.35415,71.409
13177,07/04/2026 00:57:48,2.815,74.219,10.96,0.35435,71.404
13178,07/04/2026 01:07:48,2.816,74.209,10.86,0.35449,71.393
13179,07/04/2026 01:17:48,2.810,74.198,10.66,0.35385,71.388
13180,07/04/2026 01:27:48,2.833,74.214,10.47,0.35624,71.381
13181,07/04/2026 01:37:48,2.832,74.212,10.27,0.35616,71.380
13182,07/04/2026 01:47:48,2.837,74.215,10.08,0.35658,71.378
13183,07/04/2026 01:57:48,2.850,74.217,9.88,0.35798,71.367
13184,07/04/2026 02:07:48,2.818,74.175,9.68,0.35467,71.357
13185,07/04/2026 02:17:48,2.826,74.173,9.48,0.35550,71.347
13186,07/04/2026 02:27:48,2.848,74.198,9.29,0.35775,71.350
13187,07/04/2026 02:37:48,2.849,74.207,9.19,0.35782,71.358
13188,07/04/2026 02:47:48,2.847,74.214,8.99,0.35760,71.367
13189,07/04/2026 02:57:48,2.859,74.226,8.79,0.35879,71.367
13190,07/04/2026 03:07:48,2.862,74.229,8.59,0.35907,71.367
13191,07/04/2026 03:17:48,2.875,74.237,8.49,0.36040,71.362
13192,07/04/2026 03:27:48,2.863,74.230,8.29,0.35927,71.367
13193,07/04/2026 03:37:48,2.876,74.251,8.09,0.36060,71.375
13194,07/04/2026 03:47:48,2.895,74.272,7.89,0.36250,71.377
13195,07/04/2026 03:57:48,2.876,74.267,7.79,0.36053,71.391
13196,07/04/2026 04:07:48,2.891,74.292,7.59,0.36214,71.401
13197,07/04/2026 04:17:48,2.894,74.295,7.39,0.36242,71.401
13198,07/04/2026 04:27:48,2.882,74.290,7.29,0.36115,71.408
13199,07/04/2026 04:37:48,2.889,74.302,7.09,0.36185,71.413
13200,07/04/2026 04:47:48,2.901,74.324,6.99,0.36304,71.423
13201,07/04/2026 04:57:48,2.883,74.313,6.79,0.36121,71.430
13202,07/04/2026 05:07:48,2.900,74.334,6.58,0.36297,71.434
13203,07/04/2026 05:17:48,2.898,74.342,6.48,0.36275,71.444
13204,07/04/2026 05:27:48,2.887,74.350,6.38,0.36170,71.463
13205,07/04/2026 05:37:48,2.890,74.353,6.18,0.36198,71.463
13206,07/04/2026 05:47:48,2.899,74.371,6.07,0.36282,71.472
13207,07/04/2026 05:57:48,2.906,74.388,5.97,0.36359,71.482
13208,07/04/2026 06:07:48,2.902,74.391,5.77,0.36317,71.489
13209,07/04/2026 06:17:48,2.914,74.417,5.67,0.36443,71.503
13210,07/04/2026 06:27:48,2.923,74.444,5.56,0.36527,71.521
13211,07/04/2026 06:37:48,2.903,74.434,5.46,0.36323,71.531
13212,07/04/2026 06:47:48,2.915,74.447,5.36,0.36443,71.532
13213,07/04/2026 06:57:48,2.894,74.424,5.36,0.36232,71.530
13214,07/04/2026 07:07:48,2.917,74.446,5.25,0.36471,71.529
13215,07/04/2026 07:17:48,2.901,74.436,5.15,0.36309,71.535
13216,07/04/2026 07:27:48,2.901,74.445,5.15,0.36309,71.544
13217,07/04/2026 07:37:48,2.896,74.444,5.05,0.36260,71.548
13218,07/04/2026 07:47:48,2.891,74.444,5.05,0.36210,71.553
13219,07/04/2026 07:57:48,2.898,74.450,5.15,0.36274,71.552
13220,07/04/2026 08:07:48,2.890,74.450,5.25,0.36196,71.560
13221,07/04/2026 08:17:48,2.894,74.460,5.36,0.36239,71.566
13222,07/04/2026 08:27:48,2.874,74.452,5.46,0.36028,71.578
13223,07/04/2026 08:37:48,2.866,74.449,5.67,0.35951,71.583
13224,07/04/2026 08:47:48,2.868,74.446,5.87,0.35972,71.578
13225,07/04/2026 08:57:48,2.867,74.443,6.07,0.35958,71.576
13226,07/04/2026 09:07:48,2.868,74.445,6.28,0.35966,71.577
13227,07/04/2026 09:17:48,2.871,74.443,6.58,0.36001,71.572
13228,07/04/2026 09:27:48,2.885,74.449,6.79,0.36142,71.564
13229,07/04/2026 09:37:48,2.884,74.442,7.09,0.36136,71.558
13230,07/04/2026 09:47:48,2.869,74.430,7.29,0.35988,71.561
13231,07/04/2026 09:57:48,2.871,74.424,7.59,0.36003,71.553
13232,07/04/2026 10:07:48,2.896,74.440,7.89,0.36257,71.544
13233,07/04/2026 10:17:48,2.904,74.452,8.29,0.36349,71.548
13234,07/04/2026 10:27:48,2.883,74.428,8.59,0.36125,71.545
13235,07/04/2026 10:37:48,2.910,74.445,8.99,0.36407,71.535
13236,07/04/2026 10:47:48,2.897,74.439,9.29,0.36267,71.542
13237,07/04/2026 10:57:48,2.900,74.441,9.58,0.36303,71.541
13238,07/04/2026 11:07:48,2.898,74.439,9.88,0.36290,71.541
13239,07/04/2026 11:17:48,2.901,74.429,10.17,0.36312,71.528
13240,07/04/2026 11:27:48,2.882,74.411,10.66,0.36117,71.529
13241,07/04/2026 11:37:48,2.879,74.396,11.05,0.36097,71.517
13242,07/04/2026 11:47:48,2.914,74.426,11.35,0.36457,71.512
13243,07/04/2026 11:57:48,2.901,74.414,11.44,0.36316,71.513
13244,07/04/2026 12:07:48,2.887,74.390,11.83,0.36184,71.503
13245,07/04/2026 12:17:48,2.894,74.387,12.42,0.36257,71.493
13246,07/04/2026 12:27:48,2.899,74.388,12.90,0.36301,71.489
13247,07/04/2026 12:37:48,2.888,74.350,13.19,0.36189,71.462
13248,07/04/2026 12:47:48,2.886,74.360,13.28,0.36176,71.474
13249,07/04/2026 12:57:48,2.864,74.334,13.38,0.35944,71.470
13250,07/04/2026 13:07:48,2.880,74.348,13.48,0.36113,71.468
13251,07/04/2026 13:17:48,2.895,74.364,13.28,0.36267,71.469
13252,07/04/2026 13:27:48,2.865,74.328,13.28,0.35958,71.463
13253,07/04/2026 13:37:48,2.879,74.334,13.38,0.36099,71.455
13254,07/04/2026 13:47:48,2.854,74.307,13.48,0.35853,71.453
13255,07/04/2026 13:57:48,2.854,74.296,14.05,0.35848,71.442
13256,07/04/2026 14:07:48,2.854,74.297,14.15,0.35849,71.443
13257,07/04/2026 14:17:48,2.863,74.301,14.15,0.35947,71.438
13258,07/04/2026 14:27:48,2.842,74.277,14.05,0.35729,71.435
13259,07/04/2026 14:37:48,2.835,74.261,14.25,0.35659,71.426
13260,07/04/2026 14:47:48,2.850,74.271,14.73,0.35816,71.421
13261,07/04/2026 14:57:48,2.844,74.268,15.30,0.35755,71.424
13262,07/04/2026 15:07:48,2.862,74.280,15.49,0.35932,71.418
13263,07/04/2026 15:17:48,2.833,74.266,15.87,0.35646,71.433
13264,07/04/2026 15:27:48,2.829,74.241,16.06,0.35604,71.412
13265,07/04/2026 15:37:48,2.845,74.247,16.16,0.35767,71.402
13266,07/04/2026 15:47:48,2.841,74.235,16.35,0.35733,71.394
13267,07/04/2026 15:57:48,2.843,74.221,16.73,0.35756,71.378
13268,07/04/2026 16:07:48,2.846,74.221,17.11,0.35786,71.375
13269,07/04/2026 16:17:48,2.822,74.194,17.49,0.35541,71.372
13270,07/04/2026 16:27:48,2.838,74.210,17.68,0.35704,71.372
13271,07/04/2026 16:37:48,2.835,74.207,17.78,0.35670,71.372
13272,07/04/2026 16:47:48,2.838,74.208,17.88,0.35706,71.370
13273,07/04/2026 16:57:48,2.817,74.177,17.97,0.35495,71.360
13274,07/04/2026 17:07:48,2.835,74.200,17.97,0.35678,71.365
13275,07/04/2026 17:17:48,2.826,74.200,17.97,0.35586,71.374
13276,07/04/2026 17:27:48,2.812,74.177,17.97,0.35445,71.365
13277,07/04/2026 17:37:48,2.799,74.163,17.88,0.35304,71.364
13278,07/04/2026 17:47:48,2.779,74.125,17.78,0.35106,71.346
13279,07/04/2026 17:57:48,2.803,74.160,17.68,0.35352,71.357
13280,07/04/2026 18:07:48,2.798,74.151,17.68,0.35296,71.353
13281,07/04/2026 18:17:48,2.819,74.169,17.68,0.35514,71.350
13282,07/04/2026 18:27:48,2.790,74.132,17.59,0.35211,71.342
13283,07/04/2026 18:37:48,2.777,74.121,17.40,0.35076,71.344
13284,07/04/2026 18:47:48,2.791,74.142,17.30,0.35224,71.351
13285,07/04/2026 18:57:48,2.790,74.140,17.11,0.35208,71.350
13286,07/04/2026 19:07:48,2.767,74.134,17.02,0.34976,71.367
13287,07/04/2026 19:17:48,2.794,74.169,16.92,0.35257,71.375
13288,07/04/2026 19:27:48,2.774,74.155,16.83,0.35045,71.381
13289,07/04/2026 19:37:48,2.778,74.170,16.64,0.35093,71.392
13290,07/04/2026 19:47:48,2.770,74.169,16.54,0.35008,71.399
13291,07/04/2026 19:57:48,2.771,74.173,16.45,0.35015,71.402
13292,07/04/2026 20:07:48,2.761,74.167,16.35,0.34916,71.406
13293,07/04/2026 20:17:48,2.777,74.189,16.25,0.35070,71.412
13294,07/04/2026 20:27:48,2.775,74.188,16.16,0.35049,71.413
13295,07/04/2026 20:37:48,2.765,74.181,15.97,0.34949,71.416
13296,07/04/2026 20:47:48,2.773,74.192,15.78,0.35033,71.419
13297,07/04/2026 20:57:48,2.759,74.186,15.59,0.34884,71.427
13298,07/04/2026 21:07:48,2.778,74.206,15.40,0.35080,71.428
13299,07/04/2026 21:17:48,2.775,74.208,15.20,0.35051,71.433
13300,07/04/2026 21:27:48,2.786,74.235,15.11,0.35156,71.449
13301,07/04/2026 21:37:48,2.788,74.251,14.92,0.35176,71.463
13302,07/04/2026 21:47:48,2.778,74.267,14.73,0.35077,71.489
13303,07/04/2026 21:57:48,2.774,74.275,14.63,0.35034,71.501
13304,07/04/2026 22:07:48,2.791,74.295,14.44,0.35209,71.504
13305,07/04/2026 22:17:48,2.798,74.308,14.34,0.35279,71.510
13306,07/04/2026 22:27:48,2.792,74.310,14.15,0.35222,71.518
13307,07/04/2026 22:37:48,2.784,74.296,14.05,0.35130,71.512
13308,07/04/2026 22:47:48,2.762,74.281,13.96,0.34912,71.519
13309,07/04/2026 22:57:48,2.763,74.283,13.77,0.34925,71.520
13310,07/04/2026 23:07:48,2.778,74.296,13.67,0.35072,71.518
13311,07/04/2026 23:17:48,2.784,74.303,13.48,0.35135,71.519
13312,07/04/2026 23:27:48,2.796,74.315,13.28,0.35261,71.518
13313,07/04/2026 23:37:48,2.785,74.303,13.09,0.35148,71.518
13314,07/04/2026 23:47:48,2.805,74.320,12.90,0.35344,71.515
13315,07/04/2026 23:57:48,2.806,74.322,12.71,0.35357,71.516
13316,07/05/2026 00:07:48,2.805,74.320,12.51,0.35342,71.515
13317,07/05/2026 00:17:48,2.824,74.332,12.32,0.35532,71.508
13318,07/05/2026 00:27:48,2.801,74.307,12.12,0.35306,71.506
13319,07/05/2026 00:37:48,2.815,74.314,11.93,0.35446,71.499
13320,07/05/2026 00:47:48,2.821,74.326,11.74,0.35501,71.505
13321,07/05/2026 00:57:48,2.817,74.325,11.64,0.35466,71.508
13322,07/05/2026 01:07:48,2.808,74.318,11.44,0.35374,71.510
13323,07/05/2026 01:17:48,2.809,74.321,11.25,0.35380,71.512
13324,07/05/2026 01:27:48,2.802,74.310,11.05,0.35309,71.508
13325,07/05/2026 01:37:48,2.823,74.332,10.96,0.35520,71.509
13326,07/05/2026 01:47:48,2.806,74.316,10.76,0.35350,71.510
13327,07/05/2026 01:57:48,2.803,74.314,10.57,0.35321,71.511
13328,07/05/2026 02:07:48,2.821,74.331,10.37,0.35497,71.510
13329,07/05/2026 02:17:48,2.811,74.321,10.27,0.35398,71.510
13330,07/05/2026 02:27:48,2.811,74.314,10.08,0.35404,71.503
13331,07/05/2026 02:37:48,2.819,74.309,9.98,0.35482,71.490
13332,07/05/2026 02:47:48,2.835,74.325,9.78,0.35643,71.490
13333,07/05/2026 02:57:48,2.834,74.333,9.68,0.35635,71.499
13334,07/05/2026 03:07:48,2.826,74.323,9.48,0.35543,71.497
13335,07/05/2026 03:17:48,2.846,74.339,9.29,0.35754,71.493
13336,07/05/2026 03:27:48,2.856,74.361,9.19,0.35852,71.505
13337,07/05/2026 03:37:48,2.852,74.360,9.09,0.35810,71.508
13338,07/05/2026 03:47:48,2.850,74.363,8.89,0.35788,71.513
13339,07/05/2026 03:57:48,2.840,74.353,8.79,0.35682,71.513
13340,07/05/2026 04:07:48,2.844,74.360,8.59,0.35731,71.516
13341,07/05/2026 04:17:48,2.864,74.382,8.49,0.35928,71.518
13342,07/05/2026 04:27:48,2.858,74.380,8.29,0.35871,71.522
13343,07/05/2026 04:37:48,2.854,74.384,8.19,0.35829,71.530
13344,07/05/2026 04:47:48,2.854,74.383,8.09,0.35828,71.529
13345,07/05/2026 04:57:48,2.848,74.386,7.89,0.35765,71.538
13346,07/05/2026 05:07:48,2.859,74.398,7.79,0.35884,71.539
13347,07/05/2026 05:17:48,2.847,74.388,7.69,0.35764,71.541
13348,07/05/2026 05:27:48,2.882,74.424,7.59,0.36116,71.542
13349,07/05/2026 05:37:48,2.876,74.418,7.39,0.36052,71.542
13350,07/05/2026 05:47:48,2.882,74.435,7.29,0.36115,71.553
13351,07/05/2026 05:57:48,2.895,74.452,7.19,0.36248,71.557
13352,07/05/2026 06:07:48,2.864,74.420,7.09,0.35925,71.556
13353,07/05/2026 06:17:48,2.883,74.446,6.99,0.36122,71.563
13354,07/05/2026 06:27:48,2.888,74.454,6.89,0.36178,71.566
13355,07/05/2026 06:37:48,2.894,74.467,6.79,0.36234,71.573
13356,07/05/2026 06:47:48,2.880,74.475,6.68,0.36093,71.595
13357,07/05/2026 06:57:48,2.876,74.471,6.68,0.36051,71.595
13358,07/05/2026 07:07:48,2.886,74.483,6.58,0.36156,71.597
13359,07/05/2026 07:17:48,2.871,74.470,6.58,0.36001,71.599
13360,07/05/2026 07:27:48,2.870,74.478,6.48,0.35994,71.608
13361,07/05/2026 07:37:48,2.881,74.492,6.48,0.36100,71.611
13362,07/05/2026 07:47:48,2.866,74.474,6.48,0.35945,71.608
13363,07/05/2026 07:57:48,2.874,74.479,6.58,0.36029,71.605
13364,07/05/2026 08:07:48,2.878,74.489,6.68,0.36072,71.611
13365,07/05/2026 08:17:48,2.888,74.503,6.79,0.36177,71.615
13366,07/05/2026 08:27:48,2.875,74.490,6.89,0.36044,71.615
13367,07/05/2026 08:37:48,2.886,74.510,7.09,0.36157,71.624
13368,07/05/2026 08:47:48,2.867,74.488,7.19,0.35967,71.621
13369,07/05/2026 08:57:48,2.884,74.504,7.39,0.36129,71.620
13370,07/05/2026 09:07:48,2.887,74.501,7.59,0.36165,71.614
13371,07/05/2026 09:17:48,2.879,74.489,7.79,0.36088,71.610
13372,07/05/2026 09:27:48,2.881,74.486,7.99,0.36109,71.605
13373,07/05/2026 09:37:48,2.886,74.480,8.29,0.36152,71.594
13374,07/05/2026 09:47:48,2.875,74.459,8.49,0.36040,71.584
13375,07/05/2026 09:57:48,2.881,74.456,8.69,0.36104,71.575
13376,07/05/2026 10:07:48,2.885,74.459,8.99,0.36147,71.574
13377,07/05/2026 10:17:48,2.885,74.448,9.29,0.36148,71.563
13378,07/05/2026 10:27:48,2.875,74.429,9.68,0.36043,71.554
13379,07/05/2026 10:37:48,2.884,74.431,9.98,0.36143,71.547
13380,07/05/2026 10:47:48,2.868,74.411,10.27,0.35982,71.543
13381,07/05/2026 10:57:48,2.889,74.428,10.57,0.36194,71.539
13382,07/05/2026 11:07:48,2.859,74.391,10.96,0.35886,71.532
13383,07/05/2026 11:17:48,2.871,74.405,11.05,0.36012,71.534
13384,07/05/2026 11:27:48,2.887,74.422,10.86,0.36174,71.535
13385,07/05/2026 11:37:48,2.855,74.389,10.76,0.35850,71.534
13386,07/05/2026 11:47:48,2.873,74.407,10.76,0.36033,71.534
13387,07/05/2026 11:57:48,2.891,74.415,11.15,0.36217,71.524
13388,07/05/2026 12:07:48,2.881,74.396,11.93,0.36114,71.515
13389,07/05/2026 12:17:48,2.879,74.405,11.93,0.36093,71.526
13390,07/05/2026 12:27:48,2.856,74.381,11.83,0.35867,71.525
13391,07/05/2026 12:37:48,2.856,74.366,11.64,0.35860,71.510
13392,07/05/2026 12:47:48,2.864,74.357,12.12,0.35946,71.493
13393,07/05/2026 12:57:48,2.854,74.343,12.51,0.35842,71.489
13394,07/05/2026 13:07:48,2.861,74.342,13.28,0.35915,71.481
13395,07/05/2026 13:17:48,2.864,74.335,13.48,0.35944,71.471
13396,07/05/2026 13:27:48,2.870,74.342,13.28,0.36007,71.472
13397,07/05/2026 13:37:48,2.866,74.339,13.00,0.35963,71.473
13398,07/05/2026 13:47:48,2.871,74.333,12.90,0.36019,71.462
13399,07/05/2026 13:57:48,2.859,74.321,13.00,0.35893,71.462
13400,07/05/2026 14:07:48,2.846,74.309,13.19,0.35767,71.463
13401,07/05/2026 14:17:48,2.831,74.277,13.57,0.35614,71.446
13402,07/05/2026 14:27:48,2.868,74.308,14.34,0.35990,71.440
13403,07/05/2026 14:37:48,2.862,74.296,14.92,0.35937,71.434
13404,07/05/2026 14:47:48,2.863,74.300,14.92,0.35951,71.437
13405,07/05/2026 14:57:48,2.848,74.278,15.30,0.35791,71.430
13406,07/05/2026 15:07:48,2.833,74.250,15.68,0.35645,71.417
13407,07/05/2026 15:17:48,2.858,74.268,16.06,0.35900,71.410
13408,07/05/2026 15:27:48,2.838,74.244,16.35,0.35697,71.406
13409,07/05/2026 15:37:48,2.851,74.245,16.06,0.35837,71.394
13410,07/05/2026 15:47:48,2.851,74.239,15.87,0.35829,71.388
13411,07/05/2026 15:57:48,2.820,74.191,16.06,0.35513,71.371
13412,07/05/2026 16:07:48,2.826,74.196,16.06,0.35569,71.370
13413,07/05/2026 16:17:48,2.815,74.176,15.97,0.35463,71.361
13414,07/05/2026 16:27:48,2.812,74.174,15.78,0.35434,71.362
13415,07/05/2026 16:37:48,2.822,74.171,15.87,0.35526,71.349
13416,07/05/2026 16:47:48,2.851,74.196,16.06,0.35823,71.345
13417,07/05/2026 16:57:48,2.834,74.180,16.25,0.35655,71.346
13418,07/05/2026 17:07:48,2.834,74.175,16.25,0.35655,71.341
13419,07/05/2026 17:17:48,2.833,74.174,16.16,0.35647,71.341
13420,07/05/2026 17:27:48,2.842,74.175,16.25,0.35739,71.333
13421,07/05/2026 17:37:48,2.823,74.144,16.35,0.35549,71.321
13422,07/05/2026 17:47:48,2.831,74.150,16.45,0.35627,71.319
13423,07/05/2026 17:57:48,2.817,74.136,16.45,0.35487,71.319
13424,07/05/2026 18:07:48,2.827,74.140,16.35,0.35585,71.313
13425,07/05/2026 18:17:48,2.824,74.139,16.25,0.35549,71.315
13426,07/05/2026 18:27:48,2.824,74.138,16.16,0.35549,71.314
13427,07/05/2026 18:37:48,2.804,74.127,16.06,0.35358,71.323
13428,07/05/2026 18:47:48,2.822,74.141,16.06,0.35534,71.319
13429,07/05/2026 18:57:48,2.796,74.131,15.97,0.35266,71.335
13430,07/05/2026 19:07:48,2.811,74.157,15.87,0.35420,71.346
13431,07/05/2026 19:17:48,2.819,74.155,15.68,0.35497,71.336
13432,07/05/2026 19:27:48,2.811,74.144,15.49,0.35411,71.333
13433,07/05/2026 19:37:48,2.791,74.129,15.40,0.35214,71.338
13434,07/05/2026 19:47:48,2.802,74.146,15.30,0.35326,71.344
13435,07/05/2026 19:57:48,2.794,74.145,15.20,0.35241,71.351
13436,07/05/2026 20:07:48,2.794,74.162,15.11,0.35241,71.368
13437,07/05/2026 20:17:48,2.819,74.188,15.01,0.35501,71.369
13438,07/05/2026 20:27:48,2.796,74.173,14.92,0.35268,71.377
13439,07/05/2026 20:37:48,2.813,74.200,14.82,0.35429,71.387
13440,07/05/2026 20:47:48,2.814,74.208,14.73,0.35443,71.394
13441,07/05/2026 20:57:48,2.800,74.202,14.63,0.35302,71.402
13442,07/05/2026 21:07:48,2.802,74.218,14.44,0.35322,71.416
13443,07/05/2026 21:17:48,2.810,74.226,14.34,0.35406,71.416
13444,07/05/2026 21:27:48,2.809,74.229,14.15,0.35384,71.420
13445,07/05/2026 21:37:48,2.817,74.240,13.96,0.35475,71.423
13446,07/05/2026 21:47:48,2.809,74.238,13.77,0.35390,71.429
13447,07/05/2026 21:57:48,2.812,74.242,13.67,0.35417,71.430
13448,07/05/2026 22:07:48,2.800,74.235,13.48,0.35297,71.435
13449,07/05/2026 22:17:48,2.813,74.260,13.28,0.35430,71.447
13450,07/05/2026 22:27:48,2.817,74.268,13.19,0.35472,71.451
13451,07/05/2026 22:37:48,2.807,74.253,13.00,0.35365,71.446
13452,07/05/2026 22:47:48,2.814,74.255,12.80,0.35435,71.441
13453,07/05/2026 22:57:48,2.834,74.268,12.71,0.35639,71.434
13454,07/05/2026 23:07:48,2.835,74.266,12.51,0.35645,71.431
13455,07/05/2026 23:17:48,2.835,74.264,12.32,0.35644,71.429
13456,07/05/2026 23:27:48,2.803,74.231,12.22,0.35320,71.428
13457,07/05/2026 23:37:48,2.821,74.247,12.03,0.35509,71.426
13458,07/05/2026 23:47:48,2.815,74.232,11.83,0.35438,71.417
13459,07/05/2026 23:57:48,2.846,74.266,11.64,0.35761,71.420
13460,07/06/2026 00:07:48,2.833,74.260,11.54,0.35634,71.427
13461,07/06/2026 00:17:48,2.818,74.245,11.35,0.35472,71.427
13462,07/06/2026 00:27:48,2.817,74.243,11.15,0.35464,71.426
13463,07/06/2026 00:37:48,2.865,74.292,11.05,0.35949,71.427
13464,07/06/2026 00:47:48,2.841,74.272,10.86,0.35702,71.431
13465,07/06/2026 00:57:48,2.849,74.275,10.66,0.35786,71.426
13466,07/06/2026 01:07:48,2.837,74.260,10.57,0.35666,71.423
13467,07/06/2026 01:17:48,2.846,74.272,10.37,0.35757,71.426
13468,07/06/2026 01:27:48,2.856,74.280,10.27,0.35855,71.424
13469,07/06/2026 01:37:48,2.813,74.242,10.08,0.35419,71.429
13470,07/06/2026 01:47:48,2.841,74.273,9.98,0.35700,71.432
13471,07/06/2026 01:57:48,2.845,74.284,9.78,0.35748,71.439
13472,07/06/2026 02:07:48,2.846,74.293,9.68,0.35748,71.447
13473,07/06/2026 02:17:48,2.833,74.273,9.48,0.35614,71.440
13474,07/06/2026 02:27:48,2.852,74.304,9.39,0.35810,71.452
13475,07/06/2026 02:37:48,2.872,74.324,9.19,0.36021,71.452
13476,07/06/2026 02:47:48,2.834,74.296,9.09,0.35634,71.462
13477,07/06/2026 02:57:48,2.854,74.326,8.89,0.35837,71.472
13478,07/06/2026 03:07:48,2.836,74.306,8.69,0.35654,71.470
13479,07/06/2026 03:17:48,2.857,74.324,8.59,0.35858,71.467
13480,07/06/2026 03:27:48,2.861,74.317,8.39,0.35906,71.456
13481,07/06/2026 03:37:48,2.861,74.317,8.29,0.35899,71.456
13482,07/06/2026 03:47:48,2.855,74.320,8.19,0.35843,71.465
13483,07/06/2026 03:57:48,2.872,74.328,7.99,0.36011,71.456
13484,07/06/2026 04:07:48,2.874,74.336,7.89,0.36032,71.462
13485,07/06/2026 04:17:48,2.864,74.326,7.79,0.35933,71.462
13486,07/06/2026 04:27:48,2.868,74.330,7.69,0.35968,71.462
13487,07/06/2026 04:37:48,2.872,74.332,7.49,0.36017,71.460
13488,07/06/2026 04:47:48,2.864,74.322,7.39,0.35939,71.458
13489,07/06/2026 04:57:48,2.873,74.335,7.29,0.36024,71.462
13490,07/06/2026 05:07:48,2.890,74.362,7.19,0.36192,71.472
13491,07/06/2026 05:17:48,2.881,74.356,7.09,0.36108,71.475
13492,07/06/2026 05:27:48,2.889,74.360,6.99,0.36185,71.471
13493,07/06/2026 05:37:48,2.880,74.364,6.89,0.36086,71.484
13494,07/06/2026 05:47:48,2.889,74.376,6.79,0.36191,71.487
13495,07/06/2026 05:57:48,2.876,74.376,6.68,0.36051,71.500
13496,07/06/2026 06:07:48,2.889,74.394,6.68,0.36184,71.505
13497,07/06/2026 06:17:48,2.876,74.388,6.58,0.36058,71.512
13498,07/06/2026 06:27:48,2.873,74.387,6.48,0.36029,71.514
13499,07/06/2026 06:37:48,2.885,74.406,6.48,0.36142,71.521
13500,07/06/2026 06:47:48,2.890,74.419,6.48,0.36198,71.529
13501,07/06/2026 06:57:48,2.885,74.414,6.38,0.36142,71.529
13502,07/06/2026 07:07:48,2.882,74.414,6.38,0.36114,71.532
13503,07/06/2026 07:17:48,2.891,74.418,6.38,0.36212,71.527
13504,07/06/2026 07:27:48,2.883,74.422,6.28,0.36127,71.539
13505,07/06/2026 07:37:48,2.869,74.409,6.28,0.35973,71.540
13506,07/06/2026 07:47:48,2.880,74.418,6.38,0.36099,71.538
13507,07/06/2026 07:57:48,2.866,74.405,6.38,0.35945,71.539
13508,07/06/2026 08:07:48,2.888,74.433,6.48,0.36170,71.545
13509,07/06/2026 08:17:48,2.879,74.434,6.58,0.36079,71.555
13510,07/06/2026 08:27:48,2.869,74.430,6.68,0.35980,71.561
13511,07/06/2026 08:37:48,2.871,74.432,6.89,0.35995,71.561
13512,07/06/2026 08:47:48,2.877,74.437,6.99,0.36065,71.560
13513,07/06/2026 08:57:48,2.873,74.434,7.19,0.36023,71.561
13514,07/06/2026 09:07:48,2.862,74.422,7.39,0.35911,71.560
13515,07/06/2026 09:17:48,2.882,74.433,7.59,0.36116,71.551
13516,07/06/2026 09:27:48,2.873,74.421,7.79,0.36025,71.548
13517,07/06/2026 09:37:48,2.871,74.414,7.99,0.35997,71.543
13518,07/06/2026 09:47:48,2.877,74.416,8.29,0.36068,71.539
13519,07/06/2026 09:57:48,2.879,74.413,8.49,0.36089,71.534
13520,07/06/2026 10:07:48,2.870,74.402,8.79,0.35999,71.532
13521,07/06/2026 10:17:48,2.873,74.401,9.09,0.36021,71.528
13522,07/06/2026 10:27:48,2.886,74.403,9.39,0.36162,71.517
13523,07/06/2026 10:37:48,2.883,74.397,9.68,0.36128,71.514
13524,07/06/2026 10:47:48,2.908,74.422,9.98,0.36389,71.514
13525,07/06/2026 10:57:48,2.898,74.415,10.17,0.36284,71.517
13526,07/06/2026 11:07:48,2.904,74.413,10.47,0.36348,71.509
13527,07/06/2026 11:17:48,2.892,74.399,10.86,0.36223,71.507
13528,07/06/2026 11:27:48,2.901,74.400,10.96,0.36315,71.499
13529,07/06/2026 11:37:48,2.896,74.399,10.86,0.36265,71.503
13530,07/06/2026 11:47:48,2.901,74.407,10.76,0.36321,71.506
13531,07/06/2026 11:57:48,2.883,74.384,10.76,0.36138,71.501
13532,07/06/2026 12:07:48,2.898,74.395,10.96,0.36294,71.497
13533,07/06/2026 12:17:48,2.902,74.397,11.15,0.36329,71.495
13534,07/06/2026 12:27:48,2.880,74.381,11.35,0.36105,71.501
13535,07/06/2026 12:37:48,2.862,74.364,11.44,0.35922,71.502
13536,07/06/2026 12:47:48,2.884,74.410,11.54,0.36148,71.526
13537,07/06/2026 12:57:48,2.877,74.376,11.74,0.36071,71.499
13538,07/06/2026 13:07:48,2.872,74.364,11.93,0.36030,71.492
13539,07/06/2026 13:17:48,2.878,74.358,12.22,0.36087,71.480
13540,07/06/2026 13:27:48,2.871,74.343,12.51,0.36018,71.472
13541,07/06/2026 13:37:48,2.885,74.342,12.90,0.36167,71.457
13542,07/06/2026 13:47:48,2.877,74.333,13.28,0.36077,71.456
13543,07/06/2026 13:57:48,2.867,74.321,13.48,0.35979,71.454
13544,07/06/2026 14:07:48,2.872,74.319,13.67,0.36030,71.447
13545,07/06/2026 14:17:48,2.892,74.332,14.05,0.36235,71.440
13546,07/06/2026 14:27:48,2.879,74.317,14.34,0.36103,71.438
13547,07/06/2026 14:37:48,2.884,74.324,14.63,0.36168,71.440
13548,07/06/2026 14:47:48,2.884,74.314,14.92,0.36162,71.430
13549,07/06/2026 14:57:48,2.854,74.283,15.01,0.35860,71.429
13550,07/06/2026 15:07:48,2.877,74.305,15.30,0.36086,71.428
13551,07/06/2026 15:17:48,2.853,74.275,15.49,0.35848,71.422
13552,07/06/2026 15:27:48,2.877,74.289,15.49,0.36087,71.412
13553,07/06/2026 15:37:48,2.855,74.275,15.49,0.35869,71.420
13554,07/06/2026 15:47:48,2.856,74.276,15.59,0.35884,71.420
13555,07/06/2026 15:57:48,2.857,74.259,15.68,0.35891,71.402
13556,07/06/2026 16:07:48,2.856,74.259,16.06,0.35879,71.403
13557,07/06/2026 16:17:48,2.864,74.267,16.35,0.35965,71.403
13558,07/06/2026 16:27:48,2.866,74.255,16.54,0.35987,71.389
13559,07/06/2026 16:37:48,2.856,74.243,16.64,0.35882,71.387
13560,07/06/2026 16:47:48,2.854,74.237,16.54,0.35867,71.383
13561,07/06/2026 16:57:48,2.850,74.232,16.45,0.35818,71.382
13562,07/06/2026 17:07:48,2.862,74.237,16.54,0.35945,71.375
13563,07/06/2026 17:17:48,2.836,74.206,16.54,0.35677,71.370
13564,07/06/2026 17:27:48,2.847,74.207,16.64,0.35790,71.360
13565,07/06/2026 17:37:48,2.833,74.184,16.64,0.35650,71.351
13566,07/06/2026 17:47:48,2.834,74.179,16.64,0.35664,71.345
13567,07/06/2026 17:57:48,2.810,74.160,16.54,0.35417,71.350
13568,07/06/2026 18:07:48,2.790,74.140,16.35,0.35205,71.350
13569,07/06/2026 18:17:48,2.811,74.158,16.35,0.35423,71.347
13570,07/06/2026 18:27:48,2.793,74.139,16.25,0.35239,71.346
13571,07/06/2026 18:37:48,2.789,74.140,16.35,0.35197,71.351
13572,07/06/2026 18:47:48,2.799,74.158,16.35,0.35303,71.359
13573,07/06/2026 18:57:48,2.809,74.172,16.35,0.35402,71.363
13574,07/06/2026 19:07:48,2.795,74.152,16.25,0.35260,71.357
13575,07/06/2026 19:17:48,2.780,74.143,16.25,0.35105,71.363
13576,07/06/2026 19:27:48,2.792,74.165,16.16,0.35225,71.373
13577,07/06/2026 19:37:48,2.815,74.205,16.06,0.35457,71.390
13578,07/06/2026 19:47:48,2.792,74.189,15.87,0.35223,71.397
13579,07/06/2026 19:57:48,2.789,74.193,15.87,0.35202,71.404
13580,07/06/2026 20:07:48,2.785,74.206,15.78,0.35152,71.421
13581,07/06/2026 20:17:48,2.802,74.232,15.68,0.35328,71.430
13582,07/06/2026 20:27:48,2.772,74.204,15.59,0.35018,71.432
13583,07/06/2026 20:37:48,2.793,74.234,15.49,0.35235,71.441
13584,07/06/2026 20:47:48,2.787,74.237,15.30,0.35171,71.450
13585,07/06/2026 20:57:48,2.796,74.249,15.20,0.35269,71.453
13586,07/06/2026 21:07:48,2.801,74.261,15.01,0.35311,71.460
13587,07/06/2026 21:17:48,2.814,74.287,14.92,0.35444,71.473
13588,07/06/2026 21:27:48,2.789,74.285,14.73,0.35190,71.496
13589,07/06/2026 21:37:48,2.813,74.310,14.53,0.35435,71.497
13590,07/06/2026 21:47:48,2.793,74.295,14.44,0.35231,71.502
13591,07/06/2026 21:57:48,2.825,74.320,14.25,0.35561,71.495
13592,07/06/2026 22:07:48,2.817,74.314,14.05,0.35468,71.497
13593,07/06/2026 22:17:48,2.812,74.317,13.96,0.35426,71.505
13594,07/06/2026 22:27:48,2.802,74.315,13.77,0.35319,71.513
13595,07/06/2026 22:37:48,2.818,74.346,13.67,0.35481,71.528
13596,07/06/2026 22:47:48,2.800,74.327,13.57,0.35297,71.527
13597,07/06/2026 22:57:48,2.807,74.339,13.48,0.35374,71.532
13598,07/06/2026 23:07:48,2.804,74.329,13.38,0.35339,71.525
13599,07/06/2026 23:17:48,2.819,74.336,13.19,0.35493,71.517
13600,07/06/2026 23:27:48,2.825,74.340,13.09,0.35549,71.515
13601,07/06/2026 23:37:48,2.826,74.347,12.90,0.35555,71.521
13602,07/06/2026 23:47:48,2.815,74.345,12.71,0.35442,71.530
13603,07/06/2026 23:57:48,2.845,74.371,12.61,0.35751,71.526
13604,07/07/2026 00:07:48,2.820,74.346,12.42,0.35497,71.526
13605,07/07/2026 00:17:48,2.819,74.349,12.22,0.35482,71.530
13606,07/07/2026 00:27:48,2.840,74.371,12.12,0.35693,71.531
13607,07/07/2026 00:37:48,2.839,74.370,12.03,0.35685,71.531
13608,07/07/2026 00:47:48,2.841,74.373,11.93,0.35713,71.532
13609,07/07/2026 00:57:48,2.831,74.367,11.74,0.35607,71.536
13610,07/07/2026 01:07:48,2.819,74.347,11.54,0.35479,71.528
13611,07/07/2026 01:17:48,2.841,74.364,11.44,0.35704,71.523
13612,07/07/2026 01:27:48,2.830,74.339,11.25,0.35598,71.509
13613,07/07/2026 01:37:48,2.845,74.355,11.05,0.35752,71.510
13614,07/07/2026 01:47:48,2.852,74.364,10.96,0.35815,71.512
13615,07/07/2026 01:57:48,2.844,74.354,10.86,0.35730,71.510
13616,07/07/2026 02:07:48,2.839,74.343,10.66,0.35681,71.504
13617,07/07/2026 02:17:48,2.848,74.351,10.57,0.35772,71.503
13618,07/07/2026 02:27:48,2.845,74.350,10.47,0.35743,71.505
13619,07/07/2026 02:37:48,2.868,74.372,10.37,0.35975,71.504
13620,07/07/2026 02:47:48,2.874,74.371,10.27,0.36038,71.497
13621,07/07/2026 02:57:48,2.861,74.355,10.08,0.35911,71.494
13622,07/07/2026 03:07:48,2.832,74.327,9.98,0.35615,71.495
13623,07/07/2026 03:17:48,2.852,74.349,9.88,0.35812,71.497
13624,07/07/2026 03:27:48,2.852,74.352,9.68,0.35811,71.500
13625,07/07/2026 03:37:48,2.858,74.364,9.58,0.35881,71.506
13626,07/07/2026 03:47:48,2.859,74.362,9.39,0.35888,71.503
13627,07/07/2026 03:57:48,2.848,74.362,9.29,0.35768,71.514
13628,07/07/2026 04:07:48,2.860,74.373,9.09,0.35901,71.513
13629,07/07/2026 04:17:48,2.845,74.359,8.99,0.35739,71.514
13630,07/07/2026 04:27:48,2.855,74.372,8.89,0.35837,71.517
13631,07/07/2026 04:37:48,2.881,74.398,8.79,0.36104,71.517
13632,07/07/2026 04:47:48,2.868,74.387,8.59,0.35977,71.519
13633,07/07/2026 04:57:48,2.855,74.382,8.49,0.35836,71.527
13634,07/07/2026 05:07:48,2.877,74.413,8.39,0.36061,71.536
13635,07/07/2026 05:17:48,2.879,74.425,8.29,0.36089,71.546
13636,07/07/2026 05:27:48,2.885,74.442,8.19,0.36145,71.558
13637,07/07/2026 05:37:48,2.884,74.442,8.09,0.36131,71.558
13638,07/07/2026 05:47:48,2.904,74.463,7.89,0.36334,71.559
13639,07/07/2026 05:57:48,2.900,74.471,7.79,0.36299,71.571
13640,07/07/2026 06:07:48,2.902,74.488,7.69,0.36320,71.586
13641,07/07/2026 06:17:48,2.877,74.474,7.59,0.36059,71.597
13642,07/07/2026 06:27:48,2.877,74.473,7.49,0.36059,71.596
13643,07/07/2026 06:37:48,2.901,74.509,7.49,0.36312,71.608
13644,07/07/2026 06:47:48,2.882,74.495,7.39,0.36108,71.613
13645,07/07/2026 06:57:48,2.885,74.498,7.29,0.36150,71.613
13646,07/07/2026 07:07:48,2.891,74.503,7.29,0.36206,71.612
13647,07/07/2026 07:17:48,2.869,74.488,7.19,0.35988,71.619
13648,07/07/2026 07:27:48,2.872,74.502,7.19,0.36009,71.630
13649,07/07/2026 07:37:48,2.881,74.506,7.19,0.36108,71.625
13650,07/07/2026 07:47:48,2.876,74.502,7.19,0.36052,71.626
13651,07/07/2026 07:57:48,2.883,74.516,7.29,0.36129,71.633
13652,07/07/2026 08:07:48,2.868,74.504,7.39,0.35968,71.636
13653,07/07/2026 08:17:48,2.861,74.500,7.49,0.35897,71.639
13654,07/07/2026 08:27:48,2.859,74.505,7.59,0.35884,71.646
13655,07/07/2026 08:37:48,2.861,74.512,7.79,0.35898,71.651
13656,07/07/2026 08:47:48,2.872,74.527,7.99,0.36011,71.655
13657,07/07/2026 08:57:48,2.862,74.510,8.19,0.35920,71.648
13658,07/07/2026 09:07:48,2.865,74.512,8.39,0.35949,71.647
13659,07/07/2026 09:17:48,2.883,74.539,8.39,0.36131,71.656
13660,07/07/2026 09:27:48,2.865,74.517,8.39,0.35942,71.652
13661,07/07/2026 09:37:48,2.876,74.527,8.49,0.36054,71.651
13662,07/07/2026 09:47:48,2.869,74.518,8.59,0.35991,71.649
13663,07/07/2026 09:57:48,2.871,74.515,8.69,0.36006,71.644
13664,07/07/2026 10:07:48,2.891,74.521,8.89,0.36210,71.630
13665,07/07/2026 10:17:48,2.884,74.508,8.99,0.36140,71.624
13666,07/07/2026 10:27:48,2.887,74.499,9.48,0.36176,71.612
13667,07/07/2026 10:37:48,2.893,74.499,9.98,0.36234,71.606
13668,07/07/2026 10:47:48,2.892,74.498,10.37,0.36228,71.606
13669,07/07/2026 10:57:48,2.887,74.491,10.57,0.36180,71.604
13670,07/07/2026 11:07:48,2.905,74.508,10.86,0.36356,71.603
13671,07/07/2026 11:17:48,2.898,74.493,11.25,0.36295,71.595
13672,07/07/2026 11:27:48,2.908,74.493,11.64,0.36387,71.585
13673,07/07/2026 11:37:48,2.901,74.483,11.54,0.36317,71.582
13674,07/07/2026 11:47:48,2.923,74.506,11.64,0.36549,71.583
13675,07/07/2026 11:57:48,2.885,74.450,11.93,0.36163,71.565
13676,07/07/2026 12:07:48,2.885,74.454,12.32,0.36165,71.569
13677,07/07/2026 12:17:48,2.904,74.469,12.90,0.36357,71.565
13678,07/07/2026 12:27:48,2.885,74.446,13.28,0.36162,71.561
13679,07/07/2026 12:37:48,2.886,74.433,13.77,0.36178,71.547
13680,07/07/2026 12:47:48,2.877,74.425,14.25,0.36081,71.548
13681,07/07/2026 12:57:48,2.889,74.443,14.73,0.36217,71.554
13682,07/07/2026 13:07:48,2.876,74.415,15.01,0.36078,71.539
13683,07/07/2026 13:17:48,2.867,74.398,15.49,0.35989,71.531
13684,07/07/2026 13:27:48,2.873,74.399,15.97,0.36047,71.526
13685,07/07/2026 13:37:48,2.879,74.393,16.25,0.36112,71.514
13686,07/07/2026 13:47:48,2.865,74.373,16.54,0.35980,71.508
13687,07/07/2026 13:57:48,2.876,74.367,16.73,0.36087,71.491
13688,07/07/2026 14:07:48,2.867,74.362,17.11,0.35997,71.495
13689,07/07/2026 14:17:48,2.849,74.330,17.49,0.35823,71.481
13690,07/07/2026 14:27:48,2.886,74.357,17.78,0.36191,71.471
13691,07/07/2026 14:37:48,2.852,74.301,18.07,0.35855,71.449
13692,07/07/2026 14:47:48,2.848,74.316,18.16,0.35806,71.468
13693,07/07/2026 14:57:48,2.846,74.370,17.78,0.35789,71.524
13694,07/07/2026 15:07:48,2.836,74.373,17.30,0.35688,71.537
13695,07/07/2026 15:17:48,2.814,74.355,16.92,0.35461,71.541
13696,07/07/2026 15:27:48,2.812,74.363,16.83,0.35439,71.551
13697,07/07/2026 15:37:48,2.803,74.368,16.83,0.35341,71.565
13698,07/07/2026 15:47:48,2.803,74.407,17.11,0.35349,71.604
13699,07/07/2026 15:57:48,2.806,74.411,17.40,0.35379,71.605
13700,07/07/2026 16:07:48,2.806,74.411,17.78,0.35381,71.605
13701,07/07/2026 16:17:48,2.821,74.421,17.88,0.35537,71.600
13702,07/07/2026 16:27:48,2.815,74.418,17.97,0.35474,71.603
13703,07/07/2026 16:37:48,2.815,74.410,18.07,0.35474,71.595
13704,07/07/2026 16:47:48,2.797,74.377,17.97,0.35291,71.580
13705,07/07/2026 16:57:48,2.834,74.383,18.07,0.35664,71.549
13706,07/07/2026 17:07:48,2.822,74.369,18.07,0.35545,71.547
13707,07/07/2026 17:17:48,2.814,74.368,17.97,0.35460,71.554
13708,07/07/2026 17:27:48,2.833,74.403,17.88,0.35656,71.570
13709,07/07/2026 17:37:48,2.835,74.405,17.68,0.35676,71.570
13710,07/07/2026 17:47:48,2.820,74.395,17.59,0.35521,71.575
13711,07/07/2026 17:57:48,2.814,74.397,17.40,0.35463,71.583
13712,07/07/2026 18:07:48,2.819,74.446,17.30,0.35512,71.627
13713,07/07/2026 18:17:48,2.790,74.426,17.11,0.35208,71.636
13714,07/07/2026 18:27:48,2.799,74.464,16.92,0.35306,71.665
13715,07/07/2026 18:37:48,2.785,74.457,16.73,0.35164,71.672
13716,07/07/2026 18:47:48,2.792,74.414,16.54,0.35234,71.622
13717,07/07/2026 18:57:48,2.786,74.421,16.35,0.35169,71.635
13718,07/07/2026 19:07:48,2.770,74.380,16.35,0.35007,71.610
13719,07/07/2026 19:17:48,2.788,74.389,16.35,0.35190,71.601
13720,07/07/2026 19:27:48,2.771,74.362,16.35,0.35014,71.591
13721,07/07/2026 19:37:48,2.784,74.375,16.25,0.35141,71.591
13722,07/07/2026 19:47:48,2.792,74.375,16.25,0.35225,71.583
13723,07/07/2026 19:57:48,2.797,74.369,16.16,0.35281,71.572
13724,07/07/2026 20:07:48,2.792,74.371,15.97,0.35231,71.579
13725,07/07/2026 20:17:48,2.797,74.378,15.78,0.35279,71.581
13726,07/07/2026 20:27:48,2.792,74.371,15.59,0.35229,71.579
13727,07/07/2026 20:37:48,2.796,74.378,15.40,0.35270,71.582
13728,07/07/2026 20:47:48,2.818,74.399,15.20,0.35488,71.581
13729,07/07/2026 20:57:48,2.775,74.356,15.01,0.35050,71.581
13730,07/07/2026 21:07:48,2.798,74.387,14.92,0.35282,71.589
13731,07/07/2026 21:17:48,2.805,74.398,14.73,0.35352,71.593
13732,07/07/2026 21:27:48,2.783,74.378,14.53,0.35125,71.595
13733,07/07/2026 21:37:48,2.795,74.394,14.34,0.35251,71.599
13734,07/07/2026 21:47:48,2.790,74.397,14.25,0.35202,71.607
13735,07/07/2026 21:57:48,2.817,74.436,14.05,0.35475,71.619
13736,07/07/2026 22:07:48,2.832,74.461,13.86,0.35629,71.629
13737,07/07/2026 22:17:48,2.812,74.436,13.67,0.35424,71.624
13738,07/07/2026 22:27:48,2.833,74.458,13.57,0.35635,71.625
13739,07/07/2026 22:37:48,2.828,74.447,13.38,0.35585,71.619
13740,07/07/2026 22:47:48,2.835,74.440,13.19,0.35655,71.605
13741,07/07/2026 22:57:48,2.816,74.420,13.00,0.35464,71.604
13742,07/07/2026 23:07:48,2.847,74.451,12.90,0.35773,71.604
13743,07/07/2026 23:17:48,2.831,74.431,12.71,0.35610,71.600
13744,07/07/2026 23:27:48,2.822,74.424,12.51,0.35518,71.602
13745,07/07/2026 23:37:48,2.814,74.418,12.32,0.35433,71.604
13746,07/07/2026 23:47:48,2.831,74.421,12.22,0.35616,71.590
13747,07/07/2026 23:57:48,2.828,74.410,12.03,0.35580,71.582
13748,07/08/2026 00:07:48,2.820,74.408,11.83,0.35502,71.588
13749,07/08/2026 00:17:48,2.839,74.435,11.74,0.35684,71.596
13750,07/08/2026 00:27:48,2.828,74.437,11.54,0.35578,71.609
13751,07/08/2026 00:37:48,2.830,74.441,11.44,0.35592,71.611
13752,07/08/2026 00:47:48,2.833,74.448,11.25,0.35626,71.615
13753,07/08/2026 00:57:48,2.848,74.452,11.15,0.35774,71.604
13754,07/08/2026 01:07:48,2.840,74.441,10.96,0.35689,71.601
13755,07/08/2026 01:17:48,2.829,74.425,10.76,0.35582,71.596
13756,07/08/2026 01:27:48,2.828,74.420,10.66,0.35568,71.592
13757,07/08/2026 01:37:48,2.845,74.432,10.57,0.35751,71.587
13758,07/08/2026 01:47:48,2.858,74.444,10.37,0.35877,71.586
13759,07/08/2026 01:57:48,2.845,74.466,10.27,0.35743,71.621
13760,07/08/2026 02:07:48,2.855,74.483,10.17,0.35848,71.628
13761,07/08/2026 02:17:48,2.832,74.478,10.08,0.35608,71.646
13762,07/08/2026 02:27:48,2.834,74.463,9.98,0.35629,71.629
13763,07/08/2026 02:37:48,2.821,74.449,9.88,0.35495,71.628
13764,07/08/2026 02:47:48,2.851,74.476,9.88,0.35805,71.625
13765,07/08/2026 02:57:48,2.834,74.448,9.78,0.35629,71.614
13766,07/08/2026 03:07:48,2.832,74.448,9.78,0.35608,71.616
13767,07/08/2026 03:17:48,2.843,74.478,9.68,0.35727,71.635
13768,07/08/2026 03:27:48,2.845,74.523,9.58,0.35741,71.678
13769,07/08/2026 03:37:48,2.844,74.531,9.48,0.35733,71.687
13770,07/08/2026 03:47:48,2.837,74.521,9.39,0.35663,71.684
13771,07/08/2026 03:57:48,2.840,74.529,9.29,0.35691,71.689
13772,07/08/2026 04:07:48,2.847,74.574,9.19,0.35761,71.727
13773,07/08/2026 04:17:48,2.859,74.586,9.09,0.35887,71.727
13774,07/08/2026 04:27:48,2.848,74.600,9.09,0.35774,71.752
13775,07/08/2026 04:37:48,2.864,74.608,8.99,0.35936,71.744
13776,07/08/2026 04:47:48,2.863,74.594,8.99,0.35929,71.731
13777,07/08/2026 04:57:48,2.855,74.571,8.89,0.35844,71.716
13778,07/08/2026 05:07:48,2.849,74.566,8.79,0.35774,71.717
13779,07/08/2026 05:17:48,2.875,74.596,8.69,0.36048,71.721
13780,07/08/2026 05:27:48,2.872,74.577,8.59,0.36019,71.705
13781,07/08/2026 05:37:48,2.865,74.563,8.49,0.35942,71.698
13782,07/08/2026 05:47:48,2.880,74.580,8.39,0.36096,71.700
13783,07/08/2026 05:57:48,2.882,74.575,8.29,0.36117,71.693
13784,07/08/2026 06:07:48,2.878,74.583,8.19,0.36075,71.705
13785,07/08/2026 06:17:48,2.887,74.605,8.09,0.36166,71.718
13786,07/08/2026 06:27:48,2.895,74.614,8.09,0.36250,71.719
13787,07/08/2026 06:37:48,2.889,74.604,7.99,0.36187,71.715
13788,07/08/2026 06:47:48,2.880,74.595,7.99,0.36095,71.715
13789,07/08/2026 06:57:48,2.897,74.617,7.99,0.36271,71.720
13790,07/08/2026 07:07:48,2.892,74.595,7.99,0.36215,71.703
13791,07/08/2026 07:17:48,2.891,74.595,7.99,0.36208,71.704
13792,07/08/2026 07:27:48,2.871,74.572,7.99,0.36004,71.701
13793,07/08/2026 07:37:48,2.894,74.599,7.99,0.36243,71.705
13794,07/08/2026 07:47:48,2.876,74.586,7.99,0.36053,71.710
13795,07/08/2026 07:57:48,2.881,74.586,7.99,0.36102,71.705
13796,07/08/2026 08:07:48,2.877,74.587,8.09,0.36060,71.710
13797,07/08/2026 08:17:48,2.874,74.592,8.19,0.36033,71.718
13798,07/08/2026 08:27:48,2.882,74.597,8.29,0.36124,71.715
13799,07/08/2026 08:37:48,2.865,74.590,8.49,0.35942,71.725
13800,07/08/2026 08:47:48,2.880,74.602,8.79,0.36097,71.722
13801,07/08/2026 08:57:48,2.882,74.608,8.99,0.36119,71.726
13802,07/08/2026 09:07:48,2.863,74.587,9.19,0.35929,71.724
13803,07/08/2026 09:17:48,2.865,74.589,9.39,0.35944,71.724
13804,07/08/2026 09:27:48,2.886,74.605,9.68,0.36163,71.719
13805,07/08/2026 09:37:48,2.886,74.594,9.88,0.36156,71.708
13806,07/08/2026 09:47:48,2.884,74.583,10.17,0.36136,71.699
13807,07/08/2026 09:57:48,2.868,74.558,10.47,0.35982,71.690
13808,07/08/2026 10:07:48,2.887,74.575,10.76,0.36173,71.688
13809,07/08/2026 10:17:48,2.901,74.587,11.05,0.36315,71.686
13810,07/08/2026 10:27:48,2.909,74.580,11.35,0.36407,71.671
13811,07/08/2026 10:37:48,2.897,74.562,11.74,0.36275,71.665
13812,07/08/2026 10:47:48,2.922,74.575,12.12,0.36530,71.653
13813,07/08/2026 10:57:48,2.905,74.546,12.42,0.36362,71.641
13814,07/08/2026 11:07:48,2.915,74.541,12.80,0.36462,71.626
13815,07/08/2026 11:17:48,2.912,74.528,13.28,0.36436,71.616
13816,07/08/2026 11:27:48,2.892,74.521,13.09,0.36238,71.629
13817,07/08/2026 11:37:48,2.895,74.513,12.80,0.36272,71.618
13818,07/08/2026 11:47:48,2.903,74.512,12.71,0.36349,71.609
13819,07/08/2026 11:57:48,2.886,74.490,12.71,0.36173,71.604
13820,07/08/2026 12:07:48,2.876,74.483,12.90,0.36069,71.607
13821,07/08/2026 12:17:48,2.898,74.482,13.28,0.36302,71.584
13822,07/08/2026 12:27:48,2.888,74.463,13.57,0.36191,71.575
13823,07/08/2026 12:37:48,2.898,74.457,13.86,0.36298,71.559
13824,07/08/2026 12:47:48,2.905,74.456,13.77,0.36368,71.551
13825,07/08/2026 12:57:48,2.908,74.446,14.15,0.36405,71.538
13826,07/08/2026 13:07:48,2.906,74.421,14.73,0.36379,71.515
13827,07/08/2026 13:17:48,2.887,74.385,15.59,0.36193,71.498
13828,07/08/2026 13:27:48,2.898,74.398,16.35,0.36317,71.500
13829,07/08/2026 13:37:48,2.869,74.367,16.73,0.36016,71.498
13830,07/08/2026 13:47:48,2.857,74.352,17.02,0.35898,71.495
13831,07/08/2026 13:57:48,2.881,74.383,17.30,0.36146,71.501
13832,07/08/2026 14:07:48,2.889,74.375,17.40,0.36224,71.486
13833,07/08/2026 14:17:48,2.876,74.368,17.59,0.36091,71.492
13834,07/08/2026 14:27:48,2.881,74.381,17.21,0.36145,71.500
13835,07/08/2026 14:37:48,2.860,74.366,17.40,0.35935,71.505
13836,07/08/2026 14:47:48,2.883,74.384,17.40,0.36161,71.501
13837,07/08/2026 14:57:48,2.870,74.375,17.78,0.36029,71.505
13838,07/08/2026 15:07:48,2.857,74.348,18.16,0.35897,71.491
13839,07/08/2026 15:17:48,2.877,74.353,18.64,0.36111,71.476
13840,07/08/2026 15:27:48,2.855,74.318,18.73,0.35887,71.463
13841,07/08/2026 15:37:48,2.835,74.284,18.92,0.35690,71.449
13842,07/08/2026 15:47:48,2.854,74.275,18.92,0.35881,71.421
13843,07/08/2026 15:57:48,2.838,74.231,19.02,0.35712,71.393
13844,07/08/2026 16:07:48,2.824,74.196,19.11,0.35572,71.372
13845,07/08/2026 16:17:48,2.832,74.221,19.30,0.35658,71.389
13846,07/08/2026 16:27:48,2.853,74.248,19.30,0.35876,71.395
13847,07/08/2026 16:37:48,2.822,74.199,19.02,0.35557,71.377
13848,07/08/2026 16:47:48,2.840,74.204,19.02,0.35733,71.364
13849,07/08/2026 16:57:48,2.822,74.209,19.02,0.35543,71.387
13850,07/08/2026 17:07:48,2.824,74.243,19.21,0.35565,71.419
13851,07/08/2026 17:17:48,2.820,74.248,19.30,0.35538,71.428
13852,07/08/2026 17:27:48,2.822,74.258,19.30,0.35545,71.436
13853,07/08/2026 17:37:48,2.802,74.240,19.02,0.35346,71.438
13854,07/08/2026 17:47:48,2.795,74.225,18.92,0.35282,71.430
13855,07/08/2026 17:57:48,2.796,74.221,18.92,0.35282,71.425
13856,07/08/2026 18:07:48,2.814,74.225,18.92,0.35472,71.411
13857,07/08/2026 18:17:48,2.787,74.183,18.83,0.35197,71.396
13858,07/08/2026 18:27:48,2.783,74.167,18.64,0.35154,71.384
13859,07/08/2026 18:37:48,2.751,74.128,18.35,0.34814,71.377
13860,07/08/2026 18:47:48,2.771,74.134,18.16,0.35024,71.363
13861,07/08/2026 18:57:48,2.787,74.147,18.07,0.35185,71.360
13862,07/08/2026 19:07:48,2.765,74.115,18.07,0.34960,71.350
13863,07/08/2026 19:17:48,2.756,74.110,18.07,0.34876,71.354
13864,07/08/2026 19:27:48,2.767,74.105,17.97,0.34981,71.338
13865,07/08/2026 19:37:48,2.748,74.082,17.97,0.34791,71.334
13866,07/08/2026 19:47:48,2.768,74.095,17.88,0.34987,71.327
13867,07/08/2026 19:57:48,2.747,74.080,17.78,0.34775,71.333
13868,07/08/2026 20:07:48,2.743,74.077,17.59,0.34739,71.334
13869,07/08/2026 20:17:48,2.769,74.099,17.49,0.34999,71.330
13870,07/08/2026 20:27:48,2.761,74.097,17.30,0.34914,71.336
13871,07/08/2026 20:37:48,2.782,74.108,17.11,0.35131,71.326
13872,07/08/2026 20:47:48,2.778,74.106,16.92,0.35088,71.328
13873,07/08/2026 20:57:48,2.779,74.108,16.73,0.35101,71.329
13874,07/08/2026 21:07:48,2.771,74.102,16.64,0.35023,71.331
13875,07/08/2026 21:17:48,2.760,74.100,16.45,0.34902,71.340
13876,07/08/2026 21:27:48,2.796,74.134,16.25,0.35274,71.338
13877,07/08/2026 21:37:48,2.799,74.138,16.16,0.35295,71.339
13878,07/08/2026 21:47:48,2.786,74.126,15.97,0.35167,71.340
13879,07/08/2026 21:57:48,2.786,74.133,15.78,0.35166,71.347
13880,07/08/2026 22:07:48,2.766,74.123,15.68,0.34962,71.357
13881,07/08/2026 22:17:48,2.805,74.148,15.49,0.35362,71.343
13882,07/08/2026 22:27:48,2.813,74.160,15.30,0.35432,71.347
13883,07/08/2026 22:37:48,2.785,74.254,15.20,0.35150,71.469
13884,07/08/2026 22:47:48,2.791,74.350,14.92,0.35212,71.559
13885,07/08/2026 22:57:48,2.789,74.330,14.73,0.35190,71.541
13886,07/08/2026 23:07:48,2.793,74.340,14.44,0.35238,71.547
13887,07/08/2026 23:17:48,2.808,74.131,14.34,0.35378,71.323
13888,07/08/2026 23:27:48,2.806,74.167,14.34,0.35364,71.361
13889,07/08/2026 23:37:48,2.791,74.166,14.25,0.35209,71.375
13890,07/08/2026 23:47:48,2.804,74.206,14.15,0.35342,71.402
13891,07/08/2026 23:57:48,2.815,74.227,14.05,0.35461,71.412
13892,07/09/2026 00:07:48,2.817,74.222,13.96,0.35475,71.405
13893,07/09/2026 00:17:48,2.814,74.224,13.77,0.35446,71.410
13894,07/09/2026 00:27:48,2.808,74.219,13.67,0.35375,71.411
13895,07/09/2026 00:37:48,2.813,74.218,13.57,0.35431,71.405
13896,07/09/2026 00:47:48,2.811,74.216,13.38,0.35409,71.405
13897,07/09/2026 00:57:48,2.818,74.209,13.19,0.35479,71.391
13898,07/09/2026 01:07:48,2.826,74.199,13.09,0.35563,71.373
13899,07/09/2026 01:17:48,2.831,74.203,13.00,0.35612,71.372
13900,07/09/2026 01:27:48,2.832,74.201,12.80,0.35618,71.369
13901,07/09/2026 01:37:48,2.823,74.199,12.61,0.35526,71.376
13902,07/09/2026 01:47:48,2.817,74.198,12.51,0.35462,71.381
13903,07/09/2026 01:57:48,2.831,74.210,12.42,0.35609,71.379
13904,07/09/2026 02:07:48,2.826,74.208,12.22,0.35559,71.382
13905,07/09/2026 02:17:48,2.855,74.207,12.12,0.35854,71.352
13906,07/09/2026 02:27:48,2.841,74.202,12.03,0.35706,71.361
13907,07/09/2026 02:37:48,2.821,74.168,11.83,0.35509,71.347
13908,07/09/2026 02:47:48,2.849,74.208,11.74,0.35790,71.359
13909,07/09/2026 02:57:48,2.835,74.221,11.64,0.35642,71.386
13910,07/09/2026 03:07:48,2.828,74.211,11.54,0.35571,71.383
13911,07/09/2026 03:17:48,2.827,74.169,11.44,0.35564,71.342
13912,07/09/2026 03:27:48,2.845,74.213,11.35,0.35753,71.368
13913,07/09/2026 03:37:48,2.839,74.226,11.25,0.35682,71.387
13914,07/09/2026 03:47:48,2.839,74.220,11.15,0.35689,71.381
13915,07/09/2026 03:57:48,2.829,74.224,11.05,0.35583,71.395
13916,07/09/2026 04:07:48,2.870,74.255,10.96,0.35998,71.385
13917,07/09/2026 04:17:48,2.861,74.240,10.86,0.35913,71.379
13918,07/09/2026 04:27:48,2.876,74.239,10.76,0.36068,71.363
13919,07/09/2026 04:37:48,2.865,74.233,10.57,0.35948,71.368
13920,07/09/2026 04:47:48,2.868,74.237,10.47,0.35975,71.369
13921,07/09/2026 04:57:48,2.880,74.244,10.27,0.36101,71.364
13922,07/09/2026 05:07:48,2.876,74.243,10.17,0.36059,71.367
13923,07/09/2026 05:17:48,2.875,74.237,10.08,0.36052,71.362
13924,07/09/2026 05:27:48,2.877,74.241,9.98,0.36072,71.364
13925,07/09/2026 05:37:48,2.865,74.240,9.88,0.35945,71.375
13926,07/09/2026 05:47:48,2.869,74.262,9.78,0.35987,71.393
13927,07/09/2026 05:57:48,2.865,74.266,9.78,0.35952,71.401
13928,07/09/2026 06:07:48,2.870,74.261,9.68,0.35994,71.391
13929,07/09/2026 06:17:48,2.871,74.292,9.58,0.36008,71.421
13930,07/09/2026 06:27:48,2.853,74.287,9.58,0.35825,71.434
13931,07/09/2026 06:37:48,2.882,74.318,9.48,0.36120,71.436
13932,07/09/2026 06:47:48,2.874,74.317,9.39,0.36043,71.443
13933,07/09/2026 06:57:48,2.862,74.304,9.39,0.35909,71.442
13934,07/09/2026 07:07:48,2.862,74.330,9.29,0.35916,71.468
13935,07/09/2026 07:17:48,2.892,74.380,9.29,0.36218,71.488
13936,07/09/2026 07:27:48,2.877,74.357,9.29,0.36070,71.480
13937,07/09/2026 07:37:48,2.877,74.343,9.29,0.36070,71.466
13938,07/09/2026 07:47:48,2.872,74.315,9.19,0.36021,71.443
13939,07/09/2026 07:57:48,2.862,74.294,9.29,0.35909,71.432
13940,07/09/2026 08:07:48,2.886,74.331,9.39,0.36155,71.445
13941,07/09/2026 08:17:48,2.882,74.325,9.29,0.36120,71.443
13942,07/09/2026 08:27:48,2.881,74.349,9.39,0.36106,71.468
13943,07/09/2026 08:37:48,2.874,74.323,9.58,0.36043,71.449
13944,07/09/2026 08:47:48,2.866,74.312,9.78,0.35952,71.446
13945,07/09/2026 08:57:48,2.861,74.309,9.98,0.35904,71.448
13946,07/09/2026 09:07:48,2.877,74.320,10.17,0.36073,71.443
13947,07/09/2026 09:17:48,2.895,74.331,10.37,0.36249,71.436
13948,07/09/2026 09:27:48,2.864,74.302,10.66,0.35941,71.438
13949,07/09/2026 09:37:48,2.853,74.281,10.86,0.35829,71.428
13950,07/09/2026 09:47:48,2.871,74.292,11.05,0.36012,71.421
13951,07/09/2026 09:57:48,2.884,74.286,11.35,0.36147,71.402
13952,07/09/2026 10:07:48,2.874,74.266,11.64,0.36043,71.392
13953,07/09/2026 10:17:48,2.891,74.260,11.93,0.36220,71.369
13954,07/09/2026 10:27:48,2.889,74.246,12.32,0.36200,71.357
13955,07/09/2026 10:37:48,2.880,74.245,12.71,0.36110,71.365
13956,07/09/2026 10:47:48,2.890,74.257,12.51,0.36208,71.367
13957,07/09/2026 10:57:48,2.881,74.241,12.80,0.36124,71.360
13958,07/09/2026 11:07:48,2.884,74.238,12.90,0.36153,71.354
13959,07/09/2026 11:17:48,2.886,74.229,13.38,0.36176,71.343
13960,07/09/2026 11:27:48,2.869,74.204,13.57,0.36001,71.335
13961,07/09/2026 11:37:48,2.880,74.214,14.05,0.36116,71.334
13962,07/09/2026 11:47:48,2.893,74.209,14.44,0.36251,71.316
13963,07/09/2026 11:57:48,2.874,74.177,14.44,0.36061,71.303
13964,07/09/2026 12:07:48,2.877,74.171,14.73,0.36091,71.294
13965,07/09/2026 12:17:48,2.881,74.181,14.82,0.36133,71.300
13966,07/09/2026 12:27:48,2.854,74.160,14.92,0.35852,71.306
13967,07/09/2026 12:37:48,2.869,74.177,14.82,0.36007,71.308
13968,07/09/2026 12:47:48,2.868,74.160,14.92,0.35993,71.292
13969,07/09/2026 12:57:48,2.859,74.155,14.92,0.35908,71.296
13970,07/09/2026 13:07:48,2.875,74.163,14.82,0.36070,71.288
13971,07/09/2026 13:17:48,2.868,74.152,15.01,0.35993,71.284
13972,07/09/2026 13:27:48,2.885,74.149,15.20,0.36177,71.264
13973,07/09/2026 13:37:48,2.856,74.116,15.49,0.35883,71.260
13974,07/09/2026 13:47:48,2.889,74.135,15.97,0.36223,71.246
13975,07/09/2026 13:57:48,2.885,74.122,16.35,0.36176,71.237
13976,07/09/2026 14:07:48,2.879,74.107,16.64,0.36121,71.228
13977,07/09/2026 14:17:48,2.865,74.142,16.54,0.35973,71.277
13978,07/09/2026 14:27:48,2.871,74.119,16.54,0.36043,71.248
13979,07/09/2026 14:37:48,2.861,74.106,16.92,0.35933,71.245
13980,07/09/2026 14:47:48,2.859,74.113,17.11,0.35913,71.254
13981,07/09/2026 14:57:48,2.873,74.090,17.49,0.36063,71.217
13982,07/09/2026 15:07:48,2.853,74.065,17.30,0.35857,71.212
13983,07/09/2026 15:17:48,2.854,74.045,17.49,0.35865,71.191
13984,07/09/2026 15:27:48,2.856,74.047,17.30,0.35885,71.191
13985,07/09/2026 15:37:48,2.832,74.009,17.21,0.35646,71.177
13986,07/09/2026 15:47:48,2.853,74.046,17.21,0.35850,71.193
13987,07/09/2026 15:57:48,2.832,74.007,17.02,0.35644,71.175
13988,07/09/2026 16:07:48,2.848,74.020,17.30,0.35801,71.172
13989,07/09/2026 16:17:48,2.846,73.997,17.68,0.35789,71.151
13990,07/09/2026 16:27:48,2.838,73.981,17.88,0.35706,71.143
13991,07/09/2026 16:37:48,2.853,73.998,17.78,0.35860,71.145
13992,07/09/2026 16:47:48,2.853,74.080,17.78,0.35860,71.227
13993,07/09/2026 16:57:48,2.847,74.073,17.59,0.35795,71.226
13994,07/09/2026 17:07:48,2.827,74.069,17.30,0.35597,71.242
13995,07/09/2026 17:17:48,2.832,74.118,17.21,0.35646,71.286
13996,07/09/2026 17:27:48,2.826,74.131,17.11,0.35575,71.305
13997,07/09/2026 17:37:48,2.812,74.069,16.92,0.35440,71.257
13998,07/09/2026 17:47:48,2.815,74.064,16.83,0.35467,71.249
13999,07/09/2026 17:57:48,2.830,74.096,16.83,0.35615,71.266
14000,07/09/2026 18:07:48,2.810,74.076,16.73,0.35418,71.266
14001,07/09/2026 18:17:48,2.814,74.063,16.73,0.35453,71.249
14002,07/09/2026 18:27:48,2.813,74.063,16.73,0.35439,71.250
14003,07/09/2026 18:37:48,2.789,74.048,16.64,0.35199,71.259
14004,07/09/2026 18:47:48,2.808,74.079,16.54,0.35389,71.271
14005,07/09/2026 18:57:48,2.801,74.054,16.35,0.35317,71.253
14006,07/09/2026 19:07:48,2.799,74.061,16.16,0.35295,71.262
14007,07/09/2026 19:17:48,2.817,74.067,15.97,0.35484,71.250
14008,07/09/2026 19:27:48,2.784,74.035,15.87,0.35139,71.251
14009,07/09/2026 19:37:48,2.797,74.044,15.87,0.35273,71.247
14010,07/09/2026 19:47:48,2.803,74.060,15.68,0.35335,71.257
14011,07/09/2026 19:57:48,2.807,74.059,15.59,0.35377,71.252
14012,07/09/2026 20:07:48,2.798,74.044,15.49,0.35285,71.246
14013,07/09/2026 20:17:48,2.796,74.034,15.40,0.35263,71.238
14014,07/09/2026 20:27:48,2.805,74.045,15.20,0.35354,71.240
14015,07/09/2026 20:37:48,2.780,74.030,15.11,0.35107,71.250
14016,07/09/2026 20:47:48,2.790,74.043,15.01,0.35205,71.253
14017,07/09/2026 20:57:48,2.806,74.068,14.82,0.35366,71.262
14018,07/09/2026 21:07:48,2.799,74.075,14.63,0.35295,71.276
14019,07/09/2026 21:17:48,2.790,74.073,14.44,0.35195,71.283
14020,07/09/2026 21:27:48,2.772,74.057,14.25,0.35019,71.285
14021,07/09/2026 21:37:48,2.790,74.079,14.15,0.35194,71.289
14022,07/09/2026 21:47:48,2.781,74.077,13.96,0.35102,71.296
14023,07/09/2026 21:57:48,2.801,74.107,13.77,0.35305,71.306
14024,07/09/2026 22:07:48,2.829,74.145,13.57,0.35600,71.316
14025,07/09/2026 22:17:48,2.802,74.122,13.48,0.35311,71.320
14026,07/09/2026 22:27:48,2.793,74.110,13.28,0.35233,71.317
14027,07/09/2026 22:37:48,2.821,74.136,13.09,0.35506,71.315
14028,07/09/2026 22:47:48,2.834,74.161,12.90,0.35639,71.327
14029,07/09/2026 22:57:48,2.823,74.145,12.71,0.35533,71.322
14030,07/09/2026 23:07:48,2.856,74.162,12.61,0.35870,71.306
14031,07/09/2026 23:17:48,2.850,74.160,12.42,0.35806,71.310
14032,07/09/2026 23:27:48,2.851,74.158,12.22,0.35820,71.307
14033,07/09/2026 23:37:48,2.839,74.147,12.03,0.35692,71.308
14034,07/09/2026 23:47:48,2.826,74.136,11.83,0.35558,71.310
14035,07/09/2026 23:57:48,2.845,74.158,11.74,0.35755,71.313
14036,07/10/2026 00:07:48,2.840,74.143,11.54,0.35698,71.303
14037,07/10/2026 00:17:48,2.829,74.136,11.35,0.35584,71.307
14038,07/10/2026 00:27:48,2.864,74.167,11.25,0.35943,71.303
14039,07/10/2026 00:37:48,2.841,74.138,11.05,0.35703,71.297
14040,07/10/2026 00:47:48,2.863,74.145,10.86,0.35934,71.282
14041,07/10/2026 00:57:48,2.837,74.107,10.66,0.35667,71.270
14042,07/10/2026 01:07:48,2.848,74.120,10.57,0.35772,71.272
14043,07/10/2026 01:17:48,2.834,74.095,10.37,0.35637,71.261
14044,07/10/2026 01:27:48,2.844,74.102,10.17,0.35735,71.258
14045,07/10/2026 01:37:48,2.843,74.110,10.08,0.35728,71.267
14046,07/10/2026 01:47:48,2.839,74.104,9.88,0.35685,71.265
14047,07/10/2026 01:57:48,2.850,74.121,9.78,0.35797,71.271
14048,07/10/2026 02:07:48,2.878,74.156,9.58,0.36078,71.278
14049,07/10/2026 02:17:48,2.856,74.132,9.48,0.35860,71.276
14050,07/10/2026 02:27:48,2.849,74.131,9.39,0.35789,71.282
14051,07/10/2026 02:37:48,2.856,74.135,9.29,0.35852,71.279
14052,07/10/2026 02:47:48,2.865,74.138,9.09,0.35943,71.273
14053,07/10/2026 02:57:48,2.831,74.105,8.99,0.35598,71.274
14054,07/10/2026 03:07:48,2.887,74.158,8.79,0.36168,71.271
14055,07/10/2026 03:17:48,2.860,74.134,8.69,0.35893,71.274
14056,07/10/2026 03:27:48,2.855,74.137,8.49,0.35843,71.282
14057,07/10/2026 03:37:48,2.859,74.136,8.39,0.35885,71.277
14058,07/10/2026 03:47:48,2.866,74.140,8.29,0.35955,71.274
14059,07/10/2026 03:57:48,2.855,74.129,8.09,0.35842,71.274
14060,07/10/2026 04:07:48,2.859,74.133,7.99,0.35877,71.274
14061,07/10/2026 04:17:48,2.860,74.136,7.89,0.35898,71.276
14062,07/10/2026 04:27:48,2.862,74.135,7.69,0.35912,71.273
14063,07/10/2026 04:37:48,2.866,74.134,7.59,0.35954,71.268
14064,07/10/2026 04:47:48,2.862,74.129,7.49,0.35904,71.267
14065,07/10/2026 04:57:48,2.856,74.123,7.39,0.35855,71.267
14066,07/10/2026 05:07:48,2.874,74.140,7.29,0.36038,71.266
14067,07/10/2026 05:17:48,2.870,74.134,7.09,0.35995,71.264
14068,07/10/2026 05:27:48,2.883,74.143,6.99,0.36122,71.260
14069,07/10/2026 05:37:48,2.893,74.164,6.89,0.36227,71.271
14070,07/10/2026 05:47:48,2.869,74.145,6.79,0.35988,71.276
14071,07/10/2026 05:57:48,2.884,74.167,6.68,0.36135,71.283
14072,07/10/2026 06:07:48,2.880,74.175,6.58,0.36100,71.295
14073,07/10/2026 06:17:48,2.876,74.175,6.48,0.36050,71.299
14074,07/10/2026 06:27:48,2.904,74.210,6.38,0.36339,71.306
14075,07/10/2026 06:37:48,2.901,74.205,6.28,0.36303,71.304
14076,07/10/2026 06:47:48,2.887,74.196,6.28,0.36163,71.309
14077,07/10/2026 06:57:48,2.896,74.213,6.18,0.36254,71.317
14078,07/10/2026 07:07:48,2.913,74.230,6.07,0.36429,71.317
14079,07/10/2026 07:17:48,2.890,74.212,6.07,0.36197,71.322
14080,07/10/2026 07:27:48,2.903,74.226,6.07,0.36324,71.323
14081,07/10/2026 07:37:48,2.910,74.231,6.18,0.36401,71.321
14082,07/10/2026 07:47:48,2.892,74.214,6.28,0.36212,71.322
14083,07/10/2026 07:57:48,2.892,74.224,6.38,0.36212,71.332
14084,07/10/2026 08:07:48,2.878,74.215,6.48,0.36078,71.337
14085,07/10/2026 08:17:48,2.874,74.221,6.58,0.36029,71.347
14086,07/10/2026 08:27:48,2.873,74.226,6.68,0.36023,71.353
14087,07/10/2026 08:37:48,2.868,74.237,6.89,0.35967,71.369
14088,07/10/2026 08:47:48,2.869,74.235,7.19,0.35981,71.366
14089,07/10/2026 08:57:48,2.875,74.240,7.29,0.36045,71.365
14090,07/10/2026 09:07:48,2.871,74.250,7.39,0.36003,71.379
14091,07/10/2026 09:17:48,2.873,74.241,7.39,0.36024,71.368
14092,07/10/2026 09:27:48,2.880,74.251,7.49,0.36094,71.371
14093,07/10/2026 09:37:48,2.875,74.234,7.69,0.36045,71.359
14094,07/10/2026 09:47:48,2.884,74.236,7.89,0.36137,71.352
14095,07/10/2026 09:57:48,2.875,74.211,8.19,0.36054,71.336
14096,07/10/2026 10:07:48,2.881,74.220,8.69,0.36111,71.339
14097,07/10/2026 10:17:48,2.883,74.201,9.09,0.36133,71.318
14098,07/10/2026 10:27:48,2.888,74.208,9.39,0.36183,71.320
14099,07/10/2026 10:37:48,2.884,74.198,9.78,0.36142,71.314
14100,07/10/2026 10:47:48,2.898,74.201,10.08,0.36284,71.303
14101,07/10/2026 10:57:48,2.891,74.208,9.88,0.36220,71.317
14102,07/10/2026 11:07:48,2.897,74.216,9.68,0.36268,71.319
14103,07/10/2026 11:17:48,2.894,74.210,10.08,0.36249,71.316
14104,07/10/2026 11:27:48,2.885,74.199,10.86,0.36160,71.314
14105,07/10/2026 11:37:48,2.877,74.173,11.44,0.36077,71.296
14106,07/10/2026 11:47:48,2.889,74.194,11.74,0.36205,71.305
14107,07/10/2026 11:57:48,2.878,74.192,11.54,0.36092,71.314
14108,07/10/2026 12:07:48,2.882,74.200,11.35,0.36119,71.318
14109,07/10/2026 12:17:48,2.880,74.225,11.15,0.36104,71.345
14110,07/10/2026 12:27:48,2.871,74.208,11.25,0.36013,71.337
14111,07/10/2026 12:37:48,2.864,74.210,11.44,0.35936,71.346
14112,07/10/2026 12:47:48,2.888,74.238,11.54,0.36183,71.350
14113,07/10/2026 12:57:48,2.878,74.249,11.74,0.36085,71.371
14114,07/10/2026 13:07:48,2.868,74.223,11.83,0.35980,71.355
14115,07/10/2026 13:17:48,2.857,74.215,12.03,0.35875,71.358
14116,07/10/2026 13:27:48,2.861,74.226,12.22,0.35918,71.365
14117,07/10/2026 13:37:48,2.862,74.224,12.42,0.35926,71.362
14118,07/10/2026 13:47:48,2.869,74.210,12.80,0.35998,71.341
14119,07/10/2026 13:57:48,2.872,74.200,13.57,0.36029,71.328
14120,07/10/2026 14:07:48,2.850,74.161,14.15,0.35806,71.311
14121,07/10/2026 14:17:48,2.863,74.189,14.25,0.35941,71.326
14122,07/10/2026 14:27:48,2.847,74.169,14.05,0.35778,71.322
14123,07/10/2026 14:37:48,2.867,74.182,14.44,0.35984,71.315
14124,07/10/2026 14:47:48,2.851,74.151,14.92,0.35824,71.300
14125,07/10/2026 14:57:48,2.858,74.147,15.40,0.35897,71.289
14126,07/10/2026 15:07:48,2.865,74.143,15.87,0.35976,71.278
14127,07/10/2026 15:17:48,2.848,74.120,16.16,0.35795,71.272
14128,07/10/2026 15:27:48,2.858,74.120,16.16,0.35893,71.262
14129,07/10/2026 15:37:48,2.851,74.105,16.06,0.35830,71.254
14130,07/10/2026 15:47:48,2.824,74.082,15.68,0.35553,71.258
14131,07/10/2026 15:57:48,2.829,74.086,15.59,0.35602,71.257
14132,07/10/2026 16:07:48,2.824,74.081,15.59,0.35553,71.257
14133,07/10/2026 16:17:48,2.828,74.092,15.78,0.35596,71.264
14134,07/10/2026 16:27:48,2.823,74.084,15.87,0.35547,71.261
14135,07/10/2026 16:37:48,2.810,74.080,15.87,0.35406,71.270
14136,07/10/2026 16:47:48,2.798,74.083,15.78,0.35293,71.285
14137,07/10/2026 16:57:48,2.810,74.100,15.68,0.35412,71.290
14138,07/10/2026 17:07:48,2.810,74.122,15.59,0.35412,71.312
14139,07/10/2026 17:17:48,2.781,74.072,15.59,0.35116,71.291
14140,07/10/2026 17:27:48,2.791,74.068,15.59,0.35208,71.277
14141,07/10/2026 17:37:48,2.792,74.062,15.87,0.35223,71.270
14142,07/10/2026 17:47:48,2.789,74.045,15.97,0.35196,71.256
14143,07/10/2026 17:57:48,2.813,74.072,15.97,0.35442,71.259
14144,07/10/2026 18:07:48,2.805,74.063,15.97,0.35357,71.258
14145,07/10/2026 18:17:48,2.804,74.062,15.87,0.35350,71.258
14146,07/10/2026 18:27:48,2.800,74.062,15.87,0.35308,71.262
14147,07/10/2026 18:37:48,2.796,74.053,15.87,0.35265,71.257
14148,07/10/2026 18:47:48,2.779,74.033,15.78,0.35096,71.254
14149,07/10/2026 18:57:48,2.796,74.051,15.68,0.35265,71.255
14150,07/10/2026 19:07:48,2.801,74.054,15.59,0.35313,71.253
14151,07/10/2026 19:17:48,2.799,74.057,15.49,0.35299,71.258
14152,07/10/2026 19:27:48,2.795,74.065,15.40,0.35256,71.270
14153,07/10/2026 19:37:48,2.808,74.092,15.30,0.35382,71.284
14154,07/10/2026 19:47:48,2.806,74.086,15.20,0.35368,71.280
14155,07/10/2026 19:57:48,2.809,74.103,15.11,0.35396,71.294
14156,07/10/2026 20:07:48,2.799,74.101,14.92,0.35289,71.302
14157,07/10/2026 20:17:48,2.813,74.127,14.82,0.35436,71.314
14158,07/10/2026 20:27:48,2.800,74.116,14.63,0.35302,71.316
14159,07/10/2026 20:37:48,2.824,74.141,14.44,0.35547,71.317
14160,07/10/2026 20:47:48,2.823,74.148,14.25,0.35532,71.325
14161,07/10/2026 20:57:48,2.806,74.138,14.15,0.35363,71.332
14162,07/10/2026 21:07:48,2.800,74.145,13.96,0.35299,71.345
14163,07/10/2026 21:17:48,2.842,74.184,13.77,0.35720,71.342
14164,07/10/2026 21:27:48,2.828,74.182,13.57,0.35579,71.354
14165,07/10/2026 21:37:48,2.842,74.202,13.38,0.35726,71.360
14166,07/10/2026 21:47:48,2.842,74.210,13.28,0.35725,71.368
14167,07/10/2026 21:57:48,2.816,74.195,13.09,0.35457,71.379
14168,07/10/2026 22:07:48,2.825,74.220,12.90,0.35548,71.395
14169,07/10/2026 22:17:48,2.822,74.223,12.80,0.35519,71.401
14170,07/10/2026 22:27:48,2.816,74.217,12.61,0.35455,71.401
14171,07/10/2026 22:37:48,2.820,74.225,12.51,0.35497,71.405
14172,07/10/2026 22:47:48,2.809,74.209,12.32,0.35391,71.400
14173,07/10/2026 22:57:48,2.816,74.216,12.12,0.35460,71.400
14174,07/10/2026 23:07:48,2.800,74.206,12.03,0.35298,71.406
14175,07/10/2026 23:17:48,2.802,74.204,11.83,0.35319,71.402
14176,07/10/2026 23:27:48,2.832,74.240,11.74,0.35614,71.408
14177,07/10/2026 23:37:48,2.815,74.229,11.54,0.35437,71.414
14178,07/10/2026 23:47:48,2.827,74.237,11.44,0.35564,71.410
14179,07/10/2026 23:57:48,2.830,74.249,11.25,0.35591,71.419
14180,07/11/2026 00:07:48,2.808,74.234,11.15,0.35373,71.426
14181,07/11/2026 00:17:48,2.841,74.277,10.96,0.35710,71.436
14182,07/11/2026 00:27:48,2.809,74.254,10.86,0.35379,71.445
14183,07/11/2026 00:37:48,2.837,74.284,10.66,0.35659,71.447
14184,07/11/2026 00:47:48,2.825,74.278,10.57,0.35547,71.453
14185,07/11/2026 00:57:48,2.807,74.263,10.37,0.35356,71.456
14186,07/11/2026 01:07:48,2.828,74.285,10.27,0.35567,71.457
14187,07/11/2026 01:17:48,2.830,74.287,10.08,0.35594,71.457
14188,07/11/2026 01:27:48,2.825,74.291,9.98,0.35538,71.466
14189,07/11/2026 01:37:48,2.837,74.308,9.88,0.35664,71.471
14190,07/11/2026 01:47:48,2.832,74.306,9.68,0.35614,71.474
14191,07/11/2026 01:57:48,2.841,74.319,9.58,0.35698,71.478
14192,07/11/2026 02:07:48,2.831,74.313,9.39,0.35592,71.482
14193,07/11/2026 02:17:48,2.832,74.316,9.29,0.35613,71.484
14194,07/11/2026 02:27:48,2.849,74.328,9.09,0.35782,71.479
14195,07/11/2026 02:37:48,2.854,74.332,8.99,0.35830,71.478
14196,07/11/2026 02:47:48,2.852,74.326,8.89,0.35816,71.474
14197,07/11/2026 02:57:48,2.852,74.320,8.69,0.35809,71.468
14198,07/11/2026 03:07:48,2.856,74.328,8.59,0.35858,71.472
14199,07/11/2026 03:17:48,2.859,74.336,8.49,0.35886,71.477
14200,07/11/2026 03:27:48,2.863,74.348,8.29,0.35927,71.485
14201,07/11/2026 03:37:48,2.877,74.365,8.19,0.36068,71.488
14202,07/11/2026 03:47:48,2.861,74.351,8.09,0.35906,71.490
14203,07/11/2026 03:57:48,2.876,74.377,7.99,0.36060,71.501
14204,07/11/2026 04:07:48,2.876,74.380,7.79,0.36060,71.504
14205,07/11/2026 04:17:48,2.873,74.379,7.69,0.36024,71.506
14206,07/11/2026 04:27:48,2.875,74.378,7.59,0.36052,71.503
14207,07/11/2026 04:37:48,2.858,74.364,7.49,0.35869,71.506
14208,07/11/2026 04:47:48,2.875,74.390,7.39,0.36045,71.515
14209,07/11/2026 04:57:48,2.858,74.381,7.29,0.35876,71.522
14210,07/11/2026 05:07:48,2.879,74.411,7.19,0.36087,71.532
14211,07/11/2026 05:17:48,2.872,74.411,7.09,0.36009,71.539
14212,07/11/2026 05:27:48,2.888,74.428,6.99,0.36171,71.540
14213,07/11/2026 05:37:48,2.880,74.427,6.89,0.36093,71.547
14214,07/11/2026 05:47:48,2.869,74.417,6.79,0.35981,71.548
14215,07/11/2026 05:57:48,2.868,74.425,6.68,0.35973,71.557
14216,07/11/2026 06:07:48,2.889,74.452,6.58,0.36184,71.563
14217,07/11/2026 06:17:48,2.899,74.474,6.48,0.36282,71.575
14218,07/11/2026 06:27:48,2.900,74.491,6.38,0.36296,71.591
14219,07/11/2026 06:37:48,2.887,74.482,6.38,0.36163,71.595
14220,07/11/2026 06:47:48,2.873,74.476,6.28,0.36029,71.603
14221,07/11/2026 06:57:48,2.914,74.531,6.28,0.36437,71.617
14222,07/11/2026 07:07:48,2.898,74.512,6.18,0.36275,71.614
14223,07/11/2026 07:17:48,2.889,74.507,6.07,0.36176,71.618
14224,07/11/2026 07:27:48,2.893,74.516,6.07,0.36219,71.623
14225,07/11/2026 07:37:48,2.901,74.525,6.07,0.36303,71.624
14226,07/11/2026 07:47:48,2.885,74.516,6.07,0.36141,71.631
14227,07/11/2026 07:57:48,2.869,74.507,6.18,0.35987,71.638
14228,07/11/2026 08:07:48,2.886,74.535,6.28,0.36156,71.649
14229,07/11/2026 08:17:48,2.863,74.518,6.38,0.35917,71.655
14230,07/11/2026 08:27:48,2.857,74.515,6.58,0.35861,71.658
14231,07/11/2026 08:37:48,2.872,74.526,6.79,0.36009,71.654
14232,07/11/2026 08:47:48,2.861,74.514,6.99,0.35897,71.653
14233,07/11/2026 08:57:48,2.866,74.521,7.29,0.35953,71.655
14234,07/11/2026 09:07:48,2.879,74.527,7.49,0.36087,71.648
14235,07/11/2026 09:17:48,2.874,74.530,7.79,0.36032,71.656
14236,07/11/2026 09:27:48,2.890,74.541,8.09,0.36201,71.651
14237,07/11/2026 09:37:48,2.888,74.534,8.29,0.36180,71.646
14238,07/11/2026 09:47:48,2.865,74.506,8.69,0.35942,71.641
14239,07/11/2026 09:57:48,2.895,74.531,8.99,0.36252,71.636
14240,07/11/2026 10:07:48,2.873,74.502,9.29,0.36028,71.629
14241,07/11/2026 10:17:48,2.911,74.532,9.58,0.36416,71.621
14242,07/11/2026 10:27:48,2.898,74.517,9.98,0.36290,71.619
14243,07/11/2026 10:37:48,2.871,74.488,10.27,0.36017,71.617
14244,07/11/2026 10:47:48,2.878,74.495,10.47,0.36081,71.617
14245,07/11/2026 10:57:48,2.892,74.509,10.96,0.36223,71.617
14246,07/11/2026 11:07:48,2.882,74.504,11.44,0.36126,71.622
14247,07/11/2026 11:17:48,2.912,74.519,12.03,0.36438,71.607
14248,07/11/2026 11:27:48,2.875,74.497,12.03,0.36051,71.622
14249,07/11/2026 11:37:48,2.882,74.509,11.93,0.36128,71.627
14250,07/11/2026 11:47:48,2.885,74.499,11.83,0.36156,71.614
14251,07/11/2026 11:57:48,2.889,74.513,12.32,0.36200,71.624
14252,07/11/2026 12:07:48,2.897,74.514,12.90,0.36287,71.617
14253,07/11/2026 12:17:48,2.893,74.517,13.57,0.36247,71.624
14254,07/11/2026 12:27:48,2.880,74.499,13.96,0.36108,71.619
14255,07/11/2026 12:37:48,2.868,74.481,14.44,0.35998,71.613
14256,07/11/2026 12:47:48,2.861,74.475,14.73,0.35929,71.614
14257,07/11/2026 12:57:48,2.866,74.475,15.11,0.35980,71.609
14258,07/11/2026 13:07:48,2.863,74.477,15.30,0.35953,71.614
14259,07/11/2026 13:17:48,2.877,74.484,15.49,0.36087,71.607
14260,07/11/2026 13:27:48,2.847,74.440,16.06,0.35794,71.593
14261,07/11/2026 13:37:48,2.873,74.452,16.64,0.36051,71.579
14262,07/11/2026 13:47:48,2.866,74.458,17.21,0.35991,71.592
14263,07/11/2026 13:57:48,2.857,74.442,17.68,0.35895,71.585
14264,07/11/2026 14:07:48,2.850,74.419,18.07,0.35833,71.569
14265,07/11/2026 14:17:48,2.850,74.424,18.45,0.35829,71.574
14266,07/11/2026 14:27:48,2.826,74.399,18.64,0.35590,71.573
14267,07/11/2026 14:37:48,2.825,74.389,18.92,0.35578,71.564
14268,07/11/2026 14:47:48,2.831,74.388,19.21,0.35643,71.557
14269,07/11/2026 14:57:48,2.843,74.391,18.73,0.35760,71.548
14270,07/11/2026 15:07:48,2.811,74.378,18.45,0.35441,71.567
14271,07/11/2026 15:17:48,2.815,74.363,18.64,0.35470,71.548
14272,07/11/2026 15:27:48,2.808,74.350,19.11,0.35410,71.542
14273,07/11/2026 15:37:48,2.816,74.353,19.68,0.35498,71.537
14274,07/11/2026 15:47:48,2.816,74.349,20.07,0.35493,71.533
14275,07/11/2026 15:57:48,2.799,74.317,20.35,0.35319,71.518
14276,07/11/2026 16:07:48,2.798,74.324,20.54,0.35313,71.526
14277,07/11/2026 16:17:48,2.778,74.300,20.45,0.35108,71.522
14278,07/11/2026 16:27:48,2.798,74.309,20.45,0.35312,71.511
14279,07/11/2026 16:37:48,2.775,74.284,20.64,0.35081,71.509
14280,07/11/2026 16:47:48,2.780,74.281,20.45,0.35136,71.501
14281,07/11/2026 16:57:48,2.798,74.302,20.64,0.35314,71.504
14282,07/11/2026 17:07:48,2.789,74.294,20.73,0.35230,71.505
14283,07/11/2026 17:17:48,2.784,74.299,20.73,0.35173,71.515
14284,07/11/2026 17:27:48,2.786,74.302,20.64,0.35194,71.516
14285,07/11/2026 17:37:48,2.770,74.279,20.64,0.35032,71.509
14286,07/11/2026 17:47:48,2.758,74.261,20.64,0.34912,71.503
14287,07/11/2026 17:57:48,2.764,74.268,20.45,0.34967,71.504
14288,07/11/2026 18:07:48,2.759,74.258,20.35,0.34917,71.498
14289,07/11/2026 18:17:48,2.778,74.278,20.16,0.35106,71.500
14290,07/11/2026 18:27:48,2.754,74.249,20.07,0.34866,71.495
14291,07/11/2026 18:37:48,2.756,74.248,19.97,0.34880,71.492
14292,07/11/2026 18:47:48,2.755,74.242,19.88,0.34872,71.487
14293,07/11/2026 18:57:48,2.758,74.244,19.68,0.34906,71.486
14294,07/11/2026 19:07:48,2.755,74.243,19.59,0.34870,71.488
14295,07/11/2026 19:17:48,2.740,74.227,19.40,0.34714,71.487
14296,07/11/2026 19:27:48,2.718,74.212,19.30,0.34488,71.494
14297,07/11/2026 19:37:48,2.725,74.220,19.21,0.34558,71.495
14298,07/11/2026 19:47:48,2.753,74.260,19.11,0.34839,71.507
14299,07/11/2026 19:57:48,2.711,74.235,18.92,0.34409,71.524
14300,07/11/2026 20:07:48,2.733,74.270,18.83,0.34633,71.537
14301,07/11/2026 20:17:48,2.738,74.290,18.64,0.34689,71.552
14302,07/11/2026 20:27:48,2.757,74.324,18.45,0.34885,71.567
14303,07/11/2026 20:37:48,2.737,74.317,18.26,0.34679,71.580
14304,07/11/2026 20:47:48,2.725,74.319,18.07,0.34559,71.594
14305,07/11/2026 20:57:48,2.731,74.345,17.97,0.34615,71.614
14306,07/11/2026 21:07:48,2.727,74.366,17.78,0.34571,71.639
14307,07/11/2026 21:17:48,2.719,74.369,17.68,0.34493,71.650
14308,07/11/2026 21:27:48,2.712,74.371,17.49,0.34422,71.659
14309,07/11/2026 21:37:48,2.732,74.405,17.30,0.34625,71.673
14310,07/11/2026 21:47:48,2.733,74.422,17.21,0.34632,71.689
14311,07/11/2026 21:57:48,2.740,74.447,17.02,0.34701,71.707
14312,07/11/2026 22:07:48,2.735,74.458,16.83,0.34651,71.723
14313,07/11/2026 22:17:48,2.753,74.488,16.64,0.34833,71.735
14314,07/11/2026 22:27:48,2.769,74.508,16.45,0.35001,71.739
14315,07/11/2026 22:37:48,2.734,74.483,16.25,0.34641,71.749
14316,07/11/2026 22:47:48,2.728,74.477,16.06,0.34570,71.749
14317,07/11/2026 22:57:48,2.769,74.515,15.87,0.34998,71.746
14318,07/11/2026 23:07:48,2.751,74.500,15.68,0.34800,71.749
14319,07/11/2026 23:17:48,2.759,74.505,15.40,0.34890,71.746
14320,07/11/2026 23:27:48,2.755,74.503,15.20,0.34847,71.748
14321,07/11/2026 23:37:48,2.759,74.510,15.01,0.34888,71.751
14322,07/11/2026 23:47:48,2.764,74.517,14.82,0.34937,71.753
14323,07/11/2026 23:57:48,2.753,74.501,14.63,0.34823,71.748
14324,07/12/2026 00:07:48,2.756,74.513,14.44,0.34851,71.757
14325,07/12/2026 00:17:48,2.794,74.556,14.25,0.35237,71.762
14326,07/12/2026 00:27:48,2.749,74.518,14.05,0.34779,71.769
14327,07/12/2026 00:37:48,2.786,74.566,13.86,0.35151,71.780
14328,07/12/2026 00:47:48,2.785,74.567,13.57,0.35142,71.782
14329,07/12/2026 00:57:48,2.781,74.566,13.48,0.35100,71.785
14330,07/12/2026 01:07:48,2.777,74.558,13.19,0.35063,71.781
14331,07/12/2026 01:17:48,2.804,74.585,13.09,0.35330,71.781
14332,07/12/2026 01:27:48,2.807,74.587,12.90,0.35365,71.780
14333,07/12/2026 01:37:48,2.776,74.558,12.71,0.35048,71.782
14334,07/12/2026 01:47:48,2.807,74.583,12.51,0.35363,71.776
14335,07/12/2026 01:57:48,2.805,74.577,12.32,0.35342,71.772
14336,07/12/2026 02:07:48,2.790,74.562,12.22,0.35186,71.772
14337,07/12/2026 02:17:48,2.794,74.565,12.03,0.35228,71.771
14338,07/12/2026 02:27:48,2.805,74.581,11.83,0.35340,71.776
14339,07/12/2026 02:37:48,2.801,74.579,11.64,0.35297,71.778
14340,07/12/2026 02:47:48,2.810,74.587,11.54,0.35388,71.777
14341,07/12/2026 02:57:48,2.798,74.571,11.35,0.35275,71.773
14342,07/12/2026 03:07:48,2.826,74.601,11.15,0.35556,71.775
14343,07/12/2026 03:17:48,2.815,74.591,11.05,0.35443,71.776
14344,07/12/2026 03:27:48,2.799,74.580,10.86,0.35280,71.781
14345,07/12/2026 03:37:48,2.815,74.596,10.66,0.35441,71.781
14346,07/12/2026 03:47:48,2.810,74.591,10.57,0.35385,71.781
14347,07/12/2026 03:57:48,2.830,74.612,10.37,0.35588,71.782
14348,07/12/2026 04:07:48,2.836,74.619,10.17,0.35651,71.783
14349,07/12/2026 04:17:48,2.830,74.613,10.08,0.35594,71.783
14350,07/12/2026 04:27:48,2.839,74.612,9.88,0.35678,71.773
14351,07/12/2026 04:37:48,2.844,74.620,9.78,0.35734,71.776
14352,07/12/2026 04:47:48,2.842,74.623,9.58,0.35705,71.781
14353,07/12/2026 04:57:48,2.829,74.616,9.39,0.35578,71.787
14354,07/12/2026 05:07:48,2.830,74.615,9.29,0.35592,71.785
14355,07/12/2026 05:17:48,2.844,74.636,9.09,0.35732,71.792
14356,07/12/2026 05:27:48,2.840,74.631,8.99,0.35690,71.791
14357,07/12/2026 05:37:48,2.857,74.648,8.89,0.35865,71.791
14358,07/12/2026 05:47:48,2.863,74.660,8.69,0.35921,71.797
14359,07/12/2026 05:57:48,2.857,74.668,8.59,0.35865,71.811
14360,07/12/2026 06:07:48,2.848,74.662,8.39,0.35766,71.814
14361,07/12/2026 06:17:48,2.854,74.674,8.29,0.35836,71.820
14362,07/12/2026 06:27:48,2.861,74.683,8.19,0.35899,71.822
14363,07/12/2026 06:37:48,2.857,74.677,8.09,0.35864,71.820
14364,07/12/2026 06:47:48,2.864,74.681,7.99,0.35934,71.817
14365,07/12/2026 06:57:48,2.855,74.675,7.89,0.35849,71.820
14366,07/12/2026 07:07:48,2.844,74.670,7.79,0.35729,71.826
14367,07/12/2026 07:17:48,2.880,74.705,7.69,0.36102,71.825
14368,07/12/2026 07:27:48,2.862,74.687,7.59,0.35905,71.825
14369,07/12/2026 07:37:48,2.868,74.686,7.49,0.35968,71.818
14370,07/12/2026 07:47:48,2.854,74.686,7.49,0.35827,71.832
14371,07/12/2026 07:57:48,2.877,74.713,7.49,0.36066,71.836
14372,07/12/2026 08:07:48,2.865,74.709,7.59,0.35947,71.844
14373,07/12/2026 08:17:48,2.864,74.710,7.69,0.35933,71.846
14374,07/12/2026 08:27:48,2.840,74.689,7.89,0.35687,71.849
14375,07/12/2026 08:37:48,2.836,74.685,7.99,0.35652,71.849
14376,07/12/2026 08:47:48,2.842,74.688,8.29,0.35709,71.846
14377,07/12/2026 08:57:48,2.824,74.672,8.49,0.35520,71.848
14378,07/12/2026 09:07:48,2.852,74.688,8.79,0.35809,71.836
14379,07/12/2026 09:17:48,2.858,74.694,8.99,0.35873,71.836
14380,07/12/2026 09:27:48,2.857,74.683,9.29,0.35866,71.826
14381,07/12/2026 09:37:48,2.892,74.708,9.48,0.36219,71.816
14382,07/12/2026 09:47:48,2.858,74.670,9.78,0.35875,71.812
14383,07/12/2026 09:57:48,2.879,74.686,10.08,0.36094,71.807
14384,07/12/2026 10:07:48,2.877,74.670,10.27,0.36066,71.793
14385,07/12/2026 10:17:48,2.889,74.673,10.57,0.36187,71.784
14386,07/12/2026 10:27:48,2.874,74.662,10.86,0.36040,71.788
14387,07/12/2026 10:37:48,2.873,74.661,11.25,0.36034,71.788
14388,07/12/2026 10:47:48,2.876,74.650,11.54,0.36070,71.774
14389,07/12/2026 10:57:48,2.876,74.645,11.93,0.36065,71.769
14390,07/12/2026 11:07:48,2.875,74.634,12.22,0.36066,71.759
14391,07/12/2026 11:17:48,2.866,74.625,12.61,0.35969,71.759
14392,07/12/2026 11:27:48,2.867,74.621,13.09,0.35978,71.754
14393,07/12/2026 11:37:48,2.854,74.597,13.38,0.35845,71.743
14394,07/12/2026 11:47:48,2.868,74.602,13.86,0.35988,71.734
14395,07/12/2026 11:57:48,2.860,74.592,14.25,0.35919,71.732
14396,07/12/2026 12:07:48,2.865,74.583,14.63,0.35963,71.718
14397,07/12/2026 12:17:48,2.847,74.547,15.11,0.35790,71.700
14398,07/12/2026 12:27:48,2.864,74.567,15.59,0.35954,71.703
14399,07/12/2026 12:37:48,2.844,74.536,16.06,0.35752,71.692
14400,07/12/2026 12:47:48,2.833,74.517,16.45,0.35656,71.684
14401,07/12/2026 12:57:48,2.833,74.517,16.83,0.35658,71.684
14402,07/12/2026 13:07:48,2.834,74.508,17.21,0.35667,71.674
14403,07/12/2026 13:17:48,2.829,74.489,17.49,0.35612,71.660
14404,07/12/2026 13:27:48,2.822,74.480,17.88,0.35544,71.658
14405,07/12/2026 13:37:48,2.851,74.500,18.35,0.35842,71.649
14406,07/12/2026 13:47:48,2.854,74.500,18.73,0.35872,71.646
14407,07/12/2026 13:57:48,2.827,74.461,19.21,0.35601,71.634
14408,07/12/2026 14:07:48,2.827,74.460,19.49,0.35602,71.633
14409,07/12/2026 14:17:48,2.803,74.419,19.88,0.35365,71.616
14410,07/12/2026 14:27:48,2.817,74.414,20.16,0.35508,71.597
14411,07/12/2026 14:37:48,2.829,74.426,20.07,0.35627,71.597
14412,07/12/2026 14:47:48,2.796,74.385,19.68,0.35287,71.589
14413,07/12/2026 14:57:48,2.802,74.394,19.30,0.35348,71.592
14414,07/12/2026 15:07:48,2.791,74.382,19.11,0.35234,71.591
14415,07/12/2026 15:17:48,2.799,74.381,19.40,0.35320,71.582
14416,07/12/2026 15:27:48,2.773,74.348,19.97,0.35056,71.575
14417,07/12/2026 15:37:48,2.780,74.350,20.16,0.35134,71.570
14418,07/12/2026 15:47:48,2.765,74.345,20.07,0.34972,71.580
14419,07/12/2026 15:57:48,2.782,74.360,19.88,0.35147,71.578
14420,07/12/2026 16:07:48,2.778,74.341,19.78,0.35104,71.563
14421,07/12/2026 16:17:48,2.769,74.332,19.78,0.35012,71.563
14422,07/12/2026 16:27:48,2.764,74.315,19.88,0.34964,71.551
14423,07/12/2026 16:37:48,2.762,74.295,20.07,0.34937,71.533
14424,07/12/2026 16:47:48,2.776,74.296,20.54,0.35095,71.520
14425,07/12/2026 16:57:48,2.752,74.272,20.73,0.34842,71.520
14426,07/12/2026 17:07:48,2.763,74.268,20.83,0.34962,71.505
14427,07/12/2026 17:17:48,2.745,74.257,20.64,0.34771,71.512
14428,07/12/2026 17:27:48,2.756,74.267,20.35,0.34882,71.511
14429,07/12/2026 17:37:48,2.748,74.255,20.16,0.34803,71.507
14430,07/12/2026 17:47:48,2.753,74.258,20.07,0.34852,71.505
14431,07/12/2026 17:57:48,2.739,74.243,19.97,0.34711,71.504
14432,07/12/2026 18:07:48,2.745,74.258,20.07,0.34775,71.513
14433,07/12/2026 18:17:48,2.741,74.262,19.97,0.34725,71.521
14434,07/12/2026 18:27:48,2.743,74.282,19.78,0.34745,71.539
14435,07/12/2026 18:37:48,2.738,74.288,19.59,0.34701,71.550
14436,07/12/2026 18:47:48,2.741,74.304,19.40,0.34728,71.563
14437,07/12/2026 18:57:48,2.714,74.288,19.21,0.34445,71.574
14438,07/12/2026 19:07:48,2.718,74.293,19.21,0.34488,71.575
14439,07/12/2026 19:17:48,2.727,74.308,19.02,0.34585,71.581
14440,07/12/2026 19:27:48,2.732,74.316,18.92,0.34634,71.584
14441,07/12/2026 19:37:48,2.726,74.320,18.83,0.34563,71.594
14442,07/12/2026 19:47:48,2.752,74.358,18.64,0.34830,71.606
14443,07/12/2026 19:57:48,2.737,74.348,18.54,0.34674,71.611
14444,07/12/2026 20:07:48,2.742,74.359,18.35,0.34729,71.617
14445,07/12/2026 20:17:48,2.742,74.379,18.16,0.34728,71.637
14446,07/12/2026 20:27:48,2.754,74.391,17.97,0.34847,71.637
14447,07/12/2026 20:37:48,2.733,74.384,17.78,0.34628,71.651
14448,07/12/2026 20:47:48,2.739,74.390,17.59,0.34697,71.651
14449,07/12/2026 20:57:48,2.743,74.406,17.40,0.34738,71.663
14450,07/12/2026 21:07:48,2.747,74.409,17.21,0.34772,71.662
14451,07/12/2026 21:17:48,2.754,74.415,17.02,0.34849,71.661
14452,07/12/2026 21:27:48,2.737,74.413,16.83,0.34672,71.676
14453,07/12/2026 21:37:48,2.741,74.424,16.64,0.34713,71.683
14454,07/12/2026 21:47:48,2.729,74.427,16.45,0.34585,71.698
14455,07/12/2026 21:57:48,2.741,74.447,16.25,0.34711,71.706
14456,07/12/2026 22:07:48,2.730,74.440,16.06,0.34598,71.710
14457,07/12/2026 22:17:48,2.734,74.447,15.87,0.34639,71.713
14458,07/12/2026 22:27:48,2.747,74.459,15.68,0.34765,71.712
14459,07/12/2026 22:37:48,2.733,74.443,15.49,0.34623,71.710
14460,07/12/2026 22:47:48,2.752,74.463,15.30,0.34819,71.711
14461,07/12/2026 22:57:48,2.756,74.466,15.11,0.34854,71.710
14462,07/12/2026 23:07:48,2.759,74.473,14.92,0.34881,71.714
14463,07/12/2026 23:17:48,2.758,74.476,14.82,0.34873,71.718
14464,07/12/2026 23:27:48,2.770,74.492,14.63,0.34999,71.722
14465,07/12/2026 23:37:48,2.761,74.472,14.44,0.34900,71.711
14466,07/12/2026 23:47:48,2.749,74.465,14.25,0.34786,71.716
14467,07/12/2026 23:57:48,2.753,74.469,14.15,0.34821,71.716
14468,07/13/2026 00:07:48,2.759,74.480,13.96,0.34884,71.721
14469,07/13/2026 00:17:48,2.739,74.465,13.77,0.34672,71.726
14470,07/13/2026 00:27:48,2.756,74.486,13.67,0.34854,71.730
14471,07/13/2026 00:37:48,2.730,74.453,13.48,0.34579,71.723
14472,07/13/2026 00:47:48,2.753,74.479,13.38,0.34818,71.726
14473,07/13/2026 00:57:48,2.742,74.468,13.19,0.34698,71.726
14474,07/13/2026 01:07:48,2.757,74.479,13.00,0.34859,71.722
14475,07/13/2026 01:17:48,2.763,74.483,12.90,0.34915,71.720
14476,07/13/2026 01:27:48,2.754,74.476,12.71,0.34829,71.722
14477,07/13/2026 01:37:48,2.760,74.479,12.51,0.34885,71.719
14478,07/13/2026 01:47:48,2.754,74.478,12.42,0.34821,71.724
14479,07/13/2026 01:57:48,2.766,74.489,12.22,0.34947,71.723
14480,07/13/2026 02:07:48,2.760,74.479,12.12,0.34891,71.719
14481,07/13/2026 02:17:48,2.785,74.500,11.93,0.35136,71.715
14482,07/13/2026 02:27:48,2.758,74.475,11.74,0.34868,71.717
14483,07/13/2026 02:37:48,2.771,74.497,11.64,0.34994,71.726
14484,07/13/2026 02:47:48,2.769,74.491,11.44,0.34973,71.722
14485,07/13/2026 02:57:48,2.765,74.485,11.35,0.34937,71.720
14486,07/13/2026 03:07:48,2.760,74.483,11.15,0.34880,71.723
14487,07/13/2026 03:17:48,2.776,74.500,11.05,0.35049,71.724
14488,07/13/2026 03:27:48,2.775,74.494,10.86,0.35034,71.719
14489,07/13/2026 03:37:48,2.784,74.502,10.76,0.35125,71.718
14490,07/13/2026 03:47:48,2.798,74.514,10.57,0.35265,71.716
14491,07/13/2026 03:57:48,2.782,74.490,10.47,0.35103,71.708
14492,07/13/2026 04:07:48,2.803,74.507,10.27,0.35314,71.704
14493,07/13/2026 04:17:48,2.804,74.501,10.17,0.35327,71.697
14494,07/13/2026 04:27:48,2.795,74.496,10.08,0.35229,71.701
14495,07/13/2026 04:37:48,2.798,74.495,9.98,0.35263,71.697
14496,07/13/2026 04:47:48,2.790,74.485,9.88,0.35179,71.695
14497,07/13/2026 04:57:48,2.806,74.502,9.78,0.35347,71.696
14498,07/13/2026 05:07:48,2.820,74.515,9.68,0.35488,71.695
14499,07/13/2026 05:17:48,2.801,74.496,9.58,0.35290,71.695
14500,07/13/2026 05:27:48,2.809,74.513,9.48,0.35375,71.704
14501,07/13/2026 05:37:48,2.807,74.516,9.39,0.35360,71.709
14502,07/13/2026 05:47:48,2.804,74.520,9.29,0.35325,71.716
14503,07/13/2026 05:57:48,2.792,74.514,9.09,0.35198,71.722
14504,07/13/2026 06:07:48,2.816,74.540,8.99,0.35444,71.724
14505,07/13/2026 06:17:48,2.825,74.557,8.89,0.35542,71.732
14506,07/13/2026 06:27:48,2.820,74.552,8.79,0.35485,71.732
14507,07/13/2026 06:37:48,2.825,74.565,8.69,0.35534,71.740
14508,07/13/2026 06:47:48,2.814,74.555,8.59,0.35422,71.741
14509,07/13/2026 06:57:48,2.822,74.563,8.49,0.35506,71.741
14510,07/13/2026 07:07:48,2.822,74.576,8.39,0.35498,71.754
14511,07/13/2026 07:17:48,2.829,74.580,8.39,0.35576,71.751
14512,07/13/2026 07:27:48,2.847,74.606,8.29,0.35766,71.759
14513,07/13/2026 07:37:48,2.834,74.588,8.29,0.35632,71.754
14514,07/13/2026 07:47:48,2.834,74.588,8.29,0.35632,71.754
14515,07/13/2026 07:57:48,2.839,74.597,8.29,0.35681,71.758
14516,07/13/2026 08:07:48,2.828,74.585,8.39,0.35562,71.757
14517,07/13/2026 08:17:48,2.840,74.595,8.49,0.35682,71.755
14518,07/13/2026 08:27:48,2.827,74.586,8.59,0.35562,71.759
14519,07/13/2026 08:37:48,2.819,74.579,8.79,0.35478,71.760
14520,07/13/2026 08:47:48,2.818,74.572,8.99,0.35465,71.754
14521,07/13/2026 08:57:48,2.832,74.584,9.29,0.35606,71.752
14522,07/13/2026 09:07:48,2.845,74.590,9.48,0.35740,71.745
14523,07/13/2026 09:17:48,2.833,74.574,9.78,0.35629,71.741
14524,07/13/2026 09:27:48,2.851,74.590,9.98,0.35805,71.739
14525,07/13/2026 09:37:48,2.845,74.569,10.17,0.35742,71.724
14526,07/13/2026 09:47:48,2.830,74.545,10.47,0.35588,71.715
14527,07/13/2026 09:57:48,2.851,74.557,10.76,0.35800,71.706
14528,07/13/2026 10:07:48,2.843,74.546,11.05,0.35724,71.703
14529,07/13/2026 10:17:48,2.849,74.540,11.35,0.35788,71.691
14530,07/13/2026 10:27:48,2.844,74.524,11.64,0.35740,71.680
14531,07/13/2026 10:37:48,2.859,74.532,11.93,0.35889,71.673
14532,07/13/2026 10:47:48,2.837,74.504,12.32,0.35672,71.667
14533,07/13/2026 10:57:48,2.826,74.471,12.61,0.35554,71.645
14534,07/13/2026 11:07:48,2.838,74.479,13.00,0.35682,71.641
14535,07/13/2026 11:17:48,2.847,74.483,13.38,0.35782,71.636
14536,07/13/2026 11:27:48,2.861,74.492,13.77,0.35917,71.631
14537,07/13/2026 11:37:48,2.871,74.492,14.15,0.36018,71.621
14538,07/13/2026 11:47:48,2.828,74.458,14.44,0.35590,71.630
14539,07/13/2026 11:57:48,2.840,74.456,14.25,0.35715,71.616
14540,07/13/2026 12:07:48,2.845,74.460,14.15,0.35757,71.615
14541,07/13/2026 12:17:48,2.832,74.442,14.15,0.35623,71.610
14542,07/13/2026 12:27:48,2.867,74.467,14.44,0.35991,71.600
14543,07/13/2026 12:37:48,2.855,74.459,14.92,0.35866,71.604
14544,07/13/2026 12:47:48,2.851,74.455,14.92,0.35817,71.604
14545,07/13/2026 12:57:48,2.850,74.453,14.73,0.35816,71.602
14546,07/13/2026 13:07:48,2.848,74.446,14.53,0.35787,71.598
14547,07/13/2026 13:17:48,2.845,74.442,14.63,0.35766,71.597
14548,07/13/2026 13:27:48,2.832,74.409,14.92,0.35634,71.577
14549,07/13/2026 13:37:48,2.839,74.423,15.30,0.35699,71.584
14550,07/13/2026 13:47:48,2.842,74.417,15.97,0.35731,71.575
14551,07/13/2026 13:57:48,2.828,74.394,16.73,0.35594,71.566
14552,07/13/2026 14:07:48,2.836,74.380,16.73,0.35685,71.544
14553,07/13/2026 14:17:48,2.842,74.394,16.73,0.35742,71.552
14554,07/13/2026 14:27:48,2.823,74.380,16.35,0.35549,71.557
14555,07/13/2026 14:37:48,2.837,74.446,16.16,0.35689,71.609
14556,07/13/2026 14:47:48,2.810,74.461,15.87,0.35406,71.651
14557,07/13/2026 14:57:48,2.812,74.473,15.78,0.35434,71.661
14558,07/13/2026 15:07:48,2.833,74.484,15.87,0.35639,71.651
14559,07/13/2026 15:17:48,2.796,74.418,16.06,0.35266,71.622
14560,07/13/2026 15:27:48,2.831,74.444,16.35,0.35627,71.613
14561,07/13/2026 15:37:48,2.802,74.396,16.92,0.35334,71.594
14562,07/13/2026 15:47:48,2.799,74.381,17.21,0.35308,71.582
14563,07/13/2026 15:57:48,2.790,74.362,17.49,0.35218,71.572
14564,07/13/2026 16:07:48,2.778,74.361,17.40,0.35090,71.583
14565,07/13/2026 16:17:48,2.784,74.366,17.40,0.35161,71.581
14566,07/13/2026 16:27:48,2.805,74.381,17.59,0.35373,71.576
14567,07/13/2026 16:37:48,2.804,74.367,17.88,0.35353,71.563
14568,07/13/2026 16:47:48,2.795,74.351,18.07,0.35270,71.556
14569,07/13/2026 16:57:48,2.811,74.345,18.35,0.35441,71.534
14570,07/13/2026 17:07:48,2.810,74.350,18.35,0.35419,71.540
14571,07/13/2026 17:17:48,2.813,74.341,18.35,0.35455,71.528
14572,07/13/2026 17:27:48,2.806,74.334,18.16,0.35383,71.528
14573,07/13/2026 17:37:48,2.807,74.335,17.88,0.35389,71.528
14574,07/13/2026 17:47:48,2.786,74.316,17.78,0.35170,71.530
14575,07/13/2026 17:57:48,2.782,74.324,17.68,0.35127,71.542
14576,07/13/2026 18:07:48,2.784,74.315,17.68,0.35148,71.531
14577,07/13/2026 18:17:48,2.787,74.318,17.59,0.35183,71.531
14578,07/13/2026 18:27:48,2.781,74.304,17.59,0.35126,71.523
14579,07/13/2026 18:37:48,2.786,74.321,17.49,0.35175,71.535
14580,07/13/2026 18:47:48,2.785,74.344,17.49,0.35161,71.559
14581,07/13/2026 18:57:48,2.766,74.333,17.30,0.34963,71.567
14582,07/13/2026 19:07:48,2.790,74.368,17.21,0.35209,71.578
14583,07/13/2026 19:17:48,2.763,74.353,17.11,0.34934,71.590
14584,07/13/2026 19:27:48,2.765,74.352,17.02,0.34954,71.587
14585,07/13/2026 19:37:48,2.776,74.370,17.02,0.35067,71.594
14586,07/13/2026 19:47:48,2.758,74.360,16.92,0.34884,71.602
14587,07/13/2026 19:57:48,2.752,74.354,16.83,0.34827,71.602
14588,07/13/2026 20:07:48,2.750,74.371,16.73,0.34805,71.621
14589,07/13/2026 20:17:48,2.765,74.396,16.54,0.34952,71.631
14590,07/13/2026 20:27:48,2.771,74.418,16.45,0.35015,71.647
14591,07/13/2026 20:37:48,2.757,74.407,16.35,0.34874,71.650
14592,07/13/2026 20:47:48,2.752,74.405,16.16,0.34823,71.653
14593,07/13/2026 20:57:48,2.779,74.445,16.06,0.35097,71.666
14594,07/13/2026 21:07:48,2.773,74.457,15.97,0.35041,71.684
14595,07/13/2026 21:17:48,2.772,74.461,15.87,0.35019,71.689
14596,07/13/2026 21:27:48,2.777,74.473,15.78,0.35075,71.696
14597,07/13/2026 21:37:48,2.779,74.489,15.59,0.35095,71.710
14598,07/13/2026 21:47:48,2.768,74.484,15.49,0.34975,71.716
14599,07/13/2026 21:57:48,2.776,74.504,15.30,0.35066,71.728
14600,07/13/2026 22:07:48,2.782,74.520,15.11,0.35121,71.738
14601,07/13/2026 22:17:48,2.787,74.533,15.01,0.35170,71.746
14602,07/13/2026 22:27:48,2.786,74.540,14.82,0.35155,71.754
14603,07/13/2026 22:37:48,2.778,74.542,14.63,0.35077,71.764
14604,07/13/2026 22:47:48,2.779,74.546,14.53,0.35083,71.767
14605,07/13/2026 22:57:48,2.776,74.548,14.34,0.35054,71.772
14606,07/13/2026 23:07:48,2.790,74.552,14.25,0.35195,71.762
14607,07/13/2026 23:17:48,2.790,74.545,14.05,0.35194,71.755
14608,07/13/2026 23:27:48,2.799,74.539,13.96,0.35292,71.740
14609,07/13/2026 23:37:48,2.807,74.546,13.77,0.35375,71.739
14610,07/13/2026 23:47:48,2.813,74.544,13.57,0.35431,71.731
14611,07/13/2026 23:57:48,2.814,74.525,13.48,0.35445,71.711
14612,07/14/2026 00:07:48,2.790,74.497,13.38,0.35191,71.707
14613,07/14/2026 00:17:48,2.791,74.491,13.28,0.35205,71.700
14614,07/14/2026 00:27:48,2.812,74.508,13.19,0.35422,71.696
14615,07/14/2026 00:37:48,2.797,74.489,13.09,0.35267,71.692
14616,07/14/2026 00:47:48,2.792,74.492,12.90,0.35210,71.700
14617,07/14/2026 00:57:48,2.808,74.500,12.80,0.35372,71.692
14618,07/14/2026 01:07:48,2.808,74.499,12.71,0.35378,71.691
14619,07/14/2026 01:17:48,2.826,74.510,12.51,0.35560,71.684
14620,07/14/2026 01:27:48,2.825,74.504,12.32,0.35546,71.679
14621,07/14/2026 01:37:48,2.845,74.507,12.12,0.35749,71.662
14622,07/14/2026 01:47:48,2.831,74.483,12.03,0.35608,71.652
14623,07/14/2026 01:57:48,2.830,74.481,11.83,0.35600,71.651
14624,07/14/2026 02:07:48,2.820,74.471,11.74,0.35494,71.651
14625,07/14/2026 02:17:48,2.831,74.478,11.54,0.35606,71.647
14626,07/14/2026 02:27:48,2.840,74.486,11.44,0.35697,71.646
14627,07/14/2026 02:37:48,2.830,74.480,11.25,0.35591,71.650
14628,07/14/2026 02:47:48,2.850,74.497,11.15,0.35795,71.647
14629,07/14/2026 02:57:48,2.844,74.495,10.96,0.35738,71.651
14630,07/14/2026 03:07:48,2.852,74.503,10.86,0.35822,71.651
14631,07/14/2026 03:17:48,2.848,74.497,10.66,0.35772,71.649
14632,07/14/2026 03:27:48,2.850,74.496,10.57,0.35793,71.646
14633,07/14/2026 03:37:48,2.853,74.499,10.47,0.35828,71.646
14634,07/14/2026 03:47:48,2.834,74.475,10.27,0.35630,71.641
14635,07/14/2026 03:57:48,2.852,74.492,10.17,0.35820,71.640
14636,07/14/2026 04:07:48,2.839,74.478,10.08,0.35679,71.639
14637,07/14/2026 04:17:48,2.857,74.495,9.98,0.35861,71.638
14638,07/14/2026 04:27:48,2.840,74.471,9.88,0.35692,71.631
14639,07/14/2026 04:37:48,2.842,74.470,9.78,0.35713,71.628
14640,07/14/2026 04:47:48,2.839,74.469,9.68,0.35685,71.630
14641,07/14/2026 04:57:48,2.834,74.469,9.68,0.35635,71.635
14642,07/14/2026 05:07:48,2.843,74.482,9.58,0.35720,71.639
14643,07/14/2026 05:17:48,2.843,74.486,9.48,0.35719,71.643
14644,07/14/2026 05:27:48,2.833,74.485,9.39,0.35621,71.652
14645,07/14/2026 05:37:48,2.826,74.479,9.29,0.35550,71.653
14646,07/14/2026 05:47:48,2.849,74.497,9.19,0.35782,71.648
14647,07/14/2026 05:57:48,2.841,74.491,9.09,0.35704,71.650
14648,07/14/2026 06:07:48,2.867,74.517,8.99,0.35971,71.650
14649,07/14/2026 06:17:48,2.842,74.498,8.89,0.35718,71.656
14650,07/14/2026 06:27:48,2.866,74.516,8.79,0.35950,71.650
14651,07/14/2026 06:37:48,2.870,74.524,8.69,0.35991,71.654
14652,07/14/2026 06:47:48,2.855,74.505,8.59,0.35844,71.650
14653,07/14/2026 06:57:48,2.867,74.513,8.49,0.35963,71.646
14654,07/14/2026 07:07:48,2.849,74.495,8.49,0.35780,71.646
14655,07/14/2026 07:17:48,2.882,74.526,8.39,0.36117,71.644
14656,07/14/2026 07:27:48,2.842,74.480,8.29,0.35702,71.638
14657,07/14/2026 07:37:48,2.862,74.493,8.29,0.35913,71.631
14658,07/14/2026 07:47:48,2.852,74.484,8.29,0.35815,71.632
14659,07/14/2026 07:57:48,2.842,74.480,8.29,0.35702,71.638
14660,07/14/2026 08:07:48,2.855,74.494,8.39,0.35843,71.639
14661,07/14/2026 08:17:48,2.850,74.490,8.49,0.35794,71.640
14662,07/14/2026 08:27:48,2.854,74.488,8.69,0.35830,71.634
14663,07/14/2026 08:37:48,2.834,74.467,8.89,0.35626,71.633
14664,07/14/2026 08:47:48,2.860,74.491,9.09,0.35894,71.631
14665,07/14/2026 08:57:48,2.840,74.470,9.29,0.35691,71.630
14666,07/14/2026 09:07:48,2.843,74.459,9.58,0.35727,71.616
14667,07/14/2026 09:17:48,2.837,74.448,9.78,0.35657,71.611
14668,07/14/2026 09:27:48,2.859,74.464,10.08,0.35890,71.605
14669,07/14/2026 09:37:48,2.867,74.457,10.27,0.35968,71.590
14670,07/14/2026 09:47:48,2.858,74.437,10.57,0.35877,71.579
14671,07/14/2026 09:57:48,2.855,74.422,10.86,0.35843,71.567
14672,07/14/2026 10:07:48,2.855,74.411,11.15,0.35844,71.556
14673,07/14/2026 10:17:48,2.852,74.400,11.44,0.35824,71.548
14674,07/14/2026 10:27:48,2.875,74.407,11.74,0.36057,71.532
14675,07/14/2026 10:37:48,2.858,74.389,12.12,0.35883,71.531
14676,07/14/2026 10:47:48,2.866,74.388,12.51,0.35969,71.522
14677,07/14/2026 10:57:48,2.852,74.360,12.90,0.35829,71.508
14678,07/14/2026 11:07:48,2.858,74.364,13.28,0.35894,71.506
14679,07/14/2026 11:17:48,2.874,74.379,13.77,0.36051,71.505
14680,07/14/2026 11:27:48,2.863,74.351,14.15,0.35940,71.488
14681,07/14/2026 11:37:48,2.861,74.352,14.63,0.35921,71.491
14682,07/14/2026 11:47:48,2.869,74.351,15.01,0.36014,71.482
14683,07/14/2026 11:57:48,2.861,74.343,15.49,0.35932,71.482
14684,07/14/2026 12:07:48,2.865,74.346,15.30,0.35967,71.481
14685,07/14/2026 12:17:48,2.834,74.324,15.01,0.35656,71.490
14686,07/14/2026 12:27:48,2.836,74.336,14.82,0.35669,71.500
14687,07/14/2026 12:37:48,2.842,74.342,14.53,0.35724,71.500
14688,07/14/2026 12:47:48,2.832,74.328,14.53,0.35625,71.496
14689,07/14/2026 12:57:48,2.820,74.318,14.44,0.35505,71.498
14690,07/14/2026 13:07:48,2.815,74.301,14.53,0.35449,71.486
14691,07/14/2026 13:17:48,2.828,74.303,14.73,0.35584,71.475
14692,07/14/2026 13:27:48,2.800,74.283,15.01,0.35311,71.483
14693,07/14/2026 13:37:48,2.824,74.302,15.49,0.35552,71.478
14694,07/14/2026 13:47:48,2.824,74.278,16.16,0.35556,71.454
14695,07/14/2026 13:57:48,2.811,74.265,16.54,0.35417,71.454
14696,07/14/2026 14:07:48,2.816,74.266,16.64,0.35474,71.450
14697,07/14/2026 14:17:48,2.810,74.265,16.54,0.35410,71.455
14698,07/14/2026 14:27:48,2.807,74.311,16.25,0.35380,71.504
14699,07/14/2026 14:37:48,2.810,74.368,16.06,0.35407,71.558
14700,07/14/2026 14:47:48,2.812,74.402,15.87,0.35427,71.590
14701,07/14/2026 14:57:48,2.814,74.420,15.87,0.35449,71.606
14702,07/14/2026 15:07:48,2.817,74.426,15.97,0.35477,71.609
14703,07/14/2026 15:17:48,2.790,74.391,16.06,0.35203,71.601
14704,07/14/2026 15:27:48,2.805,74.381,16.06,0.35365,71.576
14705,07/14/2026 15:37:48,2.777,74.333,16.16,0.35070,71.556
14706,07/14/2026 15:47:48,2.801,74.342,16.16,0.35316,71.541
14707,07/14/2026 15:57:48,2.793,74.316,16.25,0.35232,71.523
14708,07/14/2026 16:07:48,2.792,74.302,16.25,0.35232,71.510
14709,07/14/2026 16:17:48,2.786,74.276,16.35,0.35169,71.490
14710,07/14/2026 16:27:48,2.787,74.254,16.45,0.35184,71.467
14711,07/14/2026 16:37:48,2.797,74.255,16.54,0.35283,71.458
14712,07/14/2026 16:47:48,2.773,74.234,16.64,0.35037,71.461
14713,07/14/2026 16:57:48,2.786,74.248,16.64,0.35164,71.462
14714,07/14/2026 17:07:48,2.795,74.261,16.64,0.35262,71.466
14715,07/14/2026 17:17:48,2.790,74.250,16.83,0.35207,71.460
14716,07/14/2026 17:27:48,2.814,74.271,16.73,0.35460,71.457
14717,07/14/2026 17:37:48,2.801,74.257,16.64,0.35319,71.456
14718,07/14/2026 17:47:48,2.809,74.254,16.45,0.35409,71.445
14719,07/14/2026 17:57:48,2.802,74.244,16.35,0.35331,71.442
14720,07/14/2026 18:07:48,2.805,74.248,16.25,0.35359,71.443
14721,07/14/2026 18:17:48,2.796,74.225,16.25,0.35267,71.429
14722,07/14/2026 18:27:48,2.785,74.211,16.25,0.35162,71.426
14723,07/14/2026 18:37:48,2.780,74.211,16.25,0.35112,71.431
14724,07/14/2026 18:47:48,2.775,74.210,16.16,0.35056,71.435
14725,07/14/2026 18:57:48,2.777,74.222,15.97,0.35069,71.445
14726,07/14/2026 19:07:48,2.780,74.230,15.87,0.35097,71.450
14727,07/14/2026 19:17:48,2.795,74.256,15.78,0.35251,71.461
14728,07/14/2026 19:27:48,2.763,74.222,15.59,0.34926,71.459
14729,07/14/2026 19:37:48,2.772,74.239,15.49,0.35017,71.467
14730,07/14/2026 19:47:48,2.777,74.247,15.40,0.35066,71.470
14731,07/14/2026 19:57:48,2.766,74.241,15.30,0.34960,71.475
14732,07/14/2026 20:07:48,2.761,74.249,15.20,0.34910,71.488
14733,07/14/2026 20:17:48,2.751,74.248,15.11,0.34804,71.497
14734,07/14/2026 20:27:48,2.778,74.274,15.01,0.35085,71.496
14735,07/14/2026 20:37:48,2.786,74.286,14.82,0.35155,71.500
14736,07/14/2026 20:47:48,2.790,74.285,14.73,0.35197,71.495
14737,07/14/2026 20:57:48,2.778,74.283,14.53,0.35076,71.505
14738,07/14/2026 21:07:48,2.798,74.304,14.44,0.35280,71.506
14739,07/14/2026 21:17:48,2.808,74.325,14.25,0.35378,71.517
14740,07/14/2026 21:27:48,2.795,74.319,14.15,0.35250,71.524
14741,07/14/2026 21:37:48,2.809,74.341,14.05,0.35391,71.532
14742,07/14/2026 21:47:48,2.802,74.334,13.86,0.35320,71.532
14743,07/14/2026 21:57:48,2.796,74.333,13.77,0.35263,71.537
14744,07/14/2026 22:07:48,2.814,74.354,13.57,0.35438,71.540
14745,07/14/2026 22:17:48,2.807,74.353,13.48,0.35367,71.546
14746,07/14/2026 22:27:48,2.803,74.356,13.38,0.35332,71.553
14747,07/14/2026 22:37:48,2.806,74.372,13.19,0.35359,71.566
14748,07/14/2026 22:47:48,2.808,74.371,13.09,0.35380,71.563
14749,07/14/2026 22:57:48,2.796,74.357,13.00,0.35253,71.561
14750,07/14/2026 23:07:48,2.796,74.355,12.80,0.35252,71.559
14751,07/14/2026 23:17:48,2.821,74.367,12.71,0.35512,71.546
14752,07/14/2026 23:27:48,2.803,74.344,12.61,0.35322,71.541
14753,07/14/2026 23:37:48,2.827,74.369,12.42,0.35567,71.542
14754,07/14/2026 23:47:48,2.815,74.354,12.32,0.35447,71.539
14755,07/14/2026 23:57:48,2.832,74.366,12.12,0.35615,71.534
14756,07/15/2026 00:07:48,2.822,74.338,12.03,0.35516,71.516
14757,07/15/2026 00:17:48,2.818,74.332,11.93,0.35481,71.514
14758,07/15/2026 00:27:48,2.809,74.312,11.74,0.35382,71.503
14759,07/15/2026 00:37:48,2.814,74.307,11.64,0.35431,71.493
14760,07/15/2026 00:47:48,2.824,74.324,11.54,0.35536,71.500
14761,07/15/2026 00:57:48,2.835,74.337,11.44,0.35641,71.502
14762,07/15/2026 01:07:48,2.819,74.317,11.25,0.35478,71.498
14763,07/15/2026 01:17:48,2.814,74.316,11.15,0.35429,71.502
14764,07/15/2026 01:27:48,2.831,74.332,10.96,0.35604,71.501
14765,07/15/2026 01:37:48,2.836,74.331,10.86,0.35653,71.495
14766,07/15/2026 01:47:48,2.828,74.320,10.66,0.35575,71.492
14767,07/15/2026 01:57:48,2.834,74.319,10.57,0.35631,71.485
14768,07/15/2026 02:07:48,2.845,74.332,10.47,0.35743,71.487
14769,07/15/2026 02:17:48,2.822,74.307,10.27,0.35511,71.485
14770,07/15/2026 02:27:48,2.846,74.324,10.17,0.35756,71.478
14771,07/15/2026 02:37:48,2.852,74.333,10.08,0.35812,71.481
14772,07/15/2026 02:47:48,2.844,74.322,9.88,0.35727,71.478
14773,07/15/2026 02:57:48,2.863,74.339,9.78,0.35924,71.476
14774,07/15/2026 03:07:48,2.857,74.333,9.68,0.35868,71.476
14775,07/15/2026 03:17:48,2.862,74.333,9.58,0.35909,71.471
14776,07/15/2026 03:27:48,2.864,74.341,9.48,0.35930,71.477
14777,07/15/2026 03:37:48,2.850,74.322,9.39,0.35789,71.472
14778,07/15/2026 03:47:48,2.846,74.321,9.29,0.35747,71.475
14779,07/15/2026 03:57:48,2.852,74.319,9.09,0.35810,71.467
14780,07/15/2026 04:07:48,2.849,74.318,8.99,0.35781,71.469
14781,07/15/2026 04:17:48,2.853,74.317,8.89,0.35823,71.464
14782,07/15/2026 04:27:48,2.848,74.307,8.79,0.35774,71.459
14783,07/15/2026 04:37:48,2.863,74.320,8.69,0.35921,71.457
14784,07/15/2026 04:47:48,2.875,74.337,8.59,0.36048,71.462
14785,07/15/2026 04:57:48,2.868,74.331,8.39,0.35977,71.463
14786,07/15/2026 05:07:48,2.852,74.321,8.29,0.35815,71.469
14787,07/15/2026 05:17:48,2.865,74.334,8.19,0.35941,71.469
14788,07/15/2026 05:27:48,2.860,74.342,8.09,0.35892,71.482
14789,07/15/2026 05:37:48,2.864,74.346,7.99,0.35927,71.482
14790,07/15/2026 05:47:48,2.861,74.345,7.89,0.35898,71.484
14791,07/15/2026 05:57:48,2.865,74.344,7.79,0.35940,71.479
14792,07/15/2026 06:07:48,2.865,74.348,7.69,0.35940,71.483
14793,07/15/2026 06:17:48,2.876,74.357,7.69,0.36053,71.481
14794,07/15/2026 06:27:48,2.884,74.365,7.59,0.36137,71.481
14795,07/15/2026 06:37:48,2.873,74.350,7.49,0.36031,71.477
14796,07/15/2026 06:47:48,2.890,74.363,7.39,0.36200,71.473
14797,07/15/2026 06:57:48,2.886,74.368,7.39,0.36150,71.482
14798,07/15/2026 07:07:48,2.901,74.376,7.29,0.36305,71.475
14799,07/15/2026 07:17:48,2.875,74.349,7.29,0.36045,71.474
14800,07/15/2026 07:27:48,2.879,74.357,7.19,0.36087,71.478
14801,07/15/2026 07:37:48,2.883,74.371,7.19,0.36122,71.488
14802,07/15/2026 07:47:48,2.883,74.375,7.19,0.36129,71.492
14803,07/15/2026 07:57:48,2.885,74.381,7.29,0.36150,71.495
14804,07/15/2026 08:07:48,2.858,74.354,7.39,0.35869,71.496
14805,07/15/2026 08:17:48,2.846,74.346,7.49,0.35750,71.500
14806,07/15/2026 08:27:48,2.846,74.347,7.59,0.35743,71.501
14807,07/15/2026 08:37:48,2.871,74.371,7.79,0.36004,71.500
14808,07/15/2026 08:47:48,2.871,74.377,7.99,0.36011,71.506
14809,07/15/2026 08:57:48,2.874,74.379,8.19,0.36040,71.505
14810,07/15/2026 09:07:48,2.866,74.359,8.49,0.35956,71.493
14811,07/15/2026 09:17:48,2.859,74.348,8.79,0.35886,71.489
14812,07/15/2026 09:27:48,2.872,74.350,8.99,0.36013,71.478
14813,07/15/2026 09:37:48,2.883,74.339,9.29,0.36127,71.456
14814,07/15/2026 09:47:48,2.875,74.323,9.48,0.36043,71.448
14815,07/15/2026 09:57:48,2.864,74.307,9.78,0.35938,71.443
14816,07/15/2026 10:07:48,2.874,74.296,10.08,0.36045,71.422
14817,07/15/2026 10:17:48,2.872,74.281,10.37,0.36017,71.409
14818,07/15/2026 10:27:48,2.878,74.266,10.66,0.36082,71.388
14819,07/15/2026 10:37:48,2.866,74.260,11.05,0.35963,71.394
14820,07/15/2026 10:47:48,2.879,74.268,11.35,0.36091,71.389
14821,07/15/2026 10:57:48,2.884,74.270,11.54,0.36141,71.386
14822,07/15/2026 11:07:48,2.881,74.264,11.93,0.36121,71.383
14823,07/15/2026 11:17:48,2.897,74.269,12.42,0.36285,71.372
14824,07/15/2026 11:27:48,2.882,74.260,12.80,0.36124,71.378
14825,07/15/2026 11:37:48,2.879,74.255,13.19,0.36098,71.376
14826,07/15/2026 11:47:48,2.865,74.228,13.67,0.35959,71.363
14827,07/15/2026 11:57:48,2.882,74.241,14.05,0.36137,71.359
14828,07/15/2026 12:07:48,2.864,74.204,14.44,0.35963,71.340
14829,07/15/2026 12:17:48,2.877,74.207,14.63,0.36083,71.330
14830,07/15/2026 12:27:48,2.883,74.217,14.73,0.36147,71.334
14831,07/15/2026 12:37:48,2.860,74.183,14.92,0.35908,71.323
14832,07/15/2026 12:47:48,2.863,74.163,15.20,0.35945,71.300
14833,07/15/2026 12:57:48,2.873,74.168,15.68,0.36060,71.295
14834,07/15/2026 13:07:48,2.865,74.157,15.49,0.35975,71.292
14835,07/15/2026 13:17:48,2.855,74.119,15.30,0.35861,71.264
14836,07/15/2026 13:27:48,2.863,74.132,15.30,0.35953,71.269
14837,07/15/2026 13:37:48,2.851,74.111,15.40,0.35826,71.260
14838,07/15/2026 13:47:48,2.837,74.098,15.87,0.35688,71.261
14839,07/15/2026 13:57:48,2.839,74.086,15.97,0.35702,71.247
14840,07/15/2026 14:07:48,2.849,74.098,15.87,0.35808,71.249
14841,07/15/2026 14:17:48,2.845,74.102,15.78,0.35765,71.257
14842,07/15/2026 14:27:48,2.828,74.078,15.68,0.35588,71.250
14843,07/15/2026 14:37:48,2.815,74.064,15.68,0.35462,71.249
14844,07/15/2026 14:47:48,2.821,74.100,15.68,0.35525,71.279
14845,07/15/2026 14:57:48,2.799,74.060,15.68,0.35293,71.261
14846,07/15/2026 15:07:48,2.810,74.087,15.68,0.35405,71.277
14847,07/15/2026 15:17:48,2.798,74.065,15.78,0.35286,71.267
14848,07/15/2026 15:27:48,2.800,74.058,15.97,0.35315,71.258
14849,07/15/2026 15:37:48,2.798,74.037,16.06,0.35288,71.239
14850,07/15/2026 15:47:48,2.818,74.048,16.25,0.35493,71.230
14851,07/15/2026 15:57:48,2.804,74.040,16.35,0.35352,71.236
14852,07/15/2026 16:07:48,2.793,74.028,16.45,0.35233,71.235
14853,07/15/2026 16:17:48,2.798,74.024,16.54,0.35290,71.226
14854,07/15/2026 16:27:48,2.797,74.025,16.64,0.35283,71.228
14855,07/15/2026 16:37:48,2.807,74.029,16.54,0.35381,71.222
14856,07/15/2026 16:47:48,2.810,74.029,16.92,0.35412,71.219
14857,07/15/2026 16:57:48,2.816,74.042,16.92,0.35482,71.226
14858,07/15/2026 17:07:48,2.804,74.040,16.73,0.35354,71.236
14859,07/15/2026 17:17:48,2.793,74.057,16.64,0.35241,71.264
14860,07/15/2026 17:27:48,2.795,74.096,16.45,0.35254,71.301
14861,07/15/2026 17:37:48,2.812,74.125,16.25,0.35436,71.313
14862,07/15/2026 17:47:48,2.802,74.129,16.16,0.35323,71.327
14863,07/15/2026 17:57:48,2.809,74.140,15.97,0.35400,71.331
14864,07/15/2026 18:07:48,2.803,74.140,15.97,0.35336,71.337
14865,07/15/2026 18:17:48,2.814,74.130,15.87,0.35449,71.316
14866,07/15/2026 18:27:48,2.783,74.106,15.78,0.35131,71.323
14867,07/15/2026 18:37:48,2.786,74.106,15.78,0.35166,71.320
14868,07/15/2026 18:47:48,2.780,74.128,15.68,0.35103,71.348
14869,07/15/2026 18:57:48,2.789,74.132,15.68,0.35194,71.343
14870,07/15/2026 19:07:48,2.788,74.131,15.59,0.35187,71.343
14871,07/15/2026 19:17:48,2.792,74.125,15.49,0.35228,71.333
14872,07/15/2026 19:27:48,2.797,74.125,15.49,0.35278,71.328
14873,07/15/2026 19:37:48,2.798,74.120,15.40,0.35284,71.322
14874,07/15/2026 19:47:48,2.789,74.110,15.30,0.35192,71.321
14875,07/15/2026 19:57:48,2.784,74.113,15.20,0.35143,71.329
14876,07/15/2026 20:07:48,2.787,74.120,15.01,0.35170,71.333
14877,07/15/2026 20:17:48,2.804,74.137,14.92,0.35345,71.333
14878,07/15/2026 20:27:48,2.793,74.140,14.73,0.35225,71.347
14879,07/15/2026 20:37:48,2.801,74.152,14.63,0.35316,71.351
14880,07/15/2026 20:47:48,2.804,74.155,14.44,0.35336,71.351
14881,07/15/2026 20:57:48,2.803,74.158,14.34,0.35329,71.355
14882,07/15/2026 21:07:48,2.782,74.139,14.25,0.35117,71.357
14883,07/15/2026 21:17:48,2.798,74.155,14.05,0.35278,71.357
14884,07/15/2026 21:27:48,2.803,74.163,13.96,0.35327,71.360
14885,07/15/2026 21:37:48,2.799,74.170,13.77,0.35291,71.371
14886,07/15/2026 21:47:48,2.788,74.160,13.67,0.35171,71.372
14887,07/15/2026 21:57:48,2.786,74.171,13.48,0.35156,71.385
14888,07/15/2026 22:07:48,2.795,74.193,13.38,0.35247,71.398
14889,07/15/2026 22:17:48,2.813,74.224,13.28,0.35430,71.411
14890,07/15/2026 22:27:48,2.795,74.204,13.09,0.35239,71.409
14891,07/15/2026 22:37:48,2.801,74.207,13.00,0.35309,71.406
14892,07/15/2026 22:47:48,2.806,74.215,12.90,0.35358,71.409
14893,07/15/2026 22:57:48,2.794,74.209,12.71,0.35230,71.415
14894,07/15/2026 23:07:48,2.800,74.226,12.61,0.35293,71.426
14895,07/15/2026 23:17:48,2.815,74.238,12.51,0.35455,71.423
14896,07/15/2026 23:27:48,2.801,74.223,12.32,0.35299,71.422
14897,07/15/2026 23:37:48,2.795,74.222,12.22,0.35243,71.427
14898,07/15/2026 23:47:48,2.800,74.216,12.12,0.35299,71.416
14899,07/15/2026 23:57:48,2.796,74.211,12.03,0.35249,71.415
14900,07/16/2026 00:07:48,2.811,74.228,11.93,0.35403,71.417
14901,07/16/2026 00:17:48,2.809,74.232,11.83,0.35382,71.423
14902,07/16/2026 00:27:48,2.811,74.235,11.74,0.35403,71.424
14903,07/16/2026 00:37:48,2.831,74.251,11.54,0.35613,71.420
14904,07/16/2026 00:47:48,2.807,74.223,11.44,0.35367,71.416
14905,07/16/2026 00:57:48,2.816,74.231,11.35,0.35458,71.415
14906,07/16/2026 01:07:48,2.841,74.249,11.25,0.35704,71.408
14907,07/16/2026 01:17:48,2.825,74.239,11.15,0.35541,71.414
14908,07/16/2026 01:27:48,2.815,74.219,11.05,0.35443,71.404
14909,07/16/2026 01:37:48,2.820,74.236,10.86,0.35491,71.416
14910,07/16/2026 01:47:48,2.820,74.230,10.76,0.35491,71.410
14911,07/16/2026 01:57:48,2.823,74.234,10.66,0.35519,71.411
14912,07/16/2026 02:07:48,2.842,74.242,10.57,0.35715,71.400
14913,07/16/2026 02:17:48,2.835,74.240,10.37,0.35644,71.405
14914,07/16/2026 02:27:48,2.829,74.226,10.27,0.35581,71.397
14915,07/16/2026 02:37:48,2.829,74.229,10.17,0.35581,71.400
14916,07/16/2026 02:47:48,2.840,74.232,9.98,0.35693,71.392
14917,07/16/2026 02:57:48,2.832,74.222,9.88,0.35608,71.390
14918,07/16/2026 03:07:48,2.835,74.226,9.78,0.35636,71.391
14919,07/16/2026 03:17:48,2.851,74.234,9.68,0.35804,71.383
14920,07/16/2026 03:27:48,2.839,74.227,9.48,0.35684,71.388
14921,07/16/2026 03:37:48,2.850,74.236,9.39,0.35789,71.386
14922,07/16/2026 03:47:48,2.857,74.230,9.29,0.35866,71.373
14923,07/16/2026 03:57:48,2.860,74.229,9.19,0.35894,71.369
14924,07/16/2026 04:07:48,2.849,74.215,9.09,0.35782,71.366
14925,07/16/2026 04:17:48,2.856,74.218,8.99,0.35859,71.362
14926,07/16/2026 04:27:48,2.861,74.222,8.89,0.35908,71.361
14927,07/16/2026 04:37:48,2.862,74.221,8.79,0.35914,71.359
14928,07/16/2026 04:47:48,2.867,74.224,8.59,0.35963,71.357
14929,07/16/2026 04:57:48,2.852,74.214,8.49,0.35815,71.362
14930,07/16/2026 05:07:48,2.862,74.227,8.39,0.35913,71.365
14931,07/16/2026 05:17:48,2.859,74.226,8.29,0.35885,71.367
14932,07/16/2026 05:27:48,2.864,74.239,8.19,0.35927,71.375
14933,07/16/2026 05:37:48,2.870,74.242,8.09,0.35997,71.372
14934,07/16/2026 05:47:48,2.887,74.269,7.99,0.36166,71.382
14935,07/16/2026 05:57:48,2.855,74.236,7.89,0.35842,71.381
14936,07/16/2026 06:07:48,2.865,74.244,7.79,0.35947,71.379
14937,07/16/2026 06:17:48,2.878,74.257,7.69,0.36074,71.379
14938,07/16/2026 06:27:48,2.858,74.239,7.69,0.35870,71.381
14939,07/16/2026 06:37:48,2.864,74.252,7.59,0.35926,71.388
14940,07/16/2026 06:47:48,2.885,74.283,7.49,0.36144,71.398
14941,07/16/2026 06:57:48,2.881,74.286,7.39,0.36108,71.405
14942,07/16/2026 07:07:48,2.881,74.282,7.39,0.36101,71.401
14943,07/16/2026 07:17:48,2.858,74.258,7.29,0.35869,71.400
14944,07/16/2026 07:27:48,2.890,74.290,7.29,0.36192,71.400
14945,07/16/2026 07:37:48,2.897,74.298,7.19,0.36270,71.401
14946,07/16/2026 07:47:48,2.896,74.289,7.19,0.36256,71.393
14947,07/16/2026 07:57:48,2.880,74.280,7.19,0.36094,71.400
14948,07/16/2026 08:07:48,2.871,74.277,7.39,0.36003,71.406
14949,07/16/2026 08:17:48,2.882,74.301,7.49,0.36108,71.419
14950,07/16/2026 08:27:48,2.870,74.292,7.59,0.35996,71.422
14951,07/16/2026 08:37:48,2.870,74.290,7.79,0.35989,71.420
14952,07/16/2026 08:47:48,2.872,74.291,7.99,0.36018,71.419
14953,07/16/2026 08:57:48,2.883,74.303,8.29,0.36124,71.420
14954,07/16/2026 09:07:48,2.869,74.282,8.49,0.35984,71.413
14955,07/16/2026 09:17:48,2.860,74.262,8.79,0.35893,71.402
14956,07/16/2026 09:27:48,2.859,74.241,8.99,0.35887,71.382
14957,07/16/2026 09:37:48,2.864,74.239,9.29,0.35937,71.375
14958,07/16/2026 09:47:48,2.867,74.227,9.48,0.35973,71.360
14959,07/16/2026 09:57:48,2.871,74.217,9.78,0.36001,71.346
14960,07/16/2026 10:07:48,2.883,74.228,10.08,0.36136,71.345
14961,07/16/2026 10:17:48,2.871,74.208,10.37,0.36017,71.337
14962,07/16/2026 10:27:48,2.863,74.193,10.66,0.35934,71.330
14963,07/16/2026 10:37:48,2.870,74.188,11.05,0.35998,71.318
14964,07/16/2026 10:47:48,2.857,74.163,11.35,0.35873,71.306
14965,07/16/2026 10:57:48,2.862,74.168,11.83,0.35924,71.306
14966,07/16/2026 11:07:48,2.884,74.181,12.22,0.36150,71.297
14967,07/16/2026 11:17:48,2.891,74.181,12.61,0.36215,71.290
14968,07/16/2026 11:27:48,2.885,74.166,13.00,0.36167,71.281
14969,07/16/2026 11:37:48,2.875,74.158,13.48,0.36064,71.283
14970,07/16/2026 11:47:48,2.861,74.136,13.96,0.35918,71.275
14971,07/16/2026 11:57:48,2.884,74.145,14.44,0.36167,71.261
14972,07/16/2026 12:07:48,2.864,74.123,14.82,0.35964,71.258
14973,07/16/2026 12:17:48,2.897,74.140,15.20,0.36297,71.243
14974,07/16/2026 12:27:48,2.868,74.116,15.49,0.36003,71.248
14975,07/16/2026 12:37:48,2.872,74.128,15.30,0.36037,71.256
14976,07/16/2026 12:47:48,2.867,74.125,15.01,0.35986,71.258
14977,07/16/2026 12:57:48,2.839,74.104,14.82,0.35704,71.265
14978,07/16/2026 13:07:48,2.871,74.154,14.82,0.36028,71.283
14979,07/16/2026 13:17:48,2.856,74.109,14.82,0.35873,71.253
14980,07/16/2026 13:27:48,2.871,74.102,15.01,0.36029,71.231
14981,07/16/2026 13:37:48,2.869,74.087,15.30,0.36009,71.218
14982,07/16/2026 13:47:48,2.870,74.097,15.78,0.36025,71.227
14983,07/16/2026 13:57:48,2.862,74.085,16.35,0.35951,71.223
14984,07/16/2026 14:07:48,2.834,74.091,16.45,0.35656,71.257
14985,07/16/2026 14:17:48,2.822,74.068,16.45,0.35543,71.246
14986,07/16/2026 14:27:48,2.855,74.105,16.45,0.35867,71.250
14987,07/16/2026 14:37:48,2.842,74.097,16.92,0.35743,71.255
14988,07/16/2026 14:47:48,2.840,74.108,17.11,0.35722,71.268
14989,07/16/2026 14:57:48,2.836,74.099,17.11,0.35680,71.263
14990,07/16/2026 15:07:48,2.853,74.106,17.30,0.35857,71.253
14991,07/16/2026 15:17:48,2.846,74.089,17.78,0.35789,71.243
14992,07/16/2026 15:27:48,2.818,74.067,17.88,0.35508,71.249
14993,07/16/2026 15:37:48,2.840,74.087,17.59,0.35718,71.247
14994,07/16/2026 15:47:48,2.825,74.075,17.40,0.35576,71.250
14995,07/16/2026 15:57:48,2.831,74.096,17.21,0.35624,71.265
14996,07/16/2026 16:07:48,2.851,74.127,17.21,0.35836,71.276
14997,07/16/2026 16:17:48,2.806,74.096,17.21,0.35371,71.290
14998,07/16/2026 16:27:48,2.824,74.139,17.02,0.35553,71.315
14999,07/16/2026 16:37:48,2.821,74.128,16.92,0.35531,71.307
15000,07/16/2026 16:47:48,2.815,74.109,16.83,0.35467,71.294
15001,07/16/2026 16:57:48,2.830,74.136,16.83,0.35622,71.306
15002,07/16/2026 17:07:48,2.805,74.115,16.92,0.35362,71.310
15003,07/16/2026 17:17:48,2.818,74.115,16.92,0.35496,71.297
15004,07/16/2026 17:27:48,2.815,74.128,16.92,0.35468,71.313
15005,07/16/2026 17:37:48,2.797,74.119,16.92,0.35285,71.322
15006,07/16/2026 17:47:48,2.812,74.141,16.83,0.35432,71.329
15007,07/16/2026 17:57:48,2.797,74.134,16.64,0.35283,71.337
15008,07/16/2026 18:07:48,2.808,74.147,16.54,0.35389,71.339
15009,07/16/2026 18:17:48,2.817,74.163,16.35,0.35479,71.346
15010,07/16/2026 18:27:48,2.814,74.163,16.35,0.35451,71.349
15011,07/16/2026 18:37:48,2.819,74.161,16.25,0.35507,71.342
15012,07/16/2026 18:47:48,2.827,74.174,16.16,0.35584,71.347
15013,07/16/2026 18:57:48,2.818,74.168,16.06,0.35499,71.350
15014,07/16/2026 19:07:48,2.821,74.182,16.06,0.35520,71.361
15015,07/16/2026 19:17:48,2.821,74.176,15.97,0.35526,71.355
15016,07/16/2026 19:27:48,2.816,74.171,15.87,0.35470,71.355
15017,07/16/2026 19:37:48,2.814,74.166,15.87,0.35449,71.352
15018,07/16/2026 19:47:48,2.820,74.168,15.68,0.35518,71.348
15019,07/16/2026 19:57:48,2.824,74.163,15.59,0.35553,71.339
15020,07/16/2026 20:07:48,2.831,74.180,15.49,0.35623,71.349
15021,07/16/2026 20:17:48,2.827,74.179,15.40,0.35580,71.352
15022,07/16/2026 20:27:48,2.823,74.177,15.20,0.35537,71.354
15023,07/16/2026 20:37:48,2.840,74.198,15.11,0.35712,71.358
15024,07/16/2026 20:47:48,2.829,74.197,15.01,0.35599,71.368
15025,07/16/2026 20:57:48,2.840,74.213,14.82,0.35711,71.373
15026,07/16/2026 21:07:48,2.853,74.230,14.73,0.35844,71.377
15027,07/16/2026 21:17:48,2.835,74.215,14.53,0.35653,71.380
15028,07/16/2026 21:27:48,2.833,74.217,14.34,0.35638,71.384
15029,07/16/2026 21:37:48,2.845,74.230,14.25,0.35758,71.385
15030,07/16/2026 21:47:48,2.818,74.206,14.15,0.35483,71.388
15031,07/16/2026 21:57:48,2.841,74.237,14.05,0.35715,71.396
15032,07/16/2026 22:07:48,2.845,74.245,13.96,0.35756,71.400
15033,07/16/2026 22:17:48,2.857,74.262,13.86,0.35876,71.405
15034,07/16/2026 22:27:48,2.808,74.211,13.77,0.35375,71.403
15035,07/16/2026 22:37:48,2.823,74.231,13.57,0.35537,71.408
15036,07/16/2026 22:47:48,2.825,74.235,13.48,0.35550,71.410
15037,07/16/2026 22:57:48,2.821,74.238,13.38,0.35515,71.417
15038,07/16/2026 23:07:48,2.827,74.237,13.28,0.35578,71.410
15039,07/16/2026 23:17:48,2.824,74.236,13.19,0.35542,71.412
15040,07/16/2026 23:27:48,2.838,74.249,13.09,0.35682,71.411
15041,07/16/2026 23:37:48,2.847,74.262,13.00,0.35773,71.415
15042,07/16/2026 23:47:48,2.837,74.256,12.90,0.35674,71.419
15043,07/16/2026 23:57:48,2.822,74.241,12.80,0.35526,71.419
15044,07/17/2026 00:07:48,2.832,74.250,12.71,0.35617,71.418
15045,07/17/2026 00:17:48,2.839,74.249,12.61,0.35687,71.410
15046,07/17/2026 00:27:48,2.825,74.234,12.51,0.35546,71.409
15047,07/17/2026 00:37:48,2.845,74.251,12.42,0.35750,71.406
15048,07/17/2026 00:47:48,2.841,74.246,12.32,0.35707,71.405
15049,07/17/2026 00:57:48,2.827,74.226,12.22,0.35573,71.399
15050,07/17/2026 01:07:48,2.849,74.248,12.12,0.35791,71.399
15051,07/17/2026 01:17:48,2.841,74.238,12.03,0.35713,71.397
15052,07/17/2026 01:27:48,2.844,74.242,11.93,0.35734,71.398
15053,07/17/2026 01:37:48,2.827,74.231,11.74,0.35565,71.404
15054,07/17/2026 01:47:48,2.837,74.239,11.64,0.35663,71.402
15055,07/17/2026 01:57:48,2.829,74.224,11.54,0.35585,71.395
15056,07/17/2026 02:07:48,2.835,74.227,11.35,0.35648,71.392
15057,07/17/2026 02:17:48,2.857,74.244,11.25,0.35872,71.387
15058,07/17/2026 02:27:48,2.868,74.257,11.15,0.35978,71.389
15059,07/17/2026 02:37:48,2.858,74.247,11.05,0.35879,71.389
15060,07/17/2026 02:47:48,2.874,74.258,10.86,0.36047,71.384
15061,07/17/2026 02:57:48,2.863,74.239,10.76,0.35934,71.376
15062,07/17/2026 03:07:48,2.876,74.247,10.66,0.36067,71.371
15063,07/17/2026 03:17:48,2.882,74.256,10.57,0.36116,71.374
15064,07/17/2026 03:27:48,2.868,74.249,10.37,0.35982,71.381
15065,07/17/2026 03:37:48,2.859,74.248,10.27,0.35890,71.389
15066,07/17/2026 03:47:48,2.861,74.243,10.17,0.35904,71.382
15067,07/17/2026 03:57:48,2.871,74.255,10.08,0.36016,71.384
15068,07/17/2026 04:07:48,2.876,74.255,9.98,0.36058,71.379
15069,07/17/2026 04:17:48,2.885,74.263,9.88,0.36149,71.378
15070,07/17/2026 04:27:48,2.888,74.267,9.88,0.36185,71.379
15071,07/17/2026 04:37:48,2.890,74.266,9.78,0.36205,71.376
15072,07/17/2026 04:47:48,2.903,74.279,9.68,0.36339,71.376
15073,07/17/2026 04:57:48,2.886,74.260,9.58,0.36163,71.374
15074,07/17/2026 05:07:48,2.897,74.274,9.58,0.36268,71.377
15075,07/17/2026 05:17:48,2.893,74.264,9.48,0.36226,71.371
15076,07/17/2026 05:27:48,2.888,74.263,9.39,0.36176,71.375
15077,07/17/2026 05:37:48,2.897,74.262,9.29,0.36274,71.365
15078,07/17/2026 05:47:48,2.907,74.275,9.19,0.36373,71.368
15079,07/17/2026 05:57:48,2.899,74.270,9.19,0.36295,71.371
15080,07/17/2026 06:07:48,2.898,74.274,9.09,0.36281,71.376
15081,07/17/2026 06:17:48,2.900,74.282,8.99,0.36302,71.382
15082,07/17/2026 06:27:48,2.893,74.286,8.99,0.36231,71.393
15083,07/17/2026 06:37:48,2.905,74.300,8.99,0.36351,71.395
15084,07/17/2026 06:47:48,2.886,74.286,8.89,0.36154,71.400
15085,07/17/2026 06:57:48,2.888,74.299,8.89,0.36182,71.411
15086,07/17/2026 07:07:48,2.873,74.286,8.89,0.36020,71.413
15087,07/17/2026 07:17:48,2.904,74.317,8.89,0.36344,71.413
15088,07/17/2026 07:27:48,2.885,74.299,8.89,0.36147,71.414
15089,07/17/2026 07:37:48,2.885,74.295,8.89,0.36147,71.410
15090,07/17/2026 07:47:48,2.896,74.304,8.89,0.36259,71.408
15091,07/17/2026 07:57:48,2.880,74.295,8.89,0.36090,71.415
15092,07/17/2026 08:07:48,2.869,74.290,8.89,0.35985,71.421
15093,07/17/2026 08:17:48,2.885,74.304,8.89,0.36147,71.419
15094,07/17/2026 08:27:48,2.880,74.308,8.89,0.36098,71.428
15095,07/17/2026 08:37:48,2.885,74.323,8.99,0.36147,71.438
15096,07/17/2026 08:47:48,2.870,74.305,9.09,0.36000,71.435
15097,07/17/2026 08:57:48,2.871,74.299,9.39,0.36007,71.428
15098,07/17/2026 09:07:48,2.888,74.314,9.58,0.36184,71.426
15099,07/17/2026 09:17:48,2.878,74.307,9.78,0.36079,71.429
15100,07/17/2026 09:27:48,2.877,74.296,10.08,0.36073,71.419
15101,07/17/2026 09:37:48,2.884,74.298,10.27,0.36144,71.414
15102,07/17/2026 09:47:48,2.877,74.291,10.47,0.36074,71.414
15103,07/17/2026 09:57:48,2.867,74.276,10.76,0.35969,71.409
15104,07/17/2026 10:07:48,2.873,74.269,11.05,0.36034,71.396
15105,07/17/2026 10:17:48,2.886,74.267,11.25,0.36161,71.381
15106,07/17/2026 10:27:48,2.894,74.277,11.35,0.36246,71.383
15107,07/17/2026 10:37:48,2.882,74.262,11.25,0.36126,71.380
15108,07/17/2026 10:47:48,2.888,74.280,11.25,0.36189,71.392
15109,07/17/2026 10:57:48,2.892,74.282,11.44,0.36232,71.390
15110,07/17/2026 11:07:48,2.881,74.267,11.74,0.36113,71.386
15111,07/17/2026 11:17:48,2.889,74.277,11.83,0.36198,71.388
15112,07/17/2026 11:27:48,2.892,74.288,12.03,0.36227,71.396
15113,07/17/2026 11:37:48,2.889,74.284,12.12,0.36206,71.395
15114,07/17/2026 11:47:48,2.914,74.297,12.51,0.36461,71.383
15115,07/17/2026 11:57:48,2.938,74.315,12.90,0.36702,71.377
15116,07/17/2026 12:07:48,2.928,74.302,13.38,0.36605,71.374
15117,07/17/2026 12:17:48,2.924,74.287,13.67,0.36564,71.363
15118,07/17/2026 12:27:48,2.924,74.277,14.05,0.36566,71.353
15119,07/17/2026 12:37:48,2.952,74.288,14.63,0.36857,71.336
15120,07/17/2026 12:47:48,2.927,74.251,14.92,0.36598,71.324
15121,07/17/2026 12:57:48,2.915,74.232,15.30,0.36480,71.317
15122,07/17/2026 13:07:48,2.919,74.227,15.68,0.36525,71.308
15123,07/17/2026 13:17:48,2.927,74.223,15.68,0.36602,71.296
15124,07/17/2026 13:27:48,2.936,74.230,15.49,0.36693,71.294
15125,07/17/2026 13:37:48,2.906,74.203,15.49,0.36383,71.297
15126,07/17/2026 13:47:48,2.922,74.211,16.25,0.36556,71.289
15127,07/17/2026 13:57:48,2.941,74.262,16.35,0.36753,71.321
15128,07/17/2026 14:07:48,2.943,74.287,16.16,0.36773,71.344
15129,07/17/2026 14:17:48,2.923,74.308,15.97,0.36561,71.385
15130,07/17/2026 14:27:48,2.902,74.310,15.78,0.36349,71.408
15131,07/17/2026 14:37:48,2.911,74.328,15.78,0.36441,71.417
15132,07/17/2026 14:47:48,2.892,74.317,15.97,0.36244,71.425
15133,07/17/2026 14:57:48,2.895,74.327,16.06,0.36280,71.432
15134,07/17/2026 15:07:48,2.883,74.324,16.16,0.36154,71.441
15135,07/17/2026 15:17:48,2.894,74.337,16.16,0.36274,71.443
15136,07/17/2026 15:27:48,2.907,74.343,16.25,0.36401,71.436
15137,07/17/2026 15:37:48,2.901,74.343,16.25,0.36337,71.442
15138,07/17/2026 15:47:48,2.895,74.338,16.25,0.36281,71.443
15139,07/17/2026 15:57:48,2.887,74.311,16.25,0.36197,71.424
15140,07/17/2026 16:07:48,2.901,74.318,16.45,0.36338,71.417
15141,07/17/2026 16:17:48,2.888,74.299,16.73,0.36206,71.411
15142,07/17/2026 16:27:48,2.888,74.295,16.83,0.36214,71.407
15143,07/17/2026 16:37:48,2.894,74.300,16.83,0.36270,71.406
15144,07/17/2026 16:47:48,2.893,74.292,16.92,0.36264,71.399
15145,07/17/2026 16:57:48,2.868,74.262,17.11,0.36011,71.394
15146,07/17/2026 17:07:48,2.886,74.283,16.92,0.36186,71.397
15147,07/17/2026 17:17:48,2.878,74.259,16.83,0.36108,71.381
15148,07/17/2026 17:27:48,2.894,74.276,16.73,0.36270,71.382
15149,07/17/2026 17:37:48,2.886,74.267,16.73,0.36192,71.381
15150,07/17/2026 17:47:48,2.875,74.258,16.73,0.36072,71.383
15151,07/17/2026 17:57:48,2.906,74.285,16.73,0.36396,71.379
15152,07/17/2026 18:07:48,2.887,74.279,16.64,0.36206,71.392
15153,07/17/2026 18:17:48,2.888,74.265,16.54,0.36205,71.377
15154,07/17/2026 18:27:48,2.883,74.263,16.45,0.36162,71.380
15155,07/17/2026 18:37:48,2.883,74.259,16.45,0.36155,71.376
15156,07/17/2026 18:47:48,2.890,74.271,16.35,0.36232,71.381
15157,07/17/2026 18:57:48,2.894,74.279,16.25,0.36274,71.385
15158,07/17/2026 19:07:48,2.869,74.264,16.06,0.36006,71.395
15159,07/17/2026 19:17:48,2.873,74.276,15.97,0.36054,71.403
15160,07/17/2026 19:27:48,2.880,74.297,15.78,0.36117,71.417
15161,07/17/2026 19:37:48,2.873,74.305,15.68,0.36046,71.432
15162,07/17/2026 19:47:48,2.881,74.320,15.49,0.36136,71.439
15163,07/17/2026 19:57:48,2.886,74.328,15.40,0.36185,71.442
15164,07/17/2026 20:07:48,2.867,74.314,15.30,0.35988,71.447
15165,07/17/2026 20:17:48,2.865,74.317,15.20,0.35973,71.452
15166,07/17/2026 20:27:48,2.865,74.321,15.11,0.35966,71.456
15167,07/17/2026 20:37:48,2.862,74.314,14.92,0.35937,71.452
15168,07/17/2026 20:47:48,2.878,74.336,14.82,0.36098,71.458
15169,07/17/2026 20:57:48,2.869,74.321,14.73,0.36006,71.452
15170,07/17/2026 21:07:48,2.877,74.332,14.53,0.36090,71.455
15171,07/17/2026 21:17:48,2.870,74.331,14.44,0.36019,71.461
15172,07/17/2026 21:27:48,2.891,74.357,14.25,0.36222,71.466
15173,07/17/2026 21:37:48,2.873,74.355,14.15,0.36053,71.482
15174,07/17/2026 21:47:48,2.873,74.367,13.96,0.36045,71.494
15175,07/17/2026 21:57:48,2.863,74.357,13.86,0.35939,71.494
15176,07/17/2026 22:07:48,2.877,74.378,13.67,0.36079,71.501
15177,07/17/2026 22:17:48,2.899,74.403,13.48,0.36303,71.504
15178,07/17/2026 22:27:48,2.887,74.393,13.38,0.36183,71.506
15179,07/17/2026 22:37:48,2.891,74.409,13.19,0.36225,71.518
15180,07/17/2026 22:47:48,2.883,74.399,13.09,0.36140,71.516
15181,07/17/2026 22:57:48,2.882,74.397,12.90,0.36125,71.515
15182,07/17/2026 23:07:48,2.877,74.387,12.80,0.36075,71.510
15183,07/17/2026 23:17:48,2.884,74.398,12.61,0.36152,71.514
15184,07/17/2026 23:27:48,2.884,74.397,12.51,0.36151,71.513
15185,07/17/2026 23:37:48,2.901,74.414,12.42,0.36327,71.513
15186,07/17/2026 23:47:48,2.880,74.399,12.22,0.36108,71.519
15187,07/17/2026 23:57:48,2.874,74.398,12.12,0.36044,71.524
15188,07/18/2026 00:07:48,2.886,74.405,11.93,0.36170,71.519
15189,07/18/2026 00:17:48,2.892,74.408,11.83,0.36233,71.516
15190,07/18/2026 00:27:48,2.878,74.384,11.64,0.36085,71.506
15191,07/18/2026 00:37:48,2.881,74.391,11.44,0.36112,71.510
15192,07/18/2026 00:47:48,2.892,74.395,11.35,0.36224,71.503
15193,07/18/2026 00:57:48,2.882,74.385,11.25,0.36119,71.503
15194,07/18/2026 01:07:48,2.927,74.423,11.05,0.36589,71.496
15195,07/18/2026 01:17:48,2.901,74.395,10.96,0.36322,71.494
15196,07/18/2026 01:27:48,2.897,74.393,10.76,0.36279,71.496
15197,07/18/2026 01:37:48,2.898,74.388,10.66,0.36286,71.490
15198,07/18/2026 01:47:48,2.915,74.414,10.57,0.36461,71.499
15199,07/18/2026 01:57:48,2.906,74.412,10.37,0.36369,71.506
15200,07/18/2026 02:07:48,2.914,74.416,10.27,0.36446,71.502
15201,07/18/2026 02:17:48,2.897,74.392,10.17,0.36277,71.495
15202,07/18/2026 02:27:48,2.914,74.409,9.98,0.36445,71.495
15203,07/18/2026 02:37:48,2.913,74.408,9.88,0.36438,71.495
15204,07/18/2026 02:47:48,2.911,74.402,9.78,0.36416,71.491
15205,07/18/2026 02:57:48,2.917,74.410,9.68,0.36479,71.493
15206,07/18/2026 03:07:48,2.918,74.427,9.48,0.36486,71.509
15207,07/18/2026 03:17:48,2.918,74.421,9.39,0.36493,71.503
15208,07/18/2026 03:27:48,2.917,74.416,9.29,0.36478,71.499
15209,07/18/2026 03:37:48,2.914,74.414,9.09,0.36450,71.500
15210,07/18/2026 03:47:48,2.919,74.422,8.99,0.36499,71.503
15211,07/18/2026 03:57:48,2.911,74.421,8.89,0.36421,71.510
15212,07/18/2026 04:07:48,2.923,74.434,8.79,0.36540,71.511
15213,07/18/2026 04:17:48,2.930,74.447,8.69,0.36603,71.517
15214,07/18/2026 04:27:48,2.943,74.451,8.59,0.36744,71.507
15215,07/18/2026 04:37:48,2.927,74.431,8.39,0.36575,71.504
15216,07/18/2026 04:47:48,2.939,74.452,8.29,0.36701,71.513
15217,07/18/2026 04:57:48,2.933,74.442,8.19,0.36630,71.510
15218,07/18/2026 05:07:48,2.921,74.433,8.09,0.36511,71.512
15219,07/18/2026 05:17:48,2.929,74.445,7.99,0.36602,71.516
15220,07/18/2026 05:27:48,2.919,74.440,7.89,0.36496,71.521
15221,07/18/2026 05:37:48,2.937,74.466,7.79,0.36679,71.529
15222,07/18/2026 05:47:48,2.947,74.474,7.69,0.36784,71.527
15223,07/18/2026 05:57:48,2.940,74.474,7.59,0.36706,71.534
15224,07/18/2026 06:07:48,2.929,74.459,7.49,0.36594,71.530
15225,07/18/2026 06:17:48,2.931,74.463,7.39,0.36615,71.532
15226,07/18/2026 06:27:48,2.941,74.480,7.29,0.36720,71.539
15227,07/18/2026 06:37:48,2.941,74.484,7.19,0.36713,71.543
15228,07/18/2026 06:47:48,2.938,74.484,7.19,0.36684,71.546
15229,07/18/2026 06:57:48,2.952,74.488,7.09,0.36825,71.536
15230,07/18/2026 07:07:48,2.942,74.482,6.99,0.36726,71.540
15231,07/18/2026 07:17:48,2.949,74.487,6.99,0.36797,71.538
15232,07/18/2026 07:27:48,2.938,74.481,6.89,0.36691,71.543
15233,07/18/2026 07:37:48,2.946,74.477,6.89,0.36768,71.531
15234,07/18/2026 07:47:48,2.955,74.490,6.79,0.36852,71.535
15235,07/18/2026 07:57:48,2.957,74.481,6.79,0.36874,71.524
15236,07/18/2026 08:07:48,2.936,74.464,6.99,0.36663,71.528
15237,07/18/2026 08:17:48,2.910,74.442,7.09,0.36403,71.532
15238,07/18/2026 08:27:48,2.915,74.458,7.29,0.36460,71.542
15239,07/18/2026 08:37:48,2.891,74.437,7.49,0.36200,71.546
15240,07/18/2026 08:47:48,2.911,74.456,7.69,0.36418,71.545
15241,07/18/2026 08:57:48,2.908,74.458,7.89,0.36383,71.550
15242,07/18/2026 09:07:48,2.912,74.461,8.19,0.36419,71.549
15243,07/18/2026 09:17:48,2.930,74.468,8.49,0.36603,71.538
15244,07/18/2026 09:27:48,2.921,74.451,8.69,0.36519,71.530
15245,07/18/2026 09:37:48,2.922,74.454,8.99,0.36527,71.532
15246,07/18/2026 09:47:48,2.933,74.457,9.29,0.36640,71.524
15247,07/18/2026 09:57:48,2.916,74.432,9.58,0.36472,71.516
15248,07/18/2026 10:07:48,2.918,74.417,9.88,0.36487,71.499
15249,07/18/2026 10:17:48,2.943,74.438,10.17,0.36741,71.495
15250,07/18/2026 10:27:48,2.942,74.431,10.47,0.36742,71.489
15251,07/18/2026 10:37:48,2.935,74.426,10.86,0.36666,71.491
15252,07/18/2026 10:47:48,2.934,74.424,11.15,0.36660,71.490
15253,07/18/2026 10:57:48,2.943,74.433,11.54,0.36746,71.490
15254,07/18/2026 11:07:48,2.942,74.437,11.93,0.36733,71.495
15255,07/18/2026 11:17:48,2.942,74.431,12.32,0.36749,71.489
15256,07/18/2026 11:27:48,2.927,74.417,12.71,0.36595,71.490
15257,07/18/2026 11:37:48,2.942,74.422,13.19,0.36745,71.480
15258,07/18/2026 11:47:48,2.922,74.401,13.28,0.36535,71.479
15259,07/18/2026 11:57:48,2.933,74.416,13.00,0.36653,71.483
15260,07/18/2026 12:07:48,2.930,74.411,13.00,0.36625,71.481
15261,07/18/2026 12:17:48,2.911,74.382,13.67,0.36431,71.471
15262,07/18/2026 12:27:48,2.919,74.379,14.25,0.36518,71.460
15263,07/18/2026 12:37:48,2.924,74.384,14.25,0.36567,71.460
15264,07/18/2026 12:47:48,2.922,74.378,14.53,0.36547,71.456
15265,07/18/2026 12:57:48,2.927,74.364,14.92,0.36598,71.437
15266,07/18/2026 13:07:48,2.919,74.352,15.49,0.36524,71.433
15267,07/18/2026 13:17:48,2.920,74.340,15.97,0.36526,71.420
15268,07/18/2026 13:27:48,2.913,74.328,15.78,0.36462,71.415
15269,07/18/2026 13:37:48,2.903,74.325,15.87,0.36357,71.422
15270,07/18/2026 13:47:48,2.907,74.326,16.35,0.36401,71.419
15271,07/18/2026 13:57:48,2.898,74.308,17.11,0.36314,71.410
15272,07/18/2026 14:07:48,2.890,74.284,17.78,0.36233,71.394
15273,07/18/2026 14:17:48,2.904,74.298,18.16,0.36376,71.394
15274,07/18/2026 14:27:48,2.871,74.251,18.07,0.36045,71.380
15275,07/18/2026 14:37:48,2.879,74.263,17.59,0.36126,71.384
15276,07/18/2026 14:47:48,2.873,74.263,17.21,0.36061,71.390
15277,07/18/2026 14:57:48,2.883,74.271,17.11,0.36166,71.388
15278,07/18/2026 15:07:48,2.872,74.259,17.21,0.36047,71.387
15279,07/18/2026 15:17:48,2.890,74.266,17.40,0.36231,71.376
15280,07/18/2026 15:27:48,2.889,74.247,18.07,0.36228,71.358
15281,07/18/2026 15:37:48,2.875,74.217,18.64,0.36090,71.342
15282,07/18/2026 15:47:48,2.869,74.202,18.83,0.36028,71.333
15283,07/18/2026 15:57:48,2.866,74.192,19.11,0.35995,71.326
15284,07/18/2026 16:07:48,2.847,74.158,19.30,0.35805,71.311
15285,07/18/2026 16:17:48,2.855,74.151,19.49,0.35891,71.296
15286,07/18/2026 16:27:48,2.845,74.130,19.59,0.35786,71.285
15287,07/18/2026 16:37:48,2.868,74.150,19.78,0.36027,71.282
15288,07/18/2026 16:47:48,2.873,74.153,19.97,0.36070,71.280
15289,07/18/2026 16:57:48,2.864,74.137,20.16,0.35987,71.273
15290,07/18/2026 17:07:48,2.871,74.144,19.97,0.36049,71.273
15291,07/18/2026 17:17:48,2.870,74.157,19.59,0.36040,71.287
15292,07/18/2026 17:27:48,2.862,74.153,19.30,0.35960,71.291
15293,07/18/2026 17:37:48,2.863,74.150,19.02,0.35966,71.287
15294,07/18/2026 17:47:48,2.835,74.126,18.92,0.35676,71.291
15295,07/18/2026 17:57:48,2.845,74.131,19.02,0.35790,71.286
15296,07/18/2026 18:07:48,2.828,74.113,19.02,0.35614,71.285
15297,07/18/2026 18:17:48,2.835,74.127,19.02,0.35684,71.292
15298,07/18/2026 18:27:48,2.821,74.121,18.92,0.35543,71.300
15299,07/18/2026 18:37:48,2.820,74.124,18.83,0.35535,71.304
15300,07/18/2026 18:47:48,2.834,74.147,18.83,0.35676,71.313
15301,07/18/2026 18:57:48,2.829,74.158,18.64,0.35625,71.329
15302,07/18/2026 19:07:48,2.814,74.162,18.54,0.35463,71.348
15303,07/18/2026 19:17:48,2.799,74.159,18.35,0.35314,71.360
15304,07/18/2026 19:27:48,2.810,74.184,18.16,0.35425,71.374
15305,07/18/2026 19:37:48,2.809,74.205,17.97,0.35403,71.396
15306,07/18/2026 19:47:48,2.842,74.252,17.78,0.35747,71.410
15307,07/18/2026 19:57:48,2.799,74.210,17.68,0.35310,71.411
15308,07/18/2026 20:07:48,2.795,74.227,17.59,0.35267,71.432
15309,07/18/2026 20:17:48,2.774,74.211,17.40,0.35055,71.437
15310,07/18/2026 20:27:48,2.789,74.228,17.30,0.35202,71.439
15311,07/18/2026 20:37:48,2.794,74.244,17.11,0.35258,71.450
15312,07/18/2026 20:47:48,2.782,74.248,17.02,0.35123,71.466
15313,07/18/2026 20:57:48,2.784,74.263,16.83,0.35151,71.479
15314,07/18/2026 21:07:48,2.789,74.272,16.83,0.35207,71.483
15315,07/18/2026 21:17:48,2.796,74.285,16.73,0.35270,71.489
15316,07/18/2026 21:27:48,2.788,74.284,16.64,0.35185,71.496
15317,07/18/2026 21:37:48,2.787,74.292,16.54,0.35177,71.505
15318,07/18/2026 21:47:48,2.794,74.309,16.45,0.35247,71.515
15319,07/18/2026 21:57:48,2.785,74.317,16.35,0.35155,71.532
15320,07/18/2026 22:07:48,2.794,74.334,16.25,0.35246,71.540
15321,07/18/2026 22:17:48,2.798,74.341,16.06,0.35288,71.543
15322,07/18/2026 22:27:48,2.805,74.349,15.97,0.35357,71.544
15323,07/18/2026 22:37:48,2.815,74.357,15.87,0.35456,71.542
15324,07/18/2026 22:47:48,2.825,74.374,15.78,0.35561,71.549
15325,07/18/2026 22:57:48,2.817,74.368,15.68,0.35483,71.551
15326,07/18/2026 23:07:48,2.832,74.384,15.49,0.35630,71.552
15327,07/18/2026 23:17:48,2.831,74.383,15.40,0.35622,71.552
15328,07/18/2026 23:27:48,2.824,74.363,15.20,0.35544,71.539
15329,07/18/2026 23:37:48,2.826,74.366,15.11,0.35572,71.540
15330,07/18/2026 23:47:48,2.801,74.347,15.01,0.35311,71.546
15331,07/18/2026 23:57:48,2.821,74.373,14.92,0.35514,71.552
15332,07/19/2026 00:07:48,2.811,74.366,14.73,0.35415,71.555
15333,07/19/2026 00:17:48,2.823,74.373,14.53,0.35541,71.550
15334,07/19/2026 00:27:48,2.833,74.377,14.44,0.35639,71.544
15335,07/19/2026 00:37:48,2.821,74.358,14.34,0.35512,71.537
15336,07/19/2026 00:47:48,2.827,74.369,14.15,0.35574,71.542
15337,07/19/2026 00:57:48,2.829,74.368,14.05,0.35595,71.539
15338,07/19/2026 01:07:48,2.833,74.366,13.86,0.35636,71.533
15339,07/19/2026 01:17:48,2.829,74.365,13.77,0.35594,71.536
15340,07/19/2026 01:27:48,2.825,74.358,13.57,0.35558,71.533
15341,07/19/2026 01:37:48,2.809,74.343,13.38,0.35388,71.534
15342,07/19/2026 01:47:48,2.836,74.373,13.28,0.35669,71.537
15343,07/19/2026 01:57:48,2.818,74.353,13.09,0.35485,71.535
15344,07/19/2026 02:07:48,2.826,74.370,13.00,0.35562,71.544
15345,07/19/2026 02:17:48,2.818,74.359,12.80,0.35484,71.541
15346,07/19/2026 02:27:48,2.835,74.372,12.71,0.35653,71.537
15347,07/19/2026 02:37:48,2.821,74.356,12.51,0.35511,71.535
15348,07/19/2026 02:47:48,2.840,74.369,12.42,0.35701,71.529
15349,07/19/2026 02:57:48,2.843,74.367,12.22,0.35728,71.524
15350,07/19/2026 03:07:48,2.845,74.371,12.12,0.35749,71.526
15351,07/19/2026 03:17:48,2.851,74.378,11.93,0.35812,71.527
15352,07/19/2026 03:27:48,2.850,74.377,11.83,0.35797,71.527
15353,07/19/2026 03:37:48,2.846,74.367,11.74,0.35755,71.521
15354,07/19/2026 03:47:48,2.864,74.387,11.54,0.35944,71.523
15355,07/19/2026 03:57:48,2.853,74.382,11.44,0.35831,71.529
15356,07/19/2026 04:07:48,2.857,74.385,11.35,0.35873,71.528
15357,07/19/2026 04:17:48,2.862,74.397,11.15,0.35921,71.535
15358,07/19/2026 04:27:48,2.862,74.396,11.05,0.35921,71.534
15359,07/19/2026 04:37:48,2.867,74.404,10.96,0.35977,71.537
15360,07/19/2026 04:47:48,2.859,74.398,10.76,0.35892,71.539
15361,07/19/2026 04:57:48,2.880,74.420,10.66,0.36103,71.540
15362,07/19/2026 05:07:48,2.883,74.419,10.57,0.36130,71.536
15363,07/19/2026 05:17:48,2.871,74.400,10.47,0.36011,71.529
15364,07/19/2026 05:27:48,2.869,74.394,10.37,0.35989,71.525
15365,07/19/2026 05:37:48,2.864,74.388,10.17,0.35939,71.524
15366,07/19/2026 05:47:48,2.862,74.391,10.08,0.35925,71.529
15367,07/19/2026 05:57:48,2.870,74.400,9.98,0.35995,71.530
15368,07/19/2026 06:07:48,2.877,74.403,9.88,0.36072,71.526
15369,07/19/2026 06:17:48,2.868,74.397,9.68,0.35973,71.529
15370,07/19/2026 06:27:48,2.884,74.419,9.58,0.36135,71.535
15371,07/19/2026 06:37:48,2.896,74.436,9.48,0.36261,71.540
15372,07/19/2026 06:47:48,2.882,74.426,9.39,0.36120,71.544
15373,07/19/2026 06:57:48,2.890,74.434,9.29,0.36204,71.544
15374,07/19/2026 07:07:48,2.885,74.434,9.29,0.36148,71.549
15375,07/19/2026 07:17:48,2.892,74.438,9.19,0.36218,71.546
15376,07/19/2026 07:27:48,2.912,74.459,9.09,0.36429,71.547
15377,07/19/2026 07:37:48,2.901,74.445,8.99,0.36309,71.544
15378,07/19/2026 07:47:48,2.890,74.440,8.99,0.36203,71.550
15379,07/19/2026 07:57:48,2.905,74.459,8.99,0.36351,71.554
15380,07/19/2026 08:07:48,2.889,74.450,9.09,0.36196,71.561
15381,07/19/2026 08:17:48,2.904,74.469,9.19,0.36344,71.565
15382,07/19/2026 08:27:48,2.882,74.443,9.29,0.36120,71.561
15383,07/19/2026 08:37:48,2.912,74.463,9.48,0.36430,71.551
15384,07/19/2026 08:47:48,2.890,74.433,9.68,0.36205,71.543
15385,07/19/2026 08:57:48,2.880,74.421,9.88,0.36107,71.541
15386,07/19/2026 09:07:48,2.896,74.423,10.08,0.36270,71.527
15387,07/19/2026 09:17:48,2.914,74.439,10.27,0.36446,71.525
15388,07/19/2026 09:27:48,2.898,74.414,10.57,0.36285,71.516
15389,07/19/2026 09:37:48,2.904,74.412,10.76,0.36342,71.508
15390,07/19/2026 09:47:48,2.905,74.401,11.05,0.36357,71.496
15391,07/19/2026 09:57:48,2.908,74.390,11.35,0.36393,71.482
15392,07/19/2026 10:07:48,2.924,74.392,11.54,0.36556,71.468
15393,07/19/2026 10:17:48,2.921,74.377,11.83,0.36522,71.456
15394,07/19/2026 10:27:48,2.906,74.362,12.22,0.36375,71.456
15395,07/19/2026 10:37:48,2.935,74.384,12.51,0.36665,71.449
15396,07/19/2026 10:47:48,2.918,74.355,12.80,0.36497,71.437
15397,07/19/2026 10:57:48,2.910,74.345,13.19,0.36422,71.435
15398,07/19/2026 11:07:48,2.943,74.367,13.57,0.36761,71.424
15399,07/19/2026 11:17:48,2.939,74.360,13.77,0.36720,71.421
15400,07/19/2026 11:27:48,2.931,74.337,14.15,0.36644,71.406
15401,07/19/2026 11:37:48,2.932,74.330,14.73,0.36654,71.398
15402,07/19/2026 11:47:48,2.931,74.317,15.20,0.36642,71.386
15403,07/19/2026 11:57:48,2.933,74.324,15.78,0.36666,71.391
15404,07/19/2026 12:07:48,2.927,74.318,16.06,0.36604,71.391
15405,07/19/2026 12:17:48,2.919,74.303,16.35,0.36528,71.384
15406,07/19/2026 12:27:48,2.913,74.294,15.97,0.36463,71.381
15407,07/19/2026 12:37:48,2.922,74.288,16.25,0.36563,71.366
15408,07/19/2026 12:47:48,2.916,74.282,16.83,0.36495,71.366
15409,07/19/2026 12:57:48,2.929,74.280,17.49,0.36640,71.351
15410,07/19/2026 13:07:48,2.903,74.254,17.59,0.36373,71.351
15411,07/19/2026 13:17:48,2.882,74.221,17.49,0.36161,71.339
15412,07/19/2026 13:27:48,2.909,74.250,17.21,0.36427,71.341
15413,07/19/2026 13:37:48,2.916,74.253,17.11,0.36504,71.337
15414,07/19/2026 13:47:48,2.915,74.250,17.21,0.36490,71.335
15415,07/19/2026 13:57:48,2.919,74.249,17.49,0.36527,71.330
15416,07/19/2026 14:07:48,2.905,74.237,17.68,0.36395,71.332
15417,07/19/2026 14:17:48,2.886,74.216,17.78,0.36198,71.330
15418,07/19/2026 14:27:48,2.890,74.212,17.88,0.36241,71.322
15419,07/19/2026 14:37:48,2.894,74.209,17.97,0.36284,71.315
15420,07/19/2026 14:47:48,2.886,74.201,18.07,0.36200,71.315
15421,07/19/2026 14:57:48,2.877,74.179,18.07,0.36101,71.302
15422,07/19/2026 15:07:48,2.861,74.151,18.45,0.35948,71.290
15423,07/19/2026 15:17:48,2.867,74.158,18.64,0.36013,71.291
15424,07/19/2026 15:27:48,2.879,74.166,18.54,0.36132,71.287
15425,07/19/2026 15:37:48,2.858,74.148,18.54,0.35914,71.290
15426,07/19/2026 15:47:48,2.855,74.137,18.35,0.35877,71.282
15427,07/19/2026 15:57:48,2.850,74.122,18.26,0.35827,71.272
15428,07/19/2026 16:07:48,2.859,74.121,18.92,0.35930,71.262
15429,07/19/2026 16:17:48,2.864,74.106,19.49,0.35976,71.242
15430,07/19/2026 16:27:48,2.864,74.095,19.68,0.35991,71.230
15431,07/19/2026 16:37:48,2.849,74.078,19.78,0.35830,71.229
15432,07/19/2026 16:47:48,2.837,74.067,19.68,0.35709,71.230
15433,07/19/2026 16:57:48,2.834,74.059,19.40,0.35672,71.225
15434,07/19/2026 17:07:48,2.842,74.061,19.21,0.35756,71.219
15435,07/19/2026 17:17:48,2.836,74.059,19.02,0.35691,71.223
15436,07/19/2026 17:27:48,2.858,74.081,19.02,0.35924,71.223
15437,07/19/2026 17:37:48,2.825,74.054,19.02,0.35585,71.229
15438,07/19/2026 17:47:48,2.819,74.050,19.02,0.35515,71.231
15439,07/19/2026 17:57:48,2.804,74.039,18.92,0.35366,71.235
15440,07/19/2026 18:07:48,2.824,74.058,18.92,0.35564,71.234
15441,07/19/2026 18:17:48,2.828,74.065,18.83,0.35612,71.237
15442,07/19/2026 18:27:48,2.814,74.055,18.73,0.35471,71.241
15443,07/19/2026 18:37:48,2.813,74.045,18.64,0.35456,71.232
15444,07/19/2026 18:47:48,2.812,74.039,18.54,0.35449,71.227
15445,07/19/2026 18:57:48,2.811,74.041,18.35,0.35441,71.230
15446,07/19/2026 19:07:48,2.790,74.022,18.26,0.35222,71.232
15447,07/19/2026 19:17:48,2.805,74.051,18.07,0.35376,71.246
15448,07/19/2026 19:27:48,2.821,74.072,17.88,0.35529,71.251
15449,07/19/2026 19:37:48,2.818,74.080,17.78,0.35501,71.262
15450,07/19/2026 19:47:48,2.808,74.083,17.68,0.35402,71.275
15451,07/19/2026 19:57:48,2.816,74.104,17.49,0.35478,71.288
15452,07/19/2026 20:07:48,2.807,74.107,17.40,0.35386,71.300
15453,07/19/2026 20:17:48,2.822,74.128,17.30,0.35547,71.306
15454,07/19/2026 20:27:48,2.799,74.114,17.21,0.35301,71.315
15455,07/19/2026 20:37:48,2.809,74.139,17.02,0.35405,71.330
15456,07/19/2026 20:47:48,2.807,74.147,16.92,0.35383,71.340
15457,07/19/2026 20:57:48,2.783,74.132,16.83,0.35137,71.349
15458,07/19/2026 21:07:48,2.800,74.161,16.64,0.35319,71.361
15459,07/19/2026 21:17:48,2.819,74.183,16.54,0.35501,71.364
15460,07/19/2026 21:27:48,2.816,74.191,16.45,0.35473,71.375
15461,07/19/2026 21:37:48,2.815,74.202,16.25,0.35464,71.387
15462,07/19/2026 21:47:48,2.816,74.214,16.06,0.35471,71.398
15463,07/19/2026 21:57:48,2.807,74.217,15.97,0.35379,71.410
15464,07/19/2026 22:07:48,2.818,74.238,15.78,0.35490,71.420
15465,07/19/2026 22:17:48,2.822,74.249,15.59,0.35532,71.427
15466,07/19/2026 22:27:48,2.827,74.252,15.49,0.35587,71.425
15467,07/19/2026 22:37:48,2.831,74.259,15.30,0.35629,71.428
15468,07/19/2026 22:47:48,2.833,74.263,15.20,0.35642,71.430
15469,07/19/2026 22:57:48,2.811,74.243,15.01,0.35409,71.432
15470,07/19/2026 23:07:48,2.824,74.263,14.82,0.35549,71.439
15471,07/19/2026 23:17:48,2.825,74.267,14.73,0.35556,71.442
15472,07/19/2026 23:27:48,2.809,74.261,14.63,0.35393,71.452
15473,07/19/2026 23:37:48,2.810,74.268,14.44,0.35400,71.458
15474,07/19/2026 23:47:48,2.832,74.290,14.34,0.35624,71.458
15475,07/19/2026 23:57:48,2.823,74.279,14.25,0.35539,71.456
15476,07/20/2026 00:07:48,2.836,74.292,14.15,0.35666,71.456
15477,07/20/2026 00:17:48,2.820,74.282,14.05,0.35503,71.462
15478,07/20/2026 00:27:48,2.826,74.284,13.86,0.35566,71.458
15479,07/20/2026 00:37:48,2.818,74.279,13.77,0.35481,71.461
15480,07/20/2026 00:47:48,2.822,74.296,13.67,0.35523,71.474
15481,07/20/2026 00:57:48,2.831,74.295,13.57,0.35614,71.464
15482,07/20/2026 01:07:48,2.817,74.280,13.48,0.35473,71.463
15483,07/20/2026 01:17:48,2.825,74.283,13.28,0.35549,71.458
15484,07/20/2026 01:27:48,2.821,74.286,13.19,0.35514,71.465
15485,07/20/2026 01:37:48,2.840,74.298,13.00,0.35703,71.458
15486,07/20/2026 01:47:48,2.839,74.291,12.80,0.35695,71.452
15487,07/20/2026 01:57:48,2.829,74.290,12.71,0.35596,71.461
15488,07/20/2026 02:07:48,2.843,74.306,12.51,0.35736,71.463
15489,07/20/2026 02:17:48,2.851,74.306,12.42,0.35806,71.455
15490,07/20/2026 02:27:48,2.851,74.308,12.22,0.35813,71.457
15491,07/20/2026 02:37:48,2.850,74.307,12.12,0.35805,71.457
15492,07/20/2026 02:47:48,2.855,74.305,11.93,0.35854,71.450
15493,07/20/2026 02:57:48,2.851,74.291,11.83,0.35804,71.440
15494,07/20/2026 03:07:48,2.862,74.293,11.64,0.35923,71.431
15495,07/20/2026 03:17:48,2.856,74.283,11.54,0.35859,71.427
15496,07/20/2026 03:27:48,2.842,74.272,11.35,0.35718,71.430
15497,07/20/2026 03:37:48,2.844,74.280,11.25,0.35739,71.436
15498,07/20/2026 03:47:48,2.850,74.279,11.15,0.35802,71.429
15499,07/20/2026 03:57:48,2.875,74.305,10.96,0.36047,71.430
15500,07/20/2026 04:07:48,2.863,74.304,10.86,0.35927,71.441
15501,07/20/2026 04:17:48,2.852,74.294,10.76,0.35815,71.442
15502,07/20/2026 04:27:48,2.861,74.301,10.57,0.35905,71.440
15503,07/20/2026 04:37:48,2.875,74.323,10.47,0.36046,71.448
15504,07/20/2026 04:47:48,2.852,74.304,10.37,0.35813,71.452
15505,07/20/2026 04:57:48,2.866,74.321,10.27,0.35954,71.455
15506,07/20/2026 05:07:48,2.873,74.324,10.17,0.36031,71.451
15507,07/20/2026 05:17:48,2.870,74.323,10.08,0.36002,71.453
15508,07/20/2026 05:27:48,2.874,74.326,9.88,0.36044,71.452
15509,07/20/2026 05:37:48,2.857,74.316,9.78,0.35868,71.459
15510,07/20/2026 05:47:48,2.868,74.329,9.68,0.35980,71.461
15511,07/20/2026 05:57:48,2.875,74.342,9.58,0.36043,71.467
15512,07/20/2026 06:07:48,2.868,74.336,9.48,0.35980,71.468
15513,07/20/2026 06:17:48,2.876,74.340,9.39,0.36057,71.464
15514,07/20/2026 06:27:48,2.890,74.352,9.29,0.36204,71.462
15515,07/20/2026 06:37:48,2.879,74.343,9.19,0.36084,71.464
15516,07/20/2026 06:47:48,2.885,74.346,9.09,0.36154,71.461
15517,07/20/2026 06:57:48,2.867,74.345,8.99,0.35971,71.478
15518,07/20/2026 07:07:48,2.883,74.350,8.99,0.36126,71.467
15519,07/20/2026 07:17:48,2.884,74.363,8.89,0.36133,71.479
15520,07/20/2026 07:27:48,2.884,74.362,8.79,0.36132,71.478
15521,07/20/2026 07:37:48,2.886,74.366,8.79,0.36161,71.480
15522,07/20/2026 07:47:48,2.894,74.388,8.69,0.36238,71.494
15523,07/20/2026 07:57:48,2.871,74.366,8.79,0.36006,71.495
15524,07/20/2026 08:07:48,2.867,74.376,8.89,0.35964,71.509
15525,07/20/2026 08:17:48,2.859,74.372,8.99,0.35887,71.513
15526,07/20/2026 08:27:48,2.863,74.369,9.09,0.35922,71.506
15527,07/20/2026 08:37:48,2.862,74.366,9.29,0.35916,71.504
15528,07/20/2026 08:47:48,2.884,74.386,9.48,0.36141,71.502
15529,07/20/2026 08:57:48,2.871,74.365,9.68,0.36008,71.494
15530,07/20/2026 09:07:48,2.903,74.390,9.88,0.36332,71.487
15531,07/20/2026 09:17:48,2.898,74.379,10.17,0.36284,71.481
15532,07/20/2026 09:27:48,2.906,74.376,10.37,0.36369,71.470
15533,07/20/2026 09:37:48,2.905,74.361,10.66,0.36356,71.456
15534,07/20/2026 09:47:48,2.920,74.367,10.86,0.36511,71.447
15535,07/20/2026 09:57:48,2.915,74.352,11.15,0.36463,71.437
15536,07/20/2026 10:07:48,2.878,74.309,11.44,0.36091,71.431
15537,07/20/2026 10:17:48,2.905,74.326,11.74,0.36360,71.421
15538,07/20/2026 10:27:48,2.913,74.324,12.03,0.36445,71.411
15539,07/20/2026 10:37:48,2.940,74.354,12.32,0.36728,71.414
15540,07/20/2026 10:47:48,2.895,74.299,12.71,0.36265,71.404
15541,07/20/2026 10:57:48,2.913,74.311,13.00,0.36456,71.398
15542,07/20/2026 11:07:48,2.917,74.325,13.38,0.36486,71.408
15543,07/20/2026 11:17:48,2.887,74.288,13.77,0.36185,71.401
15544,07/20/2026 11:27:48,2.891,74.287,14.15,0.36236,71.396
15545,07/20/2026 11:37:48,2.912,74.303,14.34,0.36448,71.391
15546,07/20/2026 11:47:48,2.905,74.293,14.25,0.36370,71.388
15547,07/20/2026 11:57:48,2.892,74.278,14.53,0.36244,71.386
15548,07/20/2026 12:07:48,2.878,74.260,14.92,0.36098,71.382
15549,07/20/2026 12:17:48,2.900,74.276,15.59,0.36327,71.376
15550,07/20/2026 12:27:48,2.888,74.258,16.35,0.36204,71.370
15551,07/20/2026 12:37:48,2.895,74.254,16.83,0.36284,71.359
15552,07/20/2026 12:47:48,2.868,74.219,16.54,0.36008,71.351
15553,07/20/2026 12:57:48,2.861,74.198,16.25,0.35929,71.337
15554,07/20/2026 13:07:48,2.891,74.225,16.64,0.36241,71.334
15555,07/20/2026 13:17:48,2.871,74.199,17.49,0.36041,71.328
15556,07/20/2026 13:27:48,2.882,74.185,18.26,0.36165,71.303
15557,07/20/2026 13:37:48,2.853,74.148,18.54,0.35864,71.295
15558,07/20/2026 13:47:48,2.874,74.166,18.16,0.36073,71.292
15559,07/20/2026 13:57:48,2.860,74.149,17.88,0.35931,71.289
15560,07/20/2026 14:07:48,2.863,74.141,17.97,0.35960,71.278
15561,07/20/2026 14:17:48,2.869,74.140,18.64,0.36027,71.271
15562,07/20/2026 14:27:48,2.860,74.112,19.30,0.35946,71.252
15563,07/20/2026 14:37:48,2.835,74.095,19.68,0.35695,71.259
15564,07/20/2026 14:47:48,2.838,74.098,19.59,0.35716,71.260
15565,07/20/2026 14:57:48,2.848,74.107,19.21,0.35812,71.259
15566,07/20/2026 15:07:48,2.823,74.085,18.92,0.35557,71.262
15567,07/20/2026 15:17:48,2.847,74.123,18.73,0.35809,71.276
15568,07/20/2026 15:27:48,2.834,74.118,18.64,0.35668,71.284
15569,07/20/2026 15:37:48,2.827,74.133,18.45,0.35603,71.306
15570,07/20/2026 15:47:48,2.844,74.173,18.35,0.35772,71.329
15571,07/20/2026 15:57:48,2.825,74.150,18.35,0.35581,71.325
15572,07/20/2026 16:07:48,2.821,74.122,18.26,0.35532,71.301
15573,07/20/2026 16:17:48,2.826,74.131,18.26,0.35588,71.305
15574,07/20/2026 16:27:48,2.824,74.117,18.26,0.35567,71.293
15575,07/20/2026 16:37:48,2.820,74.117,18.26,0.35532,71.297
15576,07/20/2026 16:47:48,2.825,74.126,18.26,0.35581,71.301
15577,07/20/2026 16:57:48,2.814,74.107,18.16,0.35461,71.293
15578,07/20/2026 17:07:48,2.823,74.103,18.16,0.35552,71.280
15579,07/20/2026 17:17:48,2.795,74.066,18.16,0.35271,71.271
15580,07/20/2026 17:27:48,2.815,74.097,18.07,0.35474,71.282
15581,07/20/2026 17:37:48,2.813,74.110,18.07,0.35460,71.297
15582,07/20/2026 17:47:48,2.817,74.122,18.26,0.35496,71.305
15583,07/20/2026 17:57:48,2.822,74.128,18.35,0.35539,71.306
15584,07/20/2026 18:07:48,2.830,74.146,18.35,0.35624,71.316
15585,07/20/2026 18:17:48,2.822,74.148,18.16,0.35545,71.326
15586,07/20/2026 18:27:48,2.815,74.149,17.88,0.35473,71.334
15587,07/20/2026 18:37:48,2.813,74.183,17.68,0.35451,71.370
15588,07/20/2026 18:47:48,2.801,74.203,17.49,0.35330,71.402
15589,07/20/2026 18:57:48,2.811,74.265,17.30,0.35421,71.454
15590,07/20/2026 19:07:48,2.800,74.263,17.21,0.35322,71.463
15591,07/20/2026 19:17:48,2.798,74.225,17.02,0.35292,71.427
15592,07/20/2026 19:27:48,2.788,74.228,16.92,0.35193,71.440
15593,07/20/2026 19:37:48,2.795,74.285,16.73,0.35263,71.490
15594,07/20/2026 19:47:48,2.792,74.293,16.64,0.35227,71.501
15595,07/20/2026 19:57:48,2.798,74.310,16.54,0.35290,71.512
15596,07/20/2026 20:07:48,2.815,74.331,16.45,0.35473,71.516
15597,07/20/2026 20:17:48,2.793,74.325,16.25,0.35239,71.532
15598,07/20/2026 20:27:48,2.787,74.310,16.16,0.35175,71.523
15599,07/20/2026 20:37:48,2.789,74.309,16.06,0.35196,71.520
15600,07/20/2026 20:47:48,2.799,74.316,15.87,0.35294,71.517
15601,07/20/2026 20:57:48,2.790,74.297,15.78,0.35202,71.507
15602,07/20/2026 21:07:48,2.813,74.317,15.59,0.35440,71.504
15603,07/20/2026 21:17:48,2.803,74.311,15.49,0.35341,71.508
15604,07/20/2026 21:27:48,2.830,74.342,15.40,0.35615,71.512
15605,07/20/2026 21:37:48,2.820,74.341,15.30,0.35509,71.521
15606,07/20/2026 21:47:48,2.816,74.331,15.20,0.35466,71.515
15607,07/20/2026 21:57:48,2.811,74.324,15.01,0.35416,71.513
15608,07/20/2026 22:07:48,2.823,74.350,14.92,0.35542,71.527
15609,07/20/2026 22:17:48,2.817,74.353,14.73,0.35471,71.536
15610,07/20/2026 22:27:48,2.791,74.334,14.63,0.35203,71.543
15611,07/20/2026 22:37:48,2.797,74.336,14.44,0.35273,71.539
15612,07/20/2026 22:47:48,2.809,74.339,14.34,0.35399,71.530
15613,07/20/2026 22:57:48,2.807,74.328,14.15,0.35377,71.521
15614,07/20/2026 23:07:48,2.820,74.350,14.05,0.35503,71.530
15615,07/20/2026 23:17:48,2.807,74.357,13.86,0.35369,71.550
15616,07/20/2026 23:27:48,2.803,74.356,13.77,0.35326,71.553
15617,07/20/2026 23:37:48,2.816,74.378,13.67,0.35460,71.562
15618,07/20/2026 23:47:48,2.822,74.381,13.57,0.35522,71.559
15619,07/20/2026 23:57:48,2.819,74.366,13.48,0.35494,71.547
15620,07/21/2026 00:07:48,2.827,74.378,13.28,0.35571,71.551
15621,07/21/2026 00:17:48,2.815,74.368,13.19,0.35450,71.553
15622,07/21/2026 00:27:48,2.819,74.366,13.00,0.35485,71.547
15623,07/21/2026 00:37:48,2.805,74.338,12.90,0.35344,71.533
15624,07/21/2026 00:47:48,2.824,74.358,12.71,0.35540,71.534
15625,07/21/2026 00:57:48,2.811,74.348,12.61,0.35406,71.537
15626,07/21/2026 01:07:48,2.807,74.337,12.42,0.35370,71.530
15627,07/21/2026 01:17:48,2.824,74.359,12.32,0.35539,71.535
15628,07/21/2026 01:27:48,2.845,74.380,12.12,0.35749,71.535
15629,07/21/2026 01:37:48,2.837,74.370,12.03,0.35664,71.533
15630,07/21/2026 01:47:48,2.851,74.387,11.93,0.35812,71.536
15631,07/21/2026 01:57:48,2.843,74.371,11.74,0.35733,71.528
15632,07/21/2026 02:07:48,2.831,74.357,11.64,0.35599,71.526
15633,07/21/2026 02:17:48,2.850,74.373,11.44,0.35796,71.523
15634,07/21/2026 02:27:48,2.839,74.372,11.35,0.35683,71.533
15635,07/21/2026 02:37:48,2.844,74.371,11.25,0.35739,71.527
15636,07/21/2026 02:47:48,2.836,74.356,11.15,0.35661,71.520
15637,07/21/2026 02:57:48,2.816,74.332,10.96,0.35449,71.516
15638,07/21/2026 03:07:48,2.838,74.363,10.86,0.35674,71.525
15639,07/21/2026 03:17:48,2.854,74.380,10.76,0.35836,71.526
15640,07/21/2026 03:27:48,2.840,74.356,10.66,0.35695,71.516
15641,07/21/2026 03:37:48,2.861,74.377,10.47,0.35912,71.516
15642,07/21/2026 03:47:48,2.849,74.358,10.37,0.35785,71.509
15643,07/21/2026 03:57:48,2.851,74.362,10.27,0.35799,71.511
15644,07/21/2026 04:07:48,2.863,74.379,10.17,0.35925,71.516
15645,07/21/2026 04:17:48,2.853,74.363,9.98,0.35826,71.510
15646,07/21/2026 04:27:48,2.833,74.340,9.88,0.35622,71.507
15647,07/21/2026 04:37:48,2.870,74.375,9.78,0.36001,71.505
15648,07/21/2026 04:47:48,2.857,74.370,9.68,0.35860,71.513
15649,07/21/2026 04:57:48,2.881,74.387,9.58,0.36106,71.506
15650,07/21/2026 05:07:48,2.886,74.394,9.39,0.36162,71.508
15651,07/21/2026 05:17:48,2.882,74.398,9.29,0.36120,71.516
15652,07/21/2026 05:27:48,2.881,74.406,9.19,0.36105,71.525
15653,07/21/2026 05:37:48,2.877,74.401,9.09,0.36063,71.524
15654,07/21/2026 05:47:48,2.895,74.431,8.99,0.36252,71.536
15655,07/21/2026 05:57:48,2.899,74.440,8.89,0.36287,71.541
15656,07/21/2026 06:07:48,2.895,74.439,8.79,0.36245,71.544
15657,07/21/2026 06:17:48,2.889,74.438,8.69,0.36188,71.549
15658,07/21/2026 06:27:48,2.876,74.432,8.59,0.36062,71.556
15659,07/21/2026 06:37:48,2.890,74.454,8.49,0.36202,71.564
15660,07/21/2026 06:47:48,2.888,74.458,8.39,0.36174,71.570
15661,07/21/2026 06:57:48,2.889,74.453,8.39,0.36195,71.564
15662,07/21/2026 07:07:48,2.890,74.457,8.29,0.36202,71.567
15663,07/21/2026 07:17:48,2.871,74.433,8.19,0.36011,71.562
15664,07/21/2026 07:27:48,2.898,74.474,8.19,0.36286,71.576
15665,07/21/2026 07:37:48,2.882,74.451,8.09,0.36117,71.569
15666,07/21/2026 07:47:48,2.871,74.451,8.09,0.36004,71.580
15667,07/21/2026 07:57:48,2.864,74.442,8.09,0.35927,71.578
15668,07/21/2026 08:07:48,2.879,74.456,8.19,0.36089,71.577
15669,07/21/2026 08:17:48,2.876,74.461,8.29,0.36061,71.585
15670,07/21/2026 08:27:48,2.879,74.463,8.49,0.36089,71.584
15671,07/21/2026 08:37:48,2.882,74.478,8.59,0.36118,71.596
15672,07/21/2026 08:47:48,2.890,74.485,8.89,0.36196,71.595
15673,07/21/2026 08:57:48,2.885,74.473,9.09,0.36147,71.588
15674,07/21/2026 09:07:48,2.863,74.462,9.39,0.35930,71.599
15675,07/21/2026 09:17:48,2.892,74.478,9.68,0.36226,71.586
15676,07/21/2026 09:27:48,2.863,74.453,9.88,0.35924,71.590
15677,07/21/2026 09:37:48,2.888,74.469,10.17,0.36185,71.581
15678,07/21/2026 09:47:48,2.907,74.477,10.47,0.36376,71.570
15679,07/21/2026 09:57:48,2.894,74.456,10.66,0.36243,71.562
15680,07/21/2026 10:07:48,2.896,74.459,10.96,0.36265,71.563
15681,07/21/2026 10:17:48,2.908,74.484,11.25,0.36393,71.576
15682,07/21/2026 10:27:48,2.907,74.474,11.64,0.36387,71.567
15683,07/21/2026 10:37:48,2.888,74.468,11.93,0.36191,71.580
15684,07/21/2026 10:47:48,2.894,74.494,12.22,0.36249,71.600
15685,07/21/2026 10:57:48,2.902,74.489,12.61,0.36335,71.587
15686,07/21/2026 11:07:48,2.917,74.501,12.90,0.36491,71.584
15687,07/21/2026 11:17:48,2.914,74.487,13.28,0.36457,71.573
15688,07/21/2026 11:27:48,2.902,74.481,13.57,0.36339,71.579
15689,07/21/2026 11:37:48,2.919,74.512,13.96,0.36516,71.593
15690,07/21/2026 11:47:48,2.884,74.475,14.34,0.36166,71.591
15691,07/21/2026 11:57:48,2.901,74.497,14.63,0.36329,71.596
15692,07/21/2026 12:07:48,2.911,74.501,15.01,0.36437,71.590
15693,07/21/2026 12:17:48,2.889,74.470,15.49,0.36214,71.581
15694,07/21/2026 12:27:48,2.899,74.459,15.30,0.36319,71.560
15695,07/21/2026 12:37:48,2.878,74.453,15.59,0.36102,71.575
15696,07/21/2026 12:47:48,2.898,74.473,15.78,0.36314,71.575
15697,07/21/2026 12:57:48,2.900,74.475,15.87,0.36321,71.575
15698,07/21/2026 13:05:05,2.963,74.528,15.78,0.34999,71.565
15699,07/21/2026 13:15:05,2.958,74.528,15.78,0.34949,71.570
15700,07/21/2026 13:25:05,2.960,74.529,15.87,0.34971,71.569
15701,07/21/2026 13:35:05,2.961,74.522,16.45,0.34988,71.561
15702,07/21/2026 13:45:05,2.963,74.511,17.02,0.35005,71.548
15703,07/21/2026 13:55:05,2.951,74.504,17.59,0.34889,71.553
15704,07/21/2026 14:05:05,2.942,74.486,17.97,0.34799,71.544
15705,07/21/2026 14:15:05,2.933,74.466,18.16,0.34702,71.533
15706,07/21/2026 14:25:05,2.919,74.457,18.54,0.34563,71.538
15707,07/21/2026 14:35:05,2.934,74.447,18.83,0.34720,71.513
15708,07/21/2026 14:45:05,2.901,74.418,18.73,0.34388,71.517
15709,07/21/2026 14:55:05,2.902,74.398,18.54,0.34394,71.496
15710,07/21/2026 15:05:05,2.929,74.407,18.92,0.34671,71.478
15711,07/21/2026 15:15:05,2.919,74.395,19.40,0.34576,71.476
15712,07/21/2026 15:25:05,2.910,74.380,19.68,0.34486,71.470
15713,07/21/2026 15:35:05,2.897,74.364,19.49,0.34351,71.467
15714,07/21/2026 15:45:05,2.864,74.333,19.21,0.34018,71.469
15715,07/21/2026 15:55:05,2.890,74.334,18.92,0.34277,71.444
15716,07/21/2026 16:05:05,2.878,74.310,19.11,0.34151,71.432
15717,07/21/2026 16:15:05,2.902,74.332,19.11,0.34398,71.430
15718,07/21/2026 16:25:05,2.881,74.302,19.21,0.34180,71.421
15719,07/21/2026 16:35:05,2.873,74.294,19.30,0.34103,71.421
15720,07/21/2026 16:45:05,2.871,74.296,19.11,0.34081,71.425
15721,07/21/2026 16:55:05,2.874,74.316,18.92,0.34115,71.442
15722,07/21/2026 17:05:05,2.876,74.314,18.73,0.34128,71.438
15723,07/21/2026 17:15:05,2.849,74.290,18.64,0.33853,71.441
15724,07/21/2026 17:25:05,2.855,74.276,18.64,0.33916,71.421
15725,07/21/2026 17:35:05,2.859,74.278,18.73,0.33952,71.419
15726,07/21/2026 17:45:05,2.853,74.233,18.83,0.33896,71.380
15727,07/21/2026 17:55:05,2.852,74.254,19.02,0.33883,71.402
15728,07/21/2026 18:05:05,2.847,74.256,18.83,0.33833,71.409
15729,07/21/2026 18:15:05,2.848,74.262,18.54,0.33838,71.414
15730,07/21/2026 18:25:05,2.828,74.246,18.35,0.33633,71.418
15731,07/21/2026 18:35:05,2.839,74.261,18.16,0.33751,71.422
15732,07/21/2026 18:45:05,2.857,74.260,18.07,0.33934,71.403
15733,07/21/2026 18:55:05,2.851,74.257,18.16,0.33871,71.406
15734,07/21/2026 19:05:05,2.838,74.261,18.16,0.33744,71.423
15735,07/21/2026 19:15:05,2.824,74.256,18.07,0.33589,71.432
15736,07/21/2026 19:25:05,2.835,74.268,17.97,0.33708,71.433
15737,07/21/2026 19:35:05,2.853,74.294,17.88,0.33890,71.441
15738,07/21/2026 19:45:05,2.828,74.270,17.78,0.33636,71.442
15739,07/21/2026 19:55:05,2.833,74.278,17.68,0.33685,71.445
15740,07/21/2026 20:05:05,2.837,74.280,17.49,0.33726,71.443
15741,07/21/2026 20:15:05,2.837,74.305,17.30,0.33725,71.468
15742,07/21/2026 20:25:05,2.819,74.295,17.21,0.33542,71.476
15743,07/21/2026 20:35:05,2.849,74.343,17.02,0.33843,71.494
15744,07/21/2026 20:45:05,2.848,74.350,16.83,0.33828,71.502
15745,07/21/2026 20:55:05,2.864,74.367,16.73,0.33990,71.503
15746,07/21/2026 21:05:05,2.869,74.378,16.54,0.34045,71.509
15747,07/21/2026 21:15:05,2.858,74.371,16.35,0.33931,71.513
15748,07/21/2026 21:25:05,2.862,74.388,16.25,0.33973,71.526
15749,07/21/2026 21:35:05,2.876,74.400,16.06,0.34113,71.524
15750,07/21/2026 21:45:05,2.863,74.397,15.87,0.33985,71.534
15751,07/21/2026 21:55:05,2.871,74.410,15.78,0.34062,71.539
15752,07/21/2026 22:05:05,2.866,74.417,15.59,0.34012,71.551
15753,07/21/2026 22:15:05,2.899,74.460,15.40,0.34349,71.561
15754,07/21/2026 22:25:05,2.867,74.436,15.30,0.34025,71.569
15755,07/21/2026 22:35:05,2.869,74.444,15.20,0.34038,71.575
15756,07/21/2026 22:45:05,2.863,74.439,15.11,0.33975,71.576
15757,07/21/2026 22:55:05,2.897,74.491,14.92,0.34326,71.594
15758,07/21/2026 23:05:05,2.875,74.467,14.82,0.34100,71.592
15759,07/21/2026 23:15:05,2.854,74.457,14.73,0.33881,71.603
15760,07/21/2026 23:25:05,2.850,74.457,14.73,0.33846,71.607
15761,07/21/2026 23:35:05,2.847,74.451,14.63,0.33817,71.604
15762,07/21/2026 23:45:05,2.872,74.473,14.53,0.34070,71.601
15763,07/21/2026 23:55:05,2.834,74.445,14.44,0.33676,71.611
15764,07/22/2026 00:05:05,2.855,74.466,14.34,0.33894,71.611
15765,07/22/2026 00:15:05,2.873,74.480,14.34,0.34077,71.607
15766,07/22/2026 00:25:05,2.859,74.469,14.15,0.33928,71.610
15767,07/22/2026 00:35:05,2.856,74.464,14.15,0.33907,71.608
15768,07/22/2026 00:45:05,2.861,74.454,14.05,0.33956,71.593
15769,07/22/2026 00:55:05,2.866,74.453,13.96,0.34004,71.587
15770,07/22/2026 01:05:05,2.861,74.439,13.86,0.33948,71.578
15771,07/22/2026 01:15:05,2.880,74.455,13.67,0.34144,71.575
15772,07/22/2026 01:25:05,2.879,74.458,13.57,0.34137,71.579
15773,07/22/2026 01:35:05,2.890,74.462,13.48,0.34242,71.572
15774,07/22/2026 01:45:05,2.902,74.474,13.38,0.34368,71.572
15775,07/22/2026 01:55:05,2.890,74.460,13.28,0.34241,71.570
15776,07/22/2026 02:05:05,2.895,74.459,13.19,0.34290,71.564
15777,07/22/2026 02:15:05,2.887,74.444,13.09,0.34212,71.557
15778,07/22/2026 02:25:05,2.891,74.452,13.00,0.34254,71.561
15779,07/22/2026 02:35:05,2.885,74.441,12.80,0.34190,71.556
15780,07/22/2026 02:45:05,2.916,74.472,12.71,0.34506,71.556
15781,07/22/2026 02:55:05,2.918,74.466,12.61,0.34527,71.548
15782,07/22/2026 03:05:05,2.931,74.470,12.51,0.34660,71.539
15783,07/22/2026 03:15:05,2.905,74.441,12.32,0.34392,71.536
15784,07/22/2026 03:25:05,2.887,74.421,12.22,0.34215,71.534
15785,07/22/2026 03:35:05,2.918,74.452,12.12,0.34525,71.534
15786,07/22/2026 03:45:05,2.919,74.464,11.93,0.34531,71.545
15787,07/22/2026 03:55:05,2.924,74.472,11.83,0.34587,71.548
15788,07/22/2026 04:05:05,2.916,74.475,11.74,0.34509,71.559
15789,07/22/2026 04:15:05,2.917,74.483,11.54,0.34508,71.566
15790,07/22/2026 04:25:05,2.933,74.491,11.44,0.34677,71.558
15791,07/22/2026 04:35:05,2.922,74.472,11.35,0.34557,71.550
15792,07/22/2026 04:45:05,2.937,74.484,11.25,0.34718,71.547
15793,07/22/2026 04:55:05,2.939,74.492,11.15,0.34739,71.553
15794,07/22/2026 05:05:05,2.936,74.491,11.05,0.34711,71.555
15795,07/22/2026 05:15:05,2.935,74.485,10.86,0.34696,71.550
15796,07/22/2026 05:25:05,2.944,74.493,10.76,0.34787,71.549
15797,07/22/2026 05:35:05,2.941,74.493,10.76,0.34759,71.552
15798,07/22/2026 05:45:05,2.936,74.488,10.66,0.34702,71.552
15799,07/22/2026 05:55:05,2.940,74.505,10.57,0.34744,71.565
15800,07/22/2026 06:05:05,2.930,74.500,10.57,0.34646,71.570
15801,07/22/2026 06:15:05,2.941,74.513,10.47,0.34758,71.572
15802,07/22/2026 06:25:05,2.938,74.517,10.37,0.34723,71.579
15803,07/22/2026 06:35:05,2.931,74.520,10.27,0.34652,71.589
15804,07/22/2026 06:45:05,2.944,74.534,10.27,0.34786,71.590
15805,07/22/2026 06:55:05,2.954,74.543,10.27,0.34884,71.589
15806,07/22/2026 07:05:05,2.962,74.552,10.27,0.34968,71.590
15807,07/22/2026 07:15:05,2.948,74.543,10.27,0.34821,71.595
15808,07/22/2026 07:25:05,2.927,74.516,10.27,0.34610,71.589
15809,07/22/2026 07:35:05,2.931,74.519,10.17,0.34652,71.588
15810,07/22/2026 07:45:05,2.948,74.541,10.08,0.34827,71.593
15811,07/22/2026 07:55:05,2.939,74.532,10.08,0.34736,71.593
15812,07/22/2026 08:05:05,2.963,74.564,10.08,0.34975,71.601
15813,07/22/2026 08:15:05,2.941,74.546,10.17,0.34757,71.605
15814,07/22/2026 08:25:05,2.945,74.557,10.37,0.34800,71.612
15815,07/22/2026 08:35:05,2.954,74.567,10.47,0.34892,71.613
15816,07/22/2026 08:45:05,2.941,74.556,10.66,0.34752,71.615
15817,07/22/2026 08:55:05,2.930,74.539,10.86,0.34647,71.609
15818,07/22/2026 09:05:05,2.938,74.541,11.05,0.34732,71.603
15819,07/22/2026 09:15:05,2.965,74.549,11.35,0.35000,71.584
15820,07/22/2026 09:25:05,2.958,74.537,11.54,0.34931,71.579
15821,07/22/2026 09:35:05,2.956,74.539,11.74,0.34910,71.583
15822,07/22/2026 09:45:05,2.959,74.533,12.03,0.34939,71.574
15823,07/22/2026 09:55:05,2.970,74.538,12.12,0.35059,71.568
15824,07/22/2026 10:05:05,2.973,74.538,12.12,0.35088,71.565
15825,07/22/2026 10:15:05,2.960,74.526,12.22,0.34954,71.566
15826,07/22/2026 10:25:05,2.952,74.511,12.12,0.34876,71.559
15827,07/22/2026 10:35:05,2.968,74.528,12.03,0.35038,71.560
15828,07/22/2026 10:45:05,2.954,74.511,12.12,0.34898,71.557
15829,07/22/2026 10:55:05,2.956,74.509,12.32,0.34912,71.553
15830,07/22/2026 11:05:05,2.955,74.500,12.42,0.34913,71.545
15831,07/22/2026 11:15:05,2.942,74.482,12.42,0.34772,71.540
15832,07/22/2026 11:25:05,2.955,74.491,12.42,0.34906,71.536
15833,07/22/2026 11:35:05,2.943,74.482,12.42,0.34786,71.539
15834,07/22/2026 11:45:05,2.944,74.482,12.80,0.34795,71.538
15835,07/22/2026 11:55:05,2.947,74.483,12.90,0.34823,71.536
15836,07/22/2026 12:05:05,2.967,74.492,12.90,0.35027,71.525
15837,07/22/2026 12:15:05,2.960,74.481,13.57,0.34960,71.521
15838,07/22/2026 12:25:05,2.955,74.461,14.25,0.34914,71.506
15839,07/22/2026 12:35:05,2.979,74.469,15.01,0.35164,71.490
15840,07/22/2026 12:45:05,2.951,74.427,15.30,0.34876,71.476
15841,07/22/2026 12:55:05,2.954,74.428,15.40,0.34912,71.474
15842,07/22/2026 13:05:05,2.948,74.393,15.87,0.34851,71.445
15843,07/22/2026 13:15:05,2.947,74.385,16.35,0.34840,71.438
15844,07/22/2026 13:25:05,2.934,74.368,16.83,0.34708,71.434
15845,07/22/2026 13:35:05,2.936,74.346,17.30,0.34739,71.410
15846,07/22/2026 13:45:05,2.947,74.355,17.68,0.34854,71.408
15847,07/22/2026 13:55:05,2.923,74.328,18.07,0.34610,71.405
15848,07/22/2026 14:05:05,2.961,74.346,18.07,0.34997,71.385
15849,07/22/2026 14:15:05,2.921,74.317,17.88,0.34581,71.396
15850,07/22/2026 14:25:05,2.886,74.299,17.49,0.34219,71.413
15851,07/22/2026 14:35:05,2.900,74.322,17.21,0.34373,71.422
15852,07/22/2026 14:45:05,2.898,74.352,17.02,0.34343,71.454
15853,07/22/2026 14:55:05,2.913,74.378,16.92,0.34498,71.465
15854,07/22/2026 15:05:05,2.889,74.377,16.83,0.34251,71.488
15855,07/22/2026 15:15:05,2.878,74.381,16.83,0.34145,71.503
15856,07/22/2026 15:25:05,2.904,74.401,16.92,0.34399,71.497
15857,07/22/2026 15:35:05,2.876,74.379,17.02,0.34118,71.503
15858,07/22/2026 15:45:05,2.885,74.412,17.11,0.34210,71.527
15859,07/22/2026 15:55:05,2.886,74.410,17.30,0.34218,71.524
15860,07/22/2026 16:05:05,2.889,74.411,17.40,0.34254,71.522
15861,07/22/2026 16:15:05,2.873,74.380,17.49,0.34093,71.507
15862,07/22/2026 16:25:05,2.883,74.368,17.97,0.34194,71.485
15863,07/22/2026 16:35:05,2.892,74.358,18.26,0.34287,71.466
15864,07/22/2026 16:45:05,2.895,74.352,18.54,0.34324,71.457
15865,07/22/2026 16:55:05,2.875,74.325,18.54,0.34120,71.450
15866,07/22/2026 17:05:05,2.878,74.321,18.54,0.34148,71.443
15867,07/22/2026 17:15:05,2.874,74.299,18.64,0.34106,71.425
15868,07/22/2026 17:25:05,2.869,74.281,18.64,0.34057,71.412
15869,07/22/2026 17:35:05,2.869,74.273,18.73,0.34057,71.404
15870,07/22/2026 17:45:05,2.873,74.268,18.73,0.34107,71.395
15871,07/22/2026 17:55:05,2.881,74.255,18.73,0.34177,71.374
15872,07/22/2026 18:05:05,2.853,74.226,18.64,0.33902,71.373
15873,07/22/2026 18:15:05,2.859,74.239,18.54,0.33951,71.380
15874,07/22/2026 18:25:05,2.876,74.264,18.35,0.34126,71.388
15875,07/22/2026 18:35:05,2.852,74.248,18.16,0.33878,71.396
15876,07/22/2026 18:45:05,2.858,74.247,18.07,0.33941,71.389
15877,07/22/2026 18:55:05,2.865,74.256,18.07,0.34011,71.391
15878,07/22/2026 19:05:05,2.856,74.245,17.97,0.33926,71.389
15879,07/22/2026 19:15:05,2.841,74.235,17.88,0.33771,71.394
15880,07/22/2026 19:25:05,2.852,74.244,17.88,0.33883,71.392
15881,07/22/2026 19:35:05,2.857,74.288,17.78,0.33932,71.431
15882,07/22/2026 19:45:05,2.851,74.287,17.68,0.33868,71.436
15883,07/22/2026 19:55:05,2.853,74.295,17.59,0.33889,71.442
15884,07/22/2026 20:05:05,2.862,74.308,17.49,0.33973,71.446
15885,07/22/2026 20:15:05,2.858,74.307,17.40,0.33930,71.449
15886,07/22/2026 20:25:05,2.838,74.296,17.30,0.33739,71.458
15887,07/22/2026 20:35:05,2.837,74.313,17.21,0.33725,71.476
15888,07/22/2026 20:45:05,2.842,74.330,17.11,0.33774,71.488
15889,07/22/2026 20:55:05,2.849,74.328,16.92,0.33843,71.479
15890,07/22/2026 21:05:05,2.834,74.309,16.83,0.33688,71.475
15891,07/22/2026 21:15:05,2.862,74.350,16.83,0.33969,71.488
15892,07/22/2026 21:25:05,2.838,74.335,16.73,0.33729,71.497
15893,07/22/2026 21:35:05,2.850,74.347,16.64,0.33856,71.497
15894,07/22/2026 21:45:05,2.828,74.337,16.54,0.33630,71.509
15895,07/22/2026 21:55:05,2.855,74.372,16.45,0.33904,71.517
15896,07/22/2026 22:05:05,2.833,74.353,16.35,0.33678,71.520
15897,07/22/2026 22:15:05,2.835,74.361,16.25,0.33699,71.526
15898,07/22/2026 22:25:05,2.855,74.400,16.06,0.33895,71.545
15899,07/22/2026 22:35:05,2.856,74.417,15.97,0.33908,71.561
15900,07/22/2026 22:45:05,2.857,74.416,15.87,0.33915,71.559
15901,07/22/2026 22:55:05,2.865,74.419,15.78,0.33999,71.554
15902,07/22/2026 23:05:05,2.861,74.413,15.68,0.33963,71.552
15903,07/22/2026 23:15:05,2.854,74.408,15.59,0.33885,71.554
15904,07/22/2026 23:25:05,2.860,74.397,15.40,0.33941,71.537
15905,07/22/2026 23:35:05,2.893,74.427,15.30,0.34285,71.534
15906,07/22/2026 23:45:05,2.861,74.402,15.11,0.33960,71.541
15907,07/22/2026 23:55:05,2.897,74.446,14.92,0.34319,71.549
15908,07/23/2026 00:05:05,2.868,74.422,14.82,0.34022,71.554
15909,07/23/2026 00:15:05,2.879,74.435,14.82,0.34142,71.556
15910,07/23/2026 00:25:05,2.861,74.416,14.73,0.33959,71.555
15911,07/23/2026 00:35:05,2.871,74.434,14.73,0.34064,71.563
15912,07/23/2026 00:45:05,2.864,74.433,14.63,0.33986,71.569
15913,07/23/2026 00:55:05,2.870,74.437,14.53,0.34042,71.567
15914,07/23/2026 01:05:05,2.867,74.422,14.44,0.34014,71.555
15915,07/23/2026 01:15:05,2.863,74.407,14.34,0.33978,71.544
15916,07/23/2026 01:25:05,2.873,74.402,14.25,0.34076,71.529
15917,07/23/2026 01:35:05,2.885,74.410,14.15,0.34195,71.525
15918,07/23/2026 01:45:05,2.859,74.381,13.96,0.33927,71.522
15919,07/23/2026 01:55:05,2.858,74.366,13.86,0.33920,71.508
15920,07/23/2026 02:05:05,2.846,74.356,13.77,0.33800,71.510
15921,07/23/2026 02:15:05,2.878,74.379,13.77,0.34123,71.501
15922,07/23/2026 02:25:05,2.875,74.387,13.67,0.34088,71.512
15923,07/23/2026 02:35:05,2.886,74.395,13.57,0.34200,71.509
15924,07/23/2026 02:45:05,2.872,74.375,13.48,0.34066,71.503
15925,07/23/2026 02:55:05,2.891,74.385,13.48,0.34249,71.494
15926,07/23/2026 03:05:05,2.882,74.369,13.28,0.34163,71.487
15927,07/23/2026 03:15:05,2.871,74.363,13.19,0.34057,71.492
15928,07/23/2026 03:25:05,2.887,74.371,13.09,0.34219,71.484
15929,07/23/2026 03:35:05,2.901,74.384,13.00,0.34359,71.483
15930,07/23/2026 03:45:05,2.896,74.379,13.00,0.34310,71.483
15931,07/23/2026 03:55:05,2.903,74.374,12.90,0.34373,71.471
15932,07/23/2026 04:05:05,2.903,74.364,12.80,0.34373,71.461
15933,07/23/2026 04:15:05,2.910,74.377,12.80,0.34450,71.467
15934,07/23/2026 04:25:05,2.909,74.386,12.71,0.34428,71.477
15935,07/23/2026 04:35:05,2.904,74.385,12.61,0.34379,71.481
15936,07/23/2026 04:45:05,2.919,74.406,12.51,0.34540,71.487
15937,07/23/2026 04:55:05,2.915,74.405,12.42,0.34498,71.490
15938,07/23/2026 05:05:05,2.929,74.414,12.42,0.34645,71.485
15939,07/23/2026 05:15:05,2.913,74.404,12.32,0.34476,71.491
15940,07/23/2026 05:25:05,2.933,74.430,12.22,0.34687,71.497
15941,07/23/2026 05:35:05,2.912,74.417,12.22,0.34462,71.505
15942,07/23/2026 05:45:05,2.922,74.425,12.12,0.34567,71.503
15943,07/23/2026 05:55:05,2.936,74.457,12.12,0.34708,71.521
15944,07/23/2026 06:05:05,2.928,74.447,12.03,0.34623,71.519
15945,07/23/2026 06:15:05,2.913,74.433,12.03,0.34475,71.520
15946,07/23/2026 06:25:05,2.934,74.455,11.93,0.34686,71.521
15947,07/23/2026 06:35:05,2.938,74.468,11.93,0.34735,71.530
15948,07/23/2026 06:45:05,2.949,74.490,11.83,0.34840,71.541
15949,07/23/2026 06:55:05,2.933,74.476,11.83,0.34685,71.543
15950,07/23/2026 07:05:05,2.930,74.472,11.83,0.34643,71.542
15951,07/23/2026 07:15:05,2.946,74.495,11.83,0.34805,71.549
15952,07/23/2026 07:25:05,2.952,74.499,11.83,0.34875,71.547
15953,07/23/2026 07:35:05,2.971,74.523,11.93,0.35066,71.552
15954,07/23/2026 07:45:05,2.948,74.505,11.93,0.34826,71.557
15955,07/23/2026 07:55:05,2.965,74.527,11.93,0.35009,71.562
15956,07/23/2026 08:05:05,2.958,74.518,11.93,0.34939,71.560
15957,07/23/2026 08:15:05,2.949,74.523,11.93,0.34841,71.574
15958,07/23/2026 08:25:05,2.940,74.523,11.93,0.34749,71.583
15959,07/23/2026 08:35:05,2.947,74.532,11.93,0.34819,71.585
15960,07/23/2026 08:45:05,2.935,74.518,11.93,0.34700,71.583
15961,07/23/2026 08:55:05,2.945,74.528,12.03,0.34806,71.583
15962,07/23/2026 09:05:05,2.959,74.533,12.03,0.34939,71.574
15963,07/23/2026 09:15:05,2.965,74.538,12.12,0.35010,71.573
15964,07/23/2026 09:25:05,2.973,74.536,12.32,0.35088,71.563
15965,07/23/2026 09:35:05,2.956,74.523,12.42,0.34913,71.567
15966,07/23/2026 09:45:05,2.963,74.525,12.61,0.34991,71.562
15967,07/23/2026 09:55:05,2.956,74.522,12.71,0.34914,71.566
15968,07/23/2026 10:05:05,2.963,74.540,12.71,0.34984,71.577
15969,07/23/2026 10:15:05,2.986,74.552,12.61,0.35223,71.566
15970,07/23/2026 10:25:05,2.975,74.553,12.71,0.35111,71.578
15971,07/23/2026 10:35:05,2.978,74.554,12.80,0.35147,71.576
15972,07/23/2026 10:45:05,2.991,74.566,13.09,0.35281,71.575
15973,07/23/2026 10:55:05,2.971,74.551,13.38,0.35079,71.580
15974,07/23/2026 11:05:05,2.967,74.556,13.38,0.35029,71.589
15975,07/23/2026 11:15:05,2.968,74.569,13.38,0.35043,71.601
15976,07/23/2026 11:25:05,2.996,74.597,13.38,0.35325,71.601
15977,07/23/2026 11:35:05,2.981,74.580,13.48,0.35171,71.599
15978,07/23/2026 11:45:05,2.976,74.578,13.77,0.35123,71.602
15979,07/23/2026 11:55:05,2.977,74.579,13.86,0.35137,71.602
15980,07/23/2026 12:05:05,2.998,74.586,14.05,0.35349,71.588
15981,07/23/2026 12:15:05,2.999,74.582,14.53,0.35365,71.583
15982,07/23/2026 12:25:05,2.975,74.550,14.53,0.35119,71.575
15983,07/23/2026 12:35:05,2.983,74.559,14.53,0.35204,71.576
15984,07/23/2026 12:45:05,2.994,74.561,14.73,0.35317,71.567
15985,07/23/2026 12:55:05,3.005,74.581,14.82,0.35423,71.576
15986,07/23/2026 13:05:05,3.014,74.581,14.82,0.35515,71.567
15987,07/23/2026 13:15:05,3.008,74.563,15.30,0.35461,71.555
15988,07/23/2026 13:25:05,2.992,74.536,15.68,0.35294,71.544
15989,07/23/2026 13:35:05,2.998,74.521,15.97,0.35359,71.523
15990,07/23/2026 13:45:05,2.977,74.503,15.97,0.35147,71.526
15991,07/23/2026 13:55:05,2.996,74.521,15.97,0.35337,71.525
15992,07/23/2026 14:05:05,3.006,74.541,15.78,0.35449,71.535
15993,07/23/2026 14:15:05,2.986,74.521,15.97,0.35239,71.535
15994,07/23/2026 14:25:05,2.982,74.493,16.25,0.35191,71.511
15995,07/23/2026 14:35:05,2.982,74.493,16.25,0.35191,71.511
15996,07/23/2026 14:45:05,3.004,74.506,16.64,0.35426,71.502
15997,07/23/2026 14:55:05,3.016,74.506,17.40,0.35557,71.490
15998,07/23/2026 15:05:05,2.991,74.477,17.97,0.35299,71.486
15999,07/23/2026 15:15:05,3.002,74.475,18.54,0.35416,71.473
16000,07/23/2026 15:25:05,2.976,74.442,18.83,0.35150,71.466
16001,07/23/2026 15:35:05,2.968,74.438,18.83,0.35065,71.470